substrate,metapredictor_predict,site_truth,site_count,our_predict
C1=CN=C(N2CCNCC2)N=C1,c1nc(N2CCNCC2)nc[cH:1]1|c1nc(N2CCNCC2)n[cH:1]c1|c1cnc(N2CCN[CH2:1]C2)nc1|c1cnc(N2CC[NH:1]CC2)nc1|c1n[c:1](N2CCNCC2)nc[cH:1]1|[cH:1]1[cH:1]n[c:1](N2CCNCC2)n[cH:1]1|c1nc(N2CC[NH:1]CC2)nc[cH:1]1|C1CN(c2nc[cH:1]cn2)CCN1|c1[cH:1]n[c:1](N2CCNCC2)n[cH:1]1|c1[cH:1]nc(N2CCNCC2)n[cH:1]1,c1nc(N2CCNCC2)nc[cH:1]1,1,[CH:1]1=CN=C(N2CCNCC2)N=C1|C1=CN=C(N2CCN[CH2:1]C2)N=C1|C1=CN=C(N2CC[NH:1]CC2)N=C1|C1=CN=C(N2CC[NH:1]CC2)N=C1|[CH2:1]1N(C2=NC=CC=N2)CCNC1|C1=CN=C(N2CCN[CH2:1]C2)N=C1|C1=CN=C(N2CCNC[CH2:1]2)N=C1|N1(C2=NC=CC=N2)CC[NH:1]CC1|C1=CN=C(N2CCNCC2)N=[CH:1]1|C1=CN=C(N2CCNC[CH2:1]2)N=C1|C1=CN=C(N2CCNC[CH2:1]2)N=C1|C1=CN=C(N2CC[NH:1]CC2)N=C1|C1=CN=C(N2CC[NH:1]CC2)N=C1|N1=C(N2CCN[CH2:1]C2)N=CC=C1|[N:1]1=C(N2CCNCC2)N=CC=C1|[N:1]1=C(N2CCNCC2)N=CC=C1|[N:1]1(C2=NC=CC=N2)CCNCC1|[N:1]1(C2=NC=CC=N2)CCNCC1|C1=[CH:1]C=NC(N2CCNCC2)=N1
CC(/C=C/C12OC1(C)CCCC2(C)C)=C\C=C\C(C)=C\C(=O)O,CC(/C=C/[C:1]12O[C:1]1(C)CCCC2(C)C)=C\C=C\C(C)=C\C(=O)O|CC(/C=C/C12OC1(C)CCCC2(C)C)=C\C=C\C(C)=C\C(=O)[OH:1]|CC(/C=C/C12OC1(C)C[CH2:1]CC2(C)C)=C\C=C\C(C)=C\C(=O)O|CC(/C=C/C12OC1(C)CC[CH2:1]C2(C)C)=C\C=C\C(C)=C\C(=O)O|CC(/C=C/C12OC1(C)CCCC2(C)[CH3:1])=C\C=C\C(C)=C\C(=O)O|CC(/C=C/[C:1]12[O:1][C:1]1(C)CCCC2(C)C)=C\C=C\C(C)=C\C(=O)O|CC(/C=C/[C:1]12O[C:1]1(C)[CH2:1]CCC2(C)C)=C\C=C\C(C)=C\C(=O)O|CC(/C=C/C12OC1(C)CCCC2(C)C)=C\C=C\C(C)=C\[C:1](=O)[OH:1]|CC(/C=C/C12OC1(C)CCCC2(C)C)=C\C=C\C(C)=C\[C:1](=O)O|CC(/C=C/C12OC1(C)CCCC2(C)C)=C\C=C\C(=C\C(=O)O)[CH3:1],CC(/C=C/C12OC1(C)CCCC2(C)C)=C\C=C\C(C)=C\[C:1](=O)[OH:1],1,C12(/C=C/C(C)=C/C=C/C(C)=C/C([OH:1])=O)OC1(C)CCCC2(C)C|CC(/C=C/[C:1]12OC1(C)CCCC2(C)C)=C\C=C\C(C)=C\C(=O)O|[C:1]12(/C=C/C(C)=C/C=C/C(C)=C/C(O)=O)OC1(C)CCCC2(C)C|CC(/C=C/C12OC1(C)[CH2:1]CCC2(C)C)=C\C=C\C(C)=C\C(=O)O|CC(/C=C/C12OC1(C)CC[CH2:1]C2(C)C)=C\C=C\C(C)=C\C(=O)O|CC(/C=C/C12OC1(C)C[CH2:1]CC2(C)C)=C\C=C\C(C)=C\C(=O)O|C12(/C=C/C(C)=C/C=C/C(C)=C/C([OH:1])=O)OC1(C)CCCC2(C)C|C12(/C=C/C(C)=C/C=C/C(C)=C/C([OH:1])=O)OC1(C)CCCC2(C)C|C1CCC2(C)C(/C=C/C(=C/C=C/C(=C/[C:1](O)=[O:2])C)C)(O2)C1(C)C|[CH3:1]C(/C=C/C12OC1(C)CCCC2(C)C)=C\C=C\C(C)=C\C(=O)O
CC(=O)NC1=CC=C2C(=C1)C(C1=CC=CC=C1Cl)=NCC(=O)N2,CC(=O)[NH:1]c1ccc2c(c1)C(c1ccccc1Cl)=NCC(=O)N2|CC(=O)Nc1ccc2c(c1)C(c1ccccc1Cl)=N[CH2:1]C(=O)N2|CC(=O)Nc1ccc2c(c1)C(c1cc[cH:1]cc1Cl)=NCC(=O)N2|CC(=O)Nc1ccc2c(c1)C(c1ccccc1Cl)=NC[C:1](=[O:1])[NH:1]2|CC(=O)Nc1ccc2c(c1)C(c1ccccc1Cl)=NC[C:1](=O)[NH:1]2|CC(=O)Nc1cc2c(c[cH:1]1)[NH:1]C(=O)CN=C2c1ccccc1Cl|CC(=O)Nc1cc2c(c[cH:1]1)NC(=O)CN=C2c1ccccc1Cl|O=C1CN=C(c2ccccc2Cl)c2cc(NC(=O)[CH3:1])ccc2N1|CC(=O)Nc1ccc2c(c1)C(c1c[cH:1]ccc1Cl)=NCC(=O)N2|CC(=O)Nc1ccc2c(c1)C(c1ccccc1Cl)=NC[C:1](=[O:1])N2,CC(=O)Nc1ccc2c(c1)C(c1ccccc1Cl)=N[CH2:1]C(=O)N2,1,CC(=O)NC1=CC=C2C(=C1)C(C1=CC=CC=C1Cl)=N[CH2:1]C(=O)N2|[CH3:1]C(=O)NC1=CC=C2C(=C1)C(C1=CC=CC=C1Cl)=NCC(=O)N2|CC(=O)NC1=CC=C2C(=C1)C(C1=CC=[CH:1]C=C1Cl)=NCC(=O)N2|CC(=O)NC1=CC=C2C(=C1)C(C1=CC=CC=C1Cl)=NC[C:1](=O)N2|CC(=O)NC1=CC=C2C(=C1)C(C1=CC=CC=C1Cl)=N[CH2:1]C(=O)N2|CC(=O)NC1=CC=C2C(=C1)C(C1=C[CH:1]=CC=C1Cl)=NCC(=O)N2|CC(=O)NC1=CC=C2C(=C1)C(C1=CC=C[CH:1]=C1Cl)=NCC(=O)N2|CC(=O)NC1=CC=C2C(=C1)C(C1=CC=CC=C1Cl)=[N:1]CC(=O)N2|CC(=O)NC1=CC=C2C(=C1)C(C1=CC=CC=C1Cl)=[N:1]CC(=O)N2|C1N=[C:1](C2=CC=CC=C2Cl)C2=CC(NC(C)=O)=CC=C2NC1=O|CC(=O)NC1=[CH:1]C=C2C(=C1)C(C1=CC=CC=C1Cl)=NCC(=O)N2|CC(=O)[NH:1]C1=CC=C2C(=C1)C(C1=CC=CC=C1Cl)=NCC(=O)N2|CC(=O)NC1=CC=C2C(=[CH:1]1)C(C1=CC=CC=C1Cl)=NCC(=O)N2|C1N=C(C2=CC=CC=C2Cl)C2=CC(NC(C)=O)=C[CH:1]=C2NC1=O|CC(=O)NC1=CC=C2C(=C1)C(C1=CC=CC=C1Cl)=N[CH2:1]C(=O)N2
CC(=O)NC1=CC=CC(N2C(=O)N(C3CC3)C(=O)C3=C(NC4=CC=C(I)C=C4F)N(C)C(=O)C(C)=C23)=C1,CC(=O)[NH:1]c1cccc(-n2c(=O)n(C3CC3)c(=O)c3c(Nc4ccc(I)cc4F)n(C)c(=O)c(C)c32)c1|CC(=O)Nc1cccc(-n2c(=O)n(C3CC3)c(=O)c3c(Nc4ccc(I)cc4F)[n:1](C)c(=O)c(C)c32)c1|CC(=O)Nc1cccc(-n2c(=O)n(C3CC3)c(=O)c3c([NH:1]c4ccc(I)cc4F)n(C)c(=O)c(C)c32)c1|CC(=O)Nc1cccc(-n2c(=O)n(C3CC3)c(=O)c3c(Nc4cc[c:1](I)cc4F)n(C)c(=O)c(C)c32)c1|CC(=O)Nc1cccc(-n2c(=O)n(C3CC3)c(=O)c3c(Nc4ccc(I)cc4F)n([CH3:1])c(=O)c(C)c32)c1|CC(=O)Nc1cccc(-n2c(=O)n(C3CC3)c(=O)c3c(Nc4ccc(I)cc4F)n(C)c(=O)c([CH3:1])c32)c1|CC(=O)Nc1cccc(-n2c(=O)n(C3CC3)c(=O)c3c(Nc4ccc(I)[cH:1]c4F)n(C)c(=O)c(C)c32)c1|CC(=O)Nc1cccc(-n2c(=O)n(C3C[CH2:1]3)c(=O)c3c(Nc4ccc(I)cc4F)n(C)c(=O)c(C)c32)c1|CC(=O)Nc1cccc(-n2c(=O)n(C3CC3)c(=O)c3c(Nc4c[cH:1]c(I)cc4F)n(C)c(=O)c(C)c32)c1|CC(=O)Nc1cccc(-n2c(=O)[n:1](C3CC3)c(=O)c3c(Nc4ccc(I)cc4F)n(C)c(=O)c(C)c32)c1,CC(=O)[NH:1]c1cccc(-n2c(=O)n(C3CC3)c(=O)c3c(Nc4ccc(I)cc4F)n(C)c(=O)c(C)c32)c1|CC(=[O:1])[NH:1]c1cc(-n2c(=O)n(C3CC3)c(=O)c3c(Nc4ccc(I)cc4F)n(C)c(=O)c(C)c32)cc[cH:1]1,2,CC(=O)NC1=[CH:1]C=CC(N2C(=O)N(C3CC3)C(=O)C3=C(NC4=CC=C(I)C=C4F)N(C)C(=O)C(C)=C23)=C1|C1=CC(I)=C[C:1](F)=C1NC1=C2C(=C(C)C(=O)N1C)N(C1=CC=CC(NC(C)=O)=C1)C(=O)N(C1CC1)C2=O|CC(=O)NC1=CC=CC(N2C(=O)N(C3CC3)C(=O)C3=C(NC4=[CH:1]C=C(I)C=C4F)N(C)C(=O)C(C)=C23)=C1|CC(=O)NC1=CC=CC(N2C(=O)N(C3CC3)C(=O)C3=C(NC4=CC=C(I)C=C4F)N(C)C(=O)C([CH3:1])=C23)=C1|CC(=O)NC1=CC=[CH:1]C(N2C(=O)N(C3CC3)C(=O)C3=C(NC4=CC=C(I)C=C4F)N(C)C(=O)C(C)=C23)=C1|[CH3:1]C(=O)NC1=CC=CC(N2C(=O)N(C3CC3)C(=O)C3=C(NC4=CC=C(I)C=C4F)N(C)C(=O)C(C)=C23)=C1|CC(=O)NC1=C[CH:1]=CC(N2C(=O)N(C3CC3)C(=O)C3=C(NC4=CC=C(I)C=C4F)N(C)C(=O)C(C)=C23)=C1|CC(=O)NC1=CC=CC(N2C(=O)N(C3CC3)C(=O)C3=C(NC4=C[CH:1]=C(I)C=C4F)N(C)C(=O)C(C)=C23)=C1|C1(F)=CC(I)=CC=C1NC1=C2C(=C(C)C(=O)N1C)N(C1=CC(NC(=O)C)=C[CH:1]=[CH:2]1)C(=O)N(C1CC1)C2=O|CC(=O)NC1=CC=CC(N2C(=O)N(C3CC3)C(=O)C3=C(NC4=CC=C(I)[CH:1]=C4F)N(C)C(=O)C(C)=C23)=C1|CC(=O)NC1=CC=CC(N2C(=O)N(C3CC3)C(=O)C3=C(NC4=CC=[C:1](I)C=C4F)N(C)C(=O)C(C)=C23)=C1|C1=CC(I)=CC(F)=C1NC1=C2C(=C(C)C(=O)N1C)N(C1=CC=CC(NC(C)=O)=C1)C(=O)N(C1CC1)[C:1]2=O|C1=CC(I)=CC(F)=C1NC1=C2C(=C(C)C(=O)N1C)N(C1=CC=CC(NC(C)=O)=C1)C(=O)N([CH:1]1CC1)C2=O|CC(=O)NC1=CC=CC(N2C(=O)N(C3C[CH2:1]3)C(=O)C3=C(NC4=CC=C(I)C=C4F)N(C)C(=O)C(C)=C23)=C1|C1(F)=CC(I)=CC=C1NC1=C2C(=C(C)C(=O)N1[CH3:1])N(C1=CC(NC(=O)C)=CC=C1)C(=O)N(C1CC1)C2=O|C1=CC(I)=CC(F)=[C:1]1NC1=C2C(=C(C)C(=O)N1C)N(C1=CC=CC(NC(C)=O)=C1)C(=O)N(C1CC1)C2=O
CC(C)(C)C1=CC(C(C)(C)C)=C(NC(=O)C2=CNC3=CC=CC=C3C2=O)C=C1O,CC(C)(C)c1cc(C(C)(C)C)c(NC(=O)c2c[nH]c3ccccc3c2=O)cc1[OH:1]|CC(C)(C)c1cc([C:1](C)(C)C)c(NC(=O)c2c[nH]c3ccccc3c2=O)cc1O|CC(C)(C)c1cc(C(C)(C)C)c(NC(=O)c2c[nH]c3ccccc3c2=O)[cH:1]c1O|CC(C)(C)c1cc(C(C)(C)C)c([NH:1]C(=O)c2c[nH]c3ccccc3c2=O)cc1O|CC(C)(C)c1cc(C(C)(C)C)c(NC(=O)c2c[nH:1]c3ccccc3c2=O)cc1O|CC(C)(C)c1cc([C:1](C)(C)C)[c:1]([NH:1]C(=O)c2c[nH]c3ccccc3c2=O)c[c:1]1[OH:1]|CC(C)(C)c1cc([C:1](C)(C)[CH3:1])c(NC(=O)c2c[nH]c3ccccc3c2=O)cc1O|CC(C)(C)c1cc(C(C)(C)C)c(NC(=O)c2c[nH]c3c[cH:1]ccc3c2=O)cc1O|CC(C)(C)c1cc(C(C)(C)[CH3:1])c(NC(=O)c2c[nH]c3ccccc3c2=O)cc1O|CC(C)(C)c1cc(C(C)(C)C)c(NC(=O)c2c[nH]c3cc[cH:1]cc3c2=O)cc1O,CC(C)(C)c1cc(C(C)(C)[CH3:1])c(O)cc1NC(=O)c1c[nH]c2ccccc2c1=O,1,CC(C)([CH3:1])C1=CC(C(C)(C)C)=C(NC(=O)C2=CNC3=CC=CC=C3C2=O)C=C1O|CC(C)(C)C1=CC(C(C)(C)[CH3:1])=C(NC(=O)C2=CNC3=CC=CC=C3C2=O)C=C1O|C1(C(C)(C)C)=C(NC(C2=CNC3=CC=CC=C3C2=O)=O)C=C([OH:1])C(C(C)(C)C)=C1|CC(C)(C)C1=CC(C(C)(C)C)=C(NC(=O)C2=CNC3=CC=[CH:1]C=C3C2=O)C=C1O|CC(C)(C)C1=CC(C(C)(C)C)=C(NC(=O)C2=CNC3=CC=CC=C3C2=O)C=C1[OH:1]|CC(C)(C)C1=CC(C(C)(C)C)=C(NC(=O)C2=CNC3=C[CH:1]=CC=C3C2=O)C=C1O|CC(C)(C)C1=CC(C(C)(C)C)=C(NC(=O)C2=CNC3=[CH:1]C=CC=C3C2=O)C=C1O|CC(C)(C)C1=CC(C(C)(C)C)=C(N[C:1](=O)C2=CNC3=CC=CC=C3C2=O)C=C1O|C(C1=CC(C(C)(C)C)=C(O)C=C1NC(=O)C1=CNC2=C(C1=O)C=C[CH:1]=[CH:2]2)(C)(C)C|C1(C(C)(C)C)=C(NC(C2=CNC3=CC=CC=C3C2=O)=O)C=C([OH:1])C(C(C)(C)C)=C1|C1(C(C)(C)C)=C(NC([C:1]2=[CH:2]NC3=CC=CC=C3C2=O)=O)C=C(O)C(C(C)(C)C)=C1|C(C1=CC(C(C)(C)C)=C(O)[CH:1]=C1NC(=O)C1=CNC2=C(C1=O)C=CC=C2)(C)(C)C|[CH:1]1=[CH:2]C=CC2=C1C(=O)C(C(=O)NC1=CC(O)=C(C(C)(C)C)C=C1C(C)(C)C)=CN2
CC(C)(C)C1=CC(NC(=O)NC2=CC=C(C3=CN4C(=N3)SC3=CC(OCCN5CCOCC5)=CC=C43)C=C2)=NO1,CC(C)(c1cc(NC(=O)Nc2ccc(-c3cn4c(n3)sc3cc(OCCN5CCOCC5)ccc34)cc2)no1)[CH3:1]|CC(C)(C)c1cc(NC(=O)Nc2ccc(-c3cn4c(n3)sc3cc(OCCN5CCOC[CH2:1]5)ccc34)cc2)no1|CC(C)(C)c1cc([NH:1]C(=O)Nc2ccc(-c3cn4c(n3)sc3cc(OCCN5CCOCC5)ccc34)cc2)no1|C[C:1](C)(c1cc(NC(=O)Nc2ccc(-c3cn4c(n3)sc3cc(OCCN5CCOCC5)ccc34)cc2)no1)[CH3:1]|CC(C)(C)c1cc(NC(=O)Nc2ccc(-c3cn4c(n3)sc3cc(OCC[N:1]5CCOCC5)ccc34)cc2)no1|CC(C)(C)c1onc(NC(=O)Nc2ccc(-c3cn4c(n3)sc3cc(OCCN5CCOCC5)ccc34)cc2)[cH:1]1|CC(C)(C)c1cc(NC(=O)Nc2ccc(-c3cn4c(n3)sc3cc(OCC[N:1]5CCOC[CH2:1]5)ccc34)cc2)no1|CC(C)(C)c1cc(NC(=O)Nc2ccc(-c3cn4c(n3)sc3cc(OC[CH2:1]N5CCOCC5)ccc34)cc2)no1|CC(C)(C)c1cc(NC(=O)Nc2ccc(-c3cn4c(n3)sc3cc(OCCN5CC[O:1]CC5)ccc34)cc2)no1|CC(C)(C)c1cc(NC(=O)Nc2ccc(-c3cn4c(n3)sc3cc(OCCN5CCOCC5)ccc34)cc2)n[o:1]1,CC(C)(c1cc(NC(=O)Nc2ccc(-c3cn4c(n3)sc3cc(OCCN5CCOCC5)ccc34)cc2)no1)[CH3:1],1,CC(C)([CH3:1])C1=CC(NC(=O)NC2=CC=C(C3=CN4C(=N3)SC3=CC(OCCN5CCOCC5)=CC=C43)C=C2)=NO1|CC(C)(C)C1=CC(NC(=O)NC2=CC=C(C3=CN4C(=N3)SC3=CC(OCCN5CCOC[CH2:1]5)=CC=C43)C=C2)=NO1|CC(C)(C)C1=CC(NC(=O)NC2=CC=C(C3=CN4C(=N3)SC3=CC(OC[CH2:1]N5CCOCC5)=CC=C43)C=C2)=NO1|CC(C)(C)C1=CC(NC(=O)NC2=CC=C(C3=CN4C(=N3)SC3=CC(OCCN5CCO[CH2:1]C5)=CC=C43)C=C2)=NO1|CC(C)(C)C1=CC(NC(=O)NC2=CC=C(C3=CN4C(=N3)SC3=CC(OCCN5CCOC[CH2:1]5)=CC=C43)C=C2)=NO1|CC(C)(C)C1=CC(NC(=O)NC2=CC=C(C3=CN4C(=N3)SC3=CC(O[CH2:1]CN5CCOCC5)=CC=C43)C=C2)=NO1|CC(C)(C)C1=CC(NC(=O)NC2=CC=C(C3=CN4C(=N3)SC3=CC(OCC[N:1]5CCOCC5)=CC=C43)C=C2)=NO1|CC(C)(C)C1=CC(NC(=O)NC2=CC=C(C3=CN4C(=N3)SC3=CC(OCC[N:1]5CCOCC5)=CC=C43)C=C2)=NO1|C1(OCCN2CCO[CH2:1]C2)=CC2=C(N3C(=NC(C4=CC=C(NC(NC5=NOC(C(C)(C)C)=C5)=O)C=C4)=C3)S2)C=C1|CC(C)(C)C1=[CH:1]C(NC(=O)NC2=CC=C(C3=CN4C(=N3)SC3=CC(OCCN5CCOCC5)=CC=C43)C=C2)=NO1|C1=C2[S:1]C3=NC(C4=CC=C(NC(=O)NC5=NOC(C(C)(C)C)=C5)C=C4)=CN3C2=CC=C1OCCN1CCOCC1|C1(OC[CH2:1]N2CCOCC2)=CC2=C(N3C(=NC(C4=CC=C(NC(NC5=NOC(C(C)(C)C)=C5)=O)C=C4)=C3)S2)C=C1|CC(C)(C)C1=CC(NC(=O)NC2=CC=C(C3=CN4C(=N3)SC3=CC(OCCN5CCO[CH2:1]C5)=CC=C43)C=C2)=NO1|CC(C)(C)C1=CC(NC(=O)NC2=CC=C(C3=CN4C(=N3)SC3=CC(OCCN5CCOCC5)=CC=C43)C=[CH:1]2)=NO1|C1(OCCN2CCOCC2)=CC2=C(N3C(=NC(C4=CC=C(NC(NC5=NOC(C(C)(C)C)=C5)=O)C=C4)=C3)S2)C=[CH:1]1|C1(OCCN2CCOCC2)=CC2=C(N3C(=NC(C4=CC=C(NC(NC5=NOC(C(C)(C)C)=C5)=O)C=C4)=C3)S2)[CH:1]=C1|CC(C)(C)C1=CC(NC(=O)NC2=CC=C(C3=CN4C(=N3)SC3=CC(OCCN5CCOCC5)=CC=C43)[CH:1]=C2)=NO1|C1=C2SC3=NC(C4=CC=C(NC(=O)NC5=NOC(C(C)(C)C)=C5)C=C4)=CN3C2=CC=C1OC[CH2:1]N1CCOCC1
CC1(C)CC(=O)N(CCCCN2CCN(C3=NC=C(O)C=N3)CC2)C(=O)C1,CC1(C)CC(=O)N(CCCCN2CCN(c3ncc([OH:1])cn3)CC2)C(=O)C1|CC1(C)CC(=O)N(CCCCN2CCN(c3ncc(O)[cH:1]n3)CC2)C(=O)C1|CC1(C)CC(=O)N(CCCC[N:1]2CCN(c3ncc(O)cn3)CC2)C(=O)C1|CC1([CH3:1])CC(=O)N(CCCCN2CCN(c3ncc(O)cn3)CC2)C(=O)C1|CC1(C)CC(=O)N(CCCCN2CCN([c:1]3[n:1][cH:1][c:1](O)[cH:1][n:1]3)CC2)C(=O)C1|CC1(C)CC(=O)N(CCCCN2CCN(c3nc[c:1](O)cn3)CC2)C(=O)C1|CC1(C)CC(=O)N(CCC[CH2:1]N2CCN(c3ncc(O)cn3)CC2)C(=O)C1|CC1(C)CC(=O)N(CCCCN2CC[N:1](c3ncc(O)cn3)CC2)C(=O)C1|CC1(C)CC(=O)N(CCCCN2CCN(c3ncc(O)c[n:1]3)CC2)C(=O)C1|CC1(C)CC(=O)N(CCCCN2CCN(c3ncc(O)cn3)CC2)C(=O)[CH2:1]1,CC1(C)CC(=O)N(CCCCN2CCN(c3ncc(O)cn3)CC2)C(=O)[CH2:1]1|CC1(C)CC(=O)N(CCCC[N:1]2CCN(c3ncc(O)cn3)CC2)C(=O)C1,2,CC1(C)CC(=O)N(CCCCN2CCN(C3=NC=C(O)[CH:1]=N3)CC2)C(=O)C1|CC1(C)CC(=O)N(CCC[CH2:1]N2CCN(C3=NC=C(O)C=N3)CC2)C(=O)C1|[OH:1]C1=CN=C(N2CCN(CCCCN3C(=O)CC(C)(C)CC3=O)CC2)N=C1|CC1(C)[CH2:1]C(=O)N(CCCCN2CCN(C3=NC=C(O)C=N3)CC2)C(=O)C1|CC1(C)CC(=O)N(CCCCN2CCN(C3=NC=C([OH:1])C=N3)CC2)C(=O)C1|CC1(C)CC(=O)N(CCCC[N:1]2CCN(C3=NC=C(O)C=N3)CC2)C(=O)C1|CC1(C)CC(=O)N(CCCC[N:1]2CCN(C3=NC=C(O)C=N3)CC2)C(=O)C1|CC1([CH3:1])CC(=O)N(CCCCN2CCN(C3=NC=C(O)C=N3)CC2)C(=O)C1|[OH:1]C1=CN=C(N2CCN(CCCCN3C(=O)CC(C)(C)CC3=O)CC2)N=C1|O=C1N(CCCCN2CCN(C3=NC=C(O)[CH:1]=N3)CC2)C(=O)CC(C)(C)C1|CC1(C)CC(=O)N(CCCCN2CCN(C3=NC=C(O)C=N3)C[CH2:1]2)C(=O)C1|CC1(C)CC(=O)N(CCCCN2CCN(C3=NC=C(O)[CH:1]=N3)CC2)C(=O)C1|CC1(C)CC(=O)N(CCCCN2CCN(C3=NC=C(O)C=N3)[CH2:1]C2)C(=O)C1|[OH:1]C1=CN=C(N2CCN(CCCCN3C(=O)CC(C)(C)CC3=O)CC2)N=C1|CC1(C)CC(=O)N(CCCCN2CCN([C:1]3=NC=C(O)C=N3)CC2)C(=O)C1|O=C1N(CCC[CH2:1]N2CCN(C3=NC=C(O)C=N3)CC2)C(=O)CC(C)(C)C1|O=C1N(CCCCN2CCN(C3=NC=C(O)[CH:1]=N3)CC2)C(=O)CC(C)(C)C1|OC1=CN=C(N2CCN(CCCCN3C(=O)CC(C)(C)CC3=O)CC2)N=[CH:1]1|C1[N:1](C2=NC=C(O)C=N2)CCN(CCCCN2C(=O)CC(C)(C)CC2=O)C1|C1[N:1](C2=NC=C(O)C=N2)CCN(CCCCN2C(=O)CC(C)(C)CC2=O)C1
CC1(C)CC(=O)N(CCCCN2CCN(C3=NC=CC=N3)CC2)C(=O)C1,CC1(C)CC(=O)N(CCCCN2CCN(c3nc[cH:1]cn3)CC2)C(=O)C1|CC1([CH3:1])CC(=O)N(CCCCN2CCN(c3ncccn3)CC2)C(=O)C1|CC1(C)CC(=O)N(CCCC[N:1]2CCN(c3ncccn3)CC2)C(=O)C1|CC1(C)CC(=O)N(CCC[CH2:1]N2CCN(c3ncccn3)CC2)C(=O)C1|CC1(C)CC(=O)N(CC[CH2:1]CN2CCN(c3ncccn3)CC2)C(=O)C1|CC1(C)CC(=O)N(CCCCN2CCN([c:1]3[n:1][cH:1][cH:1][cH:1][n:1]3)CC2)C(=O)C1|CC1(C)CC(=O)N(CCCCN2CC[N:1](c3ncccn3)CC2)C(=O)C1|CC1(C)CC(=O)N(CCCC[N:1]2CC[N:1](c3ncccn3)CC2)C(=O)C1|CC1(C)CC(=O)N(CCCCN2CCN([c:1]3ncccn3)CC2)C(=O)C1|CC1(C)CC(=O)N(CCCCN2CCN(c3ncccn3)C[CH2:1]2)C(=O)C1,CC1(C)CC(=O)N(CCCCN2CCN(c3nc[cH:1]cn3)CC2)C(=O)C1|CC1(C)CC(=O)N(CCCCN2CCN(c3ncccn3)CC2)C(=O)[CH2:1]1|CC1(C)CC(=O)N(CCCCN2CCN(c3ncccn3)[CH2:1]C2)C(=O)C1|CC1(C)CC(=O)N(CCCC[N:1]2CCN(c3ncccn3)CC2)C(=O)C1|CC1([CH3:1])CC(=O)N(CCCCN2CCN(c3ncccn3)CC2)C(=O)C1,5,CC1(C)CC(=O)N(CCC[CH2:1]N2CCN(C3=NC=CC=N3)CC2)C(=O)C1|CC1(C)CC(=O)N(CCCCN2CCN(C3=NC=[CH:1]C=N3)CC2)C(=O)C1|CC1(C)CC(=O)N(CCCC[N:1]2CCN(C3=NC=CC=N3)CC2)C(=O)C1|CC1(C)CC(=O)N(CCCC[N:1]2CCN(C3=NC=CC=N3)CC2)C(=O)C1|CC1(C)[CH2:1]C(=O)N(CCCCN2CCN(C3=NC=CC=N3)CC2)C(=O)C1|CC1([CH3:1])CC(=O)N(CCCCN2CCN(C3=NC=CC=N3)CC2)C(=O)C1|CC1(C)CC(=O)N(CCCCN2CCN(C3=NC=CC=N3)C[CH2:1]2)C(=O)C1|N1(C2=NC=C[CH:1]=N2)CCN(CCCCN2C(=O)CC(C)(C)CC2=O)CC1|CC1(C)CC(=O)N(CCCCN2CCN(C3=NC=CC=N3)[CH2:1]C2)C(=O)C1|CC1(C)CC(=O)N(CCC[CH2:1]N2CCN(C3=NC=CC=N3)CC2)C(=O)C1|CC1(C)CC(=O)N(CCC[CH2:1]N2CCN(C3=NC=CC=N3)CC2)C(=O)C1|C1=CN=C(N2CCN(CCCCN3C(=O)CC(C)(C)CC3=O)CC2)N=[CH:1]1|[N:1]1(C2=NC=CC=N2)CCN(CCCCN2C(=O)CC(C)(C)CC2=O)CC1|[N:1]1(C2=NC=CC=N2)CCN(CCCCN2C(=O)CC(C)(C)CC2=O)CC1|N1(C2=NC=CC=N2)CCN(CCCCN2C(=O)CC(C)(C)CC2=O)[CH2:1]C1|CC1(C)[CH2:1]C(=O)N(CCCCN2CCN(C3=NC=CC=N3)CC2)C(=O)C1|N1(C2=NC=CC=N2)CCN(CCCCN2C(=O)CC(C)(C)[CH2:1]C2=O)CC1|C1=[N:1]C(N2CCN(CCCCN3C(=O)CC(C)(C)CC3=O)CC2)=NC=C1|C1=[N:1]C(N2CCN(CCCCN3C(=O)CC(C)(C)CC3=O)CC2)=NC=C1|CC1(C)[CH2:1]C(=O)N(CCCCN2CCN(C3=NC=CC=N3)CC2)C(=O)C1
CC1(C)CC(=O)N(CCCCN2CCN(C3=NC=CC=N3)CC2)C(=O)C1O,CC1(C)CC(=O)N(CCCCN2CCN(c3nc[cH:1]cn3)CC2)C(=O)C1O|CC1(C)CC(=O)N(CCCC[N:1]2CCN(c3ncccn3)CC2)C(=O)C1O|CC1(C)CC(=O)N(CCCCN2CCN(c3ncccn3)CC2)C(=O)C1[OH:1]|CC1([CH3:1])CC(=O)N(CCCCN2CCN(c3ncccn3)CC2)C(=O)C1O|CC1(C)CC(=O)N(CCCCN2CCN(c3ncccn3)CC2)C(=O)[CH:1]1[OH:1]|CC1(C)CC(=O)N(CCC[CH2:1]N2CCN(c3ncccn3)CC2)C(=O)C1O|CC1(C)CC(=O)N(CCCCN2CC[N:1](c3ncccn3)CC2)C(=O)C1O|CC1(C)CC(=O)N(CCCCN2CCN(c3ncc[cH:1]n3)CC2)C(=O)C1O|CC1(C)CC(=O)N(CCCCN2CCN([c:1]3[n:1][cH:1][cH:1][cH:1][n:1]3)CC2)C(=O)C1O|CC1(C)CC(=O)N(CC[CH2:1]CN2CCN(c3ncccn3)CC2)C(=O)C1O,CC1(C)CC(=O)N(CCCCN2CCN(c3nc[cH:1]cn3)CC2)C(=O)C1O,1,CC1(C)CC(=O)N(CCCCN2CCN(C3=NC=[CH:1]C=N3)CC2)C(=O)C1O|CC1(C)CC(=O)N(CCCC[N:1]2CCN(C3=NC=CC=N3)CC2)C(=O)C1O|CC1(C)CC(=O)N(CCCC[N:1]2CCN(C3=NC=CC=N3)CC2)C(=O)C1O|CC1(C)CC(=O)N(CCC[CH2:1]N2CCN(C3=NC=CC=N3)CC2)C(=O)C1O|[CH3:1]C1(C)CC(=O)N(CCCCN2CCN(C3=NC=CC=N3)CC2)C(=O)C1O|CC1(C)[CH2:1]C(=O)N(CCCCN2CCN(C3=NC=CC=N3)CC2)C(=O)C1O|CC1(C)CC(=O)N(CCCCN2CCN(C3=NC=CC=N3)C[CH2:1]2)C(=O)C1O|[CH:1]1=NC(N2CCN(CCCCN3C(=O)CC(C)(C)C(O)C3=O)CC2)=NC=C1|CC1(C)CC(=O)N(CCCCN2CCN(C3=NC=CC=N3)[CH2:1]C2)C(=O)C1O|CC1(C)CC(=O)N(CCC[CH2:1]N2CCN(C3=NC=CC=N3)CC2)C(=O)C1O|N1(CCCCN2C(=O)CC(C)(C)C(O)C2=O)CCN(C2=NC=CC=N2)C[CH2:1]1|O=C1N(CCC[CH2:1]N2CCN(C3=NC=CC=N3)CC2)C(=O)C(O)C(C)(C)C1|O=[C:1]1N(CCCCN2CCN(C3=NC=CC=N3)CC2)C(=O)C(O)C(C)(C)C1|CC1([CH3:1])CC(=O)N(CCCCN2CCN(C3=NC=CC=N3)CC2)C(=O)C1O|O=C1N(CCCCN2CC[N:1](C3=NC=CC=N3)CC2)C(=O)C(O)C(C)(C)C1|O=C1N(CCCCN2CC[N:1](C3=NC=CC=N3)CC2)C(=O)C(O)C(C)(C)C1|CC1(C)CC(=O)N(CCCCN2CCN(C3=NC=[CH:1]C=N3)CC2)C(=O)C1O
CC1=C(/C=C/C(C)=C/C=C/C(C)=C/C(=O)O)C(C)(C)CCC1,CC1=C(/C=C/C(C)=C/C=C/C(C)=C/C(=O)O)C(C)(C)CC[CH2:1]1|CC1=C(/C=C/C(C)=C/C=C/C(C)=C/C(=O)O)C(C)(C)[CH2:1]CC1|CC1=C(/C=C/C(C)=C/C=C/C(C)=C/C(=O)O)C(C)(C)C[CH2:1]C1|CC(/C=C/[C:1]1=[C:1](C)CCCC1(C)C)=C\C=C\C(C)=C\C(=O)O|CC1=C(/C=C/C(C)=C/C=C/C(C)=C/C(=O)[OH:1])C(C)(C)CCC1|CC1=C(/C=C/C(C)=C/C=C/C(C)=C/[C:1](=O)[OH:1])C(C)(C)CCC1|CC1=C(/C=C/C(C)=C/C=C/C(C)=C/C(=O)O)C(C)([CH3:1])CCC1|CC(/C=C/C1=C([CH3:1])CCCC1(C)C)=C\C=C\C(C)=C\C(=O)O|CC1=C(/C=C/C(C)=C/C=C/[C:1](C)=[CH:1]/C(=O)O)C(C)(C)CCC1|CC1=C(/C=C/C(C)=C/C=C/C(=C/C(=O)O)[CH3:1])C(C)(C)CCC1,CC1=C(/C=C/C(C)=C/C=C/C(C)=C/C(=O)O)C(C)(C)CCC1|CC1=C(/C=C/C(C)=C/C=C/C(C)=C/C(=O)O)C(C)(C)C[CH2:1][CH2:1]1,2,C(=C(C)/C=C/C1=C(C)CCCC1(C)C)\C=C\C(=C\C([OH:1])=O)C|CC1=C(/C=C/C(C)=C/C=C/C(C)=C/C(=O)O)C(C)(C)CC[CH2:1]1|CC1=C(/C=C/C(C)=C/C=C/C(C)=C/C(=O)O)C(C)(C)CC[CH2:1]1|[CH3:1]C1=C(/C=C/C(C)=C/C=C/C(C)=C/C(=O)O)C(C)(C)CCC1|CC1=C(/C=C/C(C)=C/C=C/C(C)=C/C(=O)O)C(C)(C)C[CH2:1]C1|C(=C(C)/C=C/[C:1]1=[C:2](C)CCCC1(C)C)\C=C\C(=C\C(O)=O)C|CC1=C(/C=C/C(C)=C/C=C/C(C)=C/C(=O)O)C(C)(C)[CH2:1]CC1|C(=C(C)/C=C/C1=C(C)CCCC1(C)C)\C=C\C(=C\C([OH:1])=O)C|CC1=C(/C=C/C(C)=C/C=C/C(C)=C/C(=O)O)C(C)(C)[CH2:1]CC1|CC1=C(/C=C/C(C)=C/C=C/C(C)=C/C(=O)O)C(C)(C)C[CH2:1]C1|C(\C1=C(C)CCCC1(C)C)=C/C(=C/C=C/C(C)=C/C(=O)O)[CH3:1]|C(=C(C)/C=C/C1=C(C)CCCC1(C)C)\C=C\C(=C\C(O)=O)[CH3:1]
CC1=C(/C=C/C(C)=C/C=C/C(C)=C/C(=O)O)C(C)(C)CCC1=O,CC1=C(/C=C/C(C)=C/C=C/C(C)=C/C(=O)O)C(C)(C)[CH2:1]CC1=O|CC1=C(/C=C/C(C)=C/C=C/C(C)=C/C(=O)O)C(C)([CH3:1])CCC1=O|CC1=C(/C=C/C(C)=C/C=C/C(C)=C/C(=O)O)C(C)(C)C[CH2:1]C1=O|CC1=C(/C=C/C(C)=C/C=C/C(C)=C/C(=O)[OH:1])C(C)(C)CCC1=O|CC1=C(/C=C/C(C)=C/C=C/C(C)=C/[C:1](=O)[OH:1])C(C)(C)CCC1=O|CC1=C(/C=C/C(C)=C/C=C/C(C)=C/C(=O)O)C(C)(C)CC[C:1]1=[O:1]|CC(/C=C/[C:1]1=[C:1](C)C(=O)CCC1(C)C)=C\C=C\C(C)=C\C(=O)O|CC(/C=C/C1=C([CH3:1])C(=O)CCC1(C)C)=C\C=C\C(C)=C\C(=O)O|CC1=C(/C=C/C(C)=C/C=C/[C:1](C)=[CH:1]/C(=O)O)C(C)(C)CCC1=O|CC1=C(/C=C/C(C)=C/C=C/C(C)=C/C(=O)O)C(C)(C)[CH2:1][CH2:1]C1=O,CC1=C(/C=C/C(C)=C/C=C/C(C)=C/C(=O)[OH:1])C(C)(C)CCC1=O,1,C(=C(C)/C=C/C1=C(C)C(=O)CCC1(C)C)\C=C\C(=C\C([OH:1])=O)C|CC1=C(/C=C/C(C)=C/C=C/C(C)=C/C(=O)O)C(C)(C)C[CH2:1]C1=O|C(=C(C)/C=C/C1=C(C)C(=O)CCC1(C)C)\C=C\C(=C\C(O)=O)[CH3:1]|C(=C(C)/C=C/C1=C(C)C(=O)CCC1(C)C)\C=C\C(=C\C([OH:1])=O)C|C(\C1=C(C)C(=O)CCC1(C)C)=C/C(=C/C=C/C(C)=C/C(O)=O)[CH3:1]|C(=C(C)/C=C/C1=C(C)C(=O)CCC1(C)C)\C=C\C(=C\[C:1](O)=[O:2])C|CC1=C(/C=C/C(C)=C/C=C/C(C)=C/C(=O)O)C(C)(C)[CH2:1]CC1=O|[CH3:1]C1=C(/C=C/C(C)=C/C=C/C(C)=C/C(=O)O)C(C)(C)CCC1=O|CC1=C(/C=C/C(C)=C/C=C/C(C)=C/C(=O)[OH:1])C(C)(C)CCC1=O|C(=C(C)/C=C/[C:1]1=[C:2](C)C(=O)CCC1(C)C)\C=C\C(=C\C(O)=O)C|C(\C1=C(C)C(=O)CCC1(C)C)=C/C(=C/C=C/C(C)=C/[C:1]([OH:2])=O)C
CC1=C(/C=C/C(C)=C/C=C/C(C)=C\C(=O)O)C(C)(C)CCC1,CC1=C(/C=C/C(C)=C/C=C/C(C)=C\C(=O)O)C(C)(C)CC[CH2:1]1|CC1=C(/C=C/C(C)=C/C=C/C(C)=C\C(=O)O)C(C)(C)[CH2:1]CC1|CC1=C(/C=C/C(C)=C/C=C/C(C)=C\C(=O)O)C(C)(C)C[CH2:1]C1|CC(/C=C/[C:1]1=[C:1](C)CCCC1(C)C)=C\C=C\C(C)=C/C(=O)O|CC1=C(/C=C/C(C)=C/C=C/C(C)=C\C(=O)[OH:1])C(C)(C)CCC1|CC1=C(/C=C/C(C)=C/C=C/C(C)=C\C(=O)O)C(C)([CH3:1])CCC1|CC1=C(/C=C/C(C)=C/C=C/C(C)=C\[C:1](=O)[OH:1])C(C)(C)CCC1|CC(/C=C/C1=C([CH3:1])CCCC1(C)C)=C\C=C\C(C)=C/C(=O)O|CC(=C/C(=O)O)/C=C/C=C(C)/C=C/[C:1]1=[C:1](C)CCCC1(C)C|CC1=C(/C=C/C(C)=C/C=C/[C:1](C)=[CH:1]\C(=O)O)C(C)(C)CCC1,CC1=C(/C=C/C(C)=C/C=C/C(C)=C\C(=O)O)C(C)(C)CC[CH2:1]1|CC1=C(/C=C/C(C)=C/C=C/C(C)=C\[C:1](=O)[OH:1])C(C)(C)CCC1,2,C(=C(C)/C=C/C1=C(C)CCCC1(C)C)\C=C\C(=C/C([OH:1])=O)C|CC1=C(/C=C/C(C)=C/C=C/C(C)=C\C(=O)O)C(C)(C)CC[CH2:1]1|CC1=C(/C=C/C(C)=C/C=C/C(C)=C\C(=O)O)C(C)(C)CC[CH2:1]1|[CH3:1]C1=C(/C=C/C(C)=C/C=C/C(C)=C\C(=O)O)C(C)(C)CCC1|CC1=C(/C=C/C(C)=C/C=C/C(C)=C\C(=O)O)C(C)(C)[CH2:1]CC1|C(=C(C)/C=C/[C:1]1=[C:2](C)CCCC1(C)C)\C=C\C(=C/C(O)=O)C|CC1=C(/C=C/C(C)=C/C=C/C(C)=C\C(=O)O)C(C)(C)[CH2:1]CC1|CC1=C(/C=C/C(C)=C/C=C/C(C)=C\C(=O)O)C(C)(C)C[CH2:1]C1|C(=C(C)/C=C/C1=C(C)CCCC1(C)C)\C=C\C(=C/C([OH:1])=O)C|CC1=C(/C=C/C(C)=C/C=C/C(C)=C\C(=O)O)C(C)(C)C[CH2:1]C1|C(\C1=C(C)CCCC1(C)C)=C/C(=C/C=C/C(C)=C\C(=O)O)[CH3:1]|C(=C(C)/C=C/C1=C(C)CCCC1(C)C)\C=C\C(=C/C(O)=O)[CH3:1]
CC1=C(/C=C/C(C)=C\C=C\C(C)=C\C(=O)O)C(C)(C)CCC1,CC1=C(/C=C/C(C)=C\C=C\C(C)=C\C(=O)O)C(C)(C)CC[CH2:1]1|CC1=C(/C=C/C(C)=C\C=C\C(C)=C\C(=O)O)C(C)(C)[CH2:1]CC1|CC1=C(/C=C/C(C)=C\C=C\C(C)=C\C(=O)O)C(C)(C)C[CH2:1]C1|CC1=C(/C=C/C(C)=C\C=C\C(C)=C\C(=O)[OH:1])C(C)(C)CCC1|CC1=C(/C=C/C(C)=C\C=C\C(C)=C\C(=O)O)C(C)([CH3:1])CCC1|CC(/C=C/[C:1]1=[C:1](C)CCCC1(C)C)=C/C=C/C(C)=C/C(=O)O|CC1=C(/C=C/C(C)=C\C=C\C(C)=C\[C:1](=O)[OH:1])C(C)(C)CCC1|CC(/C=C/C1=C([CH3:1])CCCC1(C)C)=C/C=C/C(C)=C/C(=O)O|CC1=C(/C=C/C(C)=C\C=C\[C:1](C)=[CH:1]\C(=O)O)C(C)(C)CCC1|CC(=C/C(=O)O)/C=C\C=C(C)/C=C/[C:1]1=[C:1](C)CCCC1(C)C,CC1=C(/C=C/C(C)=C\C=C\C(C)=C\C(=O)O)C(C)(C)CC[CH2:1]1,1,C(=C(C)\C=C\C1=C(C)CCCC1(C)C)\C=C\C(=C\C([OH:1])=O)C|CC1=C(/C=C/C(C)=C\C=C\C(C)=C\C(=O)O)C(C)(C)CC[CH2:1]1|CC1=C(/C=C/C(C)=C\C=C\C(C)=C\C(=O)O)C(C)(C)CC[CH2:1]1|[CH3:1]C1=C(/C=C/C(C)=C\C=C\C(C)=C\C(=O)O)C(C)(C)CCC1|CC1=C(/C=C/C(C)=C\C=C\C(C)=C\C(=O)O)C(C)(C)[CH2:1]CC1|C(=C(C)\C=C\C1=C(C)CCCC1(C)C)\C=C\C(=C\C([OH:1])=O)C|CC1=C(/C=C/C(C)=C\C=C\C(C)=C\C(=O)O)C(C)(C)C[CH2:1]C1|C(=C(C)\C=C\[C:1]1=[C:2](C)CCCC1(C)C)\C=C\C(=C\C(O)=O)C|CC1=C(/C=C/C(C)=C\C=C\C(C)=C\C(=O)O)C(C)(C)[CH2:1]CC1|C(=C(C)\C=C\C1=C(C)CCCC1(C)C)\C=C\C(=C\C(O)=O)[CH3:1]|CC1=C(/C=C/C(C)=C\C=C\C(C)=C\C(=O)O)C(C)(C)C[CH2:1]C1|C(\C1=C(C)CCCC1(C)C)=C/C(=C\C=C\C(C)=C\C(=O)O)[CH3:1]|CC1=C(/C=C/C(C)=C\C=C\C(C)=C\C(=O)O)C(C)(C)CC[CH2:1]1
CC1=C(OCC(F)(F)F)C=CN=C1CS(=O)C1=NC2=CC=C(O[C@@H]3O[C@H](C(=O)O)[C@@H](O)[C@H](O)[C@H]3O)C=C2N1,Cc1c(OCC(F)(F)F)ccnc1CS(=O)c1nc2ccc(O[C@@H]3O[C@H]([C:1](=O)[OH:1])[C@@H](O)[C@H](O)[C@H]3O)cc2[nH]1|Cc1c(OCC(F)(F)F)ccnc1CS(=O)c1nc2ccc(O[C@@H]3O[C@H](C(=O)[OH:1])[C@@H](O)[C@H](O)[C@H]3O)cc2[nH]1|Cc1c(OCC(F)(F)F)ccnc1C[S:1](=O)c1nc2ccc(O[C@@H]3O[C@H](C(=O)O)[C@@H](O)[C@H](O)[C@H]3O)cc2[nH]1|Cc1c(OCC(F)(F)F)ccnc1CS(=O)c1nc2ccc([O:1][C@@H]3O[C@H](C(=O)O)[C@@H](O)[C@H](O)[C@H]3O)cc2[nH]1|Cc1c(OCC(F)(F)F)ccnc1CS(=O)c1nc2ccc(O[C@@H]3O[C@H](C(=O)O)[C@@H](O)[C@H]([OH:1])[C@H]3O)cc2[nH]1|Cc1c(OCC(F)(F)F)ccnc1CS(=O)c1nc2ccc(O[C@@H]3O[C@H]([C:1](=O)O)[C@@H](O)[C@H](O)[C@H]3O)cc2[nH]1|Cc1c(OCC(F)(F)F)c[cH:1]nc1CS(=O)c1nc2ccc(O[C@@H]3O[C@H](C(=O)O)[C@@H](O)[C@H](O)[C@H]3O)cc2[nH]1|Cc1c(OCC(F)(F)F)ccnc1CS(=O)c1nc2ccc(O[C@@H]3O[C@H](C(=O)O)[C@@H](O)[C@H](O)[C@H]3[OH:1])cc2[nH]1|Cc1c(OCC(F)(F)F)ccnc1C[S:1](=O)[c:1]1nc2ccc(O[C@@H]3O[C@H](C(=O)O)[C@@H](O)[C@H](O)[C@H]3O)cc2[nH]1|Cc1c(OCC(F)(F)F)ccnc1CS(=O)c1nc2c[cH:1]c(O[C@@H]3O[C@H](C(=O)O)[C@@H](O)[C@H](O)[C@H]3O)cc2[nH]1,Cc1c(OCC(F)(F)F)ccnc1C[S:1](=O)c1nc2ccc(O[C@@H]3O[C@H](C(=O)O)[C@@H](O)[C@H](O)[C@H]3O)cc2[nH]1,1,CC1=C(OCC(F)(F)F)C=CN=C1C[S:1](=O)C1=NC2=CC=C(O[C@@H]3O[C@H](C(=O)O)[C@@H](O)[C@H](O)[C@H]3O)C=C2N1|[CH3:1]C1=C(OCC(F)(F)F)C=CN=C1CS(=O)C1=NC2=CC=C(O[C@@H]3O[C@H](C(=O)O)[C@@H](O)[C@H](O)[C@H]3O)C=C2N1|[C@H]1([C:1](O)=O)O[C@@H](OC2=CC3=C(N=C(S(=O)CC4=C(C)C(OCC(F)(F)F)=CC=N4)N3)C=C2)[C@H](O)[C@@H](O)[C@@H]1O|CC1=C(O[CH2:1]C(F)(F)F)C=CN=C1CS(=O)C1=NC2=CC=C(O[C@@H]3O[C@H](C(=O)O)[C@@H](O)[C@H](O)[C@H]3O)C=C2N1|CC1=C(OCC(F)(F)F)C=C[N:1]=C1CS(=O)C1=NC2=CC=C(O[C@@H]3O[C@H](C(=O)O)[C@@H](O)[C@H](O)[C@H]3O)C=C2N1|CC1=C(OCC(F)(F)F)C=C[N:1]=C1CS(=O)C1=NC2=CC=C(O[C@@H]3O[C@H](C(=O)O)[C@@H](O)[C@H](O)[C@H]3O)C=C2N1|C(C1=NC=CC(OCC(F)(F)F)=C1C)S(=O)C1=NC2=C(C=C(O[C@@H]3O[C@H](C(O)=O)[C@@H](O)[C@H](O)[C@H]3O)[CH:1]=C2)N1|[C@H]1([C:1](O)=O)O[C@@H](OC2=CC3=C(N=C(S(=O)CC4=C(C)C(OCC(F)(F)F)=CC=N4)N3)C=C2)[C@H](O)[C@@H](O)[C@@H]1O|[C@H]1(O)[C@H](O)[C@@H]([C:1]([OH:2])=O)O[C@@H](OC2=CC=C3N=C(S(CC4=C(C)C(OCC(F)(F)F)=CC=N4)=O)NC3=C2)[C@@H]1O|CC1=C(OCC(F)(F)F)C=CN=C1CS(=O)C1=NC2=CC=C(O[C@@H]3O[C@H](C(=O)O)[C@@H](O)[C@H](O)[C@H]3[OH:1])C=C2N1|CC1=C(OCC(F)(F)F)C=CN=C1CS(=O)C1=NC2=CC=C(O[C@@H]3O[C@H](C(=O)O)[C@@H](O)[C@H](O)[C@H]3O)[CH:1]=C2N1|N1C(S([CH2:1]C2=NC=CC(OCC(F)(F)F)=C2C)=O)=NC2=C1C=C(O[C@@H]1O[C@H](C(=O)O)[C@@H](O)[C@H](O)[C@H]1O)C=C2|[C@H]1([C:1]([OH:2])=O)O[C@@H](OC2=CC3=C(N=C(S(=O)CC4=C(C)C(OCC(F)(F)F)=CC=N4)N3)C=C2)[C@H](O)[C@@H](O)[C@@H]1O|C(C1=NC=CC(OCC(F)(F)F)=C1C)S(=O)C1=NC2=C(C=C(O[C@@H]3O[C@H](C(O)=O)[C@@H](O)[C@H](O)[C@H]3O)C=[CH:1]2)N1|[C@H]1([C:1](O)=O)O[C@@H](OC2=CC3=C(N=C(S(=O)CC4=C(C)C(OCC(F)(F)F)=CC=N4)N3)C=C2)[C@H](O)[C@@H](O)[C@@H]1O|CC1=C(OCC(F)(F)F)[CH:1]=CN=C1CS(=O)C1=NC2=CC=C(O[C@@H]3O[C@H](C(=O)O)[C@@H](O)[C@H](O)[C@H]3O)C=C2N1
CC1=C(OCC(F)(F)F)C=CN=C1C[S@+](O)C1=NC2=C(OS(=O)(=O)O)C=CC=C2N1,Cc1c(OCC(F)(F)F)ccnc1CN(O)c1nc2c(OS(=O)(=O)O)c[cH:1]cc2[nH]1|Cc1c(OCC(F)(F)F)ccnc1CN(O)c1nc2c(OS(=O)(=O)O)cc[cH:1]c2[nH]1|Cc1c(OCC(F)(F)F)ccnc1CN(O)c1nc2c(OS(=O)(=O)O)[cH:1]ccc2[nH]1|Cc1c(OCC(F)(F)F)ccnc1CN(O)c1nc2c(OS(=O)(=O)[OH:1])cccc2[nH]1|Cc1c(OCC(F)(F)F)ccnc1CN(O)c1nc2c([O:1]S(=O)(=O)O)cccc2[nH]1|Cc1c(OCC(F)(F)F)ccnc1CN(c1nc2c(OS(=O)(=O)O)cccc2[nH]1)[OH:1]|Cc1c(OCC(F)(F)F)ccnc1CN(O)c1nc2c(O[S:1](=O)(=O)O)cccc2[nH]1|Cc1c(OCC(F)(F)F)ccnc1C[C@H](O)c1nc2c(OS(=O)(=O)O)c[cH:1]cc2[nH]1|Cc1c(OCC(F)(F)F)ccnc1CN(O)c1nc2c(OS(=O)(=O)O)cccc2[nH:1]1|Cc1c(OCC(F)(F)F)ccnc1C[N:1](c1nc2c(OS(=O)(=O)O)cccc2[nH]1)[OH:1],Cc1c(OCC(F)(F)F)ccnc1C[S@+:1](O)c1nc2c(OS(=O)(=O)O)cccc2[nH]1,1,CC1=C(OCC(F)(F)F)C=CN=C1C[S@+]([OH:1])C1=NC2=C(OS(=O)(=O)O)C=CC=C2N1|[CH3:1]C1=C(OCC(F)(F)F)C=CN=C1C[S@+](O)C1=NC2=C(OS(=O)(=O)O)C=CC=C2N1|CC1=C(OCC(F)(F)F)C=CN=C1C[S@+:1](O)C1=NC2=C(OS(=O)(=O)O)C=CC=C2N1|FC(F)(F)COC1=C(C)C(C[S@+]([OH:1])C2=NC3=C(N2)C=CC=C3OS(=O)(O)=O)=NC=C1|FC(F)(F)COC1=C(C)C(C[S@+](O)C2=NC3=C([NH:1]2)C=CC=C3OS(=O)(O)=O)=NC=C1|C1=C(OCC(F)(F)F)C(C)=C(C[S@+](O)C2=NC3=C(N2)C=CC=C3OS(O)(=O)=O)[N:1]=C1|C1=C(OCC(F)(F)F)C(C)=C(C[S@+](O)C2=NC3=C(N2)C=CC=C3OS(O)(=O)=O)[N:1]=C1|FC(F)(F)COC1=C(C)C(C[S@+](O)C2=[N:1]C3=C(N2)C=CC=C3OS(=O)(O)=O)=NC=C1|CC1=C(OCC(F)(F)F)C=CN=C1C[S@+](O)C1=[N:1]C2=C(OS(=O)(=O)O)C=CC=C2N1|CC1=C(OCC(F)(F)F)C=CN=C1C[S@+]([OH:1])C1=NC2=C(OS(=O)(=O)O)C=CC=C2N1|[CH3:1]C1=C(OCC(F)(F)F)C=CN=C1C[S@+](O)C1=NC2=C(OS(=O)(=O)O)C=CC=C2N1|CC1=C(OCC(F)(F)F)C=CN=C1C[S@+]([OH:1])C1=NC2=C(OS(=O)(=O)O)C=CC=C2N1
CC1=C(OCC(F)(F)F)C=CN=C1C[S@@](=O)C1=NC2=CC=C(O)C=C2N1,Cc1c(OCC(F)(F)F)ccnc1C[S@@](=O)c1nc2ccc([OH:1])cc2[nH]1|Cc1c(OCC(F)(F)F)ccnc1C[S@@](=O)c1nc2ccc(O)[cH:1]c2[nH]1|Cc1c(OCC(F)(F)F)ccnc1C[S@@](=O)c1nc2cc[c:1](O)cc2[nH]1|Cc1c(OCC(F)(F)F)ccnc1C[S@@](=O)c1nc2c(cc(O)[cH:1][cH:1]2)[nH]1|Cc1c(OCC(F)(F)F)ccnc1C[S@@](=O)c1nc2c[cH:1]c(O)cc2[nH]1|Cc1c(OCC(F)(F)F)c[cH:1]nc1C[S@@](=O)c1nc2ccc(O)cc2[nH]1|Cc1c(OCC(F)(F)F)ccnc1C[S@@](=O)c1nc2c[cH:1][c:1]([OH:1])cc2[nH]1|Cc1c(OCC(F)(F)F)ccnc1C[S@@:1](=O)c1nc2ccc(O)cc2[nH]1|Cc1c(OCC(F)(F)F)ccnc1C[S@@](=O)c1nc2c(cc(O)c[cH:1]2)[nH]1|Cc1c(OCC(F)(F)F)ccnc1C[S@@:1](=O)[c:1]1nc2ccc(O)cc2[nH]1,Cc1c(OCC(F)(F)F)ccnc1C[S@@](=O)c1nc2ccc([OH:1])cc2[nH]1,1,CC1=C(OCC(F)(F)F)C=CN=C1C[S@@](=O)C1=NC2=CC=C([OH:1])C=C2N1|[CH3:1]C1=C(OCC(F)(F)F)C=CN=C1C[S@@](=O)C1=NC2=CC=C(O)C=C2N1|CC1=C(OCC(F)(F)F)C=CN=C1C[S@@](=O)C1=NC2=CC=C([OH:1])C=C2N1|CC1=C(OCC(F)(F)F)C=CN=C1C[S@@](=O)C1=NC2=CC=C([OH:1])C=C2N1|CC1=C(OCC(F)(F)F)C=CN=C1C[S@@](=O)C1=NC2=C[CH:1]=C(O)C=C2N1|C12=CC=C(O)C=C1NC([S@@](CC1=NC=CC(OCC(F)(F)F)=C1[CH3:1])=O)=N2|CC1=C(OCC(F)(F)F)C=CN=C1C[S@@](=O)C1=NC2=CC=C([OH:1])C=C2N1|CC1=C(OCC(F)(F)F)C=CN=C1C[S@@](=O)C1=NC2=C[CH:1]=C(O)C=C2N1|CC1=C(OCC(F)(F)F)C=CN=C1C[S@@](=O)C1=NC2=CC=C([OH:1])C=C2N1|C(F)(F)(COC1=CC=NC(C[S@](C2=NC3=C(C=C(O)C=[CH:1]3)N2)=O)=C1C)F|O(C1=C(C)C(C[S@](C2=NC3=C([NH:1]2)C=C(O)C=C3)=O)=NC=C1)CC(F)(F)F|CC1=C(OCC(F)(F)F)[CH:1]=CN=C1C[S@@](=O)C1=NC2=CC=C(O)C=C2N1|C1=CC(O)=CC2=C1N=C([S@@](CC1=NC=CC(OCC(F)(F)F)=C1[CH3:1])=O)N2
CC1=C(OCC(F)(F)F)C=CN=C1C[S@@](=O)C1=NC2=CC=CC=C2N1,Cc1c(OCC(F)(F)F)ccnc1C[S@@](=O)c1nc2c[cH:1]ccc2[nH]1|Cc1c(OCC(F)(F)F)ccnc1C[S@@](=O)c1nc2cc[cH:1]cc2[nH]1|Cc1c(OCC(F)(F)F)ccnc1C[S@@](=O)c1nc2c(ccc[cH:1]2)[nH]1|Cc1c(OCC(F)(F)F)c[cH:1]nc1C[S@@](=O)c1nc2ccccc2[nH]1|Cc1c(OCC(F)(F)F)ccnc1[CH2:1][S@@](=O)c1nc2ccccc2[nH]1|Cc1c(OCC(F)(F)F)c[cH:1]nc1C[S@@](=O)c1nc2c(ccc[cH:1]2)[nH]1|Cc1c(OCC(F)(F)F)[cH:1]cnc1C[S@@](=O)c1nc2ccccc2[nH]1|Cc1c(OCC(F)(F)F)ccnc1C[S@@](=O)c1nc2ccc[cH:1]c2[nH]1|Cc1c(OCC(F)(F)F)cc[n:1]c1C[S@@](=O)c1nc2ccccc2[nH]1|Cc1c(OCC(F)(F)F)ccnc1C[S@@:1](=O)c1nc2ccccc2[nH]1,Cc1c(OCC(F)(F)F)ccnc1C[S@:1](c1nc2c([nH]1)[cH:1][cH:1][cH:1][cH:1]2)=[O:1]|Cc1c(OCC(F)(F)F)ccnc1C[S@@:1](=O)c1nc2ccccc2[nH]1,2,CC1=C(OCC(F)(F)F)C=CN=C1C[S@@](=O)C1=NC2=C[CH:1]=CC=C2N1|[CH3:1]C1=C(OCC(F)(F)F)C=CN=C1C[S@@](=O)C1=NC2=CC=CC=C2N1|O(C1=C(C)C(C[S@](C2=NC3=C(N2)C=CC=[CH:1]3)=O)=NC=C1)CC(F)(F)F|CC1=C(OCC(F)(F)F)C=CN=C1C[S@@:1](=O)C1=NC2=CC=CC=C2N1|N1C2=C(C=CC=C2)N=C1[S@@](CC1=C(C)C(OCC(F)(F)F)=CC=[N:1]1)=O|N1C2=C(C=CC=C2)N=C1[S@@](CC1=C(C)C(OCC(F)(F)F)=CC=[N:1]1)=O|CC1=C(OCC(F)(F)F)C=CN=C1C[S@@](=O)C1=NC2=[CH:1]C=CC=C2N1|C1=CC2=C(C=C1)N=C([S@@](CC1=NC=CC(OCC(F)(F)F)=C1[CH3:1])=O)N2|CC1=C(OCC(F)(F)F)C=CN=C1C[S@@](=O)C1=NC2=CC=[CH:1]C=C2N1|CC1=C(OCC(F)(F)F)C=CN=C1C[S@@](=O)C1=NC2=C[CH:1]=CC=C2N1|CC1=C(OCC(F)(F)F)C=CN=C1C[S@@](=O)C1=NC2=CC=[CH:1]C=C2N1|FC(F)(COC1=CC=NC(C[S@](C2=NC3=C(N2)C=C[CH:1]=[CH:2]3)=O)=C1C)F|CC1=C(OCC(F)(F)F)C=C[N:1]=C1C[S@@](=O)C1=NC2=CC=CC=C2N1|CC1=C(OCC(F)(F)F)C=C[N:1]=C1C[S@@](=O)C1=NC2=CC=CC=C2N1|CC1=C(OCC(F)(F)F)[CH:1]=CN=C1C[S@@](=O)C1=NC2=CC=CC=C2N1|O(C1=C(C)C(C[S@](C2=NC3=C(N2)C=CC=C3)=O)=NC=[CH:1]1)CC(F)(F)F
CC1=C2C(=C(NC3=CC=C(I)C=C3F)N(C)C1=O)C(=O)N(C1CC1)C(=O)N2C1=CC=C(O)C(N)=C1,Cc1c(=O)n(C)c(Nc2ccc(I)cc2F)c2c(=O)n(C3CC3)c(=O)n(-c3ccc([OH:1])c(N)c3)c12|Cc1c(=O)n(C)c(Nc2ccc(I)cc2F)c2c(=O)n(C3CC3)c(=O)n(-c3ccc(O)c([NH2:1])c3)c12|Cc1c(=O)n(C)c(Nc2ccc(I)cc2F)c2c(=O)n(C3CC3)c(=O)[n:1](-c3ccc(O)c(N)c3)c12|Cc1c(=O)n(C)c(Nc2ccc(I)cc2F)c2c(=O)n(C3CC3)c(=O)n(-c3ccc(O)[c:1](N)c3)c12|Cc1c(=O)n(C)c(Nc2ccc(I)cc2F)c2c(=O)n(C3CC3)c(=O)n(-c3cc(N)c(O)[cH:1]c3)c12|Cc1c(=O)n(C)c(Nc2ccc(I)cc2F)c2c(=O)n(C3CC3)c(=O)n(-c3cc[c:1]([OH:1])c(N)c3)c12|Cc1c(=O)[n:1](C)c(Nc2ccc(I)cc2F)c2c(=O)n(C3CC3)c(=O)n(-c3ccc(O)c(N)c3)c12|Cc1c(=O)n(C)c(Nc2ccc(I)cc2F)c2c(=O)n(C3CC3)c(=O)n(-c3ccc(O)c(N)[cH:1]3)c12|Cc1c(=O)n(C)c(Nc2c[cH:1]c(I)cc2F)c2c(=O)n(C3CC3)c(=O)n(-c3ccc(O)c(N)c3)c12|Cc1c(=O)n(C)c(Nc2cc[c:1](I)cc2F)c2c(=O)n(C3CC3)c(=O)n(-c3ccc(O)c(N)c3)c12,Cc1c(=O)n(C)c(Nc2ccc(I)cc2F)c2c(=O)n(C3CC3)c(=O)n(-c3ccc([OH:1])c(N)c3)c12,1,C12=C(C)C(=O)N(C)C(NC3=C(F)C=C(I)C=C3)=C1C(=O)N(C1CC1)C(=O)N2C1=CC=C([OH:1])C(N)=C1|CC1=C2C(=C(NC3=CC=C(I)C=C3F)N(C)C1=O)C(=O)N(C1CC1)C(=O)N2C1=CC=C(O)C([NH2:1])=C1|CC1=C2C(=C(NC3=CC=C(I)C=C3F)N(C)C1=O)C(=O)N(C1CC1)C(=O)N2C1=C[CH:1]=C(O)C(N)=C1|CC1=C2C(=C(NC3=CC=C(I)C=C3F)N(C)C1=O)C(=O)N(C1CC1)C(=O)N2C1=CC=C(O)[C:1](N)=C1|CC1=C2C(=C(NC3=CC=C(I)C=C3F)N(C)C1=O)C(=O)N(C1CC1)C(=O)N2C1=CC=C([OH:1])C(N)=C1|CC1=C2C(=C(NC3=CC=C(I)C=C3F)N(C)C1=O)C(=O)N(C1CC1)C(=O)N2C1=[CH:1]C=C(O)C(N)=C1|CC1=C2C(=C(NC3=C[CH:1]=C(I)C=C3F)N(C)C1=O)C(=O)N(C1CC1)C(=O)N2C1=CC=C(O)C(N)=C1|C12=C(C)C(=O)N(C)C(NC3=[C:1](F)C=C(I)C=C3)=C1C(=O)N(C1CC1)C(=O)N2C1=CC=C(O)C(N)=C1|[CH3:1]C1=C2C(=C(NC3=CC=C(I)C=C3F)N(C)C1=O)C(=O)N(C1CC1)C(=O)N2C1=CC=C(O)C(N)=C1|CC1=C2C(=C(NC3=CC=C(I)C=C3F)N(C)C1=O)C(=O)N(C1CC1)C(=O)N2C1=CC=C(O)C(N)=[CH:1]1|CC1=C2C(=C(NC3=CC=[C:1](I)C=C3F)N(C)C1=O)C(=O)N(C1CC1)C(=O)N2C1=CC=C(O)C(N)=C1|CC1=C2C(=C(NC3=CC=C(I)[CH:1]=C3F)N(C)C1=O)C(=O)N(C1CC1)C(=O)N2C1=CC=C(O)C(N)=C1|C12=C(C)C(=O)N(C)C(NC3=C(F)C=C(I)C=[CH:1]3)=C1C(=O)N(C1CC1)C(=O)N2C1=CC=C(O)C(N)=C1|C12=C(C)C(=O)N(C)C(NC3=C(F)C=C(I)C=C3)=C1C(=O)N(C1CC1)C(=O)N2C1=CC=C([OH:1])C(N)=C1|CC1=C2C(=C(NC3=CC=C(I)C=C3F)N(C)C1=O)C(=O)N(C1CC1)C(=O)N2C1=CC=C([OH:1])C(N)=C1
CC1=NC(NC2=NC=C(C(=O)NC3=C(C)C=CC=C3Cl)S2)=CC(N2CCN(CCO)CC2)=N1,Cc1nc(Nc2ncc(C(=O)Nc3c(C)cccc3Cl)s2)cc(N2CCN(CC[OH:1])CC2)n1|Cc1nc(Nc2ncc(C(=O)Nc3c(C)cccc3Cl)s2)cc(N2CCN(C[CH2:1]O)CC2)n1|Cc1nc(Nc2ncc(C(=O)Nc3c(C)cccc3Cl)s2)cc(N2CC[N:1](CCO)CC2)n1|Cc1nc(Nc2ncc(C(=O)Nc3c(C)cccc3Cl)s2)cc(N2CCN(CCO)C[CH2:1]2)n1|Cc1nc(Nc2ncc(C(=O)Nc3c(C)cccc3Cl)s2)cc([N:1]2CCN(CCO)CC2)n1|Cc1nc(Nc2ncc(C(=O)Nc3c(C)c[cH:1]cc3Cl)s2)cc(N2CCN(CCO)CC2)n1|Cc1nc(Nc2ncc(C(=O)Nc3c(C)cccc3Cl)s2)cc(N2CCN(C[CH2:1][OH:1])CC2)n1|Cc1cccc(Cl)c1NC(=O)c1cnc(Nc2cc(N3CCN(CCO)CC3)nc([CH3:1])n2)s1|Cc1nc(Nc2ncc(C(=O)Nc3c(C)cccc3Cl)s2)cc(N2CCN(CCO)[CH2:1]C2)n1|Cc1nc(Nc2ncc(C(=O)Nc3c(C)cccc3Cl)s2)cc(N2CCN(CCO)CC2)[n:1]1,Cc1nc(Nc2ncc(C(=O)Nc3c(C)c[cH:1]cc3Cl)s2)cc(N2CCN(CCO)CC2)n1|Cc1nc(Nc2ncc(C(=O)Nc3c(C)cccc3Cl)s2)cc(N2CCN(C[CH2:1]O)CC2)n1|Cc1nc(Nc2ncc(C(=O)Nc3c(C)cccc3Cl)s2)cc(N2CC[N:1](CCO)CC2)n1|Cc1nc(Nc2ncc(C(=O)Nc3c(Cl)cccc3[CH3:1])s2)cc(N2CCN(CCO)CC2)n1,4,CC1=NC(NC2=NC=C(C(=O)NC3=C(C)C=[CH:1]C=C3Cl)S2)=CC(N2CCN(CCO)CC2)=N1|CC1=NC(NC2=NC=C(C(=O)NC3=C([CH3:1])C=CC=C3Cl)S2)=CC(N2CCN(CCO)CC2)=N1|[CH3:1]C1=NC(NC2=NC=C(C(=O)NC3=C(C)C=CC=C3Cl)S2)=CC(N2CCN(CCO)CC2)=N1|CC1=CC=CC(Cl)=C1NC(=O)C1=CN=C(NC2=CC(N3CCN(CCO)CC3)=NC(C)=[N:1]2)S1|CC1=NC(NC2=NC=C(C(=O)NC3=C(C)[CH:1]=CC=C3Cl)S2)=CC(N2CCN(CCO)CC2)=N1|CC1=NC(NC2=NC=C(C(=O)NC3=C(C)C=CC=C3Cl)S2)=CC(N2CC[N:1](CCO)CC2)=N1|CC1=NC(NC2=NC=C(C(=O)NC3=C(C)C=CC=C3Cl)S2)=CC(N2CC[N:1](CCO)CC2)=N1|CC1=NC(NC2=NC=C(C(=O)NC3=C(C)C=CC=C3Cl)S2)=CC(N2CCN(CCO)C[CH2:1]2)=N1|CC1=CC=CC(Cl)=C1NC(=O)C1=CN=C(NC2=CC(N3CCN(CCO)CC3)=NC(C)=[N:1]2)S1|C1=C(NC2=NC=C(C(NC3=C(Cl)C=C[CH:1]=[C:2]3C)=O)S2)N=C(C)N=C1N1CCN(CCO)CC1|C1=C(NC2=NC=C(C(NC3=C(Cl)[CH:1]=[CH:2]C=C3C)=O)S2)N=C(C)N=C1N1CCN(CCO)CC1|CC1=NC(NC2=NC=C(C(=O)NC3=C(C)C=CC=C3Cl)S2)=CC(N2CCN(CCO)C[CH2:1]2)=N1|CC1=NC(NC2=NC=C(C(=O)NC3=C(C)C=C[CH:1]=C3Cl)S2)=CC(N2CCN(CCO)CC2)=N1|CC1=NC(NC2=NC=C(C(=O)NC3=C(C)C=CC=C3Cl)S2)=CC(N2CCN(CCO)[CH2:1]C2)=N1|[C:1]1(C)=C(NC(=O)C2=CN=C(NC3=CC(N4CCN(CCO)CC4)=NC(C)=N3)S2)C(Cl)=CC=C1
CC1=NC=C2N1C1=CC=C(Cl)C=C1C(C1=CC=CC=C1F)=NC2,Fc1ccccc1C1=NCc2cnc([CH3:1])n2-c2ccc(Cl)cc21|Cc1n2c(c[n:1]1)CN=C(c1ccccc1F)c1cc(Cl)ccc1-2|Fc1ccccc1C1=N[CH2:1]c2cnc([CH3:1])n2-c2ccc(Cl)cc21|C[c:1]1n2c(c[n:1]1)CN=C(c1ccccc1F)c1cc(Cl)ccc1-2|Clc1ccc2c(c1)C(c1ccccc1F)=NCc1cnc([CH3:1])n1-2|C[c:1]1[n:1][cH:1][c:1]2n1-c1ccc(Cl)cc1C(c1ccccc1F)=NC2|Cc1n2c(c[n:1]1)[CH2:1]N=C(c1ccccc1F)c1cc(Cl)ccc1-2|Cc1n[cH:1]c2n1-c1ccc(Cl)cc1C(c1ccccc1F)=NC2|Fc1ccccc1C1=NCc2cnc([CH3:1])n2-c2cc[c:1](Cl)cc21|C[c:1]1[n:1][cH:1][c:1]2n1-c1ccc(Cl)cc1C(c1ccccc1F)=N[CH2:1]2,Cc1n2c(c[n:1]1)CN=C(c1ccccc1F)c1cc(Cl)ccc1-2,1,[C:1]1(C2=C(F)C=CC=C2)=NCC2=CN=C(C)N2C2=C1C=C(Cl)C=C2|[C:1]1(C2=C(F)C=CC=C2)=N[CH2:1]C2=CN=C(C)N2C2=C1C=C(Cl)C=C2|CC1=NC=C2N1C1=CC=C(Cl)C=C1C(C1=CC=CC=C1F)=N[CH2:1]2|[CH3:1]C1=NC=C2N1C1=CC=C(Cl)C=C1C(C1=CC=CC=C1F)=NC2|C1(C2=C(F)C=CC=C2)=NC[C:1]2=CN=C(C)N2C2=C1C=C(Cl)C=C2|C1(C2=C(F)C=CC=C2)=NC[C:1]2=C[N:1]=C(C)N2C2=C1C=C(Cl)C=C2|[C:1]1(C2=C(F)C=CC=C2)=NCC2=CN=C(C)N2C2=C1C=C(Cl)C=C2|CC1=[N:1]C=C2N1C1=CC=C(Cl)C=C1C(C1=CC=CC=C1F)=NC2|CC1=[N:1]C=C2N1C1=CC=C(Cl)C=C1C(C1=CC=CC=C1F)=NC2|C1(C2=C(F)C=CC=C2)=N[CH2:1]C2=CN=C(C)N2C2=C1C=C(Cl)C=C2|C1(F)=CC=CC=C1[C:1]1=NCC2=CN=C(C)N2C2=C1C=C(Cl)C=C2|C1(F)=CC=CC=C1[C:1]1=N[CH2:1]C2=CN=C(C)N2C2=C1C=C(Cl)C=C2|C1=C2C(=CC(Cl)=C1)C(C1=CC=CC=C1F)=NCC1=CN=[C:1](C)N21|CC1=NC=C2N1C1=CC=C(Cl)C=C1[C:1](C1=CC=CC=C1F)=NC2|CC1=N[CH:1]=C2N1C1=CC=C(Cl)C=C1C(C1=CC=CC=C1F)=NC2|C1=C2N(C([CH3:1])=N1)C1=CC=C(Cl)C=C1C(C1=C(F)C=CC=C1)=NC2|ClC1=CC2=C(C=C1)N1C(=CN=C1C)[CH2:1]N=C2C1=CC=CC=C1F|C1=C2C(=CC(Cl)=C1)C(C1=CC=CC=C1F)=N[CH2:1]C1=CN=C(C)N21|C1(C2=C(F)C=CC=C2)=NC[C:1]2=CN=C(C)N2C2=C1C=C(Cl)C=C2|CC1=NC=C2N1C1=CC=C(Cl)C=C1C(C1=CC=CC=C1F)=N[CH2:1]2|C1(C2=C(F)C=CC=C2)=NCC2=CN=[C:1](C)N2C2=C1C=C(Cl)C=C2|CC1=NC=C2N1C1=CC=C(Cl)C=C1C(C1=C[CH:1]=CC=C1F)=NC2|C1=C2C(=CC(Cl)=C1)C(C1=CC=CC=C1F)=NCC1=[CH:1]N=C(C)N21
CC1=NC=C2N1C1=CC=C(Cl)C=C1C(C1=CC=CC=C1F)=NC2O,Cc1n2c(c[n:1]1)C(O)N=C(c1ccccc1F)c1cc(Cl)ccc1-2|Cc1ncc2n1-c1ccc(Cl)cc1C(c1ccccc1F)=NC2[OH:1]|OC1N=C(c2ccccc2F)c2cc(Cl)ccc2-n2c1cnc2[CH3:1]|Cc1ncc2n1-c1ccc(Cl)cc1C(c1ccccc1F)=N[CH:1]2O|Cc1n2c(c[n:1]1)C([OH:1])N=C(c1ccccc1F)c1cc(Cl)ccc1-2|Fc1ccccc1C1=NC(O)c2cnc([CH3:1])n2-c2ccc(Cl)cc21|Cc1ncc2n1-c1c[cH:1]c(Cl)cc1C(c1ccccc1F)=NC2O|Cc1ncc2n1-c1ccc(Cl)cc1[C:1](c1ccccc1F)=N[CH:1]2O|Cc1ncc2n1-c1ccc(Cl)cc1C(c1ccccc1F)=N[CH:1]2[OH:1]|Cc1n2c(c[n:1]1)[CH:1]([OH:1])N=C(c1ccccc1F)c1cc(Cl)ccc1-2,Cc1n2c(c[n:1]1)C(O)N=C(c1ccccc1F)c1cc(Cl)ccc1-2|Cc1ncc2n1-c1ccc(Cl)cc1C(c1ccccc1F)=NC2[OH:1]|OC1N=C(c2ccccc2F)c2cc(Cl)ccc2-n2c1cnc2[CH3:1],3,[CH3:1]C1=NC=C2N1C1=CC=C(Cl)C=C1C(C1=CC=CC=C1F)=NC2O|C1(C)=NC=C2N1C1=CC=C(Cl)C=C1[C:1](C1=C(F)C=CC=C1)=NC2O|CC1=N[CH:1]=C2N1C1=CC=C(Cl)C=C1C(C1=CC=CC=C1F)=NC2O|CC1=NC=C2N1C1=CC=C(Cl)C=C1C(C1=CC=[CH:1]C=C1F)=NC2O|CC1=NC=C2N1C1=CC=C(Cl)C=C1C(C1=C[CH:1]=CC=C1F)=NC2O|FC1=CC=CC=C1[C:1]1=NC(O)C2=CN=C(C)N2C2=C1C=C(Cl)C=C2|FC1=CC=CC=C1[C:1]1=N[CH:1](O)C2=CN=C(C)N2C2=C1C=C(Cl)C=C2|CC1=[N:1]C=C2N1C1=CC=C(Cl)C=C1C(C1=CC=CC=C1F)=NC2O|CC1=[N:1]C=C2N1C1=CC=C(Cl)C=C1C(C1=CC=CC=C1F)=NC2O|N1=C(C)N2C(=C1)C(O)N=[C:1](C1=CC=CC=C1F)C1=C2C=CC(Cl)=C1|CC1=NC=C2N1C1=CC=C(Cl)C=C1C(C1=CC=C[CH:1]=C1F)=NC2O|CC1=NC=C2N1C1=C[CH:1]=C(Cl)C=C1C(C1=CC=CC=C1F)=NC2O|FC1=CC=CC=C1[C:1]1=NC(O)C2=CN=C(C)N2C2=C1C=C(Cl)C=C2|N1=C([CH3:1])N2C(=C1)C(O)N=C(C1=CC=CC=C1F)C1=C2C=CC(Cl)=C1|[CH:1]1=C2C(=CC(Cl)=C1)C(C1=CC=CC=C1F)=NC(O)C1=CN=C(C)N21|FC1=CC=CC=C1C1=NC(O)[C:1]2=CN=C(C)N2C2=C1C=C(Cl)C=C2|FC1=CC=CC=C1C1=NC(O)[C:1]2=C[N:1]=C(C)N2C2=C1C=C(Cl)C=C2|C1=C2C(=CC(Cl)=C1)C(C1=CC=CC=C1F)=NC(O)C1=CN=[C:1]([CH3:2])N21|C1([CH3:1])=NC=C2N1C1=CC=C(Cl)C=C1C(C1=C(F)C=CC=C1)=NC2O
CCC(=O)N1CC[C@H](NC2=NC=NC3=C2CN(C2=CN=C(O)C(C(F)(F)F)=C2)CC3)C1,CCC(=O)N1CC[C@H](Nc2ncnc3c2CN(c2cnc([OH:1])c(C(F)(F)F)c2)CC3)C1|CCC(=O)[N:1]1CC[C@H](Nc2ncnc3c2CN(c2cnc(O)c(C(F)(F)F)c2)CC3)C1|C[CH2:1]C(=O)N1CC[C@H](Nc2ncnc3c2CN(c2cnc(O)c(C(F)(F)F)c2)CC3)C1|O=C(C[CH3:1])N1CC[C@H](Nc2ncnc3c2CN(c2cnc(O)c(C(F)(F)F)c2)CC3)C1|CCC(=O)N1CC[C@H]([NH:1]c2ncnc3c2CN(c2cnc(O)c(C(F)(F)F)c2)CC3)C1|CCC(=O)N1CC[C@H](Nc2ncnc3c2CN(c2cnc(O)c(C(F)(F)F)c2)C[CH2:1]3)C1|CCC(=O)N1CC[C@H](Nc2ncnc3c2C[N:1](c2cnc(O)c(C(F)(F)F)c2)CC3)C1|CCC(=O)N1CC[C@H](Nc2ncnc3c2CN(c2cn[c:1](O)c(C(F)(F)F)c2)CC3)C1|CCC(=O)N1CC[C@H](Nc2ncnc3c2CN(c2cnc(O)c(C(F)(F)F)c2)[CH2:1]C3)C1|CCC(=O)N1C[C@H](Nc2ncnc3c2CN(c2cnc(O)c(C(F)(F)F)c2)CC3)C[CH2:1]1,CCC(=O)N1CC[C@H]([NH:1]c2ncnc3c2CN(c2cnc(O)c(C(F)(F)F)c2)CC3)C1,1,CCC(=O)N1CC[C@H](NC2=NC=NC3=C2CN(C2=CN=C([OH:1])C(C(F)(F)F)=C2)CC3)C1|[CH3:1]CC(=O)N1CC[C@H](NC2=NC=NC3=C2CN(C2=CN=C(O)C(C(F)(F)F)=C2)CC3)C1|CCC(=O)N1CC[C@H](NC2=NC=NC3=C2CN(C2=CN=C([OH:1])C(C(F)(F)F)=C2)CC3)C1|CCC(=O)N1CC[C@H:1](NC2=NC=NC3=C2CN(C2=CN=C(O)C(C(F)(F)F)=C2)CC3)C1|O=C(N1C[C@@H](NC2=NC=NC3=C2CN(C2=CC(C(F)(F)F)=C(O)N=[CH:1]2)CC3)CC1)CC|CCC(=O)N1CC[C@H](NC2=N[CH:1]=NC3=C2CN(C2=CN=C(O)C(C(F)(F)F)=C2)CC3)C1|O=C(N1C[C@@H](NC2=NC=NC3=C2CN([C:1]2=CC(C(F)(F)F)=C(O)N=C2)CC3)CC1)CC|CCC(=O)N1CC[C@H](NC2=NC=NC3=C2CN(C2=C[N:1]=C(O)C(C(F)(F)F)=C2)CC3)C1|CCC(=O)N1CC[C@H](NC2=NC=NC3=C2CN(C2=CN=C([OH:1])C(C(F)(F)F)=C2)CC3)C1|O=C(N1C[C@@H](NC2=NC=NC3=C2CN(C2=CC(C(F)(F)F)=C(O)[N:1]=C2)CC3)CC1)CC|O=C(N1C[C@@H](NC2=NC=NC3=C2CN(C2=CC(C(F)(F)F)=C(O)[N:1]=C2)CC3)CC1)CC|CCC(=O)N1CC[C@H](NC2=NC=NC3=C2CN(C2=CN=C(O)C(C(F)(F)F)=C2)[CH2:1]C3)C1|N1(C2=CC(C(F)(F)F)=C(O)N=C2)CC2=C(N=CN=C2N[C@@H]2CN(C(=O)CC)CC2)[CH2:1]C1|C[CH2:1]C(=O)N1CC[C@H](NC2=NC=NC3=C2CN(C2=CN=C(O)C(C(F)(F)F)=C2)CC3)C1|O=C(N1C[C@@H](NC2=NC=NC3=C2CN(C2=CC(C(F)(F)F)=C(O)N=[CH:1]2)CC3)CC1)CC|O=C(N1C[C@@H](NC2=NC=NC3=C2CN(C2=CC(C(F)(F)F)=C(O)N=C2)CC3)C[CH2:1]1)CC|CCC(=O)N1CC[C@H](NC2=NC=NC3=C2CN(C2=CN=C(O)C(C(F)(F)F)=C2)C[CH2:1]3)C1|O=C(N1C[C@@H](NC2=NC=NC3=C2CN(C2=CC(C(F)(F)F)=C(O)N=C2)CC3)[CH2:1]C1)CC|N1(C2=CC(C(F)(F)F)=C(O)N=C2)CC2=C(N=CN=C2N[C@@H]2CN(C(=O)CC)[CH2:1]C2)CC1
CCC(=O)N1CC[C@H](NC2=NC=NC3=C2CN(C2=CN=C(OC)C(C(F)(F)F)=C2)CC3)C1,CCC(=O)N1CC[C@H](Nc2ncnc3c2CN(c2cnc([O:1]C)c(C(F)(F)F)c2)CC3)C1|CCC(=O)[N:1]1CC[C@H](Nc2ncnc3c2CN(c2cnc(OC)c(C(F)(F)F)c2)CC3)C1|CCC(=O)N1CC[C@H]([NH:1]c2ncnc3c2CN(c2cnc(OC)c(C(F)(F)F)c2)CC3)C1|CCC(=O)N1CC[C@H](Nc2ncnc3c2CN(c2cnc(OC)c(C(F)(F)F)c2)C[CH2:1]3)C1|CCC(=O)N1CC[C@H](Nc2ncnc3c2CN(c2cnc(O[CH3:1])c(C(F)(F)F)c2)CC3)C1|CCC(=O)N1CC[C@H](Nc2ncnc3c2C[N:1](c2cnc(OC)c(C(F)(F)F)c2)CC3)C1|COc1ncc(N2CCc3ncnc(N[C@H]4CCN(C(=O)C[CH3:1])CC4)c3C2)cc1C(F)(F)F|CCC(=O)N1CC[C@H](Nc2ncnc3c2CN(c2cnc(OC)c(C(F)(F)F)c2)[CH2:1]C3)C1|CCC(=O)N1C[C@H](Nc2ncnc3c2CN(c2cnc(OC)c(C(F)(F)F)c2)CC3)C[CH2:1]1|CCC(=O)N1CC[C@H](Nc2ncnc3c2CN(c2cnc(OC)c(C(F)(F)F)c2)CC3)[CH2:1]1,CCC(=O)N1CC[C@H](Nc2nc[n:1]c3c2CN(c2cnc(OC)c(C(F)(F)F)c2)CC3)C1|CCC(=O)N1CC[C@H](Nc2ncnc3c2CN(c2cnc(OC)c(C(F)(F)F)c2)CC3)C1|CCC(=O)N1CC[C@H](Nc2ncnc3c2CN(c2cnc([O:1]C)c(C(F)(F)F)c2)CC3)C1|CCC(=O)N1CC[C@H]([NH:1]c2ncnc3c2CN(c2cnc(OC)c(C(F)(F)F)c2)CC3)C1,4,CCC(=O)N1CC[C@H:1](NC2=NC=NC3=C2CN(C2=CN=C(OC)C(C(F)(F)F)=C2)CC3)C1|[CH3:1]CC(=O)N1CC[C@H](NC2=NC=NC3=C2CN(C2=CN=C(OC)C(C(F)(F)F)=C2)CC3)C1|CCC(=O)N1CC[C@H](NC2=NC=NC3=C2CN(C2=CN=C(OC)C(C(F)(F)F)=C2)C[CH2:1]3)C1|CCC(=O)N1CC[C@H](NC2=NC=NC3=C2CN(C2=CN=C(OC)C(C(F)(F)F)=C2)[CH2:1]C3)C1|CCC(=O)N1CC[C@H](NC2=NC=NC3=C2CN(C2=CN=C(OC)C(C(F)(F)F)=C2)CC3)[CH2:1]1|C[CH2:1]C(=O)N1CC[C@H](NC2=NC=NC3=C2CN(C2=CN=C(OC)C(C(F)(F)F)=C2)CC3)C1|COC1=C(C(F)(F)F)C=C(N2CC3=C(N=CN=C3N[C@H]3CCN(C(=O)CC)C3)CC2)C=[N:1]1|COC1=C(C(F)(F)F)C=C(N2CC3=C(N=CN=C3N[C@H]3CCN(C(=O)CC)C3)CC2)C=[N:1]1|CCC(=O)N1CC[C@H](NC2=NC=NC3=C2CN(C2=CN=C(OC)C(C(F)(F)F)=C2)[CH2:1]C3)C1|COC1=C(C(F)(F)F)C=C(N2CC3=C(N=CN=C3N[C@H]3CCN(C(=O)CC)C3)[CH2:1]C2)C=N1|CCC(=O)N1CC[C@H](NC2=NC=NC3=C2CN(C2=CN=C(OC)C(C(F)(F)F)=C2)CC3)[CH2:1]1|CCC(=O)N1CC[C@H](NC2=NC=NC3=C2CN(C2=CN=C(OC)C(C(F)(F)F)=C2)CC3)[CH2:1]1|CCC(=O)N1[CH2:1]C[C@H](NC2=NC=NC3=C2CN(C2=CN=C(OC)C(C(F)(F)F)=C2)CC3)C1
CCC(C)N1N=CN(C2=CC=C(N3CCN(C4=CC=C(OC[C@H]5CO[C@](CN6C=NC=N6)(C6=CC=C(Cl)C=C6Cl)O5)C=C4)CC3)C=C2)C1=O,CC[CH:1](C)n1ncn(-c2ccc(N3CCN(c4ccc(OC[C@H]5CO[C@](Cn6cncn6)(c6ccc(Cl)cc6Cl)O5)cc4)CC3)cc2)c1=O|CCC(C)n1ncn(-c2ccc(N3CCN(c4ccc(OC[C@H]5CO[C@](Cn6cncn6)(c6ccc(Cl)cc6Cl)O5)cc4)[CH2:1]C3)cc2)c1=O|CCC(C)n1ncn(-c2ccc(N3CCN(c4ccc(OC[C@H]5CO[C@](Cn6cncn6)(c6ccc(Cl)cc6Cl)O5)[cH:1]c4)CC3)cc2)c1=O|CCC(C)n1ncn(-c2ccc(N3CCN(c4ccc(OC[C@H]5CO[C@](Cn6cncn6)(c6ccc(Cl)cc6Cl)O5)cc4)C[CH2:1]3)cc2)c1=O|CCC(C)n1ncn(-c2ccc(N3CCN(c4ccc(OC[C@H]5CO[C@](C[n:1]6cncn6)(c6ccc(Cl)cc6Cl)O5)cc4)CC3)cc2)c1=O|CCC(C)n1ncn(-c2ccc(N3CCN(c4ccc(OC[C@H]5CO[C@](Cn6cncn6)(c6ccc(Cl)cc6Cl)O5)cc4)CC3)cc2)c1=O|CCC(C)n1ncn(-c2ccc(N3CC[N:1](c4ccc(OC[C@H]5CO[C@](Cn6cncn6)(c6ccc(Cl)cc6Cl)O5)cc4)CC3)cc2)c1=O|CCC(n1ncn(-c2ccc(N3CCN(c4ccc(OC[C@H]5CO[C@](Cn6cncn6)(c6ccc(Cl)cc6Cl)O5)cc4)CC3)cc2)c1=O)[CH3:1]|CCC(C)n1ncn(-c2ccc(N3CCN(c4ccc(OC[C@H]5CO[C@](Cn6c[n:1]cn6)(c6ccc(Cl)cc6Cl)O5)cc4)CC3)cc2)c1=O|CCC(C)[n:1]1ncn(-c2ccc(N3CCN(c4ccc(OC[C@H]5CO[C@](Cn6cncn6)(c6ccc(Cl)cc6Cl)O5)cc4)CC3)cc2)c1=O,CC(n1ncn(-c2ccc(N3CCN(c4ccc(OC[C@H]5CO[C@](Cn6cncn6)(c6ccc(Cl)cc6Cl)O5)cc4)CC3)cc2)c1=O)[CH2:1]C,1,CCC(C)N1N=CN(C2=CC=C(N3CCN(C4=CC=C(OC[C@H]5CO[C@:1](CN6C=NC=N6)(C6=CC=C(Cl)C=C6Cl)O5)C=C4)CC3)C=C2)C1=O|CCC(C)N1N=CN(C2=CC=C(N3CCN(C4=CC=C(OC[C@H]5CO[C@:1](CN6C=NC=N6)(C6=CC=C(Cl)C=C6Cl)O5)C=C4)CC3)C=C2)C1=O|CCC([CH3:1])N1N=CN(C2=CC=C(N3CCN(C4=CC=C(OC[C@H]5CO[C@](CN6C=NC=N6)(C6=CC=C(Cl)C=C6Cl)O5)C=C4)CC3)C=C2)C1=O|C[CH2:1]C(C)N1N=CN(C2=CC=C(N3CCN(C4=CC=C(OC[C@H]5CO[C@](CN6C=NC=N6)(C6=CC=C(Cl)C=C6Cl)O5)C=C4)CC3)C=C2)C1=O|C[CH2:1]C(C)N1N=CN(C2=CC=C(N3CCN(C4=CC=C(OC[C@H]5CO[C@](CN6C=NC=N6)(C6=CC=C(Cl)C=C6Cl)O5)C=C4)CC3)C=C2)C1=O|C[CH2:1]C(C)N1N=CN(C2=CC=C(N3CCN(C4=CC=C(OC[C@H]5CO[C@](CN6C=NC=N6)(C6=CC=C(Cl)C=C6Cl)O5)C=C4)CC3)C=C2)C1=O|[CH3:1]CC(C)N1N=CN(C2=CC=C(N3CCN(C4=CC=C(OC[C@H]5CO[C@](CN6C=NC=N6)(C6=CC=C(Cl)C=C6Cl)O5)C=C4)CC3)C=C2)C1=O|CCC(C)N1N=CN(C2=CC=C(N3CCN(C4=CC=C(OC[C@H]5CO[C@:1](CN6C=NC=N6)(C6=CC=C(Cl)C=C6Cl)O5)C=C4)CC3)C=C2)C1=O|ClC1=C([C@@]2(CN3N=CN=C3)OC[C@H](COC3=CC=C(N4CCN(C5=CC=C(N6C(=O)N(C(C)CC)N=C6)C=C5)[CH2:1]C4)C=C3)O2)C=CC(Cl)=C1|C1N(C2=CC=C(OC[C@@H:1]3O[C@](C4=C(Cl)C=C(Cl)C=C4)(CN4C=NC=N4)OC3)C=C2)CCN(C2=CC=C(N3C=NN(C(CC)C)C3=O)C=C2)C1|C1(Cl)=C([C@]2(CN3C=NC=N3)O[C@@H](COC3=CC=C(N4CCN(C5=CC=C(N6C=NN(C(C)CC)C6=O)C=C5)CC4)C=C3)[CH2:1]O2)C=CC(Cl)=C1|C1N(C2=CC=C(OC[C@@H]3O[C@:1](C4=C(Cl)C=C(Cl)C=C4)(CN4C=NC=N4)OC3)C=C2)CCN(C2=CC=C(N3C=NN(C(CC)C)C3=O)C=C2)C1|CC[CH:1](C)N1N=CN(C2=CC=C(N3CCN(C4=CC=C(OC[C@H]5CO[C@](CN6C=NC=N6)(C6=CC=C(Cl)C=C6Cl)O5)C=C4)CC3)C=C2)C1=O|ClC1=C([C@@]2(CN3N=CN=C3)OC[C@H](COC3=CC=C(N4CCN(C5=CC=C(N6C(=O)N(C(C)CC)N=C6)C=C5)CC4)C=C3)O2)C=CC(Cl)=[CH:1]1
CCCC1=NC(C)=C2C(=O)N=C(C3=CC(S(=O)(=O)N4CCN(CC)CC4)=CC=C3OCC)NN12,CCCc1nc(C)c2c(=O)nc(-c3cc(S(=O)(=O)N4CC[N:1](CC)CC4)ccc3OCC)[nH]n12|CCCc1nc(C)c2c(=O)nc(-c3cc(S(=O)(=O)[N:1]4CC[N:1](CC)CC4)ccc3OCC)[nH]n12|CCCc1nc(C)c2c(=O)nc(-c3cc([S:1](=O)(=O)N4CCN(CC)CC4)ccc3OCC)[nH]n12|CCOc1ccc(S(=O)(=O)N2CCN(CC)CC2)cc1-c1nc(=O)c2c(C)nc([CH2:1]CC)n2[nH]1|CCCc1nc([CH3:1])c2c(=O)nc(-c3cc(S(=O)(=O)N4CCN(CC)CC4)ccc3OCC)[nH]n12|CCCc1nc(C)c2c(=O)nc(-c3cc(S(=O)(=O)N4CCN([CH2:1]C)CC4)ccc3OCC)[nH]n12|CCCc1nc(C)c2c(=O)nc(-c3cc(S(=O)(=O)[N:1]4CCN(CC)CC4)ccc3OCC)[nH]n12|CCOc1ccc(S(=O)(=O)N2CCN(CC)CC2)cc1-c1nc(=O)c2c(C)nc(C[CH2:1]C)n2[nH]1|CCCc1nc(C)c2c(=O)nc(-c3cc(S(=O)(=O)N4CCN(CC)C[CH2:1]4)ccc3OCC)[nH]n12|CCCc1nc(C)c2c(=O)nc(-c3cc(S(=O)(=O)N4CCN(CC)CC4)ccc3OCC)[nH]n12,CCCc1nc(C)c2c(=O)nc(-c3cc(S(=O)(=O)N4CC[N:1](CC)CC4)ccc3OCC)[nH]n12,1,CCCC1=NC(C)=C2C(=O)N=C(C3=CC(S(=O)(=O)N4CCN(CC)[CH2:1]C4)=CC=C3OCC)NN12|CCCC1=NC(C)=C2C(=O)N=C(C3=CC(S(=O)(=O)N4CCN(CC)[CH2:1]C4)=CC=C3OCC)NN12|CCCC1=NC(C)=C2C(=O)N=C(C3=CC(S(=O)(=O)N4CCN([CH2:1]C)CC4)=CC=C3OCC)NN12|CCCC1=NC(C)=C2C(=O)N=C(C3=CC(S(=O)(=O)N4CCN(CC)C[CH2:1]4)=CC=C3OCC)NN12|CCCC1=NC(C)=C2C(=O)N=C(C3=CC(S(=O)(=O)N4CC[N:1](CC)CC4)=CC=C3OCC)NN12|CCCC1=NC(C)=C2C(=O)N=C(C3=CC(S(=O)(=O)N4CC[N:1](CC)CC4)=CC=C3OCC)NN12|CCCC1=NC(C)=C2C(=O)N=C(C3=CC(S(=O)(=O)N4CCN(C[CH3:1])CC4)=CC=C3OCC)NN12|CCCC1=NC(C)=C2C(=O)N=C(C3=CC(S(=O)(=O)N4CCN(CC)[CH2:1]C4)=CC=C3OCC)NN12|CCCC1=NC(C)=C2C(=O)N=C(C3=CC(S(=O)(=O)N4CCN(CC)C[CH2:1]4)=CC=C3OCC)NN12|CCCC1=NC([CH3:1])=C2C(=O)N=C(C3=CC(S(=O)(=O)N4CCN(CC)CC4)=CC=C3OCC)NN12|CCCC1=NC(C)=C2C(=O)N=C(C3=CC(S(=O)(=O)N4CCN(CC)C[CH2:1]4)=CC=C3OCC)NN12|CC[CH2:1]C1=NC(C)=C2C(=O)N=C(C3=CC(S(=O)(=O)N4CCN(CC)CC4)=CC=C3OCC)NN12|C1(CCC)=NC(C)=C2N1NC(C1=CC(S(=O)(=O)N3CCN(CC)[CH2:1]C3)=CC=C1OCC)=NC2=O|C1CN(S(C2=CC(C3=NC(=O)C4=C(C)N=C(CCC)N4N3)=C(OCC)C=C2)(=O)=O)CC[N:1]1CC|C1CN(S(C2=CC(C3=NC(=O)C4=C(C)N=C(CCC)N4N3)=C(OCC)C=C2)(=O)=O)CC[N:1]1CC|[CH3:1]CCC1=NC(C)=C2C(=O)N=C(C3=CC(S(=O)(=O)N4CCN(CC)CC4)=CC=C3OCC)NN12|C1CN(CC)CCN1[S:1](=O)(C1=CC=C(OCC)C(C2=NC(=O)C3=C(C)N=C(CCC)N3N2)=C1)=O
CCCCCC(=O)/C=C/[C@H]1[C@H](O)CC(=O)[C@@H]1CCCCCCC(=O)O,CCCCC[C:1](/C=C/[C@H]1[C@H](O)CC(=O)[C@@H]1CCCCCCC(=O)O)=[O:1]|CCCCCC(=O)/C=C/[C@H]1[C@H](O)C[C:1](=[O:1])[C@@H]1CCCCCCC(=O)O|CCCCCC(=O)/C=C/[C@@H]1[C@@H](CCCCCCC(=O)O)C(=O)[CH2:1][C@H:1]1O|CCCCCC(=O)/[CH:1]=[CH:1]/[C@H]1[C@H](O)CC(=O)[C@@H]1CCCCCCC(=O)O|C[CH2:1]CCCC(=O)/C=C/[C@H]1[C@H](O)CC(=O)[C@@H]1CCCCCCC(=O)O|O=C(O)CCCCCC[C@H]1C(=O)C[C@@H](O)[C@@H]1/C=C/C(=O)CCCC[CH3:1]|CC[CH2:1]CCC(=O)/C=C/[C@H]1[C@H](O)CC(=O)[C@@H]1CCCCCCC(=O)O|CCCCCC(=O)/C=C/[C@@H]1[C@@H](CCCCCCC(=O)O)C(=O)[CH2:1][C@H]1O|CCCCCC(=O)/[CH:1]=[CH:1]/[C@H:1]1[C@H](O)CC(=O)[C@@H]1CCCCCCC(=O)O|CCCCC[C:1](/C=C/[C@H]1[C@H](O)CC(=O)[C@@H]1CCCCCCCC(=O)O)=[O:1],CCCCCC(=O)/[CH:1]=[CH:1]/[C@H]1[C@H](O)CC(=O)[C@@H]1CCCCCCC(=O)O,1,[CH3:1]CCCCC(=O)/C=C/[C@H]1[C@H](O)CC(=O)[C@@H]1CCCCCCC(=O)O|C(CCC[C@H]1C(=O)C[C@@H](O)[C@@H]1/C=C/C(CCCCC)=O)CC[C:1]([OH:2])=O|C(CCC[C@H]1C(=O)C[C@@H](O)[C@@H]1/C=C/C(CCCCC)=O)CCC([OH:1])=O|C(CCC[C@H]1C(=O)C[C@@H](O)[C@@H]1/C=C/C(CCCCC)=O)CC[C:1]([OH:2])=O|C(C(=O)O)CCCCC[C@H]1C(=O)C[C@@H](O)[C@@H]1/C=C/C(CCC[CH2:1]C)=O|C(CCC[C@H]1C(=O)C[C@@H](O)[C@@H]1/C=C/C(CCCCC)=O)CCC([OH:1])=O|C(CCC[C@H]1C(=O)C[C@@H](O)[C@@H]1/C=C/C(CCCCC)=O)CC[C:1](O)=[O:2]|C(CCC[C@H]1C(=O)C[C@@H](O)[C@@H]1/C=C/C(CCCCC)=O)CC[C:1]([OH:2])=O
CCCCCC(=O)CC[C@H]1[C@H](O)CC(=O)[C@@H]1CCCCCCC(=O)O,CCCCC[C:1](CC[C@H]1[C@H](O)CC(=O)[C@@H]1CCCCCCC(=O)O)=[O:1]|CCCCCC(=O)[CH2:1][CH2:1][C@H]1[C@H](O)CC(=O)[C@@H]1CCCCCCC(=O)O|CCCCCC(=O)[CH2:1][CH2:1][C@H:1]1[C@H](O)CC(=O)[C@@H]1CCCCCCC(=O)O|CCCCCC(=O)[CH2:1]C[C@H]1[C@H](O)CC(=O)[C@@H]1CCCCCCC(=O)O|CCCCC[C:1](CC[C@H]1[C@H](O)CC(=O)[C@@H]1CCCCCCCC(=O)O)=[O:1]|CCCCCC(=O)CC[C@H]1[C@H](O)C[C:1](=[O:1])[C@@H]1CCCCCCC(=O)O|C[CH2:1]CCCC(=O)CC[C@H]1[C@H](O)CC(=O)[C@@H]1CCCCCCC(=O)O|CCCCC[C:1](=O)CC[C@H]1[C@H](O)CC(=O)[C@@H]1CCCCCCC(=O)O|CC[CH2:1]CCC(=O)CC[C@H]1[C@H](O)CC(=O)[C@@H]1CCCCCCC(=O)O|CCCCC[C:1](CC[C@H]1[C@H](O)C[C:1](=[O:1])[C@@H]1CCCCCCC(=O)O)=[O:1],CCCCC[C:1](CC[C@H]1[C@H](O)CC(=O)[C@@H]1CCCCCCC(=O)O)=[O:1],1,[CH3:1]CCCCC(=O)CC[C@H]1[C@H](O)CC(=O)[C@@H]1CCCCCCC(=O)O|C(CCC)CC(=O)CC[C@H]1[C@H](O)CC(=O)[C@@H]1CCCCCC[C:1]([OH:2])=O|C(CCC)CC(=O)CC[C@H]1[C@H](O)CC(=O)[C@@H]1CCCCCCC([OH:1])=O|C(CCC)CC(=O)CC[C@H]1[C@H](O)CC(=O)[C@@H]1CCCCCC[C:1]([OH:2])=O|C[CH2:1]CCCC(=O)CC[C@H]1[C@H](O)CC(=O)[C@@H]1CCCCCCC(=O)O|C(CCC)CC(=O)CC[C@H]1[C@H](O)CC(=O)[C@@H]1CCCCCCC([OH:1])=O|C(CCC)CC(=O)CC[C@H]1[C@H](O)CC(=O)[C@@H]1CCCCCC[C:1](O)=[O:2]|C(CCC)CC(=O)CC[C@H]1[C@H](O)CC(=O)[C@@H]1CCCCCCC([OH:1])=O|C(C(=O)O)CCCCC[C@H]1C(=O)C[C@@H](O)[C@@H]1CCC(CCCC[CH3:1])=O|C(CCC[C@H]1C(=O)C[C@@H](O)[C@@H]1CCC(CCCCC)=O)CC[C:1]([OH:2])=O
CCCCCOC(=O)NC1=NC(=O)N([C@@H]2O[C@H](C)[C@@H](O)[C@H]2O)C=C1F,CCCCCOC(=O)[NH:1]c1nc(=O)n([C@@H]2O[C@H](C)[C@@H](O)[C@H]2O)cc1F|C[C@H]1O[C@@H](n2cc(F)c(NC(=O)OCCCC[CH3:1])nc2=O)[C@H](O)[C@@H]1O|CCCCCOC(N[c:1]1nc(=O)n([C@@H]2O[C@H](C)[C@@H](O)[C@H]2O)cc1F)=[O:1]|CCCCCOC(Nc1nc(=O)n([C@@H]2O[C@H](C)[C@@H](O)[C@H]2O)cc1F)=[O:1]|C[C@H]1O[C@@H](n2cc(F)c(NC(=O)OCCC[CH2:1]C)nc2=O)[C@H](O)[C@@H]1O|C[C@@H]1O[C@@H](n2cc(F)c(NC(=O)OCCCC[CH3:1])nc2=O)[C@H](O)[C@@H]1O|CCCCC[O:1]C(=O)Nc1nc(=O)n([C@@H]2O[C@H](C)[C@@H](O)[C@H]2O)cc1F|C[C@H]1O[C@@H](n2cc(F)c(NC(=O)OCC[CH2:1]C)nc2=O)[C@H](O)[C@@H]1O|C[C@@H]1O[C@@H](n2cc(F)c(NC(=O)OCCC[CH2:1]C)nc2=O)[C@H](O)[C@@H]1O|C[C@H]1O[C@@H](n2cc(F)c(NC(=O)OCC[CH2:1]CC)nc2=O)[C@H](O)[C@@H]1O,CCCCCOC(=O)[NH:1]c1nc(=O)n([C@@H]2O[C@H](C)[C@@H](O)[C@H]2O)cc1F,1,CCCCCO[C:1](=O)NC1=NC(=O)N([C@@H]2O[C@H](C)[C@@H](O)[C@H]2O)C=C1F|CCCCCOC(=O)NC1=NC(=O)N([C@@H:1]2O[C@H](C)[C@@H](O)[C@H]2O)C=C1F|CCCC[CH2:1]OC(=O)NC1=NC(=O)N([C@@H]2O[C@H](C)[C@@H](O)[C@H]2O)C=C1F|CCCCCO[C:1](=O)NC1=NC(=O)N([C@@H]2O[C@H](C)[C@@H](O)[C@H]2O)C=C1F|C[CH2:1]CCCOC(=O)NC1=NC(=O)N([C@@H]2O[C@H](C)[C@@H](O)[C@H]2O)C=C1F|[CH3:1]CCCCOC(=O)NC1=NC(=O)N([C@@H]2O[C@H](C)[C@@H](O)[C@H]2O)C=C1F|CCCCCOC(=O)N[C:1]1=NC(=O)N([C@@H]2O[C@H](C)[C@@H](O)[C@H]2O)C=C1F|CC[CH2:1]CCOC(=O)NC1=NC(=O)N([C@@H]2O[C@H](C)[C@@H](O)[C@H]2O)C=C1F|C(CCC)[CH2:1]OC(=O)NC1=NC(=O)N([C@@H]2O[C@H](C)[C@@H](O)[C@H]2O)C=C1F|CCC[CH2:1]COC(=O)NC1=NC(=O)N([C@@H]2O[C@H](C)[C@@H](O)[C@H]2O)C=C1F|CCCCCOC(=O)N[C:1]1=NC(=O)N([C@@H]2O[C@H](C)[C@@H](O)[C@H]2O)C=C1F|O=C(N[C:1]1=NC(=O)N([C@H]2[C@H](O)[C@H](O)[C@@H](C)O2)C=C1F)OCCCCC|CCCCCOC(=O)NC1=NC(=O)N([C@@H]2O[C@H](C)[C@@H](O)[C@H]2O)[CH:1]=C1F|C(CCC)COC(=O)NC1=N[C:1](=O)N([C@@H]2O[C@H](C)[C@@H](O)[C@H]2O)C=C1F|O[C@H]1[C@H](N2C=C(F)C(N[C:1](=O)OCCCCC)=NC2=O)O[C@H](C)[C@H]1O
CCCCC[C@H](O)/C=C/[C@H]1[C@H](O)CC(=O)[C@@H]1CCCCCCC(=O)O,CCCCC[C@@H:1](/C=C/[C@H]1[C@H](O)CC(=O)[C@@H]1CCCCCCC(=O)O)[OH:1]|CCCCC[C@H](O)/C=C/[C@@H]1[C@@H](CCCCCCC(=O)O)C(=O)[CH2:1][C@H:1]1O|CCCCC[C@H](O)/C=C/[C@H]1[C@H](O)C[C:1](=[O:1])[C@@H]1CCCCCCC(=O)O|CCCCC[C@@H](/C=C/[C@H]1[C@H](O)CC(=O)[C@@H]1CCCCCCC(=O)O)[OH:1]|C[CH2:1]CCC[C@H](O)/C=C/[C@H]1[C@H](O)CC(=O)[C@@H]1CCCCCCC(=O)O|O=C(O)CCCCCC[C@H]1C(=O)C[C@@H](O)[C@@H]1/C=C/[C@@H](O)CCCC[CH3:1]|CCCCC[C@H](O)/C=C/[C@@H]1[C@@H](CCCCCCC(=O)O)C(=O)[CH2:1][C@H]1O|CCCCC[C@H](O)/C=C/[C@H]1[C@H]([OH:1])CC(=O)[C@@H]1CCCCCCC(=O)O|CCCCC[C@H](O)/C=C/[C@@H:1]1[C@@H](CCCCCCC(=O)O)C(=O)[CH2:1][C@H:1]1O|CCCCC[C@H](O)/C=C/[C@@H]1[C@@H](CCCCCCC(=O)O)C(=O)C[C@H:1]1[OH:1],CCCCC[C@@H:1](/C=C/[C@H]1[C@H](O)CC(=O)[C@@H]1CCCCCCC(=O)O)[OH:1],1,C(CCC[C@H]1C(=O)C[C@@H](O)[C@@H]1/C=C/[C@H](CCCCC)O)CC[C:1]([OH:2])=O|C(CCC[C@@H](/C=C/[C@H]1[C@H](O)CC(=O)[C@@H]1CCCCCCC(O)=O)[OH:1])C|C(CCC[C@H]1C(=O)C[C@@H](O)[C@@H]1/C=C/[C@H](CCCCC)O)CCC([OH:1])=O|C(CCC[C@H]1C(=O)C[C@@H](O)[C@@H]1/C=C/[C@H](CCCCC)O)CC[C:1]([OH:2])=O|C(CCC)C[C@H](O)/C=C/[C@H]1[C@H](O)CC(=O)[C@@H]1CCCCCCC([OH:1])=O|[C@@H](O)(/C=C/[C@@H]1[C@@H](CCCCCCC(=O)O)C(=O)C[C@H]1O)CCCC[CH3:1]|[CH3:1]CCCC[C@H](O)/C=C/[C@H]1[C@H](O)CC(=O)[C@@H]1CCCCCCC(=O)O|C(CCC[C@H]1C(=O)C[C@@H](O)[C@@H]1/C=C/[C@H](CCCCC)O)CCC([OH:1])=O|C(CCC[C@H]1C(=O)C[C@@H](O)[C@@H]1/C=C/[C@H](CCCCC)O)CC[C:1](O)=[O:2]|O=C1C[C@@H](O)[C@H](/C=C/[C@H](CCCCC)O)[C@H]1CCCCCCC(=O)[OH:1]|O=C1C[C@@H](O)[C@H](/C=C/[C@H](CCCCC)O)[C@H]1CCCCCC[C:1](=O)[OH:2]
CCN(CC)C(=O)[C@@]1(C2=CC=CC=C2)C[C@H]1CN,CCN(CC)C(=O)[C@@]1(c2ccccc2)C[C@H]1C[NH2:1]|CC[N:1](CC)C(=O)[C@@]1(c2ccccc2)C[C@H]1CN|CCN(CC)C(=O)[C@@:1]1(c2ccccc2)C[C@H]1CN|CCN(CC)C(=O)[C@@]1(c2ccccc2)C[C@H]1[CH2:1]N|CCN(CC)C(=O)[C@@]1(c2ccccc2)C[C@H:1]1CN|CCN(CC)C(=O)[C@@:1]1(c2ccccc2)C[C@H:1]1CN|CCN(CC)C(=O)[C@@]1(c2cc[cH:1]cc2)C[C@H]1CN|CCN(C[CH3:1])C(=O)[C@@]1(c2ccccc2)C[C@H]1CN|CCN(CC)C(=O)[C@@]1(c2ccc[cH:1]c2)C[C@H]1CN|CCN(CC)[C:1](=O)[C@@]1(c2ccccc2)C[C@H]1CN,CCN(CC)C(=O)[C@@]1(c2cc[cH:1]cc2)C[C@H]1CN|CC[N:1](CC)C(=O)[C@@]1(c2ccccc2)C[C@H]1CN,2,CCN(CC)C(=O)[C@@]1(C2=CC=CC=C2)C[C@H]1C[NH2:1]|CCN(C[CH3:1])C(=O)[C@@]1(C2=CC=CC=C2)C[C@H]1CN|CCN(CC)C(=O)[C@@]1(C2=CC=CC=C2)C[C@H]1[CH2:1]N|CCN(CC)[C:1](=O)[C@@]1(C2=CC=CC=C2)C[C@H]1CN|C1=CC([C@@]2(C(=O)N(CC)CC)[C@H](C[NH2:1])C2)=CC=C1|C1=CC([C@@]2(C(=O)N(CC)CC)[C@H](C[NH2:1])C2)=CC=C1|C[CH2:1]N(CC)C(=O)[C@@]1(C2=CC=CC=C2)C[C@H]1CN|CCN(CC)C(=O)[C@@]1(C2=CC=[CH:1]C=C2)C[C@H]1CN|C1=CC([C@@]2(C(=O)N(CC)CC)[C@H](C[NH2:1])C2)=CC=C1|CCN(CC)C(=O)[C@@]1(C2=CC=CC=C2)C[C@H]1C[NH2:1]|[N:1](CC)(C(=O)[C@]1(C2=CC=CC=C2)[C@H](CN)C1)CC|[N:1](CC)(C(=O)[C@]1(C2=CC=CC=C2)[C@H](CN)C1)CC|C1=CC([C@@]2(C(=O)N(CC)CC)[C@H](C[NH2:1])C2)=CC=C1|[C@@H]1([CH2:1]N)C[C@]1(C1=CC=CC=C1)C(N(CC)CC)=O
CCN[C@H]1CN(CCCOC)S(=O)(=O)C2=C1C=C(S(N)(=O)=O)S2,CC[NH:1][C@H]1CN(CCCOC)S(=O)(=O)c2sc(S(N)(=O)=O)cc21|CCN[C@H]1CN(CCC[O:1]C)S(=O)(=O)c2sc(S(N)(=O)=O)cc21|COCCCN1C[C@H](N[CH2:1]C)c2cc(S(N)(=O)=O)sc2S1(=O)=O|CCN[C@H]1CN(CC[CH2:1]OC)S(=O)(=O)c2sc(S(N)(=O)=O)cc21|CCN[C@H]1CN(CCCOC)S(=O)(=O)c2sc(S(=O)(=O)[NH2:1])cc21|CCN[C@H]1C[N:1](CCCOC)S(=O)(=O)c2sc(S(N)(=O)=O)cc21|CCN[C@H:1]1CN(CCCOC)S(=O)(=O)c2sc(S(N)(=O)=O)cc21|COCCCN1C[C@H](NC[CH3:1])c2cc(S(N)(=O)=O)sc2S1(=O)=O|COCCCN1C[C@H]([NH:1]C[CH3:1])c2cc(S(N)(=O)=O)sc2S1(=O)=O|NS(=O)(=O)c1cc2c(s1)S(=O)(=O)N(CCCO[CH3:1])C[C@@H]2N[CH2:1][CH3:1],CC[NH:1][C@H]1CN(CCCOC)S(=O)(=O)c2sc(S(N)(=O)=O)cc21,1,CCN[C@H]1CN([CH2:1]CCOC)S(=O)(=O)C2=C1C=C(S(N)(=O)=O)S2|C(CN1C[C@H](NC[CH3:1])C2=C(SC(S(N)(=O)=O)=C2)S1(=O)=O)COC|C(CN1[CH2:1][C@H](NCC)C2=C(SC(S(N)(=O)=O)=C2)S1(=O)=O)COC|O=S1(=O)N(CC[CH2:1]OC)C[C@H](NCC)C2=C1SC(S(=O)(=O)N)=C2|CCN[C@H]1CN(CCCOC)S(=O)(=O)C2=C1C=C([S:1](N)(=O)=O)S2|C[CH2:1]N[C@H]1CN(CCCOC)S(=O)(=O)C2=C1C=C(S(N)(=O)=O)S2|CCN[C@H]1CN(C[CH2:1]COC)S(=O)(=O)C2=C1C=C(S(N)(=O)=O)S2|C(CN1C[C@H]([NH:1]CC)C2=C(SC(S(N)(=O)=O)=C2)S1(=O)=O)COC|C([CH2:1]N1C[C@H](NCC)C2=C(SC(S(N)(=O)=O)=C2)S1(=O)=O)COC|CCN[C@H:1]1CN(CCCOC)S(=O)(=O)C2=C1C=C(S(N)(=O)=O)S2|C(CN1C[C@H](NCC)C2=C(SC(S(N)(=O)=O)=C2)[S:1]1(=O)=O)COC|O=S1(=O)N(CCCO[CH3:1])C[C@H](NCC)C2=C1SC(S(=O)(=O)N)=C2
CCOC1=CC=C(O)C=C1OCCN[C@H](C)CC1=CC=C(OC)C(S(N)(=O)=O)=C1,CCOc1ccc([OH:1])cc1OCCN[C@H](C)Cc1ccc(OC)c(S(N)(=O)=O)c1|CCOc1c[cH:1]c(O)cc1OCCN[C@H](C)Cc1ccc(OC)c(S(N)(=O)=O)c1|CCOc1ccc(O)cc1OCCN[C@H](C)Cc1ccc([O:1]C)c(S(N)(=O)=O)c1|CCOc1ccc(O)cc1OCC[NH:1][C@H](C)Cc1ccc(OC)c(S(N)(=O)=O)c1|CC[O:1]c1ccc(O)cc1OCCN[C@H](C)Cc1ccc(OC)c(S(N)(=O)=O)c1|CCOc1cc[c:1](O)cc1OCCN[C@H](C)Cc1ccc(OC)c(S(N)(=O)=O)c1|CCOc1ccc(O)[cH:1]c1OCCN[C@H](C)Cc1ccc(OC)c(S(N)(=O)=O)c1|COc1ccc(C[C@@H](C)NCCOc2cc([OH:1])ccc2OC[CH3:1])cc1S(N)(=O)=O|CCOc1ccc(O)cc1OCCN[C@H](C)Cc1ccc(OC)c(S(=O)(=O)[NH2:1])c1|CCOc1cc(OCCN[C@H](C)Cc2ccc(OC)c(S(N)(=O)=O)c2)cc([OH:1],CCOc1ccc([OH:1])cc1OCCN[C@H](C)Cc1ccc(OC)c(S(N)(=O)=O)c1,1,CCOC1=CC=C([OH:1])C=C1OCCN[C@H](C)CC1=CC=C(OC)C(S(N)(=O)=O)=C1|CCOC1=CC=C([OH:1])C=C1OCCN[C@H](C)CC1=CC=C(OC)C(S(N)(=O)=O)=C1|CCOC1=CC=C([OH:1])C=C1OCCN[C@H](C)CC1=CC=C(OC)C(S(N)(=O)=O)=C1|C1(O)=CC=C(OCC)C(OCCN[C@@H](CC2=CC([S:1](=O)(N)=O)=C(OC)C=C2)C)=C1|CCOC1=CC=C(O)C=C1OC[CH2:1]N[C@H](C)CC1=CC=C(OC)C(S(N)(=O)=O)=C1|CCOC1=CC=C([OH:1])C=C1OCCN[C@H](C)CC1=CC=C(OC)C(S(N)(=O)=O)=C1|CCOC1=C[CH:1]=C(O)C=C1OCCN[C@H](C)CC1=CC=C(OC)C(S(N)(=O)=O)=C1|C1(OCC)=CC=C(O)C=C1OCCN[C@H:1](C)CC1=CC(S(N)(=O)=O)=C(OC)C=C1|CCOC1=CC=C(O)[CH:1]=C1OCCN[C@H](C)CC1=CC=C(OC)C(S(N)(=O)=O)=C1|OC1=CC=C(OCC)C(O[CH2:1]CN[C@H](C)CC2=CC=C(OC)C(S(N)(=O)=O)=C2)=C1|[OH:1]C1=CC=C(OCC)C(OCCN[C@H](C)CC2=CC=C(OC)C(S(N)(=O)=O)=C2)=C1|COC1=CC=C(C[C@H](NCCOC2=CC([OH:1])=CC=C2OCC)C)C=C1S(=O)(=O)N|C1(OCC)=CC=C(O)C=C1OCCN[C@H](C)CC1=CC=C(OC)C(S(=O)(=O)[NH2:1])=C1
CCO[C@H]1CCN(CC2=C(OC)C=C(C)C3=C2C=CN3)[C@H](C2=CC=C(C(=O)O)C=C2)C1,CCO[C@H]1CCN(Cc2c(OC)cc(C)c3[nH]ccc23)[C@H](c2ccc(C(=O)[OH:1])cc2)C1|CCO[C@H]1CCN(Cc2c([O:1]C)cc(C)c3[nH]ccc23)[C@H](c2ccc(C(=O)O)cc2)C1|CCO[C@H]1CC[N:1](Cc2c(OC)cc(C)c3[nH]ccc23)[C@H](c2ccc(C(=O)O)cc2)C1|CC[O:1][C@H]1CCN(Cc2c(OC)cc(C)c3[nH]ccc23)[C@H](c2ccc(C(=O)O)cc2)C1|CCO[C@H]1CCN(Cc2c(OC)cc(C)c3[nH]c[cH:1]c23)[C@H](c2ccc(C(=O)O)cc2)C1|CCO[C@H]1CCN(Cc2c(OC)cc([CH3:1])c3[nH]ccc23)[C@H](c2ccc(C(=O)O)cc2)C1|CCO[C@H]1CCN(Cc2c(OC)cc(C)c3[nH][cH:1]cc23)[C@H](c2ccc(C(=O)O)cc2)C1|CCO[C@H]1CCN(Cc2c(O[CH3:1])cc(C)c3[nH]ccc23)[C@H](c2ccc(C(=O)O)cc2)C1|CCO[C@H]1CCN(Cc2c(OC)cc(C)c3[nH]ccc23)[C@H](c2cc[c:1](C(=O)O)cc2)C1|CCO[C@H]1CCN(Cc2c(OC)cc(C)c3[nH]ccc23)[C@H](c2ccc(C(=O)O)cc2)[CH2:1]1,CCO[C@H]1CCN(Cc2c(OC)cc(C)c3[nH]ccc23)[C@H](c2ccc(C(=O)[OH:1])cc2)C1|CCO[C@H]1CCN(Cc2c(OC)cc([CH3:1])c3[nH]ccc23)[C@H](c2ccc(C(=O)O)cc2)C1|CCO[C@H]1CC[N:1](Cc2c(OC)cc(C)c3[nH]ccc23)[C@H](c2ccc(C(=O)O)cc2)C1|CC[O:1][C@H]1CCN(Cc2c(OC)cc(C)c3[nH]ccc23)[C@H](c2ccc(C(=O)O)cc2)C1,4,CCO[C@H]1CCN(CC2=C(OC)C=C([CH3:1])C3=C2C=CN3)[C@H](C2=CC=C(C(=O)O)C=C2)C1|[C@H]1(OCC)CCN(CC2=C3C=CNC3=C(C)C=C2OC)[C@H](C2=CC=C([C:1]([OH:2])=O)C=C2)C1|[C@H]1(OCC)CCN(CC2=C3C=CNC3=C(C)C=C2OC)[C@H](C2=CC=C(C([OH:1])=O)C=C2)C1|CCO[C@H]1CCN([CH2:1]C2=C(OC)C=C(C)C3=C2C=CN3)[C@H](C2=CC=C(C(=O)O)C=C2)C1|[C@H]1(OCC)CCN(CC2=C3C=CNC3=C(C)C=C2OC)[C@H](C2=CC=C(C([OH:1])=O)C=C2)C1|CCO[C@H]1CCN(CC2=C(OC)C=C(C)C3=C2[CH:1]=[CH:2]N3)[C@H](C2=CC=C(C(=O)O)C=C2)C1|C12=C(C=CN1)C(CN1[C@H](C3=CC=C(C(O)=O)C=C3)C[C@@H](OC[CH3:1])CC1)=C(OC)C=C2C|CCO[C@H]1CCN(CC2=C(OC)C=C(C)C3=C2C=[CH:1]N3)[C@H](C2=CC=C(C(=O)O)C=C2)C1|CCO[C@H]1CCN(CC2=C(OC)[CH:1]=C(C)C3=C2C=CN3)[C@H](C2=CC=C(C(=O)O)C=C2)C1|CCO[C@H]1CCN(CC2=C(OC)C=C(C)C3=C2C=CN3)[C@H](C2=CC=C(C(=O)O)[CH:1]=C2)C1|CCO[C@H]1CCN(CC2=C(OC)C=C(C)C3=C2[CH:1]=CN3)[C@H](C2=CC=C(C(=O)O)C=C2)C1|C1=C([C@H]2N(CC3=C4C=CNC4=C(C)C=C3OC)CC[C@H](OCC)C2)C=CC(C(=O)[OH:1])=C1|CCO[C@H]1CCN(CC2=C(OC)C=C([CH3:1])C3=C2C=CN3)[C@H](C2=CC=C(C(=O)O)C=C2)C1|[C@H]1(OCC)CCN(CC2=C3C=CNC3=C(C)C=C2OC)[C@H](C2=CC=C(C([OH:1])=O)C=C2)C1|C12=C(C=[CH:1]N1)C(CN1[C@H](C3=CC=C(C(O)=O)C=C3)C[C@@H](OCC)CC1)=C(OC)C=C2C|C1=C([C@H]2N(CC3=C(OC)C=C(C)C4=C3C=CN4)CC[C@H](OCC)C2)C=CC([C:1](O)=[O:2])=C1
CC[C@@H](C1=CC(O)=CC(O)=C1)[C@@H](C)CN(C)C,CC[C@@H](c1cc(O)cc(O)c1)[C@@H](C)C[N:1](C)C|CC[C@@H](c1cc(O)cc([OH:1])c1)[C@@H](C)CN(C)C|CC[C@@H](c1cc(O)[cH:1]c(O)c1)[C@@H](C)CN(C)C|CC[C@@H](c1cc(O)cc(O)[cH:1]1)[C@@H](C)CN(C)C|CC[C@@H](c1cc(O)c[c:1](O)c1)[C@@H](C)CN(C)C|CC[C@@H](c1cc(O)cc(O)c1)[C@@H](C)[CH2:1]N(C)C|CC[C@@H](c1cc(O)cc(O)c1)[C@@H](C)CN(C)[CH3:1]|CC[C@@H](c1cc([OH:1])cc(O)c1)[C@@H](C)CN(C)C|CC[C@@H](c1cc(O)cc([OH:1])c1)[C@@H](C)C[N:1](C)C|CC[C@@H](c1cc(O)cc(O)c1)[C@@H:1](C)CN(C)C,CC[C@@H](c1cc(O)cc([OH:1])c1)[C@@H](C)CN(C)C,1,CC[C@@H](C1=CC(O)=CC([OH:1])=C1)[C@@H](C)CN(C)C|CC[C@@H](C1=CC(O)=CC(O)=C1)[C@@H](C)C[N:1](C)C|CC[C@@H](C1=CC(O)=CC(O)=C1)[C@@H](C)C[N:1](C)C|[C@@H](CN(C)C)(C)[C@H](C1=CC([OH:1])=CC(O)=C1)CC|[CH3:1]C[C@@H](C1=CC(O)=CC(O)=C1)[C@@H](C)CN(C)C|CC[C@@H](C1=CC(O)=CC([OH:1])=C1)[C@@H](C)CN(C)C|CC[C@@H](C1=CC(O)=[CH:1]C(O)=C1)[C@@H](C)CN(C)C|CC[C@@H](C1=CC(O)=CC(O)=C1)[C@@H](C)[CH2:1]N(C)C|[C@@H](CN(C)C)(C)[C@H](C1=CC([OH:1])=CC(O)=C1)CC|[C@@H](CN(C)C)(C)[C@@H](CC)C1=CC(O)=CC([OH:1])=C1|C([C@@H](C1=CC([OH:1])=CC(O)=C1)[C@@H](C)CN(C)C)C|[C@@H](CN(C)C)(C)[C@H](C1=CC(O)=CC(O)=[CH:1]1)CC|C([C@@H](C1=CC([OH:1])=CC(O)=C1)[C@@H](C)CN(C)C)C
CC[C@@H](C1=CC=CC(O)=C1)[C@@H](C)CN(C)C,CC[C@@H](c1cccc(O)c1)[C@@H](C)C[N:1](C)C|CC[C@@H](c1cccc([OH:1])c1)[C@@H](C)CN(C)C|CC[C@@H](c1cc[cH:1]c(O)c1)[C@@H](C)CN(C)C|CC[C@@H](c1cccc(O)c1)[C@@H](C)[CH2:1]N(C)C|CC[C@@H](c1cccc(O)[cH:1]1)[C@@H](C)CN(C)C|CC[C@@H](c1cc(O)c[cH:1]c1)[C@@H](C)CN(C)C|CC[C@@H](c1cc(O)cc[cH:1]1)[C@@H](C)CN(C)C|CC[C@@H](c1cccc(O)c1)[C@@H](C)CN(C)[CH3:1]|CC[C@@H](c1cccc([OH:1])c1)[C@@H](C)C[N:1](C)C|CC[C@@H](c1ccc[c:1](O)c1)[C@@H](C)CN(C)C,CC[C@@H](c1cc(O)c[cH:1]c1)[C@@H](C)CN(C)C|CC[C@@H](c1ccc[c:1]([OH:1])c1)[C@@H](C)CN(C)C|CC[C@@H](c1cccc([OH:1])c1)[C@@H](C)CN(C)C,3,C(N(C)C)[C@H](C)[C@H](C1=CC([OH:1])=CC=C1)CC|C(N(C)C)[C@H](C)[C@H](C1=CC([OH:1])=CC=C1)CC|CC[C@@H](C1=CC=CC([OH:1])=C1)[C@@H](C)CN(C)C|CC[C@@H](C1=CC=[CH:1]C(O)=C1)[C@@H](C)CN(C)C|C(N(C)C)[C@H](C)[C@H](C1=CC([OH:1])=CC=C1)CC|[CH3:1]C[C@@H](C1=CC=CC(O)=C1)[C@@H](C)CN(C)C|C([N:1](C)C)[C@H](C)[C@H](C1=CC(O)=CC=C1)CC|C([N:1](C)C)[C@H](C)[C@H](C1=CC(O)=CC=C1)CC|CC[C@@H](C1=CC=CC(O)=C1)[C@@H](C)C[N:1](C)C|CC[C@@H](C1=CC=CC(O)=C1)[C@@H](C)C[N:1](C)C|CC[C@@H](C1=CC=CC(O)=C1)[C@@H](C)[CH2:1]N(C)C|CC[C@@H](C1=C[CH:1]=CC(O)=C1)[C@@H](C)CN(C)C|C[CH2:1][C@@H](C1=CC=CC(O)=C1)[C@@H](C)CN(C)C|C(N(C)C)[C@H](C)[C@H](C1=CC(O)=[CH:1]C=C1)CC|C(N(C)C)[C@H](C)[C@H](C1=CC(O)=CC=[CH:1]1)CC|CC[C@@H](C1=CC=[CH:1]C(O)=C1)[C@@H](C)CN(C)C|[CH3:1]C[C@@H](C1=CC=CC(O)=C1)[C@@H](C)CN(C)C|[CH3:1]C[C@@H](C1=CC=CC(O)=C1)[C@@H](C)CN(C)C|C(N(C)C)[C@H](C)[C@H](C1=CC([OH:1])=CC=C1)CC
CC[C@@H]1C(=O)OC[C@@H]1CC1=CN=CN1C,CC[C@@H]1C(=O)OC[C@@H]1Cc1cnc[n:1]1C|CC[C@@H]1C(=O)OC[C@@H]1Cc1cn[cH:1]n1C|CC[C@@H]1C(=O)[O:1][CH2:1][C@@H]1Cc1cncn1C|CC[C@@H]1C(=O)[O:1]C[C@@H]1Cc1cncn1C|CC[C@H]1[C@@H](Cc2cncn2C)C[O:1][C:1]1=O|CC[C@@H]1C(=O)O[CH2:1][C@@H]1Cc1cncn1C|Cn1cncc1C[C@H]1COC(=O)[C@H]1[CH2:1]C|Cn1cncc1C[C@H]1COC(=O)[C@H]1C[CH3:1]|CC[C@@H]1C(=O)OC[C@@H:1]1Cc1cncn1C|CC[C@H]1[C@@H](Cc2cncn2C)CO[C:1]1=[O:1],CC[C@@H:1]1C(=O)OC[C@@H]1Cc1cncn1C|CC[C@H]1[C@@H](Cc2cncn2C)C[O:1][C:1]1=O,2,CC[C@@H]1[C:1](=O)OC[C@@H]1CC1=CN=CN1C|[CH3:1]C[C@@H]1C(=O)OC[C@@H]1CC1=CN=CN1C|C1=[N:1]C=C(C[C@@H]2[C@H](CC)C(=O)OC2)N1C|C1=[N:1]C=C(C[C@@H]2[C@H](CC)C(=O)OC2)N1C|CC[C@@H]1[C:1](=O)OC[C@@H]1CC1=CN=CN1C|[C@@H]1([CH2:1]C)C(=O)OC[C@@H]1CC1=CN=CN1C|CC[C@@H]1C(=O)OC[C@@H]1CC1=CN=[CH:1]N1C|CC[C@@H:1]1C(=O)OC[C@@H]1CC1=CN=CN1C|C1=[N:1]C=C(C[C@@H]2[C@H](CC)C(=O)OC2)N1C|[C@@H]1([CH2:1]C)C(=O)OC[C@@H]1CC1=CN=CN1C|C1(C[C@H]2COC(=O)[C@H:1]2CC)=CN=CN1C|C1=N[CH:1]=C(C[C@@H]2[C@H](CC)C(=O)OC2)N1C|CC[C@@H]1[C:1](=O)OC[C@@H]1CC1=CN=CN1C|[C@@H]1([CH2:1]C)C(=O)OC[C@@H]1CC1=CN=CN1C|O1C(=O)[C@@H](CC)[C@@H](CC2=CN=CN2C)[CH2:1]1|[CH3:1]C[C@@H]1C(=O)OC[C@@H]1CC1=CN=CN1C|O1C(=O)[C@@H](CC)[C@@H](CC2=CN=CN2C)[CH2:1]1|CC[C@@H]1[C:1](=O)OC[C@@H]1CC1=CN=CN1C
CN(C)CCC1=CNC2=CC(O)=C(CN3C=NC=N3)C=C12,C[N:1](C)CCc1c[nH]c2cc(O)c(Cn3cncn3)cc12|CN(C)CCc1c[nH]c2cc([OH:1])c(Cn3cncn3)cc12|CN(C)[CH2:1]Cc1c[nH]c2cc(O)c(Cn3cncn3)cc12|CN(C)C[CH2:1]c1c[nH]c2cc(O)c(Cn3cncn3)cc12|CN(C)CCc1c[nH]c2c[c:1](O)c(Cn3cncn3)cc12|CN(C)CCc1c[nH]c2c1cc(Cn1cncn1)c(O)[cH:1]2|CN(C)CCc1c[nH]c2cc(O)c(Cn3cn[cH:1]n3)cc12|CN(C)CCc1c[nH]c2cc(O)c([CH2:1]n3cncn3)cc12|CN(C)CC[c:1]1[cH:1][nH:1][c:1]2cc(O)c(Cn3cncn3)c[c:1]12|CN(C)CCc1c[nH:1]c2cc(O)c(Cn3cncn3)cc12,CN(C)CCc1c[nH]c2cc([OH:1])c(Cn3cncn3)cc12,1,C(CC1=CNC2=CC([OH:1])=C(CN3N=CN=C3)C=C12)N(C)C|CN(C)[CH2:1]CC1=CNC2=CC(O)=C(CN3C=NC=N3)C=C12|C[N:1](C)CCC1=CNC2=CC(O)=C(CN3C=NC=N3)C=C12|C[N:1](C)CCC1=CNC2=CC(O)=C(CN3C=NC=N3)C=C12|CN(C)[CH2:1]CC1=CNC2=CC(O)=C(CN3C=NC=N3)C=C12|CN(C)CCC1=CNC2=CC([OH:1])=C(CN3C=NC=N3)C=C12|C(CC1=CNC2=CC([OH:1])=C(CN3N=CN=C3)C=C12)N(C)C|C1(C[CH2:1]N(C)C)=CNC2=CC(O)=C(CN3N=CN=C3)C=C12|C1(C[CH2:1]N(C)C)=CNC2=CC(O)=C(CN3N=CN=C3)C=C12|C(CC1=CNC2=CC(O)=C(CN3N=CN=C3)C=C12)[N:1](C)C|C(CC1=CNC2=CC(O)=C(CN3N=CN=C3)C=C12)[N:1](C)C|C1(CCN(C)C)=CNC2=CC([OH:1])=C(CN3N=CN=C3)C=C12|CN(C)C[CH2:1]C1=CNC2=CC(O)=C(CN3C=NC=N3)C=C12|CN(C)[CH2:1]CC1=CNC2=CC(O)=C(CN3C=NC=N3)C=C12|CN(C)CCC1=CNC2=CC(O)=C(CN3C=NC=N3)[CH:1]=C12|CN(C)CCC1=[CH:1]NC2=CC(O)=C(CN3C=NC=N3)C=C12|C[N:1](C)CCC1=CNC2=CC(O)=C(CN3C=NC=N3)C=C12|C[N:1](C)CCC1=CNC2=CC(O)=C(CN3C=NC=N3)C=C12|CN(C)CCC1=[CH:1]NC2=CC(O)=C(CN3C=NC=N3)C=C12|C1(CCN(C)C)=CNC2=CC(O)=C(CN3N=CN=[CH:1]3)C=C12|[CH3:1]N(C)CCC1=CNC2=CC(O)=C(CN3C=NC=N3)C=C12|CN(C)CCC1=CNC2=CC(O)=C([CH2:1]N3C=NC=N3)C=C12|[CH:1]1=NC=NN1CC1=CC2=C(NC=C2CCN(C)C)C=C1O
CN(C)CCC1=CNC2=CC=C(CN3C=NC=N3)C=C12,C[N:1](C)CCc1c[nH]c2ccc(Cn3cncn3)cc12|CN(C)[CH2:1]Cc1c[nH]c2ccc(Cn3cncn3)cc12|CN(C)CCc1c[nH]c2c[cH:1]c(Cn3cncn3)cc12|CN(C)C[CH2:1]c1c[nH]c2ccc(Cn3cncn3)cc12|CN(CCc1c[nH]c2ccc(Cn3cncn3)cc12)[CH3:1]|CN(C)CCc1c[nH:1]c2ccc(Cn3cncn3)cc12|CN(C)CCc1c[nH]c2ccc(Cn3cn[cH:1]n3)cc12|CN(C)CCc1c[nH]c2ccc([CH2:1]n3cncn3)cc12|CN([CH3:1])[CH2:1]Cc1c[nH]c2ccc(Cn3cncn3)cc12|CN(C)CC[c:1]1[cH:1][nH:1][c:1]2ccc(Cn3cncn3)c[c:1]12,CN(C)[CH2:1]Cc1c[nH]c2ccc(Cn3cncn3)cc12|C[N:1](C)CCc1c[nH]c2ccc(Cn3cncn3)cc12,2,C[N:1](C)CCC1=CNC2=CC=C(CN3C=NC=N3)C=C12|C[N:1](C)CCC1=CNC2=CC=C(CN3C=NC=N3)C=C12|CN(C)[CH2:1]CC1=CNC2=CC=C(CN3C=NC=N3)C=C12|N1(CC2=CC=C3C(=C2)C(CC[N:1](C)C)=CN3)C=NC=N1|N1(CC2=CC=C3C(=C2)C(CC[N:1](C)C)=CN3)C=NC=N1|CN(C)[CH2:1]CC1=CNC2=CC=C(CN3C=NC=N3)C=C12|C1=NN(CC2=CC3=C(NC=C3C[CH2:1]N(C)C)C=C2)C=N1|C1=NN(CC2=CC3=C(NC=C3C[CH2:1]N(C)C)C=C2)C=N1|C1=NN(CC2=CC3=C(NC=C3CCN(C)C)C=[CH:1]2)C=N1|CN(C)[CH2:1]CC1=CNC2=CC=C(CN3C=NC=N3)C=C12|C1=NN(CC2=CC3=C(NC=C3CCN(C)C)[CH:1]=C2)C=N1|CN(C)CCC1=[CH:1]NC2=CC=C(CN3C=NC=N3)C=C12|CN(C)CCC1=CNC2=CC=C([CH2:1]N3C=NC=N3)C=C12|CN(C)C[CH2:1]C1=CNC2=CC=C(CN3C=NC=N3)C=C12|CN(C)CCC1=CNC2=CC=C(CN3C=N[CH:1]=N3)C=C12|C(N(C)C)[CH2:1]C1=CNC2=C1C=C(CN1N=CN=C1)C=C2|[CH3:1]N(C)CCC1=CNC2=CC=C(CN3C=NC=N3)C=C12|[CH:1]1=NN(CC2=CC3=C(NC=C3CCN(C)C)C=C2)C=N1|CN(C)CCC1=CNC2=CC=C(CN3C=NC=N3)[CH:1]=C12|CN(C)CCC1=[CH:1]NC2=CC=C(CN3C=NC=N3)C=C12|C(N(C)C)CC1=CNC2=C1C=C([CH2:1]N1N=CN=C1)C=C2
CN(C)CCCC1(C2=CC=C(F)C=C2)OCC2=CC(C#N)=CC=C12,C[N:1](C)CCCC1(c2ccc(F)cc2)OCc2cc(C#N)ccc21|CN(C)[CH2:1]CCC1(c2ccc(F)cc2)OCc2cc(C#N)ccc21|CN(C)CCCC1(c2ccc(F)[cH:1]c2)OCc2cc(C#N)ccc21|CN(C)C[CH2:1]CC1(c2ccc(F)cc2)OCc2cc(C#N)ccc21|CN(C)CCCC1(c2ccc(F)cc2)O[CH2:1]c2cc(C#N)ccc21|CN(CCCC1(c2ccc(F)cc2)OCc2cc(C#N)ccc21)[CH3:1]|CN(C)CC[CH2:1]C1(c2ccc(F)cc2)OCc2cc(C#N)ccc21|CN(C)CCCC1(c2ccc(F)c[cH:1]2)OCc2cc(C#N)ccc21|CN(C)CCCC1(c2ccc(F)cc2)OCc2cc([C:1]#[N:1])ccc21|CN([CH3:1])[CH2:1]CCC1(c2ccc(F)cc2)OCc2cc(C#N)ccc21,CN(C)[CH2:1]CCC1(c2ccc(F)cc2)OCc2cc(C#N)ccc21|C[N:1](C)CCCC1(c2ccc(F)cc2)OCc2cc(C#N)ccc21,2,CN(C)CCCC1(C2=CC=C(F)C=C2)O[CH2:1]C2=CC(C#N)=CC=C12|C1(C2(CCC[N:1](C)C)OCC3=CC(C#N)=CC=C23)=CC=C(F)C=C1|C1(C2(CCC[N:1](C)C)OCC3=CC(C#N)=CC=C23)=CC=C(F)C=C1|C[N:1](C)CCCC1(C2=CC=C(F)C=C2)OCC2=CC(C#N)=CC=C12|C[N:1](C)CCCC1(C2=CC=C(F)C=C2)OCC2=CC(C#N)=CC=C12|CN(C)[CH2:1]CCC1(C2=CC=C(F)C=C2)OCC2=CC(C#N)=CC=C12|C1(C2(CC[CH2:1]N(C)C)OCC3=CC(C#N)=CC=C23)=CC=C(F)C=C1|C1(C2(CC[CH2:1]N(C)C)OCC3=CC(C#N)=CC=C23)=CC=C(F)C=C1|CN(C)CCCC1(C2=CC=C(F)C=C2)O[CH2:1]C2=CC(C#N)=CC=C12|C1(C2(CC[CH2:1]N(C)C)OCC3=CC(C#N)=CC=C23)=CC=C(F)C=C1|CN(C)CCCC1(C2=CC=C(F)C=C2)O[CH2:1]C2=CC(C#N)=CC=C12|C1(C2(CCC[N:1](C)C)OCC3=CC(C#N)=CC=C23)=CC=C(F)C=C1|C1(C2(CCC[N:1](C)C)OCC3=CC(C#N)=CC=C23)=CC=C(F)C=C1|CN(C)[CH2:1]CCC1(C2=CC=C(F)C=C2)OCC2=CC(C#N)=CC=C12|[CH3:1]N(C)CCCC1(C2=CC=C(F)C=C2)OCC2=CC(C#N)=CC=C12|CN(C)CCCC1(C2=CC=C(F)C=C2)OCC2=CC(C#N)=[CH:1]C=C12|CN(C)C[CH2:1]CC1(C2=CC=C(F)C=C2)OCC2=CC(C#N)=CC=C12|C(C1=CC=C2C(=C1)[CH2:1]OC2(C1=CC=C(F)C=C1)CCCN(C)C)#N|C(C1=CC=C2C(=C1)[CH2:1]OC2(C1=CC=C(F)C=C1)CCCN(C)C)#N
CN(C)CCC[C@@]1(C2=CC=C(F)C=C2)OCC2=CC(C#N)=CC=C12,C[N:1](C)CCC[C@@]1(c2ccc(F)cc2)OCc2cc(C#N)ccc21|CN(C)[CH2:1]CC[C@@]1(c2ccc(F)cc2)OCc2cc(C#N)ccc21|CN(C)CCC[C@@]1(c2ccc(F)[cH:1]c2)OCc2cc(C#N)ccc21|CN(C)CCC[C@@]1(c2ccc(F)cc2)O[CH2:1]c2cc(C#N)ccc21|CN(C)C[CH2:1]C[C@@]1(c2ccc(F)cc2)OCc2cc(C#N)ccc21|CN([CH3:1])[CH2:1]CC[C@@]1(c2ccc(F)cc2)OCc2cc(C#N)ccc21|CN(C)CCC[C@@]1(c2ccc(F)cc2)OCc2cc([C:1]#[N:1])ccc21|CN(C)CCC[C@@]1(c2ccc(F)c[cH:1]2)OCc2cc(C#N)ccc21|CN(C)CCC[C@@]1(c2ccc(F)cc2)OCc2cc(C#N)[cH:1]cc21|CN(C)CC[CH2:1][C@@]1(c2ccc(F)cc2)OCc2cc(C#N)ccc21,CN(C)[CH2:1]CC[C@@]1(c2ccc(F)cc2)OCc2cc(C#N)ccc21|C[N:1](C)CCC[C@@]1(c2ccc(F)cc2)OCc2cc(C#N)ccc21,2,CN(C)[CH2:1]CC[C@@]1(C2=CC=C(F)C=C2)OCC2=CC(C#N)=CC=C12|CN(C)[CH2:1]CC[C@@]1(C2=CC=C(F)C=C2)OCC2=CC(C#N)=CC=C12|C[N:1](C)CCC[C@@]1(C2=CC=C(F)C=C2)OCC2=CC(C#N)=CC=C12|C[N:1](C)CCC[C@@]1(C2=CC=C(F)C=C2)OCC2=CC(C#N)=CC=C12|CN(C)[CH2:1]CC[C@@]1(C2=CC=C(F)C=C2)OCC2=CC(C#N)=CC=C12|C[N:1](C)CCC[C@@]1(C2=CC=C(F)C=C2)OCC2=CC(C#N)=CC=C12|C[N:1](C)CCC[C@@]1(C2=CC=C(F)C=C2)OCC2=CC(C#N)=CC=C12|CN(CCC[C@]1(C2=CC=C(F)C=C2)C2=CC=C(C#N)C=C2[CH2:1]O1)C|CN(CCC[C@]1(C2=CC=C(F)C=C2)C2=CC=C(C#N)C=C2[CH2:1]O1)C|C[N:1](C)CCC[C@@]1(C2=CC=C(F)C=C2)OCC2=CC(C#N)=CC=C12|C[N:1](C)CCC[C@@]1(C2=CC=C(F)C=C2)OCC2=CC(C#N)=CC=C12|C[N:1](C)CCC[C@@]1(C2=CC=C(F)C=C2)OCC2=CC(C#N)=CC=C12|C[N:1](C)CCC[C@@]1(C2=CC=C(F)C=C2)OCC2=CC(C#N)=CC=C12|C1([C@]2(CC[CH2:1]N(C)C)OCC3=CC(C#N)=CC=C23)=CC=C(F)C=C1|CN(C)[CH2:1]CC[C@@]1(C2=CC=C(F)C=C2)OCC2=CC(C#N)=CC=C12|CN(C)CCC[C@@]1(C2=CC=C(F)C=C2)O[CH2:1]C2=CC(C#N)=CC=C12|[CH3:1]N(C)CCC[C@@]1(C2=CC=C(F)C=C2)OCC2=CC(C#N)=CC=C12|CN(CCC[C@:1]1(C2=CC=C(F)C=C2)C2=CC=C(C#N)C=C2CO1)C|C1([C@]2(CCCN(C)C)OCC3=CC(C#N)=CC=C23)=CC=[C:1](F)C=C1|CN(C)CCC[C@@]1(C2=CC=C(F)C=C2)OCC2=CC([C:1]#N)=CC=C12|CN(C)CCC[C@@]1(C2=CC=C(F)C=C2)OCC2=CC([C:1]#N)=CC=C12
CN1C(=O)CC(=O)N(C2=CC=C(O)C=C2)C2=CC(Cl)=CC=C12,CN1C(=O)CC(=O)N(c2ccc([OH:1])cc2)c2cc(Cl)ccc21|C[N:1]1C(=O)CC(=O)N(c2ccc(O)cc2)c2cc(Cl)ccc21|CN1C(=O)CC(=O)N(c2ccc(O)[cH:1]c2)c2cc(Cl)ccc21|C[N:1]1c2ccc(Cl)cc2N(c2ccc(O)cc2)C(=O)C[C:1]1=[O:1]|O=C1CC(=O)N([CH3:1])c2ccc(Cl)cc2N1c1ccc(O)cc1|CN1C(=O)CC(=O)N(c2ccc(O)c[cH:1]2)c2cc(Cl)ccc21|CN1C(=O)CC(=O)N(c2ccc(O)cc2)c2cc(Cl)[cH:1]cc21|C[N:1]1c2ccc(Cl)cc2N(c2ccc(O)cc2)C(=O)C[C:1]1=O|O=C1CC(=O)N([CH3:1])c2ccc(Cl)cc2N1c1ccc([OH:1])cc1|CN1C(=O)[CH2:1]C(=O)N(c2ccc(O)cc2)c2cc(Cl)ccc21,C[N:1]1C(=O)CC(=O)N(c2ccc(O)cc2)c2cc(Cl)ccc21,1,CN1C(=O)CC(=O)N(C2=CC=C([OH:1])C=C2)C2=CC(Cl)=CC=C12|CN1C(=O)CC(=O)N(C2=CC=C(O)[CH:1]=C2)C2=CC(Cl)=CC=C12|CN1C(=O)CC(=O)N(C2=CC=C([OH:1])C=C2)C2=CC(Cl)=CC=C12|CN1C(=O)CC(=O)N(C2=CC=C(O)C=[CH:1]2)C2=CC(Cl)=CC=C12|CN1C(=O)CC(=O)N(C2=CC=C([OH:1])C=C2)C2=CC(Cl)=CC=C12|CN1C(=O)CC(=O)N(C2=CC=C(O)C=C2)C2=CC(Cl)=C[CH:1]=C12|O=[C:1]1N(C)C2=C(C=C(Cl)C=C2)N(C2=CC=C(O)C=C2)C(=O)C1|CN1C(=O)CC(=O)N(C2=CC=C(O)C=C2)C2=CC(Cl)=[CH:1]C=C12|N1(C2=CC=C(O)C=C2)[C:1](=O)CC(=O)N(C)C2=C1C=C(Cl)C=C2|CN1C(=O)[CH2:1]C(=O)N(C2=CC=C(O)C=C2)C2=CC(Cl)=CC=C12|[C:1]1(Cl)=CC2=C(C=C1)N(C)C(=O)CC(=O)N2C1=CC=C(O)C=C1|CN1C(=O)CC(=O)N(C2=CC=C([OH:1])C=C2)C2=CC(Cl)=CC=C12|CN1C(=O)CC(=O)N(C2=CC=C([OH:1])C=C2)C2=CC(Cl)=CC=C12|CN1C(=O)CC(=O)N(C2=CC=C([OH:1])C=C2)C2=CC(Cl)=CC=C12
CN1CC[C@@H](NC(=O)NC2=CC=C(C#N)C=C2)C[C@@H]1C1=NC2=CC=CC=C2N1,C[N:1]1CC[C@@H](NC(=O)Nc2ccc(C#N)cc2)C[C@@H]1c1nc2ccccc2[nH]1|CN1[C@@H]([c:1]2[n:1][c:1]3cccc[c:1]3[nH:1]2)C[C@H](NC(=O)Nc2ccc(C#N)cc2)C[CH2:1]1|CN1[C@@H](c2nc3ccccc3[nH]2)C[C@H](NC(=O)Nc2ccc(C#N)cc2)C[CH2:1]1|CN1CC[C@@H](NC(=O)Nc2ccc(C#N)cc2)C[C@@H]1c1nc2c[cH:1]ccc2[nH]1|CN1CC[C@@H](NC(=O)Nc2ccc(C#N)[cH:1]c2)C[C@@H]1c1nc2ccccc2[nH]1|CN1CC[C@@H](NC(=O)Nc2ccc(C#N)cc2)C[C@@H]1c1nc2cc[cH:1]cc2[nH]1|N#Cc1ccc(NC(=O)N[C@@H]2CCN([CH3:1])[C@@H](c3nc4ccccc4[nH]3)C2)cc1|CN1CC[C@@H](NC(=O)Nc2ccc(C#N)[cH:1]c2)C[C@@H]1c1nc2c[cH:1]ccc2[nH]1|CN1CC[C@@H](NC(=O)Nc2ccc(C#N)cc2)C[C@@H]1c1nc2c(ccc[cH:1]2)[nH]1|CN1C[CH2:1][C@@H](NC(=O)Nc2ccc(C#N)cc2)C[C@@H]1c1nc2ccccc2[nH]1,CN1[C@@H](c2nc3ccccc3[nH]2)C[C@H](NC(=O)Nc2ccc(C#N)cc2)[CH2:1][CH2:1]1,1,CN1CC[C@@H](NC(=O)NC2=CC=C(C#N)C=C2)C[C@@H]1C1=NC2=C[CH:1]=CC=C2N1|CN1CC[C@@H](NC(=O)NC2=CC=C(C#N)C=C2)C[C@@H]1C1=NC2=CC=[CH:1]C=C2N1|C[N:1]1CC[C@@H](NC(=O)NC2=CC=C(C#N)C=C2)C[C@@H]1C1=NC2=CC=CC=C2N1|C[N:1]1CC[C@@H](NC(=O)NC2=CC=C(C#N)C=C2)C[C@@H]1C1=NC2=CC=CC=C2N1|C(N[C@H]1C[C@H](C2=NC3=C([NH:1]2)C=CC=C3)N(C)CC1)(=O)NC1=CC=C(C#N)C=C1|CN1CC[C@@H](NC(=O)NC2=CC=C(C#N)[CH:1]=C2)C[C@@H]1C1=NC2=CC=CC=C2N1|C(N[C@H]1C[C@H](C2=NC3=C(N2)C=CC=[CH:1]3)N(C)CC1)(=O)NC1=CC=C(C#N)C=C1|CN1CC[C@@H](NC(=O)NC2=CC=C(C#N)C=C2)C[C@@H]1C1=NC2=C[CH:1]=CC=C2N1|C1=CC(NC(=O)N[C@@H]2C[CH2:1]N(C)[C@@H](C3=NC4=CC=CC=C4N3)C2)=CC=C1C#N|C1=C[CH:1]=[CH:2]C2=C1NC([C@@H]1N(C)CC[C@@H](NC(=O)NC3=CC=C(C#N)C=C3)C1)=N2|N(C(=O)NC1=CC=C(C#N)C=C1)[C@H]1C[C@H](C2=NC3=CC=CC=C3N2)N(C)[CH2:1]C1|C(N[C@H]1C[C@H](C2=NC3=C(N2)C=CC=C3)N(C)CC1)(=O)NC1=CC=C(C#N)C=[CH:1]1|CN1CC[C@@H](NC(=O)NC2=CC=C(C#N)C=C2)C[C@@H]1C1=NC2=CC=[CH:1]C=C2N1|[C:1](N[C@H]1C[C@H](C2=NC3=C(N2)C=CC=C3)N(C)CC1)(=O)NC1=CC=C(C#N)C=C1
CNC(=O)C1=CC(OC2=CC=C(NC(=O)NC3=CC=C(Cl)C(C(F)(F)F)=C3)C=C2)=CC=N1,CNC(=O)c1cc(Oc2ccc(NC(=O)Nc3ccc(Cl)c(C(F)(F)F)c3)cc2)cc[n:1]1|O=C(Nc1ccc(Oc2ccnc(C(=O)N[CH3:1])c2)cc1)Nc1ccc(Cl)c(C(F)(F)F)c1|C[NH:1]C(=O)c1cc(Oc2ccc(NC(=O)Nc3ccc(Cl)c(C(F)(F)F)c3)cc2)ccn1|CN[C:1](=O)c1cc(Oc2ccc(NC(=O)Nc3ccc(Cl)c(C(F)(F)F)c3)cc2)ccn1|CNC(=O)c1cc(Oc2ccc(NC(=O)[NH:1]c3ccc(Cl)c(C(F)(F)F)c3)cc2)ccn1|CNC(=O)c1cc(Oc2ccc(NC(=O)Nc3ccc(Cl)c(C(F)(F)F)c3)cc2)[cH:1]cn1|CNC(=O)c1cc(Oc2ccc(NC(=O)Nc3ccc(Cl)c(C(F)(F)F)c3)[cH:1]c2)ccn1|CNC(=O)c1cc(Oc2ccc(N[C:1](=O)Nc3ccc(Cl)c(C(F)(F)F)c3)cc2)ccn1|CNC(=O)c1cc(Oc2ccc(NC(=O)Nc3ccc(Cl)c(C(F)(F)F)c3)cc2)c[cH:1]n1|O=C(Nc1ccc(Oc2ccnc([C:1](=[O:1])[NH:1][CH3:1])c2)cc1)Nc1ccc(Cl)c(C(F)(F)F)c1,CNC(=O)c1cc(Oc2ccc(NC(=O)Nc3ccc(Cl)c(C(F)(F)F)c3)cc2)cc[n:1]1|CNC(=O)c1cc(Oc2ccc(NC(=O)[NH:1]c3ccc(Cl)c(C(F)(F)F)c3)cc2)ccn1,2,CNC(=O)C1=CC(OC2=CC=C(NC(=O)NC3=CC=C(Cl)C(C(F)(F)F)=C3)C=C2)=CC=[N:1]1|CNC(=O)C1=CC(OC2=CC=C(NC(=O)NC3=CC=C(Cl)C(C(F)(F)F)=C3)C=C2)=CC=[N:1]1|[CH3:1]NC(=O)C1=CC(OC2=CC=C(NC(=O)NC3=CC=C(Cl)C(C(F)(F)F)=C3)C=C2)=CC=N1|F[C:1](C1=C(Cl)C=CC(NC(NC2=CC=C(OC3=CC(C(=O)NC)=NC=C3)C=C2)=O)=C1)(F)F|CN[C:1](=O)C1=CC(OC2=CC=C(NC(=O)NC3=CC=C(Cl)C(C(F)(F)F)=C3)C=C2)=CC=N1|C1=NC([C:1](NC)=O)=CC(OC2=CC=C(NC(NC3=CC(C(F)(F)F)=C(Cl)C=C3)=O)C=C2)=C1|CNC(=O)C1=CC(OC2=CC=C(NC(=O)NC3=CC=[C:1](Cl)C(C(F)(F)F)=C3)C=C2)=CC=N1|CNC(=O)C1=CC(OC2=CC=C(NC(=O)NC3=CC=C(Cl)C(C(F)(F)F)=C3)C=[CH:1]2)=CC=N1|CNC(=O)C1=CC(OC2=CC=C(NC(=O)NC3=CC=C(Cl)C(C(F)(F)F)=C3)[CH:1]=C2)=CC=N1|O=C(C1=N[CH:1]=CC(OC2=CC=C(NC(NC3=CC=C(Cl)C(C(F)(F)F)=C3)=O)C=C2)=C1)NC|C(F)(F)(F)C1=C[C:1](NC(=O)NC2=CC=C(OC3=CC(C(=O)NC)=NC=C3)C=C2)=CC=C1Cl|C(F)(F)(F)C1=CC(N[C:1](=O)NC2=CC=C(OC3=CC(C(=O)NC)=NC=C3)C=C2)=CC=C1Cl|CNC(=O)C1=CC(OC2=CC=C(NC(=O)NC3=CC=C(Cl)C(C(F)(F)F)=C3)C=C2)=[CH:1]C=N1|C1=NC(C(NC)=O)=CC(OC2=CC=C(NC(NC3=CC([C:1](F)(F)F)=C(Cl)C=C3)=O)C=C2)=C1
CNCC(=O)OCC1=CC=CN=C1N(C)C(=O)OC(C)[N+]1=CN(C[C@](O)(C2=CC(F)=CC=C2F)[C@@H](C)C2=NC(C3=CC=C(C#N)C=C3)=CS2)N=C1,CNCC(=O)[O:1]Cc1cccnc1N(C)C(=O)OC(C)[n+]1cnn(C[C@](O)(c2cc(F)ccc2F)[C@@H](C)c2nc(-c3ccc(C#N)cc3)cs2)c1|CNCC(=O)[O:1]Cc1cccnc1[N:1](C)C(=O)OC(C)[n+]1cnn(C[C@](O)(c2cc(F)ccc2F)[C@@H](C)c2nc(-c3ccc(C#N)cc3)cs2)c1|CNCC(=O)OCc1cccnc1N(C)C(=O)OC(C)[n+]1cnn(C[C@](O)(c2cc(F)ccc2F)[C@@H](C)c2nc(-c3ccc(C#N)cc3)[cH:1]s2)c1|CN(C(=O)OCc1cccnc1N(C)C(=O)OC(C)[n+]1cnn(C[C@](O)(c2cc(F)ccc2F)[C@@H](C)c2nc(-c3ccc(C#N)cc3)[cH:1]s2)c1|CNCC(=O)OCc1cccnc1[N:1](C)C(=O)OC(C)[n+]1cnn(C[C@](O)(c2cc(F)ccc2F)[C@@H](C)c2nc(-c3ccc(C#N)cc3)cs2)c1|CN(C(=O)OC(C)[n+]1cnn(C[C@](O)(c2cc(F)ccc2F)[C@@H](C)c2nc(-c3ccc(C#N)cc3)cs2)c1)c1ncccc1COC(=O)C[NH:1]C|CNCC(=O)OCc1c[cH:1]cnc1N(C)C(=O)OC(C)[n+]1cnn(C[C@](O)(c2cc(F)ccc2F)[C@@H](C)c2nc(-c3ccc(C#N)cc3)cs2)c1|CNCC(=O)OCc1cccnc1N(C)C(=O)[O:1]C(C)[n+]1cnn(C[C@](O)(c2cc(F)ccc2F)[C@@H](C)c2nc(-c3ccc(C#N)cc3)cs2)c1|CN[CH2:1]C(=O)OCc1cccnc1N(C)C(=O)OC(C)[n+]1cnn(C[C@](O)(c2cc(F)ccc2F)[C@@H](C)c2nc(-c3ccc(C#N)cc3)cs2)c1|CN(C(=O)OCc1cccnc1N(C)C(=O)[O:1]C(C)[n+]1cnn(C[C@](O)(c2cc(F)ccc2F)[C@@H](C)c2nc(-c3ccc(C#N)cc3)cs2)c1,CNCC(=O)OCc1cccnc1N(C)C(=O)OC(C)[n+:1]1cnn(C[C@](O)(c2cc(F)ccc2F)[C@@H](C)c2nc(-c3ccc(C#N)cc3)cs2)c1|CNCC(=O)[O:1]Cc1cccnc1N(C)[C:1](=O)OC(C)[n+]1cnn(C[C@](O)(c2cc(F)ccc2F)[C@@H](C)c2nc(-c3ccc(C#N)cc3)cs2)c1,2,CNCC(=O)OCC1=CC=CN=C1N(C)C(=O)OC(C)[N+:1]1=CN(C[C@](O)(C2=CC(F)=CC=C2F)[C@@H](C)C2=NC(C3=CC=C(C#N)C=C3)=CS2)N=C1|CN(C1=C(COC(=O)CNC)C=CC=N1)C(OC([N+:1]1=CN(C[C@@](C2=CC(F)=CC=C2F)(O)[C@H](C2=NC(C3=CC=C(C#N)C=C3)=CS2)C)N=C1)C)=O|CN(C1=C(COC(=O)CNC)C=CC=N1)C(OC([N+]1=C[N:1](C[C@@](C2=CC(F)=CC=C2F)(O)[C@H](C2=NC(C3=CC=C(C#N)C=C3)=CS2)C)N=C1)C)=O|N1(C[C@]([C@H](C2=NC(C3=CC=C(C#N)C=C3)=CS2)C)(O)C2=C(F)C=CC(F)=C2)C=[N+](C(C)OC(=O)N(C)C2=NC=CC=C2COC([CH2:1]NC)=O)C=N1|CN(C1=C(COC(=O)CNC)C=CC=N1)C(O[CH:1]([N+]1=CN(C[C@@](C2=CC(F)=CC=C2F)(O)[C@H](C2=NC(C3=CC=C(C#N)C=C3)=CS2)C)N=C1)C)=O|N1(C[C@:1]([C@H](C2=NC(C3=CC=C(C#N)C=C3)=CS2)C)(O)C2=C(F)C=CC(F)=C2)C=[N+](C(C)OC(=O)N(C)C2=NC=CC=C2COC(CNC)=O)C=N1|N1(C[C@]([C@H](C2=NC(C3=CC=C(C#N)C=C3)=CS2)C)(O)C2=C(F)C=CC(F)=C2)C=[N+:1](C(C)OC(=O)N(C)C2=NC=CC=C2COC(CNC)=O)C=N1|C1(C2=CC=C(C#N)C=C2)=CSC([C@@H]([C@@:1](C2=CC(F)=CC=C2F)(CN2N=C[N+](C(OC(N(C3=NC=CC=C3COC(CNC)=O)C)=O)C)=C2)O)C)=N1|CNCC(=O)OCC1=CC=CN=C1N(C)C(=O)OC(C)[N+:1]1=CN(C[C@](O)(C2=CC(F)=CC=C2F)[C@@H](C)C2=NC(C3=CC=C(C#N)C=C3)=CS2)N=C1|CN(C1=C(COC(=O)CNC)C=CC=N1)C(OC([N+]1=CN([CH2:1][C@@](C2=CC(F)=CC=C2F)(O)[C@H](C2=NC(C3=CC=C(C#N)C=C3)=CS2)C)N=C1)C)=O
CNCCCC1(C2=CC=C(F)C=C2)OCC2=CC(C#N)=CC=C12,C[NH:1]CCCC1(c2ccc(F)cc2)OCc2cc(C#N)ccc21|CN[CH2:1]CCC1(c2ccc(F)cc2)OCc2cc(C#N)ccc21|CNCCCC1(c2ccc(F)[cH:1]c2)OCc2cc(C#N)ccc21|C[NH:1][CH2:1]CCC1(c2ccc(F)cc2)OCc2cc(C#N)ccc21|CNC[CH2:1]CC1(c2ccc(F)cc2)OCc2cc(C#N)ccc21|CNCCCC1(c2ccc(F)cc2)O[CH2:1]c2cc(C#N)ccc21|N#Cc1ccc2c(c1)COC2(CCCN[CH3:1])c1ccc(F)cc1|CNCC[CH2:1]C1(c2ccc(F)cc2)OCc2cc(C#N)ccc21|CNCCCC1(c2ccc(F)c[cH:1]2)OCc2cc(C#N)ccc21|CNCCCC1(c2ccc(F)cc2)OCc2cc([C:1]#[N:1])ccc21,CN[CH2:1]CCC1(c2ccc(F)cc2)OCc2cc(C#N)ccc21|C[NH:1]CCCC1(c2ccc(F)cc2)OCc2cc(C#N)ccc21,2,C1=C(C2(CC[CH2:1]NC)OCC3=CC(C#N)=CC=C23)C=CC(F)=C1|C1=C(C2(CC[CH2:1]NC)OCC3=CC(C#N)=CC=C23)C=CC(F)=C1|CN[CH2:1]CCC1(C2=CC=C(F)C=C2)OCC2=CC(C#N)=CC=C12|CNCCCC1(C2=CC=C(F)C=C2)O[CH2:1]C2=CC(C#N)=CC=C12|CNCCCC1(C2=CC=C(F)C=C2)O[CH2:1]C2=CC(C#N)=CC=C12|C1=C(C2(CCCNC)O[CH2:1]C3=CC(C#N)=CC=C23)C=CC(F)=C1|C1=C(C2(CCCNC)O[CH2:1]C3=CC(C#N)=CC=C23)C=CC(F)=C1|[CH3:1]NCCCC1(C2=CC=C(F)C=C2)OCC2=CC(C#N)=CC=C12|CNCCCC1(C2=CC=C(F)C=C2)O[CH2:1]C2=CC(C#N)=CC=C12|O1C(C2=CC=C(F)C=C2)(CC[CH2:1]NC)C2=CC=C(C#N)C=C2C1|O1C(C2=CC=C(F)C=C2)(CC[CH2:1]NC)C2=CC=C(C#N)C=C2C1|C[NH:1]CCCC1(C2=CC=C(F)C=C2)OCC2=CC(C#N)=CC=C12|C1=C(C2(CCCNC)OCC3=CC([C:1]#N)=CC=C23)C=CC(F)=C1|C1=C(C2(CCCNC)OCC3=CC([C:1]#N)=CC=C23)C=CC(F)=C1|C[NH:1]CCCC1(C2=CC=C(F)C=C2)OCC2=CC(C#N)=CC=C12|C1=C(C2(CC[CH2:1]NC)OCC3=CC(C#N)=CC=C23)C=CC(F)=C1|O1C(C2=CC=C(F)C=C2)(CC[CH2:1]NC)C2=CC=C(C#N)C=C2C1|O1C(C2=CC=C(F)C=C2)(CC[CH2:1]NC)C2=CC=C(C#N)C=C2C1|CNCCCC1(C2=CC=C(F)C=C2)OCC2=CC(C#N)=[CH:1]C=C12|[CH2:1]1OC(CCCNC)(C2=CC=C(F)C=C2)C2=C1C=C(C#N)C=C2|O1C(C2=CC=C(F)C=C2)(CC[CH2:1]NC)C2=CC=C(C#N)C=C2C1
CNCCC[C@@]1(C2=CC=C(F)C=C2)OCC2=CC(C#N)=CC=C12,C[NH:1]CCC[C@@]1(c2ccc(F)cc2)OCc2cc(C#N)ccc21|CN[CH2:1]CC[C@@]1(c2ccc(F)cc2)OCc2cc(C#N)ccc21|CNCCC[C@@]1(c2ccc(F)[cH:1]c2)OCc2cc(C#N)ccc21|CNCCC[C@@]1(c2ccc(F)cc2)O[CH2:1]c2cc(C#N)ccc21|CNC[CH2:1]C[C@@]1(c2ccc(F)cc2)OCc2cc(C#N)ccc21|C[NH:1][CH2:1]CC[C@@]1(c2ccc(F)cc2)OCc2cc(C#N)ccc21|N#Cc1ccc2c(c1)CO[C@]2(CCCN[CH3:1])c1ccc(F)cc1|CNCCC[C@@]1(c2ccc(F)cc2)OCc2cc([C:1]#[N:1])ccc21|CNCC[CH2:1][C@@]1(c2ccc(F)cc2)OCc2cc(C#N)ccc21|CNCCC[C@@]1(c2ccc(F)c[cH:1]2)OCc2cc(C#N)ccc21,CN[CH2:1]CC[C@@]1(c2ccc(F)cc2)OCc2cc(C#N)ccc21,1,C1=C([C@]2(CC[CH2:1]NC)OCC3=CC(C#N)=CC=C23)C=CC(F)=C1|C1=C([C@]2(CC[CH2:1]NC)OCC3=CC(C#N)=CC=C23)C=CC(F)=C1|CN[CH2:1]CC[C@@]1(C2=CC=C(F)C=C2)OCC2=CC(C#N)=CC=C12|O1[C@](C2=CC=C(F)C=C2)(CCCNC)C2=CC=C(C#N)C=C2[CH2:1]1|C[NH:1]CCC[C@@]1(C2=CC=C(F)C=C2)OCC2=CC(C#N)=CC=C12|[CH3:1]NCCC[C@@]1(C2=CC=C(F)C=C2)OCC2=CC(C#N)=CC=C12|C1=C([C@]2(CCCNC)O[CH2:1]C3=CC(C#N)=CC=C23)C=CC(F)=C1|C1=C([C@]2(CCCNC)O[CH2:1]C3=CC(C#N)=CC=C23)C=CC(F)=C1|C1=C([C@]2(CCCNC)OCC3=CC([C:1]#N)=CC=C23)C=CC(F)=C1|C1=C([C@]2(CCCNC)OCC3=CC([C:1]#N)=CC=C23)C=CC(F)=C1|CNCCC[C@@]1(C2=CC=C(F)C=C2)O[CH2:1]C2=CC(C#N)=CC=C12|CN[CH2:1]CC[C@@]1(C2=CC=C(F)C=C2)OCC2=CC(C#N)=CC=C12|CNCCC[C@@]1(C2=CC=C(F)C=C2)OCC2=CC(C#N)=[CH:1]C=C12|C[NH:1]CCC[C@@]1(C2=CC=C(F)C=C2)OCC2=CC(C#N)=CC=C12|CNCCC[C@@]1(C2=CC=C(F)C=C2)O[CH2:1]C2=CC(C#N)=CC=C12|CN[CH2:1]CC[C@@]1(C2=CC=C(F)C=C2)OCC2=CC(C#N)=CC=C12|C1=C([C@]2(CCC[NH:1][CH3:2])OCC3=CC(C#N)=CC=C23)C=CC(F)=C1|FC1=CC=C([C@@]2(CCCNC)C3=CC=C(C#N)C=C3CO2)C=[CH:1]1|O1[C@](C2=CC=C(F)C=C2)(CCCNC)C2=CC=C(C#N)C=C2[CH2:1]1|N#CC1=CC=C2C(=C1)CO[C@@]2(CC[CH2:1]NC)C1=CC=C(F)C=C1|N#CC1=CC=C2C(=C1)CO[C@@]2(CC[CH2:1]NC)C1=CC=C(F)C=C1
COC1=C(OCCCN2CCOCC2)C=CC2=C1N=C(NC(=O)C1=CN=C(N)N=C1)N1CCN=C21,C[O:1]c1c(OCCCN2CCOCC2)ccc2c1N=C(NC(=O)c1cnc(N)nc1)N1CCN=C21|COc1c(OCCC[N:1]2CCOCC2)ccc2c1N=C(NC(=O)c1cnc(N)nc1)N1CCN=C21|COc1c(OCC[CH2:1]N2CCOCC2)ccc2c1N=C(NC(=O)c1cnc(N)nc1)N1CCN=C21|COc1c(OCCCN2CC[O:1]CC2)ccc2c1N=C(NC(=O)c1cnc(N)nc1)N1CCN=C21|COc1c(OCCCN2CCOCC2)ccc2c1N=C(NC(=O)c1cnc(N)nc1)N1CC[N:1]=[C:1]21|COc1c(OCCCN2CCOCC2)ccc2c1N=C(NC(=O)c1cnc(N)nc1)N1C[CH2:1]N=C21|COc1c(OCCCN2CCOC[CH2:1]2)ccc2c1N=C(NC(=O)c1cnc(N)nc1)N1CCN=C21|COc1c(OCCC[N:1]2CCOC[CH2:1]2)ccc2c1N=C(NC(=O)c1cnc(N)nc1)N1CCN=C21|COc1c(OCCCN2CCOCC2)c[cH:1]c2c1N=C(NC(=O)c1cnc(N)nc1)N1CCN=C21|COc1c(OCCCN2CCO[CH2:1]C2)ccc2c1N=C(NC(=O)c1cnc(N)nc1)N1CCN=C21,COc1c(OCCC[N:1]2CC[O:1]CC2)ccc2c1N=C(NC(=O)c1cnc(N)nc1)N1CCN=C21|COc1c(OCCC[N:1]2CC[O:1][CH2:1]C2)ccc2c1N=C(NC(=O)c1cnc(N)nc1)N1CCN=C21|COc1c(OCCC[N:1]2CC[O:1][CH2:1][CH2:1]2)ccc2c1N=C(NC(=O)c1cnc(N)nc1)N1CCN=C21|COc1c(OCC[CH2:1]N2CC[O:1]CC2)ccc2c1N=C(NC(=O)c1cnc(N)nc1)N1CCN=C21|COc1c([O:1]CCCN2CCOCC2)ccc2c1N=C(NC(=O)c1cnc(N)nc1)N1CCN=C21,5,COC1=C(O[CH2:1]CCN2CCOCC2)C=CC2=C1N=C(NC(=O)C1=CN=C(N)N=C1)N1CCN=C21|COC1=C(OCCCN2CCOCC2)C=CC2=C1N=C(N[C:1](=O)C1=CN=C(N)N=C1)N1CCN=C21|COC1=C(OCCCN2CCOCC2)C=CC2=C1N=C(NC(=O)C1=CN=C(N)N=[CH:1]1)N1CCN=C21|COC1=C(OCCCN2CCOCC2)C=CC2=C1N=C(NC(=O)C1=CN=C(N)N=C1)N1C[CH2:1]N=C21|COC1=C(OCC[CH2:1]N2CCOCC2)C=CC2=C1N=C(NC(=O)C1=CN=C(N)N=C1)N1CCN=C21|C12=NC[CH2:1]N1C(NC(=O)C1=CN=C(N)N=C1)=NC1=C2C=CC(OCCCN2CCOCC2)=C1OC|COC1=C(OCCCN2CCO[CH2:1]C2)C=CC2=C1N=C(NC(=O)C1=CN=C(N)N=C1)N1CCN=C21|COC1=C(OCCCN2CCOC[CH2:1]2)C=CC2=C1N=C(NC(=O)C1=CN=C(N)N=C1)N1CCN=C21|COC1=C(OCCC[N:1]2CCOCC2)C=CC2=C1N=C(NC(=O)C1=CN=C(N)N=C1)N1CCN=C21|COC1=C(OCCC[N:1]2CCOCC2)C=CC2=C1N=C(NC(=O)C1=CN=C(N)N=C1)N1CCN=C21|COC1=C(OCCCN2CCOC[CH2:1]2)C=CC2=C1N=C(NC(=O)C1=CN=C(N)N=C1)N1CCN=C21|C12=N[CH2:1]CN1C(NC(=O)C1=CN=C(N)N=C1)=NC1=C2C=CC(OCCCN2CCOCC2)=C1OC|O=C(NC1=NC2=C(C=CC(OC[CH2:1]CN3CCOCC3)=C2OC)C2=NCCN12)C1=CN=C(N)N=C1|O(C1=C(OC)C2=C(C=C1)[C:1]1=NCCN1C(NC(C1=CN=C(N)N=C1)=O)=N2)CCCN1CCOCC1|COC1=C(OCCCN2CCOCC2)C=CC2=C1N=C(NC(=O)C1=CN=C(N)N=C1)N1[CH2:1]CN=C21|O=C(NC1=NC2=C(C=CC(OCCCN3CCOCC3)=C2OC)C2=NCCN12)C1=CN=C(N)[N:1]=C1|O=C(NC1=NC2=C(C=CC(OCCCN3CCOCC3)=C2OC)C2=NCCN12)C1=CN=C(N)[N:1]=C1|C12=NCCN1C(NC(=O)C1=CN=C(N)N=C1)=NC1=C2C=CC(OCC[CH2:1]N2CCOCC2)=C1OC|C1=NC(N)=NC=C1C(NC1=NC2=C(OC)C(OCCCN3CCO[CH2:1]C3)=CC=C2C2=NCCN12)=O|C1N2C(NC(C3=CN=C(N)N=C3)=O)=NC3=C(OC)C(OCCCN4CCOCC4)=CC=C3C2=[N:1]C1
COC1=CC(C)=C2NC=CC2=C1CN1CC[C@H](O)C[C@H]1C1=CC=C(C(=O)O)C=C1,COc1cc(C)c2[nH]ccc2c1CN1CC[C@H](O)C[C@H]1c1ccc(C(=O)[OH:1])cc1|COc1cc(C)c2[nH]ccc2c1CN1CC[C@H]([OH:1])C[C@H]1c1ccc(C(=O)O)cc1|COc1cc([CH3:1])c2[nH]ccc2c1CN1CC[C@H](O)C[C@H]1c1ccc(C(=O)O)cc1|COc1cc(C)[c:1]2[nH:1][cH:1][cH:1][c:1]2c1CN1CC[C@H](O)C[C@H]1c1ccc(C(=O)O)cc1|COc1cc(C)c2[nH][cH:1]cc2c1CN1CC[C@H](O)C[C@H]1c1ccc(C(=O)O)cc1|Cc1cc([O:1]C)c2[nH]ccc2c1CN1CC[C@H](O)C[C@H]1c1ccc(C(=O)O)cc1|COc1cc(C)c2[nH]ccc2c1CN1CC[C@H:1]([OH:1])C[C@H]1c1ccc(C(=O)O)cc1|COc1cc(C)c2[nH]ccc2c1C[N:1]1CC[C@H](O)C[C@H]1c1ccc(C(=O)O)cc1|COc1cc(C)c2[nH]ccc2c1CN1CC[C@H](O)C[C@H]1c1ccc(C(=O)O)c[cH:1]1|Cc1cc([O:1]C)c(CN2CC[C@H](O)C[C@H]2c2ccc(C(=O)O)cc2)c2cc[nH]c1,COc1cc(C)c2[nH]ccc2c1CN1CC[C@H](O)C[C@H]1c1ccc(C(=O)[OH:1])cc1,1,COC1=CC([CH3:1])=C2NC=CC2=C1CN1CC[C@H](O)C[C@H]1C1=CC=C(C(=O)O)C=C1|C1=CC([C@H]2N(CC3=C(OC)C=C(C)C4=C3C=CN4)CC[C@H](O)C2)=CC=C1[C:1]([OH:2])=O|N1C2=C(C)C=C(OC)C(CN3CC[C@H](O)C[C@H]3C3=CC=C(C(=O)[OH:1])C=C3)=C2C=C1|COC1=[CH:1]C(C)=C2NC=CC2=C1CN1CC[C@H](O)C[C@H]1C1=CC=C(C(=O)O)C=C1|N1C2=C(C)C=C(OC)C(CN3CC[C@H]([OH:1])C[C@H]3C3=CC=C(C(=O)O)C=C3)=C2C=C1|C1=C([C@@H]2C[C@@H](O)CCN2CC2=C(OC)C=C(C)C3=C2C=CN3)C=CC([C:1]([OH:2])=O)=C1|COC1=CC(C)=C2NC=CC2=C1CN1CC[C@H]([OH:1])C[C@H]1C1=CC=C(C(=O)O)C=C1|COC1=CC(C)=C2N[CH:1]=CC2=C1CN1CC[C@H](O)C[C@H]1C1=CC=C(C(=O)O)C=C1|N1C2=C(C)C=C(OC)C(CN3CC[C@H](O)C[C@H]3C3=CC=C(C(=O)O)C=C3)=C2[CH:1]=C1|COC1=CC(C)=C2N[CH:1]=[CH:2]C2=C1CN1CC[C@H](O)C[C@H]1C1=CC=C(C(=O)O)C=C1|COC1=CC(C)=C2N[CH:1]=CC2=C1CN1CC[C@H](O)C[C@H]1C1=CC=C(C(=O)O)C=C1|COC1=CC(C)=C2NC=CC2=C1CN1CC[C@H](O)C[C@H]1C1=CC=C(C(=O)[OH:1])C=C1|N1C2=C(C)C=C(OC)C(CN3CC[C@H](O)C[C@H]3C3=CC=C(C(=O)O)[CH:1]=C3)=C2C=C1|COC1=CC(C)=C2NC=CC2=C1CN1CC[C@H](O)C[C@H]1C1=CC=C(C(=O)[OH:1])C=C1|[NH:1]1C2=C(C)C=C(OC)C(CN3CC[C@H](O)C[C@H]3C3=CC=C(C(=O)O)C=C3)=C2C=C1
COC1=CC(NC2=C(C#N)C=NC3=CC(OCCCN4CCN(C)CC4)=C(OC)C=C23)=C(Cl)C=C1Cl,COc1cc(Nc2c(C#N)cnc3cc(OCCCN4CC[N:1](C)CC4)c(OC)cc23)c(Cl)cc1Cl|COc1cc(Nc2c(C#N)cnc3cc(OCCC[N:1]4CC[N:1](C)CC4)c(OC)cc23)c(Cl)cc1Cl|COc1cc(Nc2c(C#N)cnc3cc(OCCC[N:1]4CCN(C)CC4)c(OC)cc23)c(Cl)cc1Cl|COc1cc(Nc2c(C#N)cnc3cc(OCCCN4CCN(C)CC4)c([O:1]C)cc23)c(Cl)cc1Cl|COc1cc(Nc2c(C#N)cnc3cc(OCC[CH2:1]N4CCN(C)CC4)c(OC)cc23)c(Cl)cc1Cl|COc1cc(Nc2c(C#N)cnc3cc(OCCCN4CCN(C)C[CH2:1]4)c(OC)cc23)c(Cl)cc1Cl|COc1cc(Nc2c(C#N)cnc3cc(OCCCN4CCN(C)[CH2:1]C4)c(OC)cc23)c(Cl)cc1Cl|COc1cc(Nc2c(C#N)c[n:1]c3cc(OCCCN4CCN(C)CC4)c(OC)cc23)c(Cl)cc1Cl|COc1cc2ncc(C#N)c(Nc3cc([O:1]C)c(Cl)cc3Cl)c2cc1OCCCN1CCN(C)CC1|COc1cc(Nc2c(C#N)cnc3cc(OCCCN4CCN(C)CC4)c(OC)cc23)c(Cl)[cH:1]c1Cl,COc1cc(Nc2c(C#N)cnc3cc(OCCCN4CCN(C)CC4)c(OC)cc23)c(Cl)cc1Cl|COc1cc(Nc2c(C#N)cnc3cc(OCCCN4CC[N:1](C)CC4)c(OC)cc23)c(Cl)cc1Cl,2,COC1=CC(NC2=C(C#N)C=NC3=CC(OCCCN4CC[N:1](C)CC4)=C(OC)C=C23)=C(Cl)C=C1Cl|COC1=CC(NC2=C(C#N)C=NC3=CC(OCCCN4CC[N:1](C)CC4)=C(OC)C=C23)=C(Cl)C=C1Cl|COC1=CC(NC2=C(C#N)C=NC3=CC(OCCCN4CCN(C)C[CH2:1]4)=C(OC)C=C23)=C(Cl)C=C1Cl|COC1=CC(NC2=C(C#N)C=NC3=CC(OCCCN4CCN(C)[CH2:1]C4)=C(OC)C=C23)=C(Cl)C=C1Cl|COC1=CC(NC2=C(C#N)C=NC3=CC(OCC[CH2:1]N4CCN(C)CC4)=C(OC)C=C23)=C(Cl)C=C1Cl|COC1=CC(NC2=C(C#N)C=NC3=CC(OCCCN4CCN(C)CC4)=C(OC)C=C23)=C(Cl)[CH:1]=C1Cl|COC1=CC(NC2=C(C#N)[CH:1]=NC3=CC(OCCCN4CCN(C)CC4)=C(OC)C=C23)=C(Cl)C=C1Cl|N1(C)CCN(CCCOC2=C(OC)C=C3C(NC4=CC(OC)=C(Cl)C=C4Cl)=C(C#N)C=NC3=C2)[CH2:1]C1|COC1=[CH:1]C(NC2=C(C#N)C=NC3=CC(OCCCN4CCN(C)CC4)=C(OC)C=C23)=C(Cl)C=C1Cl|COC1=CC(NC2=C(C#N)C=NC3=CC(OCC[CH2:1]N4CCN(C)CC4)=C(OC)C=C23)=C(Cl)C=C1Cl|COC1=CC(NC2=C(C#N)C=NC3=CC(OCCC[N:1]4CCN(C)CC4)=C(OC)C=C23)=C(Cl)C=C1Cl|COC1=CC(NC2=C(C#N)C=NC3=CC(OCCC[N:1]4CCN(C)CC4)=C(OC)C=C23)=C(Cl)C=C1Cl|N1(C)CCN(CCCOC2=C(OC)C=C3C(NC4=CC(OC)=C(Cl)C=C4Cl)=C(C#N)C=NC3=C2)C[CH2:1]1|CN1CCN(CCCOC2=[CH:1]C3=NC=C(C#N)C(NC4=C(Cl)C=C(Cl)C(OC)=C4)=C3C=C2OC)CC1|COC1=CC(NC2=C(C#N)C=NC3=CC(O[CH2:1]CCN4CCN(C)CC4)=C(OC)C=C23)=C(Cl)C=C1Cl
COC1=CC(OC)=CC(N(CCNC(C)C)C2=CC=C3N=CC(C4=CN(C)N=C4)=NC3=C2)=C1,COc1cc(OC)cc(N(CC[NH:1]C(C)C)c2ccc3ncc(-c4cnn(C)c4)nc3c2)c1|COc1cc(OC)cc([N:1](CCNC(C)C)c2ccc3ncc(-c4cnn(C)c4)nc3c2)c1|COc1cc(N(CCNC(C)C)c2ccc3ncc(-c4cnn(C)c4)nc3c2)cc([O:1]C)c1|COc1cc(OC)cc(N(CCNC(C)[CH3:1])c2ccc3ncc(-c4cnn(C)c4)nc3c2)c1|COc1cc(OC)[cH:1]c(N(CCNC(C)C)c2ccc3ncc(-c4cnn(C)c4)nc3c2)c1|COc1cc(OC)cc(N(CCNC(C)C)c2ccc3ncc(-c4cnn([CH3:1])c4)nc3c2)c1|CC(C)NCCN(c1ccc2ncc(-c3cnn(C)c3)nc2c1)c1cc([O:1]C)cc([O:1]C)c1|COc1cc(OC)cc(N(CCNC(C)C)c2ccc3ncc(-c4cn[n:1](C)c4)nc3c2)c1|COc1cc(OC)cc(N(CCNC(C)C)c2ccc3n[cH:1]c(-c4cnn(C)c4)nc3c2)c1|COc1cc(O[CH3:1])cc(N(CCNC(C)C)c2ccc3ncc(-c4cnn(C)c4)nc3c2)c1,COc1cc(N(CCNC(C)C)c2ccc3ncc(-c4cnn(C)c4)nc3c2)cc([O:1]C)c1|COc1cc(OC)cc([N:1](CCNC(C)C)c2ccc3ncc(-c4cnn(C)c4)nc3c2)c1,2,COC1=CC(OC)=CC(N([CH2:1]CNC(C)C)C2=CC=C3N=CC(C4=CN(C)N=C4)=NC3=C2)=C1|COC1=CC(OC)=CC(N(C[CH2:1]NC(C)C)C2=CC=C3N=CC(C4=CN(C)N=C4)=NC3=C2)=C1|COC1=CC(OC)=[CH:1]C(N(CCNC(C)C)C2=CC=C3N=CC(C4=CN(C)N=C4)=NC3=C2)=C1|COC1=[CH:1]C(OC)=CC(N(CCNC(C)C)C2=CC=C3N=CC(C4=CN(C)N=C4)=NC3=C2)=C1|COC1=CC(OC)=C[C:1](N(CCNC(C)C)C2=CC=C3N=CC(C4=CN(C)N=C4)=NC3=C2)=C1|COC1=CC(OC)=CC(N(CCNC(C)C)C2=CC=C3N=[CH:1]C(C4=CN(C)N=C4)=NC3=C2)=C1|COC1=CC(OC)=CC(N(CCNC(C)C)C2=CC=C3N=[CH:1]C(C4=CN(C)N=C4)=NC3=C2)=C1|N1=C2C(=NC(C3=CN(C)N=C3)=C1)C=C(N(C1=CC(OC)=CC(OC)=C1)CCNC(C)C)C=[CH:1]2|N1=C2C(=NC(C3=CN(C)N=C3)=C1)C=C(N(C1=CC(OC)=CC(OC)=C1)CCNC(C)C)[CH:1]=C2|N1=C2C(=NC(C3=CN(C)N=C3)=C1)C=C(N(C1=CC(OC)=CC(OC)=C1)C[CH2:1]NC(C)C)C=C2|COC1=CC(OC)=CC(N(CCNC(C)[CH3:1])C2=CC=C3N=CC(C4=CN(C)N=C4)=NC3=C2)=C1|COC1=CC(OC)=CC(N(CCN[CH:1](C)C)C2=CC=C3N=CC(C4=CN(C)N=C4)=NC3=C2)=C1|COC1=CC(OC)=CC([N:1](CCNC(C)C)C2=CC=C3N=CC(C4=CN(C)N=C4)=NC3=C2)=C1|COC1=CC(OC)=CC([N:1](CCNC(C)C)C2=CC=C3N=CC(C4=CN(C)N=C4)=NC3=C2)=C1|C(NCCN(C1=CC(OC)=CC(OC)=C1)[C:1]1=CC2=C(C=C1)N=CC(C1=CN(C)N=C1)=N2)(C)C|COC1=CC(OC)=CC(N(CCNC(C)C)C2=CC=C3N=CC(C4=CN(C)N=C4)=NC3=[CH:1]2)=C1|C1=NC2=CC=C(N(CCNC(C)C)C3=CC(OC)=CC(OC)=C3)C=C2N=C1C1=CN(C)N=[CH:1]1|COC1=CC(OC)=CC(N(CCNC(C)C)C2=CC=C3[N:1]=CC(C4=CN(C)N=C4)=NC3=C2)=C1|COC1=CC(OC)=CC(N(CCNC(C)C)C2=CC=C3[N:1]=CC(C4=CN(C)N=C4)=NC3=C2)=C1
COC1=CC2=C(C(OC)=C1OC)C1=CC=C(OC)C(=O)C=C1[C@@H](NC(C)=O)CC2,COc1cc2c(c(OC)c1OC)-c1ccc([O:1]C)c(=O)cc1[C@@H](NC(C)=O)CC2|COc1cc2c(c(OC)c1[O:1]C)-c1ccc(OC)c(=O)cc1[C@@H](NC(C)=O)CC2|COc1cc2c(c([O:1]C)c1OC)-c1ccc(OC)c(=O)cc1[C@@H](NC(C)=O)CC2|COc1c([O:1]C)cc2c(c1OC)-c1ccc(OC)c(=O)cc1[C@@H](NC(C)=O)CC2|COc1cc2c(c(OC)c1OC)-c1ccc(OC)c(=O)cc1[C@@H]([NH:1]C(C)=O)CC2|COc1cc2c(c(OC)c1OC)-c1ccc(OC)c(=O)cc1[C@@H]([NH:1][C:1](C)=[O:1])CC2|COc1cc2c(c(OC)c1OC)-c1ccc(O[CH3:1])c(=O)cc1[C@@H](NC(C)=O)CC2|COc1cc2c(c(OC)c1OC)-c1ccc([O:1]C)c(=O)cc1[C@@H]([NH:1][C:1](C)=[O:1])CC2|COc1cc2c(c(OC)c1OC)-c1ccc(OC)c(=O)cc1[C@@H]([NH:1][C:1](C)=O)CC2|COc1c([O:1]C)cc2c(c1OC)-c1ccc(OC)c(=O)cc1[C@@H]([NH:1][C:1](C)=[O:1])CC2,COc1cc2c(c(OC)c1OC)-c1ccc([O:1]C)c(=O)cc1[C@@H](NC(C)=O)CC2,1,COC1=CC2=C(C(OC)=C1OC)C1=CC=C(OC)C(=O)C=C1[C@@H](NC(C)=O)[CH2:1]C2|COC1=CC2=C(C(OC)=C1OC)C1=CC=C(OC)C(=O)C=C1[C@@H](NC(C)=O)C[CH2:1]2|COC1=CC2=C(C(OC)=C1OC)C1=CC=C(OC)C(=O)C=C1[C@@H](NC(C)=O)C[CH2:1]2|O(C1=C2C(=CC(OC)=C1OC)CC[C@H](NC(C)=O)C1=CC(=O)C(OC)=C[CH:1]=C21)C|O(C1=C2C(=CC(OC)=C1OC)CC[C@H](NC(C)=O)C1=CC(=O)C(OC)=[CH:1]C=C21)C|COC1=CC2=C(C(OC)=C1OC)C1=C[CH:1]=C(OC)C(=O)C=C1[C@@H](NC(C)=O)CC2|COC1=[CH:1]C2=C(C(OC)=C1OC)C1=CC=C(OC)C(=O)C=C1[C@@H](NC(C)=O)CC2|COC1=CC2=C(C(OC)=C1OC)C1=CC=C(OC)C(=O)C=C1[C@@H](NC(C)=O)C[CH2:1]2|COC1=CC2=C(C(OC)=C1OC)C1=CC=C(OC)C(=O)C=C1[C@@H:1](NC(C)=O)CC2|COC1=CC2=C(C(OC)=C1OC)C1=CC=C(OC)C(=O)C=C1[C@@H](NC(C)=O)C[CH2:1]2
COC1=CC2=C(C=C1OC)[C@H]1C[C@@H](O)[C@H](CC(C)C)CN1CC2,COc1cc2c(cc1[O:1]C)[C@H]1C[C@@H](O)[C@H](CC(C)C)CN1CC2|COc1cc2c(cc1OC)[C@H]1C[C@@H:1]([OH:1])[C@H](CC(C)C)CN1CC2|COc1cc2c(cc1OC)[C@H]1C[C@@H](O)[C@H](CC(C)[CH3:1])CN1CC2|COc1cc2c(cc1OC)[C@H]1C[C@@H]([OH:1])[C@H](CC(C)C)CN1CC2|COc1cc2c(cc1OC)[C@H]1C[C@@H](O)[C@H](C[CH:1](C)C)CN1CC2|COc1cc2c(cc1OC)[C@H]1C[C@@H](O)[C@H](CC(C)C)C[N:1]1CC2|COc1cc2c(cc1OC)[C@H]1C[C@@H](O)[C@H](C[CH:1](C)[CH3:1])CN1CC2|COc1cc2c([cH:1]c1OC)[C@H]1C[C@@H](O)[C@H](CC(C)C)CN1CC2|COc1cc2c(cc1OC)[C@H]1C[C@@H:1](O)[C@H](CC(C)C)CN1CC2|COc1cc2c(cc1OC)[C@H]1C[C@@H](O)[C@H](CC(C)C)[CH2:1]N1CC2,COc1cc2c(cc1[O:1]C)CCN1C[C@@H](CC(C)C)[C@H](O)C[C@H]21|COc1cc2c(cc1[O:1]C)[C@H]1C[C@@H](O)[C@H](CC(C)C)CN1CC2,2,COC1=CC2=C(C=C1OC)[C@H]1C[C@@H](O)[C@H](C[CH:1](C)C)CN1CC2|COC1=CC2=C(C=C1OC)[C@H]1C[C@@H](O)[C@H](CC(C)[CH3:1])CN1CC2|COC1=CC2=C(C=C1OC)[C@H]1C[C@@H](O)[C@H](CC(C)C)CN1C[CH2:1]2|COC1=CC2=C(C=C1OC)[C@H]1C[C@@H](O)[C@H](C[CH:1](C)C)CN1CC2|COC1=CC2=C(C=C1OC)[C@H]1C[C@@H](O)[C@H](CC(C)C)CN1C[CH2:1]2|COC1=CC2=C(C=C1OC)[C@H]1C[C@@H](O)[C@H](CC(C)C)CN1C[CH2:1]2|COC1=CC2=C(C=C1OC)[C@H]1C[C@@H](O)[C@H](CC(C)[CH3:1])CN1CC2
COC1=CC=C(C[C@@H](C)NCCOC2=CC=CC=C2O)C=C1S(N)(=O)=O,COc1ccc(C[C@@H](C)NCCOc2ccccc2[OH:1])cc1S(N)(=O)=O|COc1ccc(C[C@@H](C)NCCOc2cc[cH:1]cc2O)cc1S(N)(=O)=O|COc1ccc(C[C@@H](C)NCCOc2cccc[c:1]2O)cc1S(N)(=O)=O|COc1ccc(C[C@@H](C)NCCOc2ccc[cH:1]c2O)cc1S(N)(=O)=O|COc1ccc(C[C@@H](C)NCCOc2c[cH:1]ccc2O)cc1S(N)(=O)=O|COc1ccc(C[C@@H](C)[NH:1]CCOc2ccccc2O)cc1S(N)(=O)=O|COc1ccc(C[C@@H](C)NCCOc2ccccc2[OH:1])cc1[S:1](N)(=O)=O|COc1ccc(C[C@@H](C)NCC[O:1]c2ccccc2O)cc1S(N)(=O)=O|COc1ccc(C[C@@H](C)NCCOc2ccccc2O)cc1S(=O)(=O)[NH2:1]|C[C@H](Cc1ccc([O:1]C)c(S(N)(=O)=O)c1)NCCOc1ccccc1,COc1ccc(C[C@@H](C)NCCOc2ccccc2[OH:1])cc1S(N)(=O)=O,1,COC1=CC=C(C[C@@H](C)NCCOC2=CC=CC=C2[OH:1])C=C1S(N)(=O)=O|COC1=CC=C(C[C@@H](C)NCCOC2=CC=[CH:1]C=C2O)C=C1S(N)(=O)=O|C1=C(OC)C(S(=O)(=O)N)=CC(C[C@@H](C)NCCOC2=C(O)[CH:1]=CC=C2)=C1|C1=C(OC)C([S:1](=O)(=O)N)=CC(C[C@@H](C)NCCOC2=C(O)C=CC=C2)=C1|COC1=CC=C(C[C@@H](C)NCCOC2=C[CH:1]=CC=C2O)C=C1S(N)(=O)=O|COC1=CC=C(C[C@@H](C)NCCOC2=CC=CC=C2[OH:1])C=C1S(N)(=O)=O|COC1=CC=C(C[C@@H](C)NCCOC2=CC=CC=C2[OH:1])C=C1S(N)(=O)=O|C1=C(OC)C(S(=O)(=O)N)=CC(C[C@@H](C)NCCOC2=C(O)C=CC=[CH:1]2)=C1|COC1=CC=C(C[C@@H](C)N[CH2:1]COC2=CC=CC=C2O)C=C1S(N)(=O)=O|COC1=CC=C(C[C@@H](C)NCCOC2=CC=CC=C2[OH:1])C=C1S(N)(=O)=O|C1(C[C@H](NC[CH2:1]OC2=CC=CC=C2O)C)=CC(S(=O)(N)=O)=C(OC)C=C1|COC1=CC=C(C[C@@H](C)NCCOC2=CC=CC=C2[OH:1])C=C1S(N)(=O)=O|OC1=C(OCCN[C@H:1](C)CC2=CC(S(=O)(=O)N)=C(OC)C=C2)C=CC=C1
COC1=CC=C2N=C(S(=O)CC3=NC=C(C)C(OC)=C3C)NC2=C1,COc1c(C)cnc(CS(=O)c2nc3ccc([O:1]C)cc3[nH]2)c1C|COc1ccc2nc(S(=O)Cc3ncc([CH3:1])c(OC)c3C)[nH]c2c1|COc1ccc2nc([S:1](=O)Cc3ncc(C)c(OC)c3C)[nH]c2c1|COc1ccc2nc(S(=O)Cc3ncc(C)c(OC)c3[CH3:1])[nH]c2c1|COc1ccc2nc(S(=O)Cc3ncc(C)c([O:1]C)c3C)[nH]c2c1|COc1c(C)cnc(CS(=O)c2nc3c[cH:1]c(OC)cc3[nH]2)c1C|COc1ccc2nc(S(=O)Cc3n[cH:1]c(C)c(OC)c3C)[nH]c2c1|Cc1cnc(CS(=O)c2nc3ccc([O:1]C)cc3[nH]2)c(C)c1OC|COc1ccc2n[c:1](S(=O)Cc3ncc(C)c(OC)c3C)[nH:1]c2c1|COc1c[cH:1]c2nc(S(=O)Cc3ncc(C)c(OC)c3C)[nH]c2c1,COc1c(C)cnc(C[S:1](c2[n:1][c:1]3ccc([O:1]C)c[c:1]3[nH:1]2)=[O:1])c1C,1,COC1=CC=C2N=C([S:1](=O)CC3=NC=C(C)C(OC)=C3C)NC2=C1|COC1=CC=C2N=C(S(=O)CC3=NC=C(C)C(OC)=C3[CH3:1])NC2=C1|C1(S(=O)CC2=NC=C([CH3:1])C(OC)=C2C)=NC2=CC=C(OC)C=C2N1|COC1=[CH:1]C=C2N=C(S(=O)CC3=NC=C(C)C(OC)=C3C)NC2=C1|COC1=CC=C2N=C([S:1](=O)CC3=NC=C(C)C(OC)=C3C)NC2=C1|C1(S(=O)CC2=NC=C(C)C(OC)=C2C)=NC2=CC=C(OC)[CH:1]=C2N1|COC1=CC=C2N=C(S(=O)CC3=NC=C(C)C(OC)=C3C)[NH:1]C2=C1|C1(OC)=CC=C2N=C(S([CH2:1]C3=NC=C(C)C(OC)=C3C)=O)NC2=C1|C1(OC)=CC=C2N=C([S:1](CC3=NC=C(C)C(OC)=C3C)=O)NC2=C1|C1(OC)=CC=C2N=C([S:1](CC3=NC=C(C)C(OC)=C3C)=O)NC2=C1|C1(S(=O)CC2=NC=C(C)C(OC)=C2C)=NC2=CC=C(OC)C=C2[NH:1]1|COC1=C[CH:1]=C2N=C(S(=O)CC3=NC=C(C)C(OC)=C3C)NC2=C1
COC1=CC=CC2=C1C(=O)C1=C(O)C3=C(C(O)=C1C2=O)C[C@@](O)(C(=O)CO)CC3,C[O:1]c1cccc2c1C(=O)c1c(O)c3c(c(O)c1C2=O)C[C@@](O)(C(=O)CO)CC3|COc1cccc2c1C(=O)c1c(O)c3c(c(O)c1C2=O)C[C@@](O)([C:1](CO)=[O:1])CC3|COc1cccc2c1C(=O)c1c(O)c3c(c(O)c1C2=O)C[C@@](O)(C(=O)[CH2:1]O)CC3|COc1cccc2c1C(=O)c1c(O)c3c(c(O)c1C2=O)C[C@@](O)(C(=O)C[OH:1])CC3|COc1cccc2c1C(=O)c1c(O)c3c(c(O)c1C2=O)C[C@@](O)(C(=O)CO)C[CH2:1]3|COc1c[cH:1]cc2c1C(=O)c1c(O)c3c(c(O)c1C2=O)C[C@@](O)(C(=O)CO)CC3|COc1cccc2c1C(=O)c1c(O)c3c(c(O)c1C2=O)C[C@@](O)([C:1](=O)CO)CC3|COc1cccc2c1[C:1](=[O:1])c1c(O)c3c(c(O)c1C2=O)C[C@@](O)(C(=O)CO)CC3|COc1cccc2c1C(=O)c1c(O)c3c(c(O)c1C2=O)C[C@@](O)([C:1](=[O:1])[CH2:1]O)CC3|COc1cccc2c1C(=O)c1c(O)c3c(c([OH:1])c1C2=O)C[C@@](O)(C(=O)CO)CC3,COc1cccc2c1C(=O)c1c(O)c3c(c(O)c1C2=O)C[C@@](O)([C:1](CO)=[O:1])CC3,1,C12=C(OC)C=CC=C1C(=O)C1=C(O)C3=C(C(O)=C1C2=O)CC[C@@](C(CO)=O)(O)[CH2:1]3|COC1=CC=CC2=C1C(=O)C1=C(O)C3=C(C(O)=C1C2=O)C[C@@](O)(C(=O)CO)C[CH2:1]3|C1(O)=C2C(=C(O)C3=C1C(=O)C1=C(C(OC)=CC=[CH:1]1)C3=O)CC[C@](O)(C(CO)=O)C2|COC1=[CH:1]C=CC2=C1C(=O)C1=C(O)C3=C(C(O)=C1C2=O)C[C@@](O)(C(=O)CO)CC3|C12=C(OC)C=CC=C1C(=O)C1=C(O)C3=C(C(O)=C1C2=O)CC[C@@](C(CO)=O)(O)[CH2:1]3|COC1=C[CH:1]=CC2=C1C(=O)C1=C(O)C3=C(C(O)=C1C2=O)C[C@@](O)(C(=O)CO)CC3
COC1=CC=CC2=C1C(=O)C1=C(O)C3=C(C(O)=C1C2=O)C[C@@](O)(C(=O)CO)C[C@@H]3O[C@H]1C[C@H](N)[C@H](O)[C@H](C)O1,COc1cccc2c1C(=O)c1c(O)c3c(c(O)c1C2=O)C[C@@](O)([C:1](CO)=[O:1])C[C@@H]3O[C@H]1C[C@H](N)[C@H](O)[C@H](C)O1|COc1cccc2c1C(=O)c1c(O)c3c(c(O)c1C2=O)C[C@@](O)(C(=O)CO)C[C@@H:1]3O[C@H]1C[C@H](N)[C@H](O)[C@H](C)O1|COc1cccc2c1C(=O)c1c(O)c3c(c(O)c1C2=O)C[C@@](O)(C(=O)CO)C[C@@H]3[O:1][C@H]1C[C@H](N)[C@H](O)[C@H](C)O1|COc1cccc2c1C(=O)c1c(O)c3c(c(O)c1C2=O)C[C@@](O)(C(=O)[CH2:1]O)C[C@@H]3O[C@H]1C[C@H](N)[C@H](O)[C@H](C)O1|COc1cccc2c1C(=O)c1c(O)c3c(c(O)c1C2=O)C[C@@](O)(C(=O)C[OH:1])C[C@@H]3O[C@H]1C[C@H](N)[C@H](O)[C@H](C)O1|COc1cccc2c1C(=O)c1c(O)c3c(c(O)c1C2=O)C[C@@](O)([C:1](CO)=[O:1])C[C@@H:1]3O[C@H]1C[C@H](N)[C@H](O)[C@H](C)O1|COc1cccc2c1C(=O)c1c(O)c3c(c(O)c1C2=O)C[C@@](O)([C:1](=[O:1])[CH2:1]O)C[C@@H]3O[C@H]1C[C@H](N)[C@H](O)[C@H](C)O1|COc1cccc2c1C(=O)c1c(O)c3c(c(O)c1C2=O)C[C@@](O)(C(=O)CO)[CH2:1][C@@H]3O[C@H]1C[C@H](N)[C@H](O)[C@H](C)O1|COc1c[cH:1]cc2c1C(=O)c1c(O)c3c(c(O)c1C2=O)C[C@@](O)(C(=O)CO)C[C@@H]3O[C@H]1C[C@H](N)[C@H](O)[C@H](C)O1|COc1cccc2c1C(=O)c1c(O)c3c(c(O)c1C2=O)C[C@@](O)(C(=O)[CH2:1][OH:1])C[C@@H]3O[C@H]1C[C@H](N)[C@H](O)[C@H](C)O1,COc1cccc2c1C(=O)c1c(O)c3c(c(O)c1C2=O)C[C@@](O)(C(=O)CO)C[C@@H:1]3O[C@H]1C[C@H](N)[C@H](O)[C@H](C)O1|COc1cccc2c1[C:1](=[O:1])c1c(O)c3c(c(O)c1[C:1]2=[O:1])C[C@@](O)(C(=O)CO)C[C@@H]3O[C@H]1C[C@H](N)[C@H](O)[C@H](C)O1,2,COC1=CC=CC2=C1C(=O)C1=C(O)C3=C(C(O)=C1C2=O)C[C@@](O)(C(=O)CO)C[C@@H:1]3O[C@H]1C[C@H](N)[C@H](O)[C@H](C)O1|C12=C(O)C3=C(C(O)=C1C[C@](C(CO)=O)(O)C[C@@H]2O[C@@H]1O[C@@H](C)[C@@H](O)[C@@H]([NH2:1])C1)C(=O)C1=C(C(OC)=CC=C1)C3=O|C12=C(O)C3=C(C(O)=C1C[C@](C(CO)=O)(O)C[C@@H]2O[C@@H]1O[C@@H](C)[C@@H](O)[C@@H:1](N)C1)C(=O)C1=C(C(OC)=CC=C1)C3=O|COC1=CC=CC2=C1C(=O)C1=C(O)C3=C(C(O)=C1C2=O)C[C@@](O)(C(=O)CO)C[C@@H:1]3O[C@H]1C[C@H](N)[C@H](O)[C@H](C)O1|[C@H]1(O)[C@@H](N)C[C@H:1](O[C@@H]2C3=C(O)C4=C(C(O)=C3C[C@](C(=O)CO)(O)C2)C(=O)C2=C(C(OC)=CC=C2)C4=O)O[C@H]1C|C12=C(O)C3=C(C(O)=C1C[C@](C(CO)=O)(O)C[C@@H]2O[C@@H]1O[C@@H](C)[C@@H]([OH:1])[C@@H](N)C1)C(=O)C1=C(C(OC)=CC=C1)C3=O|[C@H]1(O)[C@@H](N)C[C@H](O[C@@H]2C3=C(O)C4=C(C(O)=C3C[C@](C(=O)CO)(O)C2)[C:1](=O)C2=C(C(OC)=CC=C2)C4=O)O[C@H]1C
COC1=CC=CC2=C1C(=O)C1=C(O)C3=C(C(O)=C1C2=O)C[C@@](O)(C(O)CO)CC3,C[O:1]c1cccc2c1C(=O)c1c(O)c3c(c(O)c1C2=O)C[C@@](O)(C(O)CO)CC3|COc1cccc2c1C(=O)c1c(O)c3c(c(O)c1C2=O)C[C@@](O)(C(O)[CH2:1]O)CC3|COc1cccc2c1C(=O)c1c(O)c3c(c(O)c1C2=O)C[C@@](O)(C(O)C[OH:1])CC3|COc1cccc2c1C(=O)c1c(O)c3c(c(O)c1C2=O)C[C@@](O)([CH:1](CO)[OH:1])CC3|COc1cccc2c1C(=O)c1c(O)c3c(c(O)c1C2=O)C[C@@](O)(C(O)CO)C[CH2:1]3|COc1cccc2c1C(=O)c1c(O)c3c(c(O)c1C2=O)C[C@@](O)([CH:1](O)CO)CC3|COc1cccc2c1C(=O)c1c(O)c3c(c(O)c1C2=O)C[C@@](O)(C(CO)[OH:1])CC3|COc1cccc2c1C(=O)c1c(O)c3c(c(O)c1C2=O)C[C@@](O)([CH:1](O)[CH2:1]O)CC3|COc1c[cH:1]cc2c1C(=O)c1c(O)c3c(c(O)c1C2=O)C[C@@](O)(C(O)CO)CC3|COc1cccc2c1C(=O)c1c(O)c3c(c(O)c1C2=O)C[C@@](O)(C(O)[CH2:1][OH:1])CC3,C[O:1]c1cccc2c1C(=O)c1c(O)c3c(c(O)c1C2=O)C[C@@](O)(C(O)CO)CC3,1,COC1=CC=CC2=C1C(=O)C1=C(O)C3=C(C(O)=C1C2=O)C[C@@](O)(C(O)CO)C[CH2:1]3|COC1=CC=[CH:1]C2=C1C(=O)C1=C(O)C3=C(C(O)=C1C2=O)C[C@@](O)(C(O)CO)CC3|COC1=C[CH:1]=CC2=C1C(=O)C1=C(O)C3=C(C(O)=C1C2=O)C[C@@](O)(C(O)CO)CC3|COC1=[CH:1]C=CC2=C1C(=O)C1=C(O)C3=C(C(O)=C1C2=O)C[C@@](O)(C(O)CO)CC3|C12=C(OC)C=CC=C1C(=O)C1=C(O)C3=C(C(O)=C1C2=O)[CH2:1]C[C@@](C(CO)O)(O)C3
COC1=CC=CC2=C1C(=O)C1=C(O)C3=C(C(O)=C1C2=O)C[C@@](O)([C@@H](O)CO)C[C@@H]3O[C@H]1C[C@H](N)[C@H](O)[C@H](C)O1,COc1cccc2c1C(=O)c1c(O)c3c(c(O)c1C2=O)C[C@@](O)([C@@H](O)[CH2:1]O)C[C@@H]3O[C@H]1C[C@H](N)[C@H](O)[C@H](C)O1|COc1cccc2c1C(=O)c1c(O)c3c(c(O)c1C2=O)C[C@@](O)([C@@H](O)CO)C[C@@H:1]3O[C@H]1C[C@H](N)[C@H](O)[C@H](C)O1|COc1cccc2c1C(=O)c1c(O)c3c(c(O)c1C2=O)C[C@@](O)([C@@H](O)CO)C[C@@H]3[O:1][C@H]1C[C@H](N)[C@H](O)[C@H](C)O1|COc1cccc2c1C(=O)c1c(O)c3c(c(O)c1C2=O)C[C@@](O)([C@H:1](CO)[OH:1])C[C@@H]3O[C@H]1C[C@H](N)[C@H](O)[C@H](C)O1|COc1cccc2c1C(=O)c1c(O)c3c(c(O)c1C2=O)C[C@@](O)([C@@H](O)C[OH:1])C[C@@H]3O[C@H]1C[C@H](N)[C@H](O)[C@H](C)O1|COc1cccc2c1C(=O)c1c(O)c3c(c(O)c1C2=O)C[C@@](O)([C@@H:1](O)CO)C[C@@H]3O[C@H]1C[C@H](N)[C@H](O)[C@H](C)O1|COc1cccc2c1C(=O)c1c(O)c3c(c(O)c1C2=O)C[C@@](O)([C@@H](O)[CH2:1][OH:1])C[C@@H]3O[C@H]1C[C@H](N)[C@H](O)[C@H](C)O1|COc1cccc2c1C(=O)c1c(O)c3c(c(O)c1C2=O)C[C@@](O)([C@@H:1]([OH:1])[CH2:1]O)C[C@@H]3O[C@H]1C[C@H](N)[C@H](O)[C@H](C)O1|COc1cccc2c1C(=O)c1c(O)c3c(c(O)c1C2=O)C[C@@](O)([C@@H:1](O)[CH2:1]O)C[C@@H]3O[C@H]1C[C@H](N)[C@H](O)[C@H](C)O1|COc1cccc2c1C(=O)c1c(O)c3c(c(O)c1C2=O)C[C@@](O)([C@@H](O)CO)[CH2:1][C@@H]3O[C@H]1C[C@H](N)[C@H](O)[C@H](C)O1,COc1cccc2c1C(=O)c1c(O)c3c(c(O)c1C2=O)C[C@@](O)([C@@H](O)CO)C[C@@H:1]3O[C@H]1C[C@H](N)[C@H](O)[C@H](C)O1|COc1cccc2c1C(=O)c1c(O)c3c(c(O)c1C2=O)C[C@@](O)([C@H:1](CO)[OH:1])C[C@@H]3[O:1][C@H]1C[C@H](N)[C@H](O)[C@H](C)O1,2,COC1=CC=CC2=C1C(=O)C1=C(O)C3=C(C(O)=C1C2=O)C[C@@](O)([C@@H](O)CO)C[C@@H:1]3O[C@H]1C[C@H](N)[C@H](O)[C@H](C)O1|C1=CC=C2C(=C1OC)C(=O)C1=C(C(O)=C3C(=C1O)[C@@H](O[C@@H]1O[C@@H](C)[C@@H]([OH:1])[C@@H](N)C1)C[C@](O)([C@H](CO)O)C3)C2=O|C1=CC=C2C(=C1OC)C(=O)C1=C(C(O)=C3C(=C1O)[C@@H](O[C@@H]1O[C@@H](C)[C@@H](O)[C@@H](N)C1)C[C@](O)([C@H](CO)[OH:1])C3)C2=O|[C@H]1(O[C@@H]2O[C@@H](C)[C@@H](O)[C@@H]([NH2:1])C2)C[C@](O)([C@@H](O)CO)CC2=C(O)C3=C(C(O)=C12)C(=O)C1=C(C=CC=C1OC)C3=O|COC1=CC=CC2=C1C(=O)C1=C(O)C3=C(C(O)=C1C2=O)C[C@@](O)([C@@H](O)CO)C[C@@H:1]3O[C@H]1C[C@H](N)[C@H](O)[C@H](C)O1|[C@H]1(O)[C@@H](N)C[C@H:1](O[C@@H]2C3=C(O)C4=C(C(O)=C3C[C@]([C@@H](O)CO)(O)C2)C(=O)C2=C(C(OC)=CC=C2)C4=O)O[C@H]1C|[C@H]1(O[C@@H]2O[C@@H](C)[C@@H](O)[C@@H:1](N)C2)C[C@](O)([C@@H](O)CO)CC2=C(O)C3=C(C(O)=C12)C(=O)C1=C(C=CC=C1OC)C3=O|COC1=CC=CC2=C1C(=O)C1=C(C(O)=C3C(=C1O)[C@@H:1](O[C@H]1C[C@H](N)[C@H](O)[C@H](C)O1)C[C@](O)([C@@H](O)CO)C3)C2=O|COC1=CC=CC2=C1C(=O)C1=C(C(O)=C3C(=C1O)[C@@H](O[C@H]1C[C@H](N)[C@H](O)[C@H](C)O1)C[C@](O)([C@@H](O)CO)C3)[C:1]2=O|C12=C(O)C3=C(C(O)=C1C[C@]([C@H](CO)O)(O)C[C@@H:1]2O[C@@H]1O[C@@H](C)[C@@H](O)[C@@H](N)C1)C(=O)C1=C(C(OC)=CC=C1)C3=O|[C@H]1(O)[C@@H](N)C[C@H](O[C@@H]2C3=C(O)C4=C(C(O)=C3C[C@]([C@@H](O)CO)(O)C2)C(=O)C2=C(C(OC)=CC=C2)[C:1]4=O)O[C@H]1C
COC1=NC(N)=NC2=C1N=CN2,COc1nc(N)nc2[nH][cH:1]nc12|C[O:1]c1nc(N)nc2[nH]cnc12|COc1nc([NH2:1])nc2[nH]cnc12|COc1nc(N)[n:1]c2[nH]cnc12|COc1nc(N)nc2c1nc[nH:1]2|C[O:1][c:1]1nc(N)nc2[nH]cnc21|COc1n[c:1](N)nc2[nH]cnc12|COc1nc(N)nc2[nH]c[n:1]c12|COc1nc(N)n[c:1]2[nH:1][cH:1][n:1][c:1]12|C[O:1]c1n[c:1](N)nc2[nH]cnc12,C[O:1][c:1]1nc(N)nc2[nH]cnc21,1,COC1=NC(N)=NC2=C1N=[CH:1]N2|COC1=NC(N)=NC2=C1N=[CH:1]N2|C1=NC2=C([NH:1]1)N=C(N)N=C2OC|COC1=NC(N)=NC2=C1N=[CH:1]N2|C12=C(OC)N=[C:1](N)N=C1NC=N2|COC1=N[C:1](N)=NC2=C1N=CN2|C1(OC)=NC(N)=NC2=C1N=[CH:1]N2|C1([NH2:1])=NC2=C(C(OC)=N1)N=CN2|COC1=NC(N)=NC2=C1N=C[NH:1]2|C1(N)=NC2=C(C(OC)=N1)N=C[NH:1]2|N[C:1]1=NC2=C(N=CN2)C(OC)=N1|N[C:1]1=NC2=C(N=[CH:1]N2)C(OC)=N1|N1C2=C(N=C1)C(OC)=NC(N)=[N:1]2|N1C2=C(N=C1)C(OC)=NC(N)=[N:1]2|[CH:1]1=NC2=C(N1)N=C(N)N=C2OC
COC1=NC(N)=NC2=C1N=CN2[C@@H]1O[C@H](CO)[C@@H](O)[C@@H]1O,C[O:1]c1nc(N)nc2c1ncn2[C@@H]1O[C@H](CO)[C@@H](O)[C@@H]1O|COc1nc(N)nc2c1ncn2[C@@H]1O[C@H](C[OH:1])[C@@H](O)[C@@H]1O|COc1nc([NH2:1])nc2c1ncn2[C@@H]1O[C@H](CO)[C@@H](O)[C@@H]1O|C[O:1]c1n[c:1]([NH2:1])nc2c1ncn2[C@@H]1O[C@H](CO)[C@@H](O)[C@@H]1O|C[O:1][c:1]1nc(N)nc2c1ncn2[C@@H]1O[C@H](CO)[C@@H](O)[C@@H]1O|COc1nc(N)nc2c1n[cH:1]n2[C@@H]1O[C@H](CO)[C@@H](O)[C@@H]1O|COc1nc(N)nc2c1ncn2[C@@H]1O[C@H]([CH2:1]O)[C@@H](O)[C@@H]1O|COc1nc(N)nc2c1ncn2[C@@H]1O[C@H](CO)[C@@H]([OH:1])[C@@H]1O|COc1nc(N)nc2c1ncn2[C@@H]1O[C@H]([CH2:1][OH:1])[C@@H](O)[C@@H]1O|COc1nc(N)nc2c1nc[n:1]2[C@@H]1O[C@H](CO)[C@@H](O)[C@@H]1O,COc1nc(N)nc2c1nc[n:1]2[C@@H]1O[C@H](CO)[C@@H](O)[C@@H]1O|C[O:1][c:1]1nc(N)nc2c1ncn2[C@@H]1O[C@H](CO)[C@@H](O)[C@@H]1O,2,COC1=NC(N)=NC2=C1N=CN2[C@@H]1O[C@H](C[OH:1])[C@@H](O)[C@@H]1O|NC1=NC2=C(N=CN2[C@H:1]2[C@@H](O)[C@H](O)[C@@H](CO)O2)C(OC)=N1|COC1=NC(N)=NC2=C1N=[CH:1]N2[C@@H]1O[C@H](CO)[C@@H](O)[C@@H]1O|COC1=NC(N)=NC2=C1N=CN2[C@@H:1]1O[C@H](CO)[C@@H](O)[C@@H]1O|COC1=NC(N)=NC2=C1N=[CH:1]N2[C@@H]1O[C@H](CO)[C@@H](O)[C@@H]1O|COC1=NC(N)=NC2=C1N=CN2[C@@H]1O[C@H](CO)[C@@H]([OH:1])[C@@H]1O|COC1=NC(N)=NC2=C1N=CN2[C@@H:1]1O[C@H](CO)[C@@H](O)[C@@H]1O|COC1=N[C:1](N)=NC2=C1N=CN2[C@@H]1O[C@H](CO)[C@@H](O)[C@@H]1O|NC1=NC2=C(N=CN2[C@H:1]2[C@@H](O)[C@H](O)[C@@H](CO)O2)C(OC)=N1|COC1=N[C:1](N)=NC2=C1N=CN2[C@@H]1O[C@H](CO)[C@@H](O)[C@@H]1O|COC1=NC(N)=NC2=C1N=CN2[C@@H]1O[C@H](CO)[C@@H](O)[C@@H]1[OH:1]|COC1=NC(N)=NC2=C1N=CN2[C@@H]1O[C@H](CO)[C@@H]([OH:1])[C@@H]1O|O1[C@@H](N2C=NC3=C(OC)N=[C:1](N)N=C23)[C@@H](O)[C@H](O)[C@H]1CO|N1=C(OC)C2=C(N([C@H]3[C@@H](O)[C@H](O)[C@@H](C[OH:1])O3)C=N2)N=C1N
COC1=NC2=CC=C(Br)C=C2C=C1[C@@H](C1=CC=CC=C1)[C@@](O)(CCN(C)C)C1=CC=CC2=CC=CC=C12,COc1nc2ccc(Br)cc2cc1[C@@H](c1ccccc1)[C@@](O)(CC[N:1](C)C)c1cccc2ccccc12|COc1nc2ccc(Br)cc2cc1[C@@H](c1ccccc1)[C@@](O)(C[CH2:1]N(C)C)c1cccc2ccccc12|COc1nc2ccc(Br)cc2cc1[C@@H](c1cc[cH:1]cc1)[C@@](O)(CCN(C)C)c1cccc2ccccc12|CN(C)CC[C@@](O)(c1cccc2ccccc12)[C@@H](c1ccc(Br)cc1)c1cc2cc(Br)ccc2n1|COc1nc2cc[c:1](Br)cc2cc1[C@@H](c1ccccc1)[C@@](O)(CCN(C)C)c1cccc2ccccc12|COc1nc2ccc(Br)cc2cc1[C@@H](c1ccccc1)[C@@](O)(CCN(C)C)c1cccc2c1cc[cH:1][cH:1]2|COc1nc2c[cH:1]c(Br)cc2cc1[C@@H](c1ccccc1)[C@@](O)(CCN(C)C)c1cccc2ccccc12|CN(C)CC[C@@](O)(c1cccc2ccccc12)c1cc2cc(Br)ccc2nc([O:1]C)c2ccccc2c1|COc1nc2ccc(Br)cc2cc1[C@@H](c1ccccc1)[C@@](O)(CCN(C)C)c1cc[cH:1]c2ccccc12|CN(C)CC[C@](O)(c1cccc2ccccc12)c1cc2cc(Br)ccc2nc([O:1]C)c2ccccc2c1,COc1nc2ccc(Br)cc2cc1[C@@H](c1ccccc1)[C@@](O)(CC[N:1](C)C)c1cccc2ccccc12,1,COC1=NC2=CC=C(Br)C=C2C=C1[C@@H](C1=CC=CC=C1)[C@@](O)(CC[N:1](C)C)C1=CC=CC2=CC=CC=C12|COC1=NC2=CC=C(Br)C=C2C=C1[C@@H](C1=CC=CC=C1)[C@@](O)(CC[N:1](C)C)C1=CC=CC2=CC=CC=C12|COC1=NC2=CC=C(Br)C=C2C=C1[C@@H](C1=CC=CC=C1)[C@@](O)(C[CH2:1]N(C)C)C1=CC=CC2=CC=CC=C12|C(CN(C)C)[C@]([C@@H](C1=CC2=CC(Br)=CC=C2N=C1OC)C1=CC=CC=C1)(C1=CC=CC2=C1C=C[CH:1]=[CH:2]2)O|COC1=NC2=CC=C(Br)C=C2C=C1[C@@H](C1=CC=CC=C1)[C@@](O)(CC[N:1](C)C)C1=CC=CC2=CC=CC=C12|COC1=NC2=CC=C(Br)C=C2C=C1[C@@H](C1=CC=CC=C1)[C@@](O)(CC[N:1](C)C)C1=CC=CC2=CC=CC=C12|C(CN(C)C)[C@]([C@@H](C1=CC2=CC(Br)=CC=C2N=C1OC)C1=CC=CC=C1)(C1=CC=CC2=C1[CH:1]=[CH:2]C=C2)O
COC1=NC=C(N2CCC3=NC=NC(N)=C3C2)C=C1C(F)(F)F,C[O:1]c1ncc(N2CCc3ncnc(N)c3C2)cc1C(F)(F)F|COc1ncc(N2Cc3c(N)ncnc3[CH2:1]C2)cc1C(F)(F)F|COc1ncc(N2CCc3ncnc([NH2:1])c3C2)cc1C(F)(F)F|COc1ncc(N2CCc3n[cH:1]nc(N)c3C2)cc1C(F)(F)F|COc1ncc(N2CCc3ncnc(N)c3[CH2:1]2)cc1C(F)(F)F|COc1ncc([N:1]2CCc3ncnc(N)c3C2)cc1C(F)(F)F|C[O:1][c:1]1ncc(N2CCc3ncnc(N)c3C2)cc1C(F)(F)F|COc1ncc(N2CCc3nc[n:1]c(N)c3C2)cc1C(F)(F)F|COc1ncc(N2Cc3c(N)ncnc3C[CH2:1]2)cc1C(F)(F)F|COc1ncc(N2CCc3ncn[c:1](N)c3C2)cc1C(F)(F)F,C[O:1]c1ncc(N2CCc3ncnc(N)c3C2)cc1C(F)(F)F,1,COC1=NC=C(N2CCC3=NC=NC([NH2:1])=C3C2)C=C1C(F)(F)F|COC1=NC=C(N2CCC3=N[CH:1]=NC(N)=C3C2)C=C1C(F)(F)F|C1N(C2=CN=C(OC)C(C(F)(F)F)=C2)[CH2:1]C2=C(N=CN=C2N)C1|C1N(C2=CN=C(OC)C(C(F)(F)F)=C2)CC2=C(N=CN=C2N)[CH2:1]1|COC1=NC=C(N2CCC3=NC=N[C:1](N)=C3C2)C=C1C(F)(F)F|COC1=NC=C(N2C[CH2:1]C3=NC=NC(N)=C3C2)C=C1C(F)(F)F|COC1=NC=C(N2CCC3=NC=NC(N)=C3[CH2:1]2)C=C1C(F)(F)F|COC1=NC=C(N2[CH2:1]CC3=NC=NC(N)=C3C2)C=C1C(F)(F)F|[C:1]1(N)=NC=NC2=C1CN(C1=CC(C(F)(F)F)=C(OC)N=C1)CC2|C1N(C2=CN=C(OC)C(C(F)(F)F)=C2)CC2=C(N=CN=[C:1]2N)C1|C1(N)=N[CH:1]=NC2=C1CN(C1=CC(C(F)(F)F)=C(OC)N=C1)CC2|C1[N:1](C2=CN=C(OC)C(C(F)(F)F)=C2)CC2=C(N=CN=C2N)C1|C1[N:1](C2=CN=C(OC)C(C(F)(F)F)=C2)CC2=C(N=CN=C2N)C1|[CH2:1]1N(C2=CN=C(OC)C(C(F)(F)F)=C2)CC2=C(N=CN=C2N)C1|COC1=NC=C(N2CCC3=NC=[N:1]C(N)=C3C2)C=C1C(F)(F)F|COC1=NC=C(N2CCC3=NC=[N:1]C(N)=C3C2)C=C1C(F)(F)F|COC1=NC=C(N2CCC3=N[CH:1]=NC(N)=C3C2)C=C1C(F)(F)F|COC1=NC=C(N2CCC3=NC=NC([NH2:1])=C3C2)C=C1C(F)(F)F|COC1=NC=C(N2CCC3=NC=NC([NH2:1])=C3C2)C=C1C(F)(F)F
CS(=O)(=O)C1=CC=C(C(=O)NC2=CC(O)=C(Cl)C(C3=CC=CC=N3)=C2)C(Cl)=C1,CS(=O)(=O)c1ccc(C(=O)Nc2cc(-c3ccccn3)c(Cl)c([OH:1])c2)c(Cl)c1|CS(=O)(=O)c1ccc(C(=O)Nc2cc(O)c(Cl)c(-c3cc[cH:1]cn3)c2)c(Cl)c1|CS(=O)(=O)c1ccc(C(=O)[NH:1]c2cc(O)c(Cl)c(-c3ccccn3)c2)c(Cl)c1|CS(=O)(=O)c1ccc(C(=O)Nc2cc([OH:1])c(Cl)c(-c3ccccn3)c2)c(Cl)c1|CS(=O)(=O)c1ccc(C(=O)Nc2cc(O)c(Cl)c(-c3ccccn3)[cH:1]2)c(Cl)c1|CS(=O)(=O)c1ccc(C(=O)Nc2cc(O)c(Cl)c(-[c:1]3[cH:1][cH:1][cH:1][cH:1][n:1]3)c2)c(Cl)c1|O=C(Nc1cc(O)c(Cl)c(-c2ccccn2)c1)c1ccc(S(=O)(=O)[CH3:1])cc1Cl|CS(=O)(=O)c1ccc(C(=O)Nc2cc(-c3ccccn3)c(Cl)c(O)[cH:1]2)c(Cl)c1|CS(=O)(=O)c1ccc(C(=O)Nc2cc(O)c(Cl)c(-c3ccc[cH:1]n3)c2)c(Cl)c1|CS(=O)(=O)c1ccc([C:1](=O)Nc2cc(O)c(Cl)c(-c3ccccn3)c2)c(Cl)c1,CS(=O)(=O)c1ccc(C(=O)Nc2cc(-c3ccccn3)c(Cl)[c:1]([OH:1])c2)c(Cl)c1,1,CS(=O)(=O)C1=CC=C(C(=O)NC2=CC([OH:1])=C(Cl)C(C3=CC=CC=N3)=C2)C(Cl)=C1|CS(=O)(=O)C1=CC=C(C(=O)NC2=CC([OH:1])=C(Cl)C(C3=CC=CC=N3)=C2)C(Cl)=C1|CS(=O)(=O)C1=CC=C(C(=O)NC2=CC(O)=C(Cl)C(C3=CC=CC=[N:1]3)=C2)C(Cl)=C1|CS(=O)(=O)C1=CC=C(C(=O)NC2=CC(O)=C(Cl)C(C3=CC=CC=[N:1]3)=C2)C(Cl)=C1|CS(=O)(=O)C1=CC=C(C(=O)NC2=CC(O)=C(Cl)C(C3=CC=[CH:1]C=N3)=C2)C(Cl)=C1|CS(=O)(=O)C1=CC=C(C(=O)NC2=CC([OH:1])=C(Cl)C(C3=CC=CC=N3)=C2)C(Cl)=C1|CS(=O)(=O)C1=CC=C([C:1](=O)NC2=CC(O)=C(Cl)C(C3=CC=CC=N3)=C2)C(Cl)=C1|CS(=O)(=O)C1=CC=C(C(=O)NC2=CC([OH:1])=C(Cl)C(C3=CC=CC=N3)=C2)C(Cl)=C1|[CH3:1]S(=O)(=O)C1=CC=C(C(=O)NC2=CC(O)=C(Cl)C(C3=CC=CC=N3)=C2)C(Cl)=C1|C1=CC(C(=O)NC2=CC(C3=NC=CC=C3)=C(Cl)C(O)=[CH:1]2)=C(Cl)C=C1S(C)(=O)=O|C1=CC(C(=O)NC2=CC(C3=NC=CC=C3)=C(Cl)C([OH:1])=C2)=C(Cl)C=C1S(C)(=O)=O|CS(=O)(=O)C1=CC=C(C(=O)NC2=CC([OH:1])=C(Cl)C(C3=CC=CC=N3)=C2)C(Cl)=C1|C1=CC(C(=O)NC2=CC(C3=N[CH:1]=[CH:2]C=C3)=C(Cl)C(O)=C2)=C(Cl)C=C1S(C)(=O)=O|C1=CC(S(=O)(=O)C)=CC(Cl)=C1[C:1](NC1=CC(C2=CC=CC=N2)=C(Cl)C(O)=C1)=O|C1=CC(C(=O)NC2=CC(C3=NC=CC=[CH:1]3)=C(Cl)C(O)=C2)=C(Cl)C=C1S(C)(=O)=O
CS(=O)(=O)C1=CC=C(C(=O)NC2=CC=C(Cl)C(C3=CC=C(O)C=N3)=C2)C(Cl)=C1,CS(=O)(=O)c1ccc(C(=O)Nc2ccc(Cl)c(-c3ccc([OH:1])cn3)c2)c(Cl)c1|CS(=O)(=O)c1ccc(C(=O)Nc2ccc(Cl)c(-c3ccc(O)c[n:1]3)c2)c(Cl)c1|CS(=O)(=O)c1ccc(C(=O)Nc2ccc(Cl)c(-c3ccc(O)[cH:1]n3)c2)c(Cl)c1|CS(=O)(=O)c1ccc(C(=O)Nc2cc(-c3ccc(O)cn3)c(Cl)[cH:1]c2)c(Cl)c1|CS(=O)(=O)c1ccc(C(=O)Nc2ccc(Cl)c(-c3cc[c:1](O)cn3)c2)c(Cl)c1|CS(=O)(=O)c1ccc(C(=O)Nc2ccc(Cl)c(-c3ccc(O)cn3)[cH:1]2)c(Cl)c1|CS(=O)(=O)c1ccc(C(=O)Nc2ccc(Cl)c(-c3c[cH:1]c(O)cn3)c2)c(Cl)c1|CS(=O)(=O)c1ccc(C(=O)Nc2ccc(Cl)c(-[c:1]3[cH:1][cH:1][c:1]([OH:1])[cH:1][n:1]3)c2)c(Cl)c1|CS(=O)(=O)c1ccc(C(=O)Nc2cc(-c3ccc([OH:1])cn3)c(Cl)[cH:1]c2)c(Cl)c1|O=C(Nc1ccc(Cl)c(-c2ccc([OH:1])cn2)c1)c1ccc(S(=O)(=O)[CH3:1])cc1Cl,CS(=O)(=O)c1ccc(C(=O)Nc2ccc(Cl)c(-c3ccc([OH:1])cn3)c2)c(Cl)c1,1,CS(=O)(=O)C1=CC=C(C(=O)NC2=CC=C(Cl)C(C3=CC=C([OH:1])C=N3)=C2)C(Cl)=C1|C1=CC(C(=O)NC2=CC(C3=CC=C(O)C=N3)=C(Cl)C=[CH:1]2)=C(Cl)C=C1S(C)(=O)=O|CS(=O)(=O)C1=CC=C([C:1](=O)NC2=CC=C(Cl)C(C3=CC=C(O)C=N3)=C2)C(Cl)=C1|ClC1=C(C2=CC=C([OH:1])C=N2)C=C(NC(C2=CC=C(S(C)(=O)=O)C=C2Cl)=O)C=C1|CS(=O)(=O)C1=CC=C(C(=O)NC2=CC=C(Cl)C(C3=CC=C([OH:1])C=N3)=C2)C(Cl)=C1|CS(=O)(=O)C1=CC=C(C(=O)NC2=CC=C(Cl)C(C3=CC=[C:1](O)C=N3)=C2)C(Cl)=C1|C1=CC(C(=O)NC2=CC(C3=CC=C(O)C=N3)=C(Cl)[CH:1]=C2)=C(Cl)C=C1S(C)(=O)=O|[CH3:1]S(=O)(=O)C1=CC=C(C(=O)NC2=CC=C(Cl)C(C3=CC=C(O)C=N3)=C2)C(Cl)=C1|C1=CC(C(=O)NC2=CC(C3=CC=C(O)C=[N:1]3)=C(Cl)C=C2)=C(Cl)C=C1S(C)(=O)=O|C1=CC(C(=O)NC2=CC(C3=CC=C(O)C=[N:1]3)=C(Cl)C=C2)=C(Cl)C=C1S(C)(=O)=O|CS(=O)(=O)C1=CC=C(C(=O)NC2=CC=C(Cl)C(C3=CC=[C:1](O)C=N3)=C2)C(Cl)=C1|CS(=O)(=O)C1=CC=C(C(=O)NC2=CC=C(Cl)C(C3=C[CH:1]=C(O)C=N3)=C2)C(Cl)=C1|CS(=O)(=O)C1=CC=C(C(=O)NC2=CC=C(Cl)C(C3=CC=[C:1](O)C=N3)=C2)C(Cl)=C1|CS(=O)(=O)C1=CC=C(C(=O)NC2=CC=C(Cl)C(C3=CC=[C:1](O)C=N3)=C2)C(Cl)=C1|ClC1=C(C2=CC=C([OH:1])C=N2)C=C(NC(C2=CC=C(S(C)(=O)=O)C=C2Cl)=O)C=C1|C1=CC(S(=O)(=O)C)=CC(Cl)=C1[C:1](NC1=CC(C2=CC=C(O)C=N2)=C(Cl)C=C1)=O|ClC1=C(C2=CC=C([OH:1])C=N2)C=C(NC(C2=CC=C(S(C)(=O)=O)C=C2Cl)=O)C=C1
CS(=O)(=O)C1=CC=C(C(=O)NC2=CC=C(Cl)C(C3=CC=CC=N3)=C2)C(Cl)=C1,CS(=O)(=O)c1ccc(C(=O)Nc2ccc(Cl)c(-c3cc[cH:1]cn3)c2)c(Cl)c1|CS(=O)(=O)c1ccc(C(=O)Nc2cc(-c3ccccn3)c(Cl)[cH:1]c2)c(Cl)c1|CS(=O)(=O)c1ccc(C(=O)Nc2ccc(Cl)c(-[c:1]3[cH:1][cH:1][cH:1][cH:1][n:1]3)c2)c(Cl)c1|CS(=O)(=O)c1ccc(C(=O)Nc2ccc(Cl)c(-c3ccccn3)[cH:1]2)c(Cl)c1|O=C(Nc1ccc(Cl)c(-c2ccccn2)c1)c1ccc(S(=O)(=O)[CH3:1])cc1Cl|CS(=O)(=O)c1ccc(C(=O)Nc2ccc(Cl)c(-c3ccc[cH:1]n3)c2)c(Cl)c1|CS(=O)(=O)c1ccc(C(=O)[NH:1]c2ccc(Cl)c(-c3ccccn3)c2)c(Cl)c1|CS(=O)(=O)c1ccc(C(=O)Nc2ccc(Cl)c(-c3cccc[n:1]3)c2)c(Cl)c1|CS(=O)(=O)c1ccc(C(=O)Nc2ccc(Cl)c(-c3nccc[cH:1]3)c2)c(Cl)c1|CS(=O)(=O)c1ccc([C:1](=O)Nc2ccc(Cl)c(-c3ccccn3)c2)c(Cl)c1,CS(=O)(=O)c1ccc(C(=O)Nc2cc(-c3ccccn3)c(Cl)[cH:1]c2)c(Cl)c1|CS(=O)(=O)c1ccc(C(=O)Nc2ccc(Cl)c(-c3cc[cH:1]cn3)c2)c(Cl)c1|CS(=O)(=O)c1ccc(C(=O)Nc2ccc(Cl)c(-c3ccccn3)[cH:1]2)c(Cl)c1,3,CS(=O)(=O)C1=CC=C([C:1](=O)NC2=CC=C(Cl)C(C3=CC=CC=N3)=C2)C(Cl)=C1|CS(=O)(=O)C1=CC=C(C(=O)NC2=CC=C(Cl)C(C3=CC=CC=[N:1]3)=C2)C(Cl)=C1|CS(=O)(=O)C1=CC=C(C(=O)NC2=CC=C(Cl)C(C3=CC=CC=[N:1]3)=C2)C(Cl)=C1|C1=CC(C(=O)NC2=CC=C(Cl)C(C3=NC=CC=[CH:1]3)=C2)=C(Cl)C=C1S(C)(=O)=O|C1(Cl)=C(C(NC2=CC(C3=CC=CC=N3)=C(Cl)C=[CH:1]2)=O)C=CC(S(=O)(=O)C)=C1|C1=CC(C(=O)NC2=CC=C(Cl)C(C3=N[CH:1]=[CH:2]C=C3)=C2)=C(Cl)C=C1S(C)(=O)=O|CS(=O)(=O)C1=CC=C(C(=O)NC2=CC=C(Cl)C(C3=CC=[CH:1]C=N3)=C2)C(Cl)=C1|S(=O)(C1=CC(Cl)=C(C(NC2=CC(C3=CC=CC=N3)=C(Cl)[CH:1]=C2)=O)C=C1)(=O)C|CS(=O)(=O)C1=CC=C(C(=O)N[C:1]2=CC=C(Cl)C(C3=CC=CC=N3)=C2)C(Cl)=C1|C1(N[C:1](C2=CC=C(S(=O)(=O)C)C=C2Cl)=O)=CC=C(Cl)C(C2=CC=CC=N2)=C1|[CH:1]1=[CH:2]C(C(=O)NC2=CC=C(Cl)C(C3=NC=CC=C3)=C2)=C(Cl)C=C1S(C)(=O)=O|CS(=O)(=O)C1=CC=C(C(=O)NC2=CC=C(Cl)C(C3=CC=C[CH:1]=N3)=C2)C(Cl)=C1|C1=CC(C(=O)NC2=CC=C(Cl)C(C3=NC=C[CH:1]=[CH:2]3)=C2)=C(Cl)C=C1S(C)(=O)=O|[CH3:1]S(=O)(=O)C1=CC=C(C(=O)NC2=CC=C(Cl)C(C3=CC=CC=N3)=C2)C(Cl)=C1|CS(=O)(=O)C1=CC=C(C(=O)NC2=CC=C(Cl)C(C3=CC=CC=N3)=C2)C(Cl)=[CH:1]1|C1(Cl)=C(C(NC2=CC(C3=CC=CC=N3)=C(Cl)[CH:1]=[CH:2]2)=O)C=CC(S(=O)(=O)C)=C1
C[C@@H](O)[C@H]1C(=O)N2C(C(=O)O)=C(S[C@@H]3CN[C@H](C(=O)NC4=CC=CC(C(=O)O)=C4)C3)[C@H](C)[C@H]12,C[C@@H]1[C@@H]2[C@@H]([C@@H](C)O)C(=O)N2C(C(=O)O)=C1S[C@@H]1CN[C@H](C(=O)Nc2cccc(C(=O)O)c2)C1|C[C@@H](O)[C@H]1C(=O)N2C(C(=O)O)=C(S[C@@H]3CN[C@H](C(=O)Nc4cccc(C(=O)[OH:1])c4)C3)[C@H](C)[C@H]12|C[C@@H](O)[C@H]1C(=O)N2C(C(=O)[OH:1])=C(S[C@@H]3CN[C@H](C(=O)Nc4cccc(C(=O)O)c4)C3)[C@H](C)[C@H]12|C[C@@H](O)[C@H]1C(=O)N2C(C(=O)O)=C(S[C@@H]3CN[C@H]([C:1](=O)Nc4cccc(C(=O)[OH:1])c4)C3)[C@H](C)[C@H]12|C[C@@H](O)[C@H]1C(=O)N2C(C(=O)O)=C(S[C@@H]3CN[C@H](C(=O)Nc4cc[cH:1]c(C(=O)O)c4)C3)[C@H](C)[C@H]12|C[C@@H](O)[C@H]1C(=O)N2C(C(=O)O)=C(S[C@@H]3CN[C@H](C(=O)Nc4cccc([C:1](=O)[OH:1])c4)C3)[C@H](C)[C@H]12|C[C@@H]1[C@@H]2[C@@H]([C@@H](C)O)C(=O)N2C(C(=O)O)=C1[S:1][C@@H]1CN[C@H](C(=O)Nc2cccc(C(=O)O)c2)C1|C[C@@H](O)[C@H]1C(=O)N2C(C(=O)O)=C([S:1][C@@H]3CN[C@H](C(=O)Nc4cccc(C(=O)O)c4)C3)[C@H](C)[C@H]12|C[C@@H](O)[C@H]1C(=O)N2C(C(=O)O)=C(S[C@@H:1]3CN[C@H](C(=O)Nc4cccc(C(=O)O)c4)C3)[C@H](C)[C@H]12|C[C@@H]1[C@@H]2[C@@H]([C@@H](C)O)C(=O)N2C(C(=O)O)=C(S[C@@H]2CN[C@H](C(=O)Nc3cccc(C(=O)O)c3)C2)[C@H:1]1,C[C@@H](O)[C@@H]1[C@H]2[C@@H](C)C(S[C@@H]3CN[C@H](C(=O)Nc4cccc(C(=O)O)c4)C3)=C(C(=O)O)[N:1]2[C:1]1=O,1,C[C@@H](O)[C@H]1C(=O)N2C(C(=O)O)=C(S[C@@H]3CN[C@H]([C:1](=O)NC4=CC=CC(C(=O)O)=C4)C3)[C@H](C)[C@H]12|C[C@@H](O)[C@H]1[C:1](=O)N2C(C(=O)O)=C(S[C@@H]3CN[C@H](C(=O)NC4=CC=CC(C(=O)O)=C4)C3)[C@H](C)[C@H]12|C1(NC(=O)[C@H]2NC[C@@H](SC3=C(C(=O)O)N4[C@H]([C@H]3C)[C@@H]([C@@H](C)O)C4=O)C2)=CC([C:1]([OH:2])=O)=CC=C1|C1(NC(=O)[C@H]2NC[C@@H](SC3=C(C(=O)O)N4[C@H]([C@H]3C)[C@@H]([C@@H](C)O)C4=O)C2)=CC(C([OH:1])=O)=CC=C1|C1(NC(=O)[C@H]2NC[C@@H](SC3=C(C(=O)O)N4[C@H]([C@H]3C)[C@@H]([C@@H](C)O)C4=O)C2)=CC([C:1]([OH:2])=O)=CC=C1|C1=C(NC(=O)[C@H]2NC[C@@H](SC3=C(C(=O)O)N4[C@@H]([C@@H]([C@H](O)C)C4=O)[C@H]3C)C2)C=C(C(O)=O)[CH:1]=C1|[C@@H]1(SC2=C(C(O)=O)N3C(=O)[C@H]([C@H](O)C)[C@H]3[C@H]2C)CN[C@H](C(NC2=CC=CC(C(=O)O)=C2)=O)[CH2:1]1|C1(=O)[C@H]([C@@H](C)O)[C@H]2[C@@H](C)C(S[C@H]3C[C@@H](C(=O)NC4=CC=CC(C(=O)O)=C4)NC3)=C(C([OH:1])=O)N12|C1=C(NC(=O)[C@H]2NC[C@@H](SC3=C(C(=O)O)N4[C@@H]([C@@H]([C@H](O)C)C4=O)[C@H]3C)C2)C=C(C(O)=O)C=[CH:1]1|[C@@H]1(SC2=C(C(O)=O)N3C(=O)[C@H]([C@H](O)C)[C@H]3[C@H]2C)CN[C@H](C(NC2=CC=CC(C(=O)O)=C2)=O)[CH2:1]1|C[C@@H](O)[C@H]1[C:1](=O)N2C(C(=O)O)=C(S[C@@H]3CN[C@H](C(=O)NC4=CC=CC(C(=O)O)=C4)C3)[C@H](C)[C@H]12|C1(NC(=O)[C@H]2NC[C@@H](SC3=C(C(=O)O)N4[C@H]([C@H]3C)[C@@H]([C@@H](C)O)C4=O)C2)=CC(C(O)=O)=CC=[CH:1]1|C1(=O)[C@H]([C@@H](C)O)[C@H]2[C@@H](C)C(S[C@H:1]3C[C@@H](C(=O)NC4=CC=CC(C(=O)O)=C4)NC3)=C(C(O)=O)N12|C[C@@H](O)[C@H]1[C:1](=O)N2C(C(=O)O)=C(S[C@@H]3CN[C@H](C(=O)NC4=CC=CC(C(=O)O)=C4)C3)[C@H](C)[C@H]12|[C@@H]1([C@@H](C)O)[C@@H]2N(C([C:1](=O)[OH:2])=C(S[C@H]3C[C@@H](C(NC4=CC=CC(C(=O)O)=C4)=O)NC3)[C@@H]2C)C1=O
C[C@@H]1CC[C@H]2[C@@H](C)[C@@H](O)O[C@@H]3O[C@]4(C)CC[C@@H]1[C@]23OO4,C[C@@H]1CC[C@H]2[C@@H](C)[C@@H]([OH:1])O[C@@H]3O[C@]4(C)CC[C@@H]1[C@]23OO4|C[C@@H]1CC[C@H]2[C@@H](C)[C@@H](O)O[C@@H]3O[C@]4(C)CC[C@@H]1[C@]23[O:1][O:1]4|C[C@@H]1CC[C@H]2[C@@H](C)[C@@H](O)O[C@@H]3O[C@]4(C)C[CH2:1][C@@H]1[C@]23OO4|C[C@@H]1CC[C@H]2[C@@H](C)[C@@H:1]([OH:1])O[C@@H]3O[C@]4(C)CC[C@@H]1[C@]23OO4|C[C@@H]1CC[C@H]2[C@@H]([CH3:1])[C@@H](O)O[C@@H]3O[C@]4(C)CC[C@@H]1[C@]23OO4|C[C@@H]1CC[C@H]2[C@@H](C)[C@@H:1](O)O[C@@H]3O[C@]4(C)CC[C@@H]1[C@]23OO4|C[C@@H]1C[CH2:1][C@H]2[C@@H](C)[C@@H](O)O[C@@H]3O[C@]4(C)CC[C@@H]1[C@]23OO4|C[C@@H]1CC[C@H]2[C@@H](C)[C@@H](O)O[C@@H]3O[C@]4([CH3:1])CC[C@@H]1[C@]23OO4|C[C@@H]1CC[C@H]2[C@@H](C)[C@@H](O)O[C@@H]3O[C@]4(C)[CH2:1]C[C@@H]1[C@]23OO4|C[C@@H]1CC[C@H]2[C@@H](C)[C@@H](O)O[C@@H]3O[C@]4(C)CC[C@@H]1[C@@]23[O:1][O:1]4,C[C@@H]1CC[C@H]2[C@@H](C)[C@@H]([OH:1])O[C@@H]3O[C@]4(C)CC[C@@H]1[C@@]32OO4,1,C[C@@H]1CC[C@H]2[C@@H](C)[C@@H]([OH:1])O[C@@H]3O[C@]4(C)CC[C@@H]1[C@]23OO4|C[C@@H]1CC[C@H]2[C@@H](C)[C@@H]([OH:1])O[C@@H]3O[C@]4(C)CC[C@@H]1[C@]23OO4|C[C@@H]1CC[C@H]2[C@@H](C)[C@@H]([OH:1])O[C@@H]3O[C@]4(C)CC[C@@H]1[C@]23OO4|[C@H]12[C@]34[C@H]([C@@H](C)[C@@H]([OH:1])O[C@@H]3O[C@](C)(CC1)OO4)CC[C@H]2C|C[C@@H]1[CH2:1]C[C@H]2[C@@H](C)[C@@H](O)O[C@@H]3O[C@]4(C)CC[C@@H]1[C@]23OO4|[C@H]12[C@]34[C@H]([C@@H](C)[C@@H]([OH:1])O[C@@H]3O[C@](C)(CC1)OO4)CC[C@H]2C|C[C@@H]1CC[C@H]2[C@@H](C)[C@@H]([OH:1])O[C@@H]3O[C@]4(C)CC[C@@H]1[C@]23OO4|[C@H]12O[C@H]([OH:1])[C@H](C)[C@@H]3CC[C@@H](C)[C@@H]4CC[C@](C)(OO[C@]134)O2|C[C@@H]1CC[C@H]2[C@@H](C)[C@@H]([OH:1])O[C@@H]3O[C@]4(C)CC[C@@H]1[C@]23OO4|C1C[C@@]2(C)O[C@H]3O[C@H]([OH:1])[C@H](C)[C@H]4[C@]3([C@@H]1[C@H](C)CC4)OO2|C1C[C@@H](C)[C@H]2[C@]34[C@@H](O[C@](C)([CH2:1]C2)OO3)O[C@H](O)[C@H](C)[C@H]14|C[C@]12OO[C@]34[C@@H](CC[C@@H]([CH3:1])[C@@H]3CC1)[C@@H](C)[C@@H](O)O[C@@H]4O2|C[C@]12OO[C@]34[C@@H](CC[C@@H](C)[C@@H]3CC1)[C@@H](C)[C@@H]([OH:1])O[C@@H]4O2|C1C[C@@]2(C)O[C@H]3O[C@H]([OH:1])[C@H](C)[C@H]4[C@]3([C@@H]1[C@H](C)CC4)OO2
C[C@@H]1C[C@H]2[C@@H]3C[C@H](F)C4=CC(=O)C=C[C@]4(C)[C@@]3(F)[C@@H](O)C[C@]2(C)[C@@]1(OC(=O)C1=CC=CO1)C(=O)O,C[C@@H]1C[C@H]2[C@@H]3C[C@H:1](F)C4=CC(=O)C=C[C@]4(C)[C@@]3(F)[C@@H](O)C[C@]2(C)[C@@]1(OC(=O)c1ccco1)C(=O)O|C[C@@H]1C[C@H]2[C@@H]3C[C@H](F)C4=CC(=O)C=C[C@]4(C)[C@@]3(F)[C@@H](O)C[C@]2(C)[C@@]1(OC(=O)c1ccco1)C(=O)[OH:1]|C[C@@H]1C[C@H]2[C@@H]3C[C@H](F)C4=CC(=O)C=C[C@]4(C)[C@@]3(F)[C@@H](O)C[C@]2(C)[C@@]1(OC(=O)c1ccco1)[C:1](=O)O|C[C@@H]1C[C@H]2[C@@H]3C[C@H:1](F)C4=CC(=O)C=C[C@]4(C)[C@@]3(F)[C@@H](O)C[C@]2(C)[C@@]1(OC(=O)c1ccco1)[C:1](=O)O|C[C@@H]1C[C@H]2[C@@H]3C[C@H](F)C4=CC(=O)C=C[C@]4(C)[C@@]3(F)[C@@H](O)C[C@]2(C)[C@@]1(OC(=O)c1ccco1)[C:1](=O)[OH:1]|C[C@@H]1C[C@H]2[C@@H]3C[C@H](F)C4=CC(=O)C=C[C@]4(C)[C@@]3(F)[C@@H](O)C[C@]2(C)[C@]1(C(=O)O)[O:1]C(=O)c1ccco1|C[C@@H]1C[C@H]2[C@@H]3C[C@H:1](F)C4=CC(=O)C=C[C@]4(C)[C@@]3(F)[C@@H](O)C[C@]2(C)[C@@]1(OC(=O)c1ccco1)[C:1](O)=[O:1]|C[C@@H]1C[C@H]2[C@@H]3C[C@H](F)C4=C[C:1](=[O:1])C=C[C@]4(C)[C@@]3(F)[C@@H](O)C[C@]2(C)[C@@]1(OC(=O)c1ccco1)C(=O)O|C[C@@H]1C[C@H]2[C@@H]3C[C@H](F)C4=CC(=O)C=C[C@]4(C)[C@@]3(F)[C@@H](O)C[C@]2(C)[C@@:1]1(OC(=O)c1ccco1)C(=O)O|C[C@@H]1C[C@H]2[C@@H]3C[C@H](F)C4=CC(=O)C=C[C@]4(C)[C@@]3(F)[C@@H](O)C[C@]2(C)[C@@]1(OC(=O)c1cc[cH:1]o1)C(=O)O,C[C@@H]1C[C@H]2[C@@H]3C[C@H](F)C4=CC(=O)C=C[C@]4(C)[C@@]3(F)[C@@H](O)C[C@]2(C)[C@@]1(OC(=O)c1ccco1)C(=O)O,1,C[C@@H]1C[C@H]2[C@@H]3C[C@H](F)C4=CC(=O)C=C[C@]4(C)[C@@]3(F)[C@@H](O)C[C@]2(C)[C@@]1(O[C:1](=O)C1=CC=CO1)C(=O)O|[C@H]12[C@H]3[C@@](C)([C@](C(=O)[OH:1])(OC(C4=CC=CO4)=O)[C@H](C)C3)C[C@H](O)[C@]1(F)[C@@]1(C)C=CC(=O)C=C1[C@@H](F)C2|C[C@@H]1C[C@H]2[C@@H]3C[C@H:1](F)C4=CC(=O)C=C[C@]4(C)[C@@]3(F)[C@@H](O)C[C@]2(C)[C@@]1(OC(=O)C1=CC=CO1)C(=O)O|C[C@@H]1[CH2:1][C@H]2[C@@H]3C[C@H](F)C4=CC(=O)C=C[C@]4(C)[C@@]3(F)[C@@H](O)C[C@]2(C)[C@@]1(OC(=O)C1=CC=CO1)C(=O)O|C[C@@H]1C[C@H]2[C@@H]3C[C@H](F)C4=CC(=O)C=C[C@]4(C)[C@@]3(F)[C@@H](O)C[C@]2(C)[C@@]1(OC(=O)C1=C[CH:1]=[CH:2]O1)C(=O)O|[C@H]12[C@H]3[C@@](C)([C@](C(=O)O)(OC(C4=CC=CO4)=O)[C@H](C)C3)C[C@H](O)[C@]1(F)[C@@]1(C)[CH:1]=[CH:2]C(=O)C=C1[C@@H](F)C2|O(C(=O)C1=CC=CO1)[C@]1(C(O)=O)[C@H]([CH3:1])C[C@@H]2[C@]1(C)C[C@H](O)[C@@]1(F)[C@H]2C[C@H](F)C2=CC(=O)C=C[C@]12C|C[C@@H]1C[C@H]2[C@@H]3C[C@H:1](F)C4=CC(=O)C=C[C@]4(C)[C@@]3(F)[C@@H](O)C[C@]2(C)[C@@]1(OC(=O)C1=CC=CO1)C(=O)O|[C@H]12[C@H]3[C@@](C)([C@](C(=O)O)(OC(C4=CC=CO4)=O)[C@H](C)C3)C[C@H]([OH:1])[C@]1(F)[C@@]1(C)C=CC(=O)C=C1[C@@H](F)C2|C[C@@H]1C[C@H]2[C@@H]3C[C@H](F)C4=CC(=O)C=C[C@]4(C)[C@@]3(F)[C@@H](O)C[C@]2(C)[C@@]1(OC(=O)C1=CC=CO1)C(=O)[OH:1]|OC([C@@]1(OC(C2=CC=CO2)=O)[C@H](C)C[C@H]2[C@@H]3C[C@H:1](F)C4=CC(=O)C=C[C@]4(C)[C@@]3(F)[C@@H](O)C[C@]12C)=O|O(C(=O)C1=CC=CO1)[C@]1(C(O)=O)[C@H](C)[CH2:1][C@@H]2[C@]1(C)C[C@H](O)[C@@]1(F)[C@H]2C[C@H](F)C2=CC(=O)C=C[C@]12C|C[C@@H]1C[C@H]2[C@@H]3C[C@H](F)C4=CC(=O)C=C[C@]4(C)[C@@]3(F)[C@@H](O)C[C@]2(C)[C@@]1(OC(=O)C1=CC=[CH:1]O1)C(=O)O|C[C@@H:1]1C[C@H]2[C@@H]3C[C@H](F)C4=CC(=O)C=C[C@]4(C)[C@@]3(F)[C@@H](O)C[C@]2(C)[C@@]1(OC(=O)C1=CC=CO1)C(=O)O|[C@H]12[C@H]3[C@@](C)([C@](C(=O)O)(OC(C4=CC=CO4)=O)[C@H](C)C3)C[C@H](O)[C@]1(F)[C@@]1(C)C=CC(=O)C=C1[C@@H](F)[CH2:1]2|OC([C@@]1(OC(C2=CC=CO2)=O)[C@H](C)C[C@H]2[C@@H]3C[C@H](F)C4=CC(=O)C=C[C@]4(C)[C@@]3(F)[C@@H](O)C[C@]12[CH3:1])=O|[C@H]12[C@H]3[C@@](C)([C@](C(=O)O)(OC(C4=CC=CO4)=O)[C@H](C)C3)C[C@H](O)[C@]1(F)[C@@]1(C)C=CC(=O)C=C1[C@@H](F)[CH2:1]2|C[C@@]12[C@H]([C@H]3[C@@](F)([C@]4(C)C(=CC(=O)C=C4)[C@@H](F)C3)[C@@H](O)C1)C[C@@H](C)[C@]2(OC(C1=CC=CO1)=O)C(O)=[O:1]|C[C@@H]1C[C@H]2[C@@H]3C[C@H](F)C4=CC(=O)C=C[C@]4(C)[C@@]3(F)[C@@H](O)C[C@]2(C)[C@@]1(O[C:1](=O)C1=CC=CO1)C(=O)O
C[C@@H]1C[C@H]2[C@@H]3C[C@H](F)C4=CC(=O)C=C[C@]4(C)[C@@]3(F)[C@@H](O)C[C@]2(C)[C@@]1(OC(=O)C1=CC=CO1)C(=O)SCF,C[C@@H]1C[C@H]2[C@@H]3C[C@H](F)C4=CC(=O)C=C[C@]4(C)[C@@]3(F)[C@@H](O)C[C@]2(C)[C@@]1(OC(=O)c1ccco1)[C:1](SCF)=[O:1]|C[C@@H]1C[C@H]2[C@@H]3C[C@H](F)C4=CC(=O)C=C[C@]4(C)[C@@]3(F)[C@@H](O)C[C@]2(C)[C@@]1(OC(=O)c1ccco1)[C:1](=O)SCF|C[C@@H]1C[C@H]2[C@@H]3C[C@H:1](F)C4=CC(=O)C=C[C@]4(C)[C@@]3(F)[C@@H](O)C[C@]2(C)[C@@]1(OC(=O)c1ccco1)C(=O)SCF|C[C@@H]1C[C@H]2[C@@H]3C[C@H](F)C4=CC(=O)C=C[C@]4(C)[C@@]3(F)[C@@H](O)C[C@]2(C)[C@@]1(OC(=O)c1ccco1)C(=O)[S:1]CF|C[C@@H]1C[C@H]2[C@@H]3C[C@H:1](F)C4=CC(=O)C=C[C@]4(C)[C@@]3(F)[C@@H](O)C[C@]2(C)[C@@]1(OC(=O)c1ccco1)[C:1](SCF)=[O:1]|C[C@@H]1C[C@H]2[C@@H]3C[C@H:1](F)C4=CC(=O)C=C[C@]4(C)[C@@]3(F)[C@@H](O)C[C@]2(C)[C@@]1(OC(=O)c1ccco1)[C:1](=O)SCF|C[C@@H]1C[C@H]2[C@@H]3C[C@H](F)C4=C[C:1](=[O:1])C=C[C@]4(C)[C@@]3(F)[C@@H](O)C[C@]2(C)[C@@]1(OC(=O)c1ccco1)C(=O)SCF|C[C@@H]1C[C@H]2[C@@H]3C[C@H](F)C4=CC(=O)C=C[C@]4(C)[C@@]3(F)[C@@H](O)C[C@]2(C)[C@]1(C(=O)SCF)[O:1]C(=O)c1ccco1|C[C@@H]1C[C@H]2[C@@H]3C[C@H](F)C4=CC(=O)C=C[C@]4(C)[C@@]3(F)[C@@H]([OH:1])C[C@]2(C)[C@@]1(OC(=O)c1ccco1)C(=O)SCF|C[C@@H]1C[C@H]2[C@@H]3C[C@H](F)C4=CC(=O)C=C[C@]4(C)[C@@]3(F)[C@@H](O)C[C@]2(C)[C@@]1(OC(=O)c1ccco1)[C:1](=O)S[CH2:1]F,C[C@@H]1C[C@H]2[C@@H]3C[C@H](F)C4=CC(=O)C=C[C@]4(C)[C@@]3(F)[C@@H](O)C[C@]2(C)[C@@]1(OC(=O)c1ccco1)C(=O)SCF,1,C[C@@]12[C@@](OC(C3=CC=CO3)=O)(C([S:1]CF)=O)[C@H](C)C[C@H]1[C@@H]1C[C@H](F)C3=CC(=O)C=C[C@]3(C)[C@@]1(F)[C@@H](O)C2|C[C@@H]1C[C@H]2[C@@H]3C[C@H](F)C4=CC(=O)C=C[C@]4(C)[C@@]3(F)[C@@H](O)C[C@]2(C)[C@@]1(OC(=O)C1=CC=CO1)[C:1](=O)SCF|C[C@@H]1C[C@H]2[C@@H]3C[C@H](F)C4=CC(=O)C=C[C@]4(C)[C@@]3(F)[C@@H](O)C[C@]2(C)[C@@]1(O[C:1](=O)C1=CC=CO1)C(=O)SCF|C[C@@H]1C[C@H]2[C@@H]3C[C@H](F)C4=CC(=O)C=C[C@]4(C)[C@@]3(F)[C@@H](O)C[C@]2(C)[C@@]1(OC(=O)C1=CC=CO1)[C:1](=O)SCF|C[C@@]12[C@@](OC(C3=CC=CO3)=O)(C([S:1]CF)=O)[C@H](C)C[C@H]1[C@@H]1C[C@H](F)C3=CC(=O)C=C[C@]3(C)[C@@]1(F)[C@@H](O)C2|C1(C(=O)O[C@@]2(C(SCF)=O)[C@@]3(C)C[C@H](O)[C@@]4(F)[C@@H](C[C@H](F)C5=CC(=O)C=C[C@]45C)[C@@H]3C[C@H]2C)=C[CH:1]=[CH:2]O1|C[C@@]12[C@@](OC(C3=CC=CO3)=O)(C([S:1]CF)=O)[C@H](C)C[C@H]1[C@@H]1C[C@H](F)C3=CC(=O)C=C[C@]3(C)[C@@]1(F)[C@@H](O)C2|[C@H]12[C@@](C)([C@]([C:1](=O)SCF)(OC(=O)C3=CC=CO3)[C@H](C)C1)C[C@H](O)[C@@]1(F)[C@H]2C[C@H](F)C2=CC(=O)C=C[C@]12C|C[C@@H]1C[C@H]2[C@@H]3C[C@H](F)C4=CC(=O)C=C[C@]4(C)[C@@]3(F)[C@@H](O)C[C@]2(C)[C@@]1(OC(=O)C1=CC=CO1)[C:1](=O)SCF|C1(C(=O)O[C@@]2(C(SCF)=O)[C@@]3(C)C[C@H](O)[C@@]4(F)[C@@H](C[C@H](F)C5=CC(=O)C=C[C@]45C)[C@@H]3C[C@H]2C)=CC=[CH:1]O1|[C@@H]1(O)[C@@]2(F)[C@H]([C@@H]3C[C@@H](C)[C@@](C(SCF)=O)(OC(=O)C4=CC=CO4)[C@@]3(C)C1)C[C@H](F)C1=CC(=O)[CH:1]=C[C@]21C|[C@@H]1(O)[C@@]2(F)[C@H]([C@@H]3C[C@@H](C)[C@@](C(SCF)=O)(OC(=O)C4=CC=CO4)[C@@]3(C)C1)C[C@H](F)C1=CC(=O)C=[CH:1][C@]21C|C1[C@]2(C)[C@@](OC(C3=CC=CO3)=O)([C:1](=O)SCF)[C@H](C)C[C@H]2[C@@H]2C[C@H](F)C3=CC(=O)C=C[C@]3(C)[C@@]2(F)[C@H]1O|C[C@@H]1C[C@H]2[C@@H]3C[C@H](F)C4=CC(=O)C=C[C@]4(C)[C@@]3(F)[C@@H](O)C[C@]2(C)[C@@]1(OC(=O)C1=CC=CO1)[C:1](=O)SCF|C1(C(=O)O[C@@]2(C(S[CH2:1]F)=O)[C@@]3(C)C[C@H](O)[C@@]4(F)[C@@H](C[C@H](F)C5=CC(=O)C=C[C@]45C)[C@@H]3C[C@H]2C)=CC=CO1|C[C@@H]1C[C@H]2[C@@H]3C[C@H](F)C4=CC(=O)C=C[C@]4(C)[C@@]3(F)[C@@H](O)C[C@]2(C)[C@@]1(OC(=O)C1=CC=CO1)[C:1](=O)SCF
C[C@H](CCC(=O)O)[C@H]1CC[C@H]2[C@@H]3C(=O)C[C@@H]4C[C@H](O)CC[C@]4(C)[C@H]3CC[C@]12C,C[C@H](CCC(=O)O)[C@H]1CC[C@H]2[C@H]3[C@H](CC[C@@]21C)[C@@]1(C)CC[C@@H](O)C[C@H]1C[C:1]3=[O:1]|C[C@H](CCC(=O)[OH:1])[C@H]1CC[C@H]2[C@@H]3C(=O)C[C@@H]4C[C@H](O)CC[C@]4(C)[C@H]3CC[C@@]21C|C[C@H](CCC(=O)O)[C@H]1CC[C@H]2[C@@H]3C(=O)C[C@@H]4C[C@H]([OH:1])CC[C@]4(C)[C@H]3CC[C@@]21C|C[C@H](CCC(=O)O)[C@H]1CC[C@H]2[C@@H]3C(=O)C[C@@H]4C[C@H:1]([OH:1])CC[C@]4(C)[C@H]3CC[C@@]21C|C[C@H](CCC(=O)O)[C@H]1CC[C@H]2[C@@H]3C(=O)[CH2:1][C@@H]4C[C@H](O)CC[C@]4(C)[C@H]3CC[C@@]21C|C[C@H](CCC(=O)O)[C@H]1CC[C@@H]2[C@]1(C)CC[C@@H]1[C@@]3(C)CC[C@@H](O)C[C@H]3C[C:1](=O)[C@@H:1]21|C[C@H](CC[C:1](=O)[OH:1])[C@H]1CC[C@H]2[C@@H]3C(=O)C[C@@H]4C[C@H](O)CC[C@]4(C)[C@H]3CC[C@@]21C|C[C@H](C[CH2:1]C(=O)O)[C@H]1CC[C@H]2[C@@H]3C(=O)C[C@@H]4C[C@H](O)CC[C@]4(C)[C@H]3CC[C@@]21C|C[C@H](CC[C:1](=O)O)[C@H]1CC[C@H]2[C@@H]3C(=O)C[C@@H]4C[C@H](O)CC[C@]4(C)[C@H]3CC[C@@]21C|C[C@H](CCC(=O)O)[C@H]1CC[C@H]2[C@@H]3C(=O)C[C@@H]4C[C@H](O)CC[C@]4(C)[C@H]3C[CH2:1][C@@]21C,C[C@H](CCC(=O)O)[C@H]1CC[C@H]2[C@H]3[C@H](CC[C@@]21C)[C@@]1(C)CC[C@@H](O)C[C@H]1C[C:1]3=[O:1],1,C1C[C@H]2[C@@H](C(=O)C[C@H]3[C@]2(C)CC[C@@H](O)C3)[C@H]2[C@@]1(C)[C@@H]([C@@H](CCC(=O)[OH:1])C)CC2|C[C@H](CCC(=O)O)[C@H]1CC[C@H]2[C@@H]3C(=O)C[C@@H]4C[C@H]([OH:1])CC[C@]4(C)[C@H]3CC[C@]12C|[C@H]1(O)C[C@@H]2[C@](C)(CC1)[C@@H]1[C@@H](C(=O)C2)[C@H]2[C@@](C)([C@@H]([C@H](C)CC[C:1](=O)[OH:2])CC2)CC1|[C@H]1(O)C[C@@H]2[C@](C)(CC1)[C@@H]1[C@@H](C(=O)C2)[C@H]2[C@@](C)([C@@H]([C@H](C)CC[C:1](=O)O)CC2)CC1|[C@H]1(O)C[C@@H]2[C@](C)(CC1)[C@@H]1[C@@H](C(=O)C2)[C@H]2[C@@](C)([C@@H]([C@H](C)CC[C:1](=O)[OH:1])CC2)CC1|C1C[C@H]2[C@@H](C(=O)C[C@H]3[C@]2(C)CC[C@@H]([OH:1])C3)[C@H]2[C@@]1(C)[C@@H]([C@@H](CCC(=O)O)C)CC2|C[C@]12CC[C@@H](O)C[C@H]1CC(=O)[C@H]1[C@@H]3CC[C@H:1]([C@H](C)CCC(O)=O)[C@@:2]3(C)CC[C@H]21|C[C@H](CCC(=O)O)[C@H]1CC[C@H]2[C@@H]3C(=O)C[C@@H]4C[C@H]([OH:1])CC[C@]4(C)[C@H]3CC[C@]12C|[C@H]1(O)C[C@@H]2[C@](C)(CC1)[C@@H]1[C@@H](C(=O)C2)[C@H]2[C@@](C)([C@@H]([C@H](C)CC[C:1](=O)[OH:2])CC2)CC1|C[C@]12CC[C@@H](O)C[C@H]1CC(=O)[C@H]1[C@@H]3CC[C@H]([C@H](C)CC[C:1](O)=[O:2])[C@@]3(C)CC[C@H]21|[OH:1]C(CC[C@@H](C)[C@@H]1[C@]2(C)[C@H]([C@@H]3C(=O)C[C@@H]4C[C@H](O)CC[C@]4(C)[C@H]3CC2)CC1)=O|[C@H]1(O)C[C@@H]2[C@](C)(CC1)[C@@H]1[C@@H](C(=O)C2)[C@H]2[C@@](C)([C@@H]([C@H](C)CCC(=O)[OH:1])CC2)CC1|[C@H]1(O)C[C@@H]2[C@](C)(CC1)[C@@H]1[C@@H](C(=O)C2)[C@H]2[C@@](C)([C@@H]([C@H](C)CC[C:1](=O)[OH:2])CC2)CC1
C[C@H](CCC(=O)O)[C@H]1CC[C@H]2[C@@H]3[C@@H](O)C[C@@H]4C[C@H](O)CC[C@]4(C)[C@H]3CC[C@]12C,C[C@H](CCC(=O)O)[C@H]1CC[C@H]2[C@H]3[C@H](CC[C@@]21C)[C@@]1(C)CC[C@@H](O)C[C@H]1C[C@@H:1]3[OH:1]|C[C@H](CCC(=O)[OH:1])[C@H]1CC[C@H]2[C@@H]3[C@@H](O)C[C@@H]4C[C@H](O)CC[C@]4(C)[C@H]3CC[C@@]21C|C[C@H](CCC(=O)O)[C@H]1CC[C@H]2[C@@H]3[C@@H](O)C[C@@H]4C[C@H]([OH:1])CC[C@]4(C)[C@H]3CC[C@@]21C|C[C@H](CCC(=O)O)[C@H]1CC[C@H]2[C@@H]3[C@@H](O)C[C@@H]4C[C@H:1]([OH:1])CC[C@]4(C)[C@H]3CC[C@@]21C|C[C@H](CCC(=O)O)[C@H]1CC[C@H]2[C@H]3[C@H](CC[C@@]21C)[C@@]1(C)CC[C@@H](O)C[C@H]1C[C@@H:1]3O|C[C@H](CCC(=O)O)[C@H]1CC[C@H]2[C@H]3[C@H](CC[C@@]21C)[C@@]1(C)CC[C@@H](O)C[C@H]1C[C@H:1]3[OH:1]|C[C@H](CCC(=O)O)[C@H]1CC[C@H]2[C@@H]3[C@@H](O)C[C@@H]4C[C@H](O)CC[C@]4(C)[C@H]3C[CH2:1][C@@]21C|C[C@H](CC[C:1](=O)[OH:1])[C@H]1CC[C@H]2[C@@H]3[C@@H](O)C[C@@H]4C[C@H](O)CC[C@]4(C)[C@H]3CC[C@@]21C|C[C@H](CCC(=O)O)[C@H]1CC[C@H]2[C@H]3[C@H](CC[C@@]21C)[C@@]1(C)CC[C@@H](O)C[C@H]1C[C@@H]3[OH:1]|C[C@H](C[CH2:1]C(=O)O)[C@H]1CC[C@H]2[C@@H]3[C@@H](O)C[C@@H]4C[C@H](O)CC[C@]4(C)[C@H]3CC[C@@]21C,C[C@H](CCC(=O)O)[C@H]1CC[C@H]2[C@H]3[C@H](CC[C@@]21C)[C@@]1(C)CC[C@@H](O)C[C@H]1C[C@@H:1]3O|C[C@H](CCC(=O)O)[C@H]1CC[C@H]2[C@H]3[C@H](CC[C@@]21C)[C@@]1(C)CC[C@@H](O)C[C@H]1C[C@@H:1]3[OH:1],2,C[C@H](CCC(=O)O)[C@H]1CC[C@H]2[C@@H]3[C@@H]([OH:1])C[C@@H]4C[C@H](O)CC[C@]4(C)[C@H]3CC[C@]12C|[C@@H](CC[C:1](=O)[OH:2])([C@@H]1[C@]2(C)[C@@H](CC1)[C@H]1[C@@H]([C@@]3(C)CC[C@@H](O)C[C@H]3C[C@@H]1O)CC2)C|C[C@H](CCC(=O)[OH:1])[C@H]1CC[C@H]2[C@@H]3[C@@H](O)C[C@@H]4C[C@H](O)CC[C@]4(C)[C@H]3CC[C@]12C|C[C@H](CCC(=O)O)[C@H]1CC[C@H]2[C@@H]3[C@@H]([OH:1])C[C@@H]4C[C@H](O)CC[C@]4(C)[C@H]3CC[C@]12C|C[C@H](CCC(=O)O)[C@H]1CC[C@H]2[C@@H]3[C@@H](O)C[C@@H]4C[C@H]([OH:1])CC[C@]4(C)[C@H]3CC[C@]12C|C[C@]12CC[C@@H](O)C[C@H]1C[C@H](O)[C@H]1[C@@H]3CC[C@H:1]([C@H](C)CCC(O)=O)[C@@:2]3(C)CC[C@H]21|C1C[C@H]2[C@@H]([C@@H](O)C[C@H]3[C@]2(C)CC[C@@H]([OH:1])C3)[C@H]2[C@@]1(C)[C@@H]([C@@H](CCC(=O)O)C)CC2|[C@@H](CC[C:1](=O)O)([C@@H]1[C@]2(C)[C@@H](CC1)[C@H]1[C@@H]([C@@]3(C)CC[C@@H](O)C[C@H]3C[C@@H]1O)CC2)C|[C@@H](CC[C:1](=O)[OH:1])([C@@H]1[C@]2(C)[C@@H](CC1)[C@H]1[C@@H]([C@@]3(C)CC[C@@H](O)C[C@H]3C[C@@H]1O)CC2)C|C[C@H](CCC(=O)O)[C@H]1CC[C@H]2[C@@H]3[C@@H]([OH:1])C[C@@H]4C[C@H](O)CC[C@]4(C)[C@H]3CC[C@]12C|C[C@H](CCC(=O)O)[C@H]1CC[C@H]2[C@@H]3[C@@H](O)C[C@@H]4C[C@H]([OH:1])CC[C@]4(C)[C@H]3CC[C@]12C|C[C@H](CC[C:1](=O)[OH:2])[C@H]1CC[C@H]2[C@@H]3[C@@H](O)C[C@@H]4C[C@H](O)CC[C@]4(C)[C@H]3CC[C@]12C|C[C@H](CCC(=O)[OH:1])[C@H]1CC[C@H]2[C@@H]3[C@@H](O)C[C@@H]4C[C@H](O)CC[C@]4(C)[C@H]3CC[C@]12C|[C@@H](CCC(=O)[OH:1])([C@@H]1[C@]2(C)[C@@H](CC1)[C@H]1[C@@H]([C@@]3(C)CC[C@@H](O)C[C@H]3C[C@@H]1O)CC2)C|[C@@H](CC[C:1](=O)[OH:2])([C@@H]1[C@]2(C)[C@@H](CC1)[C@H]1[C@@H]([C@@]3(C)CC[C@@H](O)C[C@H]3C[C@@H]1O)CC2)C|C[C@H]([CH2:1][CH2:2]C(=O)O)[C@H]1CC[C@H]2[C@@H]3[C@@H](O)C[C@@H]4C[C@H](O)CC[C@]4(C)[C@H]3CC[C@]12C|[C@@H](CC[C:1](=O)[OH:2])([C@@H]1[C@]2(C)[C@@H](CC1)[C@H]1[C@@H]([C@@]3(C)CC[C@@H](O)C[C@H]3C[C@@H]1O)CC2)C
C[C@H](N)CC1=CC=C(O)C=C1,C[C@H](N)Cc1ccc(O)[cH:1]c1|C[C@H](N)[CH2:1]c1ccc(O)cc1|C[C@H](N)Cc1ccc([OH:1])cc1|C[C@@H](Cc1ccc(O)cc1)[NH2:1]|C[C@H](N)Cc1cc[c:1](O)cc1|C[C@H:1](N)Cc1ccc(O)cc1|C[C@H](N)C[c:1]1[cH:1][cH:1][c:1]([OH:1])[cH:1][cH:1]1|C[C@@H:1](Cc1ccc(O)cc1)[NH2:1]|N[C@H](Cc1ccc(O)cc1)[CH3:1]|C[C@H](N)[CH2:1]c1cc[c:1]([OH:1])cc1,C[C@H](N)[CH2:1]c1ccc(O)cc1,1,C[C@H](N)CC1=CC=C(O)[CH:1]=C1|C[C@H](N)CC1=CC=C([OH:1])C=C1|C[C@H:1](N)CC1=CC=C(O)C=C1|C[C@@H](CC1=CC=C(O)[CH:1]=C1)N|C[C@H](N)CC1=CC=C([OH:1])C=C1|C[C@H](N)CC1=CC=C(O)[CH:1]=C1|OC1=CC=C(C[C@@H]([NH2:1])C)C=C1|C[C@H](N)[CH2:1]C1=CC=C(O)C=C1|[OH:1]C1=CC=C(C[C@@H](N)C)C=C1|[OH:1]C1=CC=C(C[C@@H](N)[CH3:1])C=C1|OC1=CC=C([CH2:1][C@@H](N)C)C=C1|C[C@H](N)[CH2:1]C1=CC=C(O)C=C1|C[C@H]([NH2:1])CC1=CC=C(O)C=C1|OC1=CC=C(C[C@@H](N)[CH3:1])C=C1|C[C@H](N)CC1=CC=C([OH:1])C=C1|C[C@H](N)[CH2:1]C1=CC=C(O)C=C1|C[C@H]([NH2:1])CC1=CC=C(O)C=C1|C[C@H](N)[CH2:1]C1=CC=C(O)C=C1|[NH2:1][C@H](CC1=CC=C(O)C=C1)C|OC1=CC=C(C[C@@H](N)C)[CH:1]=C1
C[C@H](N)CC1=CC=CC=C1,C[C@H](N)[CH2:1]c1ccccc1|C[C@H](N)Cc1cc[cH:1]cc1|C[C@@H](Cc1ccccc1)[NH2:1]|C[C@H:1](N)Cc1ccccc1|C[C@@H:1](Cc1ccccc1)[NH2:1]|N[C@H](Cc1ccccc1)[CH3:1]|C[C@H](N)Cc1ccc[cH:1]c1|N[C@H:1](Cc1ccccc1)[CH3:1]|C[C@H](N)C[c:1]1[cH:1][cH:1][cH:1][cH:1][cH:1]1|C[C@H]([NH2:1])[CH2:1]c1ccccc1,C[C@H:1](N)Cc1ccccc1|C[C@H](N)Cc1cc[cH:1]cc1|C[C@H](N)[CH2:1]c1ccccc1,3,C[C@H](N)[CH2:1]C1=CC=CC=C1|C[C@H]([NH2:1])CC1=CC=CC=C1|C[C@H](N)[CH2:1]C1=CC=CC=C1|C[C@H](N)CC1=CC=[CH:1]C=C1|C[C@H:1](N)CC1=CC=CC=C1|C[C@H](N)[CH2:1]C1=CC=CC=C1|C[C@H]([NH2:1])CC1=CC=CC=C1|C[C@H](N)CC1=CC=[CH:1]C=C1|C[C@H]([NH2:1])CC1=CC=CC=C1|[CH3:1][C@H](N)CC1=CC=CC=C1|C1=CC=CC([CH2:1][C@@H](N)C)=C1|C[C@H](N)[CH2:1]C1=CC=CC=C1|C[C@@H](CC1=CC=CC=C1)[NH2:1]|[CH3:1][C@@H](CC1=CC=CC=C1)N|C[C@H]([NH2:1])CC1=CC=CC=C1|C[C@@H](CC1=C[CH:1]=CC=C1)N|[CH:1]1=CC(C[C@H](C)N)=CC=C1|C[C@@H]([CH2:1]C1=CC=CC=C1)N|C1(C[C@@H:1](N)C)=CC=CC=C1
C[C@H]1O[C@@H](N2C=C(F)C(N)=NC2=O)[C@H](O)[C@@H]1O,C[C@H]1O[C@@H](n2cc(F)[c:1](N)nc2=O)[C@H](O)[C@@H:1]1[OH:1]|C[C@H]1O[C@@H]([n:1]2cc(F)c(N)nc2=O)[C@H](O)[C@@H]1O|C[C@H]1O[C@@H](n2cc(F)c(N)nc2=O)[C@H]([OH:1])[C@@H]1O|C[C@H]1O[C@@H](n2cc(F)c([NH2:1])nc2=O)[C@H](O)[C@@H]1O|C[C@H]1O[C@@H](n2cc(F)[c:1](N)nc2=O)[C@H](O)[C@@H]1O|C[C@H]1O[C@@H](n2cc(F)c(N)nc2=O)[C@H](O)[C@@H:1]1[OH:1]|C[C@H]1O[C@@H](n2cc(F)c(N)[n:1]c2=O)[C@H](O)[C@@H]1O|Nc1nc(=O)n([C@@H]2O[C@H]([CH3:1])[C@@H](O)[C@H]2O)cc1F|C[C@H]1O[C@@H](n2cc(F)[c:1](N)nc2=O)[C@H](O)[C@@H:1]1O|C[C@H]1O[C@@H]([n:1]2cc(F)[c:1](N)nc2=O)[C@H](O)[C@@H]1O,C[C@H]1O[C@@H](n2cc(F)[c:1](N)nc2=O)[C@H](O)[C@@H]1O,1,C[C@H]1O[C@@H](N2C=C(F)[C:1](N)=NC2=O)[C@H](O)[C@@H]1O|C[C@H]1O[C@@H](N2C=C(F)C(N)=NC2=O)[C@H](O)[C@@H]1[OH:1]|C[C@H]1O[C@@H:1](N2C=C(F)C(N)=NC2=O)[C@H](O)[C@@H]1O|C[C@H]1O[C@@H:1](N2C=C(F)C(N)=NC2=O)[C@H](O)[C@@H]1O|C[C@H]1O[C@@H](N2C=C(F)C(N)=NC2=O)[C@H]([OH:1])[C@@H]1O|C[C@H]1O[C@@H](N2C=[C:1](F)C(N)=NC2=O)[C@H](O)[C@@H]1O|O1[C@@H](N2C(=O)N=[C:1](N)C(F)=C2)[C@H](O)[C@H](O)[C@H]1C|C[C@H]1O[C@@H](N2C=C(F)[C:1](N)=NC2=O)[C@H](O)[C@@H]1O|O1[C@@H](N2C(=O)N=C(N)C(F)=C2)[C@H](O)[C@H]([OH:1])[C@H]1C|C[C@H]1O[C@@H:1](N2C=C(F)C(N)=NC2=O)[C@H](O)[C@@H]1O|C1(=O)N([C@H:1]2[C@H](O)[C@H](O)[C@@H](C)O2)C=C(F)C(N)=N1|C[C@H]1O[C@@H](N2C=C(F)[C:1](N)=NC2=O)[C@H](O)[C@@H]1O|C[C@H]1O[C@@H](N2[CH:1]=[C:2](F)C(N)=NC2=O)[C@H](O)[C@@H]1O|C1(=O)N([C@H:1]2[C@H](O)[C@H](O)[C@@H](C)O2)C=C(F)C(N)=N1|C[C@H]1O[C@@H](N2C=C(F)C([NH2:1])=NC2=O)[C@H](O)[C@@H]1O|C1(=O)N([C@H:1]2[C@H](O)[C@H](O)[C@@H](C)O2)C=C(F)C(N)=N1
C[C@]12CC[C@H]3[C@@H](CC=C4C[C@@H](O)CC[C@]34C)[C@@H]1CC=C2C1=CC=CN=C1,C[C@]12CC[C@H]3[C@@H](C[CH:1]=[C:1]4[C@]3(C)CC[C@H:1]([OH:1])[CH2:1]4)[C@@H]1CC=C2c1cccnc1|C[C@]12CC[C@H]3[C@@H](CC=C4C[C@@H:1]([OH:1])CC[C@@]43C)[C@@H]1CC=C2c1cccnc1|C[C@]12CC[C@H]3[C@@H](CC=C4C[C@@H]([OH:1])CC[C@@]43C)[C@@H]1CC=C2c1cccnc1|C[C@]12CC[C@H]3[C@@H](C[CH:1]=[C:1]4C[C@@H](O)CC[C@]34C)[C@@H]1CC=C2c1cccnc1|C[C@]12CC[C@H]3[C@@H](C[CH:1]=[C:1]4C[C@@H:1]([OH:1])CC[C@]34C)[C@@H]1CC=C2c1cccnc1|C[C@]12CC[C@H]3[C@@H](C[CH:1]=[C:1]4[C@@]3(C)CC[C@H:1]([OH:1])[CH2:1]4)[C@@H]1CC=C2c1cccnc1|C[C@]12CC[C@H]3[C@@H](CC=C4[C@]3(C)CC[C@H:1]([OH:1])[CH2:1]4)[C@@H]1CC=C2c1cccnc1|C[C@]12CC[C@H]3[C@@H](C[CH:1]=[C:1]4[C@]3(C)CC[C@H](O)[CH2:1]4)[C@@H]1CC=C2c1cccnc1|C[C@]12CC[C@H]3[C@@H](CC=C4C[C@@H](O)CC[C@@]43C)[C@@H]1CC=C2c1ccc[n:1]c1|C[C@]12CC[C@H](O)CC1=CC[C@@H]1[C@@H]2CC[C@]2(C)[C@H]1CC=C2c1cccnc1,C[C@]12CC[C@H]3[C@@H](CC=C4C[C@@H]([OH:1])CC[C@@]43C)[C@@H]1CC=C2c1ccc[n:1]c1|C[C@]12CC[C@H]3[C@@H](CC=C4C[C@@H]([OH:1])CC[C@@]43C)[C@@H]1CC=C2c1cccnc1,2,C[C@]12CC[C@H]3[C@@H](CC=C4C[C@@H](O)CC[C@]34C)[C@@H]1CC=C2C1=CC=C[N:1]=C1|C[C@]12CC[C@H]3[C@@H](CC=C4C[C@@H](O)CC[C@]34C)[C@@H]1CC=C2C1=CC=C[N:1]=C1|C1=C(C2=CN=CC=C2)[C@]2(C)[C@H]([C@H]3[C@H](CC2)[C@@]2(C)CC[C@H]([OH:1])CC2=CC3)C1|C1=C(C2=C[N:1]=CC=C2)[C@]2(C)[C@H]([C@H]3[C@H](CC2)[C@@]2(C)CC[C@H](O)CC2=CC3)C1|C1=C(C2=C[N:1]=CC=C2)[C@]2(C)[C@H]([C@H]3[C@H](CC2)[C@@]2(C)CC[C@H](O)CC2=CC3)C1|C[C@]12CC[C@H]3[C@@H](CC=C4C[C@@H]([OH:1])CC[C@]34C)[C@@H]1CC=C2C1=CC=CN=C1|C[C@]12CC[C@H]3[C@@H]([CH2:1]C=C4C[C@@H](O)CC[C@]34C)[C@@H]1CC=C2C1=CC=CN=C1|C[C@]12CC[C@H](O)CC1=CC[C@@H]1[C@@H]2CC[C@]2(C)C(C3=C[N:1]=CC=C3)=CC[C@@H]12|C[C@]12CC[C@H](O)CC1=CC[C@@H]1[C@@H]2CC[C@]2(C)C(C3=C[N:1]=CC=C3)=CC[C@@H]12|[C@H]12[C@@H]3CC=C(C4=C[N:1]=CC=C4)[C@@]3(C)CC[C@@H]1[C@@]1(C)CC[C@H](O)CC1=CC2|[C@H]12[C@@H]3CC=C(C4=C[N:1]=CC=C4)[C@@]3(C)CC[C@@H]1[C@@]1(C)CC[C@H](O)CC1=CC2
ClC1=CC=C2C(=C1)N=C(N1CCNCC1)C1=CC=CC=C1N2,Clc1ccc2c(c1)N=C(N1CCNCC1)c1c[cH:1]ccc1N2|Clc1ccc2c(c1)N=C(N1CC[NH:1]CC1)c1ccccc1N2|Clc1ccc2c(c1)N=C(N1CCN[CH2:1]C1)c1ccccc1N2|Clc1ccc2c(c1)N=C(N1CCNCC1)c1cc[cH:1]cc1N2|Clc1ccc2c(c1)N=C(N1CCNCC1)c1ccccc1[NH:1]2|Clc1cc2c(c[cH:1]1)[NH:1]c1ccccc1C(N1CCNCC1)=N2|Clc1ccc2c(c1)N=C(N1CCNC[CH2:1]1)c1ccccc1N2|Clc1ccc2c(c1)[N:1]=[C:1](N1CCNCC1)c1ccccc1N2|Clc1ccc2c(c1)N=C(N1CCNCC1)c1ccc[cH:1]c1N2|Clc1ccc2c(c1)N=C([N:1]1CCNCC1)c1ccccc1N2,Clc1ccc2c(c1)N=C(N1CCNCC1)c1ccccc1[NH:1]2,1,C1=[CH:1]C(Cl)=CC2=C1NC1=C(C=CC=C1)C(N1CCNCC1)=N2|N1=C(N2CCNCC2)C2=CC=CC=C2NC2=C1C=[C:1](Cl)C=C2|ClC1=[CH:1]C=C2C(=C1)N=C(N1CCNCC1)C1=CC=CC=C1N2|ClC1=CC=C2C(=[CH:1]1)N=C(N1CCNCC1)C1=CC=CC=C1N2|ClC1=CC=C2C(=C1)N=C(N1CCNCC1)C1=CC=[CH:1]C=C1N2|ClC1=CC=C2C(=C1)N=C(N1CCNC[CH2:1]1)C1=CC=CC=C1N2|C1NCCN(C2=NC3=C([CH:1]=CC(Cl)=C3)NC3=C2C=CC=C3)C1|ClC1=CC=C2C(=C1)N=C(N1CCNCC1)C1=C[CH:1]=CC=C1N2|C1=CC(Cl)=[CH:1]C2=C1NC1=C(C=CC=C1)C(N1CCNCC1)=N2|C1NCCN(C2=NC3=C(C=[CH:1]C(Cl)=C3)NC3=C2C=CC=C3)C1|ClC1=CC=C2C(=C1)N=C(N1CCNCC1)C1=CC=C[CH:1]=C1N2|N1(C2=NC3=CC(Cl)=CC=C3NC3=C2C=C[CH:1]=C3)CCNCC1|ClC1=C[CH:1]=C2C(=C1)N=C(N1CCNCC1)C1=CC=CC=C1N2|ClC1=CC=C2C(=C1)N=C(N1CCN[CH2:1]C1)C1=CC=CC=C1N2|ClC1=CC=C2C(=C1)N=C(N1CCNCC1)C1=[CH:1]C=CC=C1N2
N#CC1=CC=C2C(=C1)COC2(CCC=O)C1=CC=C(F)C=C1,N#Cc1ccc2c(c1)COC2(CC[CH:1]=O)c1ccc(F)cc1|N#Cc1ccc2c(c1)COC2(CC[CH:1]=[O:1])c1ccc(F)cc1|N#Cc1ccc2c(c1)COC2(C[CH2:1]C=O)c1ccc(F)cc1|N#Cc1ccc2c(c1)COC2(C[CH2:1][CH:1]=O)c1ccc(F)cc1|N#Cc1ccc2c(c1)[CH2:1]OC2(CC[CH:1]=O)c1ccc(F)cc1|N#Cc1ccc2c(c1)COC2(CCC=O)c1ccc(F)[cH:1]c1|N#Cc1ccc2c(c1)[CH2:1][O:1][C:1]2(CC[CH:1]=O)c1ccc(F)cc1|N#Cc1cc2c(c[cH:1]1)C(CC[CH:1]=O)(c1ccc(F)cc1)OC2|N#Cc1ccc2c(c1)COC2(C[CH2:1][CH:1]=[O:1])c1ccc(F)cc1|N#Cc1cc2c(c[cH:1]1)C(CCC=O)(c1ccc(F)cc1)OC2,N#Cc1ccc2c(c1)COC2(CC[CH:1]=O)c1ccc(F)cc1,1,N#CC1=CC=C2C(=C1)COC2(CC[CH:1]=O)C1=CC=C(F)C=C1|C1=C2C(=CC=C1C#N)C(C1=CC=C(F)C=C1)(CCC=O)O[CH2:1]2|N#CC1=CC=C2C(=C1)[CH2:1]OC2(CCC=O)C1=CC=C(F)C=C1|N#CC1=CC=C2C(=C1)COC2(C[CH2:1]C=O)C1=CC=C(F)C=C1|C1=C2C(=CC=C1C#N)C(C1=CC=C(F)C=C1)(CC[CH:1]=O)OC2|N#CC1=CC=C2C(=C1)COC2(C[CH2:1]C=O)C1=CC=C(F)C=C1|C1=C(C#N)C=C2C(=C1)C(C[CH2:1]C=O)(C1=CC=C(F)C=C1)OC2|C1=CC(C2(CCC=O)OCC3=CC(C#N)=C[CH:1]=C23)=CC=C1F|N#CC1=CC=C2C(=C1)COC2(CCC=O)C1=CC=C(F)C=[CH:1]1|C(C[CH2:1]C1(C2=CC=C(F)C=C2)C2=CC=C(C#N)C=C2CO1)=O
N#CC1=CC=C2C(=C1)COC2(CCCN)C1=CC=C(F)C=C1,N#Cc1ccc2c(c1)COC2(CC[CH2:1]N)c1ccc(F)cc1|N#Cc1ccc2c(c1)COC2(CCC[NH2:1])c1ccc(F)cc1|N#Cc1ccc2c(c1)COC2(C[CH2:1]CN)c1ccc(F)cc1|N#Cc1cc2c(c[cH:1]1)C(CCCN)(c1ccc(F)cc1)OC2|N#Cc1ccc2c(c1)COC2(CCCN)c1ccc(F)[cH:1]c1|N#Cc1ccc2c(c1)[CH2:1]OC2(CCCN)c1ccc(F)cc1|N#Cc1ccc2c([cH:1]1)COC2(CCCN)c1ccc(F)cc1|N#C[c:1]1ccc2c(c1)COC2(CCCN)c1ccc(F)cc1|N#Cc1ccc2c(c1)[CH2:1][O:1][C:1]2(CCCN)c1ccc(F)cc1|N#Cc1ccc2c(c1)COC2(CCCN)c1cc[c:1](F)cc1,N#Cc1ccc2c(c1)COC2(CC[CH2:1]N)c1ccc(F)cc1,1,N#CC1=CC=C2C(=C1)COC2(CC[CH2:1]N)C1=CC=C(F)C=C1|N#CC1=CC=C2C(=C1)COC2(CC[CH2:1]N)C1=CC=C(F)C=C1|N#CC1=CC=C2C(=C1)COC2(CC[CH2:1]N)C1=CC=C(F)C=C1|N#CC1=CC=C2C(=C1)COC2(CCC[NH2:1])C1=CC=C(F)C=C1|N#CC1=CC=C2C(=C1)[CH2:1]OC2(CCCN)C1=CC=C(F)C=C1|N#CC1=CC=C2C(=C1)COC2(CCC[NH2:1])C1=CC=C(F)C=C1|N#CC1=CC=C2C(=C1)COC2(CCC[NH2:1])C1=CC=C(F)C=C1|C1=C2C(=CC=C1C#N)C(C1=CC=C(F)C=C1)(CCC[NH2:1])OC2|N#CC1=CC=C2C(=C1)[CH2:1]OC2(CCCN)C1=CC=C(F)C=C1|C1=C(C#N)C=C2C(=C1)C(CC[CH2:1]N)(C1=CC=C(F)C=C1)OC2|N#CC1=CC=C2C(=C1)[CH2:1]OC2(CCCN)C1=CC=C(F)C=C1|[CH2:1](CCC1(C2=CC=C(F)C=C2)C2=CC=C(C#N)C=C2CO1)N|N#CC1=CC=C2C(=C1)COC2(CCC[NH2:1])C1=CC=C(F)C=C1|C1=C(C#N)C=C2C(=C1)C(CC[CH2:1]N)(C1=CC=C(F)C=C1)OC2|[CH:1]1=C(C#N)C=C2C(=C1)C(CCCN)(C1=CC=C(F)C=C1)OC2|N#[C:1]C1=CC=C2C(=C1)COC2(CCCN)C1=CC=C(F)C=C1|N#[C:1]C1=CC=C2C(=C1)COC2(CCCN)C1=CC=C(F)C=C1|[CH2:1](CCC1(C2=CC=C(F)C=C2)C2=CC=C(C#N)C=C2CO1)N|N#CC1=CC=C2C(=C1)COC2(CCC[NH2:1])C1=CC=C(F)C=C1|C1=C(C#N)C=C2C(=C1)C(C[CH2:1]CN)(C1=CC=C(F)C=C1)OC2|C1=C(C#N)C=C2C(=C1)C([CH2:1]CCN)(C1=CC=C(F)C=C1)OC2
N#CC1=CC=C2C(=C1)CO[C@@]2(CCC=O)C1=CC=C(F)C=C1,N#Cc1ccc2c(c1)CO[C@@]2(CC[CH:1]=[O:1])c1ccc(F)cc1|N#Cc1ccc2c(c1)CO[C@@]2(CC[CH:1]=O)c1ccc(F)cc1|N#Cc1ccc2c(c1)CO[C@@]2(C[CH2:1]C=O)c1ccc(F)cc1|N#Cc1ccc2c(c1)CO[C@@]2(C[CH2:1][CH:1]=O)c1ccc(F)cc1|N#Cc1ccc2c(c1)[CH2:1][O:1][C@@]2(CC[CH:1]=O)c1ccc(F)cc1|N#Cc1ccc2c(c1)CO[C@@]2(CCC=O)c1ccc(F)[cH:1]c1|N#Cc1ccc2c(c1)[CH2:1]O[C@@]2(CC[CH:1]=O)c1ccc(F)cc1|N#Cc1ccc2c(c1)CO[C@@]2(C[CH2:1][CH:1]=[O:1])c1ccc(F)cc1|N#Cc1ccc2c(c1)[CH2:1][O:1][C@@:1]2(CC[CH:1]=O)c1ccc(F)cc1|N#Cc1ccc2c(c1)[CH2:1]O[C@@]2(CC[CH:1]=[O:1])c1ccc(F)cc1,N#Cc1ccc2c(c1)CO[C@@]2(CC[CH:1]=O)c1ccc(F)cc1,1,N#CC1=CC=C2C(=C1)CO[C@@]2(CC[CH:1]=O)C1=CC=C(F)C=C1|C1=C(C#N)C=C2C(=C1)[C@](CCC=O)(C1=CC=C(F)C=C1)O[CH2:1]2|N#CC1=CC=C2C(=C1)CO[C@@]2(CC[CH:1]=O)C1=CC=C(F)C=C1|C1=C2C(=CC=C1C#N)[C@@](C1=CC=C(F)C=C1)(CCC=O)O[CH2:1]2|N#CC1=CC=C2C(=C1)CO[C@@]2(CC[CH:1]=O)C1=CC=C(F)C=C1|N#CC1=CC=C2C(=C1)CO[C@@]2(C[CH2:1]C=O)C1=CC=C(F)C=C1|C1=C(C#N)C=C2C(=C1)[C@]([CH2:1]CC=O)(C1=CC=C(F)C=C1)OC2|C(CC[C@:1]1(C2=CC=C(F)C=C2)C2=CC=C(C#N)C=C2CO1)=O|[CH:1]1=C(C#N)C=C2C(=C1)[C@](CCC=O)(C1=CC=C(F)C=C1)OC2|N#CC1=CC=C2C(=C1)CO[C@@]2(CCC=O)C1=CC=C(F)C=[CH:1]1|C1=CC([C@]2(CCC=O)OCC3=CC(C#N)=CC=C23)=CC=[C:1]1F|C(CC[C@]1(C2=CC=C(F)C=C2)C2=CC=C(C#N)C=C2[CH2:1]O1)=O
N#CC1=CC=C2C(=C1)CO[C@@]2(CCCN)C1=CC=C(F)C=C1,N#Cc1ccc2c(c1)CO[C@@]2(CC[CH2:1]N)c1ccc(F)cc1|N#Cc1ccc2c(c1)CO[C@@]2(CCC[NH2:1])c1ccc(F)cc1|N#Cc1ccc2c(c1)CO[C@@]2(C[CH2:1]CN)c1ccc(F)cc1|N#Cc1ccc2c(c1)CO[C@@]2(CCCN)c1ccc(F)[cH:1]c1|N#Cc1ccc2c(c1)[CH2:1]O[C@@]2(CCCN)c1ccc(F)cc1|N#Cc1cc2c(c[cH:1]1)[C@](CCCN)(c1ccc(F)cc1)OC2|N#Cc1ccc2c(c1)[CH2:1][O:1][C@@]2(CCCN)c1ccc(F)cc1|N#Cc1ccc2c([cH:1]1)CO[C@@]2(CCCN)c1ccc(F)cc1|N#Cc1ccc2c(c1)CO[C@@]2(CCCN)c1cc[c:1](F)cc1|N#Cc1ccc2c(c1)CO[C@@]2(CCCN)c1cc[c:1]([F:1])cc1,N#Cc1ccc2c(c1)CO[C@@]2(CC[CH2:1]N)c1ccc(F)cc1,1,N#CC1=CC=C2C(=C1)CO[C@@]2(CC[CH2:1]N)C1=CC=C(F)C=C1|N#CC1=CC=C2C(=C1)CO[C@@]2(CC[CH2:1]N)C1=CC=C(F)C=C1|N#CC1=CC=C2C(=C1)CO[C@@]2(CC[CH2:1]N)C1=CC=C(F)C=C1|N#CC1=CC=C2C(=C1)CO[C@@]2(CCC[NH2:1])C1=CC=C(F)C=C1|N#CC1=CC=C2C(=C1)CO[C@@]2(CCC[NH2:1])C1=CC=C(F)C=C1|N#CC1=CC=C2C(=C1)CO[C@@]2(CCC[NH2:1])C1=CC=C(F)C=C1|N#CC1=CC=C2C(=C1)CO[C@@]2(CC[CH2:1]N)C1=CC=C(F)C=C1|N#CC1=CC=C2C(=C1)CO[C@@]2(CC[CH2:1]N)C1=CC=C(F)C=C1|C1=C2C(=CC=C1C#N)[C@@](C1=CC=C(F)C=C1)(CCCN)O[CH2:1]2|N#CC1=CC=C2C(=C1)CO[C@@]2(CC[CH2:1]N)C1=CC=C(F)C=C1|C1=C2C(=CC=C1C#N)[C@@](C1=CC=C(F)C=C1)(CC[CH2:1]N)OC2|C1=C2C(=CC=C1C#N)[C@@](C1=CC=C(F)C=C1)(CCC[NH2:1])OC2|N#[C:1]C1=CC=C2C(=C1)CO[C@@]2(CCCN)C1=CC=C(F)C=C1|N#[C:1]C1=CC=C2C(=C1)CO[C@@]2(CCCN)C1=CC=C(F)C=C1|N#CC1=CC=C2C(=C1)[CH2:1]O[C@@]2(CCCN)C1=CC=C(F)C=C1|C1=C(C#N)C=C2C(=C1)[C@](CC[CH2:1]N)(C1=CC=C(F)C=C1)OC2|C1=C(C#N)C=C2C(=C1)[C@](CC[CH2:1]N)(C1=CC=C(F)C=C1)OC2|C1=C2C(=CC=C1C#N)[C@@](C1=CC=C(F)C=C1)(CC[CH2:1]N)OC2|C1=C2C(=CC=C1C#N)[C@@](C1=CC=C(F)C=C1)(CCCN)O[CH2:1]2|C1=C2C(=CC=C1C#N)[C@@](C1=CC=C(F)C=C1)(CCCN)O[CH2:1]2|[CH:1]1=C(C#N)C=C2C(=C1)[C@](CCCN)(C1=CC=C(F)C=C1)OC2|C1=C2C(=CC=C1C#N)[C@@](C1=CC=C(F)C=C1)(CCCN)O[CH2:1]2|N#CC1=CC=C2C(=C1)CO[C@@]2(CCC[NH2:1])C1=CC=C(F)C=C1|N#CC1=CC=C2C(=C1)CO[C@@]2(CCC[NH2:1])C1=CC=C(F)C=C1|C1=C(C#N)C=C2C(=C1)[C@](CCC[NH2:1])(C1=CC=C(F)C=C1)OC2
N#CC1=NC=C(N2C(=O)C3(CCC3)N(C3=CC=C(C(N)=O)C(F)=C3)C2=S)C=C1C(F)(F)F,N#Cc1ncc(N2C(=O)C3(CCC3)N(c3ccc([C:1](N)=[O:1])c(F)c3)C2=S)cc1C(F)(F)F|N#Cc1ncc(N2C(=O)C3(CCC3)N(c3ccc(C(=O)[NH2:1])c(F)c3)C2=S)cc1C(F)(F)F|N#Cc1ncc(N2C(=O)C3(CCC3)N(c3ccc([C:1](N)=O)c(F)c3)C2=S)cc1C(F)(F)F|N#Cc1ncc(N2C(=O)C3(CCC3)N(c3ccc(C(N)=O)c(F)c3)[C:1]2=S)cc1C(F)(F)F|N#Cc1ncc([N:1]2C(=O)C3(CCC3)N(c3ccc(C(N)=O)c(F)c3)C2=S)cc1C(F)(F)F|N#Cc1ncc(N2C(=O)C3(CC[CH2:1]3)N(c3ccc(C(N)=O)c(F)c3)C2=S)cc1C(F)(F)F|NC(=O)c1ccc(N2C(=S)N(c3cnc([C:1]#[N:1])c(C(F)(F)F)c3)C(=O)C23CCC3)cc1F|N#Cc1ncc(N2C(=O)C3(CCC3)N(c3ccc([C:1](=O)[NH2:1])c(F)c3)C2=S)cc1C(F)(F)F|N#Cc1ncc(N2C(=O)C3(CCC3)N(c3ccc([C:1]([NH2:1])=[O:1])c(F)c3)C2=S)cc1C(F)(F)F|N#Cc1ncc(N2C(=O)C3(CCC3)N(c3ccc(C(N)=O)c(F)c3)C2=S)cc1C(F)(F)F,N#Cc1ncc(N2C(=O)C3(CCC3)N(c3ccc(C(N)=O)c(F)c3)C2=S)cc1C(F)(F)F,1,N#CC1=NC=C(N2C(=O)C3(CCC3)N(C3=CC=C([C:1](N)=O)C(F)=C3)C2=S)C=C1C(F)(F)F|N#CC1=NC=C(N2C(=O)C3(CCC3)N(C3=CC=C(C(N)=O)C(F)=C3)[C:1]2=S)C=C1C(F)(F)F|N#CC1=NC=C(N2[C:1](=O)C3(CCC3)N(C3=CC=C(C(N)=O)C(F)=C3)C2=S)C=C1C(F)(F)F|N#[C:1]C1=NC=C(N2C(=O)C3(CCC3)N(C3=CC=C(C(N)=O)C(F)=C3)C2=S)C=C1C(F)(F)F|N#[C:1]C1=NC=C(N2C(=O)C3(CCC3)N(C3=CC=C(C(N)=O)C(F)=C3)C2=S)C=C1C(F)(F)F|N#[C:1]C1=NC=C(N2C(=O)C3(CCC3)N(C3=CC=C(C(N)=O)C(F)=C3)C2=S)C=C1C(F)(F)F|N#CC1=NC=C(N2C(=O)C3(CCC3)N(C3=CC=C(C(N)=O)C(F)=C3)[C:1]2=S)C=C1C(F)(F)F|N#CC1=NC=C(N2C(=O)C3(CCC3)N(C3=CC=C(C(N)=O)C(F)=C3)[C:1]2=S)C=C1C(F)(F)F|FC1=CC(N2C3(C(=O)N(C4=CC(C(F)(F)F)=C(C#N)N=C4)C2=S)CC[CH2:1]3)=CC=C1C(=O)N|FC1=CC(N2C3(C(=O)N(C4=CC(C(F)(F)F)=C(C#N)N=C4)C2=S)CC[CH2:1]3)=CC=C1C(=O)N|C1(=S)N(C2=CC=C(C(=O)N)C(F)=C2)[C:1]2(CCC2)C(=O)N1C1=CN=C(C#N)C(C(F)(F)F)=C1|C1=CC(N2C(=S)N(C3=CC(C(F)(F)F)=C(C#N)N=C3)C(=O)C23CCC3)=C[C:1](F)=C1C(N)=O|C1=CC(N2C(=S)N(C3=CC(C(F)(F)F)=[C:1](C#N)N=C3)C(=O)C23CCC3)=CC(F)=C1C(N)=O|N1=CC(N2C(=O)C3(CCC3)N(C3=C[C:1](F)=C(C(N)=O)C=C3)C2=S)=CC(C(F)(F)F)=C1C#N|FC(F)(F)C1=CC(N2[C:1](=O)C3(CCC3)N(C3=CC=C(C(=O)N)C(F)=C3)C2=S)=CN=C1C#N|C1=CC(N2C(=S)N(C3=CC(C(F)(F)F)=C(C#N)N=C3)[C:1](=O)C23CCC3)=CC(F)=C1C(N)=O|C1=CC(N2C(=S)N(C3=CC(C(F)(F)F)=C(C#N)N=C3)[C:1](=O)C23CCC3)=CC(F)=C1[C:1](N)=O|N1=CC(N2C(=O)C3(CCC3)N(C3=CC(F)=C(C(N)=O)[CH:1]=[CH:2]3)C2=S)=CC(C(F)(F)F)=C1C#N|FC1=CC(N2C3(C(=O)N(C4=CC(C(F)(F)F)=C(C#N)N=C4)C2=S)C[CH2:1]C3)=CC=C1C(=O)N|N#CC1=NC=[C:1](N2C(=O)C3(CCC3)N(C3=CC=C(C(N)=O)C(F)=C3)C2=S)C=C1C(F)(F)F
N#CCNC(=O)C1=CC=C(C2=CC=NC(NC3=CC=C(N(CC(=O)O)CC(=O)O)C=C3)=N2)C=C1,N#CC[NH:1]C(=O)c1ccc(-c2ccnc(Nc3ccc(N(CC(=O)O)CC(=O)O)cc3)n2)cc1|N#CCNC(=O)c1ccc(-c2ccnc(Nc3ccc([N:1](CC(=O)O)CC(=O)O)cc3)n2)cc1|O=C(O)CN(CC(=O)O)c1ccc(Nc2nccc(-c3ccc([C:1](=[O:1])[NH:1]C[C:1]#[N:1])cc3)n2)cc1|N#CCNC(=O)c1ccc(-c2ccnc([NH:1]c3ccc(N(CC(=O)O)CC(=O)O)cc3)n2)cc1|O=C(O)CN(CC(=O)O)c1ccc(Nc2nccc(-c3ccc(C(=O)NC[C:1]#[N:1])cc3)n2)cc1|N#CCNC(=O)c1ccc(-c2ccnc(Nc3ccc(N(CC(=O)[OH:1])C[C:1](=O)O)cc3)n2)cc1|N#CCNC(=O)c1ccc(-c2ccnc(Nc3ccc(N(CC(=O)O)CC(=O)[OH:1])cc3)n2)cc1|N#CCN[C:1](=O)c1ccc(-c2ccnc(Nc3ccc(N(CC(=O)O)CC(=O)O)cc3)n2)cc1|N#C[CH2:1]NC(=O)c1ccc(-c2ccnc(Nc3ccc(N(CC(=O)O)CC(=O)O)cc3)n2)cc1|N#CCNC(=O)c1ccc(-c2ccnc(Nc3ccc(N(CC(=O)[OH:1])CC(=O)O)cc3)n2)cc1,N#CCNC(=O)c1ccc(-c2ccnc(Nc3ccc([N:1](CC(=O)O)C[C:1](=O)O)cc3)n2)cc1,1,N#CCNC(=O)C1=CC=C(C2=CC=NC(NC3=CC=C(N(CC(=O)O)[CH2:1]C(=O)O)C=C3)=N2)C=C1|N#[C:1]CNC(=O)C1=CC=C(C2=CC=NC(NC3=CC=C(N(CC(=O)O)CC(=O)O)C=C3)=N2)C=C1|N#[C:1]CNC(=O)C1=CC=C(C2=CC=NC(NC3=CC=C(N(CC(=O)O)CC(=O)O)C=C3)=N2)C=C1|N#CCN[C:1](=O)C1=CC=C(C2=CC=NC(NC3=CC=C(N(CC(=O)O)CC(=O)O)C=C3)=N2)C=C1|C1(N(CC(O)=O)CC(O)=O)=CC=C(NC2=NC=CC(C3=CC=C(C(NCC#N)=O)C=[CH:1]3)=N2)C=C1|N#CCNC(=O)C1=CC=C(C2=CC=NC(NC3=CC=C(N(CC(=O)O)CC(=O)[OH:1])C=C3)=N2)C=C1|N#C[CH2:1]NC(=O)C1=CC=C(C2=CC=NC(NC3=CC=C(N(CC(=O)O)CC(=O)O)C=C3)=N2)C=C1|C(NCC#N)(=O)C1=CC=C(C2=NC(NC3=CC=C(N(C[C:1](O)=O)CC(O)=O)C=C3)=NC=C2)C=C1|[C:1](CN(CC(=O)O)C1=CC=C(NC2=NC(C3=CC=C(C(NCC#N)=O)C=C3)=CC=N2)C=C1)(=O)[OH:2]|C(NCC#N)(=O)C1=CC=C(C2=NC(NC3=CC=C(N(C[C:1](O)=O)CC(O)=O)C=C3)=NC=C2)C=C1|N#CCNC(=O)C1=CC=C(C2=CC=NC(NC3=CC=C(N(CC(=O)O)CC(=O)O)C=[CH:1]3)=N2)C=C1|N#C[CH2:1]NC(=O)C1=CC=C(C2=CC=NC(NC3=CC=C(N(CC(=O)O)CC(=O)O)C=C3)=N2)C=C1|C1(N(CC(O)=O)CC(O)=O)=CC=C(NC2=NC=CC(C3=CC=C(C(NC[C:1]#N)=O)C=C3)=N2)C=C1|N#[C:1]CNC(=O)C1=CC=C(C2=CC=NC(NC3=CC=C(N(CC(=O)O)CC(=O)O)C=C3)=N2)C=C1
N#CCNC(=O)C1=CC=C(C2=CC=NC(NC3=CC=C(N4CCOCC4)C=C3)=N2)C=C1,N#CCNC(=O)c1ccc(-c2ccnc(Nc3ccc(N4CCOC[CH2:1]4)cc3)n2)cc1|O=C(NC[C:1]#[N:1])c1ccc(-c2ccnc(Nc3ccc(N4CCOCC4)cc3)n2)cc1|N#CC[NH:1]C(=O)c1ccc(-c2ccnc(Nc3ccc(N4CCOCC4)cc3)n2)cc1|N#CCNC(=O)c1ccc(-c2ccnc(Nc3ccc(N4CCO[CH2:1]C4)cc3)n2)cc1|N#CCN[C:1](=O)c1ccc(-c2ccnc(Nc3ccc(N4CCOCC4)cc3)n2)cc1|N#CCNC(=O)c1ccc(-c2nc(Nc3ccc(N4CCOCC4)cc3)nc[cH:1]2)cc1|N#CCNC(=O)c1ccc(-c2ccnc(Nc3ccc(N4CC[O:1]CC4)cc3)n2)cc1|N#C[CH2:1]NC(=O)c1ccc(-c2ccnc(Nc3ccc(N4CCOCC4)cc3)n2)cc1|N#CCNC(=O)c1ccc(-c2ccnc([NH:1]c3ccc(N4CCOCC4)cc3)n2)cc1|N#CCNC(=O)c1ccc(-c2ccnc(Nc3ccc([N:1]4CCOCC4)cc3)n2)cc1,N#CCNC(=O)c1ccc(-c2ccnc(Nc3ccc(N4CCOCC4)cc3)n2)cc1|N#CCNC(=O)c1ccc(-c2ccnc(Nc3ccc(N4CCOC[CH2:1]4)cc3)n2)cc1|N#CCNC(=O)c1ccc(-c2ccnc(Nc3ccc(N4C[CH2:1][O:1][CH2:1]C4)cc3)n2)cc1|N#CC[NH:1]C(=O)c1ccc(-c2ccnc(Nc3ccc(N4CCOCC4)cc3)n2)cc1|O=C(NC[C:1]#[N:1])c1ccc(-c2ccnc(Nc3ccc(N4CCOCC4)cc3)n2)cc1,5,N#C[CH2:1]NC(=O)C1=CC=C(C2=CC=NC(NC3=CC=C(N4CCOCC4)C=C3)=N2)C=C1|N#CCNC(=O)C1=CC=C(C2=CC=NC(NC3=CC=C(N4CCOC[CH2:1]4)C=C3)=N2)C=C1|C1=NC(NC2=CC=C(N3CCOCC3)C=C2)=NC(C2=CC=C(C(=O)NC[C:1]#N)C=C2)=C1|C1=NC(NC2=CC=C(N3CCOCC3)C=C2)=NC(C2=CC=C(C(=O)NC[C:1]#N)C=C2)=C1|N#CCNC(=O)C1=CC=C(C2=CC=NC(NC3=CC=C(N4CCO[CH2:1]C4)C=C3)=N2)C=C1|N#CCNC(=O)C1=CC=C(C2=CC=NC(NC3=CC=C(N4CCO[CH2:1]C4)C=C3)=N2)C=C1|N#CCNC(=O)C1=CC=C(C2=CC=NC(NC3=CC=C(N4CCOC[CH2:1]4)C=C3)=N2)C=C1|N#CCNC(=O)C1=CC=C(C2=CC=NC(NC3=CC=C(N4CCOCC4)C=C3)=N2)[CH:1]=C1|N#CCNC(=O)C1=CC=C(C2=CC=NC(NC3=CC=C(N4CCOCC4)C=C3)=N2)C=[CH:1]1|N#CCNC(=O)C1=CC=C(C2=CC=NC(NC3=CC=C(N4CCOC[CH2:1]4)C=C3)=N2)C=C1|C1=NC(NC2=CC=C(N3CCOCC3)C=C2)=NC(C2=CC=C(C(=O)NCC#N)C=C2)=[CH:1]1|N#CCNC(=O)C1=CC=C(C2=CC=NC(NC3=CC=C(N4CCOCC4)[CH:1]=C3)=N2)C=C1|N#C[CH2:1]NC(=O)C1=CC=C(C2=CC=NC(NC3=CC=C(N4CCOCC4)C=C3)=N2)C=C1|N#CCNC(=O)C1=CC=C(C2=CC=NC(NC3=CC=C(N4CCOCC4)C=[CH:1]3)=N2)C=C1|N#CCN[C:1](=O)C1=CC=C(C2=CC=NC(NC3=CC=C(N4CCOCC4)C=C3)=N2)C=C1|N(C1=CC=C(N2CCOCC2)C=C1)C1=NC(C2=CC=C(C(NCC#N)=O)C=C2)=CC=[N:1]1|N(C1=CC=C(N2CCOCC2)C=C1)C1=NC(C2=CC=C(C(NCC#N)=O)C=C2)=CC=[N:1]1|N#[C:1]CNC(=O)C1=CC=C(C2=CC=NC(NC3=CC=C(N4CCOCC4)C=C3)=N2)C=C1|N(C1=CC=C(N2CCOCC2)C=C1)C1=NC(C2=CC=C(C(N[CH2:1]C#N)=O)C=C2)=CC=N1|N(C1=CC=C(N2CCOCC2)C=C1)C1=NC(C2=CC=C(C(N[CH2:1]C#N)=O)C=C2)=CC=N1|N#CCNC(=O)C1=CC=C(C2=CC=NC(NC3=CC=C([N:1]4CCOCC4)C=C3)=N2)C=C1|N#CCNC(=O)C1=CC=C(C2=CC=NC(NC3=CC=C([N:1]4CCOCC4)C=C3)=N2)C=C1
N#CCNC(=O)C1=CC=C(C2=CC=NC(NC3=CC=C(N4CCOCC4=O)C=C3)=N2)C=C1,O=C1COCCN1c1ccc(Nc2nccc(-c3ccc([C:1](=[O:1])[NH:1]C[C:1]#[N:1])cc3)n2)cc1|N#CC[NH:1]C(=O)c1ccc(-c2ccnc(Nc3ccc(N4CCOCC4=O)cc3)n2)cc1|N#CCNC(=O)c1ccc(-c2ccnc(Nc3ccc(N4CCOC[C:1]4=[O:1])cc3)n2)cc1|N#CCNC(=O)c1ccc(-c2ccnc(Nc3ccc(N4CC[O:1]CC4=O)cc3)n2)cc1|N#CCNC(=O)c1ccc(-c2ccnc(Nc3ccc(N4CCO[CH2:1]C4=O)cc3)n2)cc1|O=C1COCCN1c1ccc(Nc2nccc(-c3ccc(C(=O)NC[C:1]#[N:1])cc3)n2)cc1|N#CCN[C:1](=O)c1ccc(-c2ccnc(Nc3ccc(N4CCOCC4=O)cc3)n2)cc1|N#CCNC(=O)c1ccc(-c2ccnc([NH:1]c3ccc(N4CCOCC4=O)cc3)n2)cc1|N#CCNC(=O)c1ccc(-c2ccnc(Nc3ccc(N4CCOC[C:1]4=O)cc3)n2)cc1|N#CCNC(=O)c1ccc(-c2ccnc(Nc3ccc([N:1]4CC[O:1]CC4=O)cc3)n2)cc1,N#CC[NH:1]C(=O)c1ccc(-c2ccnc(Nc3ccc(N4CCOCC4=O)cc3)n2)cc1|O=C(NC[C:1]#[N:1])c1ccc(-c2ccnc(Nc3ccc(N4CCOCC4=O)cc3)n2)cc1,2,N#C[CH2:1]NC(=O)C1=CC=C(C2=CC=NC(NC3=CC=C(N4CCOCC4=O)C=C3)=N2)C=C1|N#CCNC(=O)C1=CC=C(C2=CC=NC(NC3=CC=C(N4CCO[CH2:1]C4=O)C=C3)=N2)C=C1|N#CCNC(=O)C1=CC=C(C2=CC=NC(NC3=CC=C(N4[CH2:1]COCC4=O)C=C3)=N2)C=C1|N#CCNC(=O)C1=CC=C(C2=CC=NC(NC3=CC=C(N4[CH2:1]COCC4=O)C=C3)=N2)C=C1|C1(NC2=NC(C3=CC=C(C(NC[C:1]#N)=O)C=C3)=CC=N2)=CC=C(N2CCOCC2=O)C=C1|C1(NC2=NC(C3=CC=C(C(NC[C:1]#N)=O)C=C3)=CC=N2)=CC=C(N2CCOCC2=O)C=C1|N#CCNC(=O)C1=CC=C(C2=CC=NC(NC3=CC=C(N4CCOC[C:1]4=O)C=C3)=N2)C=C1|N#CCNC(=O)C1=CC=C(C2=CC=NC(NC3=CC=C(N4C[CH2:1]OCC4=O)C=C3)=N2)C=C1|[CH2:1]1OCC(=O)N(C2=CC=C(NC3=NC=CC(C4=CC=C(C(=O)NCC#N)C=C4)=N3)C=C2)C1|N#CCNC(=O)C1=CC=C(C2=CC=NC(NC3=CC=C(N4CCO[CH2:1]C4=O)C=C3)=N2)C=C1|N#CCN[C:1](=O)C1=CC=C(C2=CC=NC(NC3=CC=C(N4CCOCC4=O)C=C3)=N2)C=C1|N#C[CH2:1]NC(=O)C1=CC=C(C2=CC=NC(NC3=CC=C(N4CCOCC4=O)C=C3)=N2)C=C1|C1(NC2=NC(C3=CC=C(C(NC[C:1]#N)=O)C=C3)=CC=N2)=CC=C(N2CCOCC2=O)C=C1|C1(NC2=NC(C3=CC=C(C(NC[C:1]#N)=O)C=C3)=CC=N2)=CC=C(N2CCOCC2=O)C=C1|C1OCC(=O)N(C2=CC=C(NC3=NC=CC(C4=CC=C(C(=O)N[CH2:1]C#N)C=C4)=N3)C=C2)C1|C1OCC(=O)N(C2=CC=C(NC3=NC=CC(C4=CC=C(C(=O)N[CH2:1]C#N)C=C4)=N3)C=C2)C1|N#[C:1]CNC(=O)C1=CC=C(C2=CC=NC(NC3=CC=C(N4CCOCC4=O)C=C3)=N2)C=C1|N(C(=O)C1=CC=C(C2=NC(NC3=CC=C(N4CCOCC4=O)C=C3)=NC=C2)[CH:1]=C1)CC#N|C1OCC(=O)N(C2=CC=C(NC3=NC=CC(C4=CC=C(C(=O)NCC#N)C=C4)=N3)[CH:1]=C2)C1|C1(NC2=NC(C3=CC=C(C(NC[C:1]#N)=O)C=C3)=CC=N2)=CC=C(N2CCOCC2=O)C=C1|C1(NC2=NC(C3=CC=C(C(NC[C:1]#N)=O)C=C3)=CC=N2)=CC=C(N2CCOCC2=O)C=C1|N#CC[NH:1]C(=O)C1=CC=C(C2=CC=NC(NC3=CC=C(N4CCOCC4=O)C=C3)=N2)C=C1|N#[C:1]CNC(=O)C1=CC=C(C2=CC=NC(NC3=CC=C(N4CCOCC4=O)C=C3)=N2)C=C1
N#CCNC(=O)C1=CC=C(C2=CC=NC(NC3=CC=C(NCCO)C=C3)=N2)C=C1,N#CCNC(=O)c1ccc(-c2ccnc(Nc3ccc(NC[CH2:1]O)cc3)n2)cc1|N#CCNC(=O)c1ccc(-c2ccnc(Nc3ccc([NH:1]CCO)cc3)n2)cc1|N#CCNC(=O)c1ccc(-c2ccnc(Nc3ccc(NCC[OH:1])cc3)n2)cc1|O=C(NC[C:1]#[N:1])c1ccc(-c2ccnc(Nc3ccc(NCCO)cc3)n2)cc1|N#CC[NH:1]C(=O)c1ccc(-c2ccnc(Nc3ccc(NCCO)cc3)n2)cc1|N#CCNC(=O)c1ccc(-c2ccnc(Nc3ccc([NH:1]CC[OH:1])cc3)n2)cc1|N#CCNC(=O)c1ccc(-c2ccnc([NH:1]c3ccc(NCCO)cc3)n2)cc1|N#CCNC(=O)c1ccc(-c2ccnc(Nc3ccc(NC[CH2:1][OH:1])cc3)n2)cc1|OCCNc1ccc(Nc2nccc(-c3ccc([C:1](=[O:1])[NH:1]C[C:1]#[N:1])cc3)n2)cc1|N#CCNC(=O)c1ccc(-c2ccnc(Nc3ccc(N[CH2:1]CO)cc3)n2)cc1,N#CCNC(=O)c1ccc(-c2ccnc(Nc3ccc([NH:1]CCO)cc3)n2)cc1,1,N#CCNC(=O)C1=CC=C(C2=CC=NC(NC3=CC=C(N[CH2:1]CO)C=C3)=N2)C=C1|N#C[CH2:1]NC(=O)C1=CC=C(C2=CC=NC(NC3=CC=C(NCCO)C=C3)=N2)C=C1|N(C(=O)C1=CC=C(C2=NC(NC3=CC=C(NCCO)C=C3)=NC=C2)[CH:1]=C1)CC#N|N#CCNC(=O)C1=CC=C(C2=CC=NC(NC3=CC=C([NH:1]CCO)C=C3)=N2)C=C1|C1=C(C(=O)NCC#N)C=CC(C2=NC(NC3=CC=C(NCC[OH:1])C=C3)=NC=C2)=C1|N(C(=O)C1=CC=C(C2=NC(NC3=CC=C(NCCO)C=C3)=NC=C2)C=[CH:1]1)CC#N|N#CCNC(=O)C1=CC=C(C2=CC=NC(NC3=CC=C(NCCO)[CH:1]=C3)=N2)C=C1|C1=C(C(=O)NCC#N)C=CC(C2=NC(NC3=CC=C(NCCO)C=[CH:1]3)=NC=C2)=C1|N#C[CH2:1]NC(=O)C1=CC=C(C2=CC=NC(NC3=CC=C(NCCO)C=C3)=N2)C=C1|N#CCNC(=O)C1=CC=C(C2=CC=NC(NC3=CC=C([NH:1]CCO)C=C3)=N2)C=C1|C1(C(NC[C:1]#N)=O)=CC=C(C2=CC=NC(NC3=CC=C(NCCO)C=C3)=N2)C=C1|C1(C(NC[C:1]#N)=O)=CC=C(C2=CC=NC(NC3=CC=C(NCCO)C=C3)=N2)C=C1|N#CCNC(=O)C1=CC=C(C2=CC=NC(NC3=CC=C(NC[CH2:1]O)C=C3)=N2)C=C1|C1=C(C(=O)NCC#N)C=CC(C2=NC(NC3=CC=C(NCCO)C=C3)=NC=[CH:1]2)=C1|N#CCNC(=O)C1=CC=C(C2=CC=NC(NC3=CC=C([NH:1]CCO)C=C3)=N2)C=C1|N#[C:1]CNC(=O)C1=CC=C(C2=CC=NC(NC3=CC=C(NCCO)C=C3)=N2)C=C1|N#CCN[C:1](=O)C1=CC=C(C2=CC=NC(NC3=CC=C(NCCO)C=C3)=N2)C=C1|N#CCNC(=O)C1=CC=C(C2=CC=NC(NC3=CC=C(N[CH2:1]CO)C=C3)=N2)C=C1
NC(=O)C1=CC=C(C2=CC=NC(NC3=CC=C(N4CCOCC4=O)C=C3)=N2)C=C1,N[C:1](=O)c1ccc(-c2ccnc(Nc3ccc(N4CCOCC4=O)cc3)n2)cc1|NC(=O)c1ccc(-c2ccnc(Nc3ccc(N4CCOC[C:1]4=[O:1])cc3)n2)cc1|N[C:1](=O)c1ccc(-c2ccnc(Nc3ccc(N4CCOC[C:1]4=[O:1])cc3)n2)cc1|O=C1COCCN1c1ccc(Nc2nccc(-c3ccc([C:1](=O)[NH2:1])cc3)n2)cc1|NC(=O)c1ccc(-c2ccnc(Nc3ccc(N4CCO[CH2:1]C4=O)cc3)n2)cc1|NC(=O)c1ccc(-c2ccnc(Nc3ccc([N:1]4CC[O:1]CC4=O)cc3)n2)cc1|NC(=O)c1ccc(-c2ccnc(Nc3ccc(N4CC[O:1]CC4=O)cc3)n2)cc1|NC(=O)c1ccc(-c2nc(Nc3ccc(N4CCOCC4=O)cc3)nc[cH:1]2)cc1|O=C1COCCN1c1ccc(Nc2nccc(-c3ccc([C:1]([NH2:1])=[O:1])cc3)n2)cc1|NC(=O)c1ccc(-c2ccnc(Nc3ccc(N4C[CH2:1]OCC4=O)cc3)n2)cc1,NC(=O)c1ccc(-c2ccnc(Nc3ccc(N4CCOCC4=O)cc3)n2)cc1,1,NC(=O)C1=CC=C(C2=CC=NC(NC3=CC=C(N4CCO[CH2:1]C4=O)C=C3)=N2)C=C1|NC(=O)C1=CC=C(C2=CC=NC(NC3=CC=C(N4CCOC[C:1]4=O)C=C3)=N2)C=C1|NC(=O)C1=CC=C(C2=CC=NC(NC3=CC=C(N4[CH2:1]COCC4=O)C=C3)=N2)C=C1|N[C:1](=O)C1=CC=C(C2=CC=NC(NC3=CC=C(N4CCOCC4=O)C=C3)=N2)C=C1|NC(=O)C1=CC=C(C2=CC=NC(NC3=CC=C(N4CCO[CH2:1]C4=O)C=C3)=N2)C=C1|NC(=O)C1=CC=C(C2=CC=NC(NC3=CC=C(N4[CH2:1]COCC4=O)C=C3)=N2)C=C1|NC(=O)C1=CC=C(C2=CC=NC(NC3=CC=C(N4C[CH2:1]OCC4=O)C=C3)=N2)C=C1|NC(=O)C1=CC=C(C2=CC=NC(NC3=CC=C(N4C[CH2:1]OCC4=O)C=C3)=N2)C=C1|C1(C2=CC=C(C(N)=O)C=C2)=NC(NC2=CC=C(N3CCOCC3=O)C=C2)=NC=[CH:1]1|C1(C2=CC=C(C(N)=O)C=C2)=NC(NC2=CC=C(N3CCOCC3=O)C=[CH:1]2)=NC=C1|C1(C2=NC(NC3=CC=C(N4CCOCC4=O)[CH:1]=C3)=NC=C2)=CC=C(C(=O)N)C=C1|NC(=O)C1=CC=C(C2=CC=NC(NC3=CC=C(N4CCOCC4=O)C=C3)=N2)[CH:1]=C1|NC(=O)C1=CC=C(C2=CC=NC(NC3=CC=C(N4CCOCC4=O)C=C3)=N2)C=[CH:1]1|C1=C(C(=O)N)C=CC(C2=NC(NC3=CC=C(N4C(=O)COCC4)C=C3)=N[CH:1]=C2)=C1|C1(C2=NC(NC3=CC=C(N4CCO[CH2:1]C4=O)C=C3)=NC=C2)=CC=C(C(=O)N)C=C1|NC(=O)C1=CC=C(C2=CC=[N:1]C(NC3=CC=C(N4CCOCC4=O)C=C3)=N2)C=C1|NC(=O)C1=CC=C(C2=CC=[N:1]C(NC3=CC=C(N4CCOCC4=O)C=C3)=N2)C=C1
NC(=O)CNC(=O)C1=CC=C(C2=CC=NC(NC3=CC=C(N4CCOCC4)C=C3)=N2)C=C1,NC(=O)CNC(=O)c1ccc(-c2ccnc(Nc3ccc(N4CCOC[CH2:1]4)cc3)n2)cc1|N[C:1](=O)CNC(=O)c1ccc(-c2ccnc(Nc3ccc(N4CCOCC4)cc3)n2)cc1|NC(=O)CNC(=O)c1ccc(-c2ccnc(Nc3ccc(N4CCO[CH2:1]C4)cc3)n2)cc1|O=C(NC[C:1](=O)[NH2:1])c1ccc(-c2ccnc(Nc3ccc(N4CCOCC4)cc3)n2)cc1|NC(=O)C[NH:1]C(=O)c1ccc(-c2ccnc(Nc3ccc(N4CCOCC4)cc3)n2)cc1|NC(=O)CNC(=O)c1ccc(-c2ccnc(Nc3ccc(N4CC[O:1]CC4)cc3)n2)cc1|NC(=O)CNC(=O)c1ccc(-c2ccnc(Nc3ccc([N:1]4CCOCC4)cc3)n2)cc1|NC(=O)CNC(=O)c1ccc(-c2ccnc(Nc3ccc(N4CCOCC4)cc3)n2)c[cH:1]1|N[C:1](CNC(=O)c1ccc(-c2ccnc(Nc3ccc(N4CCOCC4)cc3)n2)cc1)=[O:1]|NC(=O)CNC(=O)c1ccc(-c2nc(Nc3ccc(N4CCOCC4)cc3)nc[cH:1]2)cc1,NC(=O)CNC(=O)c1ccc(-c2ccnc(Nc3ccc(N4CCOC[CH2:1]4)cc3)n2)cc1,1,N[C:1](=O)CNC(=O)C1=CC=C(C2=CC=NC(NC3=CC=C(N4CCOCC4)C=C3)=N2)C=C1|NC(=O)CNC(=O)C1=CC=C(C2=CC=NC(NC3=CC=C(N4CCO[CH2:1]C4)C=C3)=N2)C=C1|NC(=O)CNC(=O)C1=CC=C(C2=CC=NC(NC3=CC=C(N4CCOC[CH2:1]4)C=C3)=N2)C=C1|NC(=O)[CH2:1]NC(=O)C1=CC=C(C2=CC=NC(NC3=CC=C(N4CCOCC4)C=C3)=N2)C=C1|NC(=O)CN[C:1](=O)C1=CC=C(C2=CC=NC(NC3=CC=C(N4CCOCC4)C=C3)=N2)C=C1|NC(=O)CNC(=O)C1=CC=C(C2=CC=NC(NC3=CC=C(N4CCO[CH2:1]C4)C=C3)=N2)C=C1|NC(=O)CNC(=O)C1=CC=C(C2=CC=NC(NC3=CC=C(N4CCOC[CH2:1]4)C=C3)=N2)C=C1|NC(=O)CNC(=O)C1=CC=C(C2=CC=NC(NC3=CC=C(N4CCOC[CH2:1]4)C=C3)=N2)C=C1|C1COCCN1C1=CC=C(NC2=NC=[CH:1]C(C3=CC=C(C(=O)NCC(N)=O)C=C3)=N2)C=C1|NC(=O)CNC(=O)C1=CC=C(C2=CC=NC(NC3=CC=C(N4CCOCC4)C=[CH:1]3)=N2)C=C1|NC(=O)CNC(=O)C1=CC=C(C2=CC=NC(NC3=CC=C(N4CCOCC4)C=C3)=N2)C=[CH:1]1|NC(=O)[CH2:1]NC(=O)C1=CC=C(C2=CC=NC(NC3=CC=C(N4CCOCC4)C=C3)=N2)C=C1|NC(=O)CNC(=O)C1=CC=C(C2=CC=NC(NC3=CC=C([N:1]4CCOCC4)C=C3)=N2)C=C1|NC(=O)CNC(=O)C1=CC=C(C2=CC=NC(NC3=CC=C([N:1]4CCOCC4)C=C3)=N2)C=C1|C1CO[CH2:1]CN1C1=CC=C(NC2=NC=CC(C3=CC=C(C(=O)NCC(N)=O)C=C3)=N2)C=C1|NC(=O)CNC(=O)C1=CC=C(C2=CC=NC(NC3=CC=C(N4CCOCC4)C=C3)=N2)[CH:1]=C1|NC(=O)CNC(=O)C1=CC=C(C2=CC=NC(NC3=CC=C(N4CCOCC4)[CH:1]=C3)=N2)C=C1|NC(=O)CNC(=O)C1=CC=C(C2=CC=[N:1]C(NC3=CC=C(N4CCOCC4)C=C3)=N2)C=C1|NC(=O)CNC(=O)C1=CC=C(C2=CC=[N:1]C(NC3=CC=C(N4CCOCC4)C=C3)=N2)C=C1|[CH:1]1=CC(C2=CC=C(C(=O)NCC(N)=O)C=C2)=NC(NC2=CC=C(N3CCOCC3)C=C2)=N1
NC(=O)NCC(F)C(=O)O,NC(=O)[NH:1]CC(F)C(=O)O|O=C(NCC(F)[C:1](=O)O)[NH2:1]|O=C(NCC(F)C(=O)O)[NH2:1]|O=C(NCC(F)[C:1](=O)[OH:1])[NH2:1]|N[C:1](=O)NCC(F)C(=O)O|NC(=O)NC[CH:1](F)C(=O)O|NC(=O)NCC(F)C(=O)[OH:1]|NC(=O)NCC(F)[C:1](=O)[OH:1]|NC(=O)N[CH2:1]C(F)C(=O)O|N[C:1](=O)[NH:1]CC(F)C(=O)O,NC(=O)[NH:1]CC(F)C(=O)O,1,C(NC(=O)N)[CH:1](C(O)=O)F|N[C:1](=O)NCC(F)C(=O)O|O=C(N)NCC(F)C(O)=[O:1]|C(NC(=O)N)C(C(O)=[O:1])F|NC(N[CH2:1]C(F)C(=O)O)=O|C(NC(=O)N)[CH:1](C(O)=O)F|N[C:1](NCC(F)C(=O)O)=O|O=C(N)NCC(F)[C:1](O)=[O:2]|C(NC(=O)N)C(C(O)=[O:1])F|NC(N[CH2:1]C(F)C(=O)O)=O|FC(CNC([NH2:1])=O)C(=O)O|C(NC(=O)[NH2:1])C(C(O)=O)F|C(NC(=O)N)[CH:1](C(O)=O)F|O=[C:1](C(F)CNC(=O)N)O|C(NC(=O)N)[CH:1](C(O)=O)F
NC1=CC=C2C(=C1)C(C1=CC=CC=C1Cl)=NCC(=O)N2,O=C1CN=C(c2ccccc2Cl)c2cc([NH2:1])ccc2N1|O=C1CN=C(c2ccccc2Cl)c2cc([NH2:1])ccc2[NH:1]1|Nc1cc2c(c[cH:1]1)[NH:1]C(=O)CN=C2c1ccccc1Cl|Nc1ccc2c(c1)C(c1cc[cH:1]cc1Cl)=NCC(=O)N2|Nc1ccc2c(c1)C(c1ccccc1Cl)=N[CH2:1]C(=O)N2|O=C1C[N:1]=[C:1](c2ccccc2Cl)c2cc([NH2:1])ccc2N1|Nc1ccc2c([cH:1]1)C(c1ccccc1Cl)=NCC(=O)N2|Nc1ccc2c(c1)C(c1ccccc1Cl)=NC[C:1](=[O:1])[NH:1]2|O=C1N=C(c2ccccc2Cl)c2cc([NH2:1])ccc2N1|Nc1cc2c(c[cH:1]1)NC(=O)CN=C2c1ccccc1Cl,Nc1ccc2c(c1)C(c1ccccc1Cl)=N[CH2:1]C(=O)N2,1,[NH2:1]C1=CC=C2C(=C1)C(C1=CC=CC=C1Cl)=NCC(=O)N2|C1=CC(N)=CC2=C1NC(=O)CN=C2C1=C(Cl)C=CC=[CH:1]1|NC1=[CH:1]C=C2C(=C1)C(C1=CC=CC=C1Cl)=NCC(=O)N2|NC1=CC=C2C(=C1)C(C1=CC=CC=C1Cl)=N[CH2:1]C(=O)N2|NC1=CC=C2C(=C1)C(C1=CC=[CH:1]C=C1Cl)=NCC(=O)N2|[NH2:1]C1=CC=C2C(=C1)C(C1=CC=CC=C1Cl)=NCC(=O)N2|N[C:1]1=CC=C2C(=C1)C(C1=CC=CC=C1Cl)=NCC(=O)N2|C1C(=O)NC2=C(C=C(N)C=C2)[C:1](C2=CC=CC=C2Cl)=N1|NC1=C[CH:1]=C2C(=C1)C(C1=CC=CC=C1Cl)=NCC(=O)N2|NC1=CC=C2C(=[CH:1]1)C(C1=CC=CC=C1Cl)=NCC(=O)N2|C1=CC(C2=NCC(=O)NC3=CC=C([NH2:1])C=C23)=C(Cl)C=C1|NC1=CC=C2C(=C1)C(C1=C[CH:1]=CC=C1Cl)=NCC(=O)N2|NC1=CC=C2C(=C1)C(C1=CC=C[CH:1]=C1Cl)=NCC(=O)N2|NC1=CC=C2C(=C1)C(C1=CC=CC=C1Cl)=N[CH2:1]C(=O)N2|[NH2:1]C1=CC=C2C(=C1)C(C1=CC=CC=C1Cl)=NCC(=O)N2|C1=CC(N)=CC2=C1NC(=O)CN=C2C1=C(Cl)C=C[CH:1]=[CH:2]1
NC1=NC(=O)C2=C(N=CN2)N1,Nc1nc(=O)c2[nH][cH:1]nc2[nH]1|Nc1nc(=O)c2[nH]c[n:1]c2[nH]1|N[c:1]1nc(=O)c2[nH]cnc2[nH]1|Nc1n[c:1](=O)c2[nH]cnc2[nH]1|O=c1nc([NH2:1])[nH]c2nc[nH]c12|N[c:1]1[nH]c2nc[nH]c2c(=O)[n:1]1|Nc1nc(=O)c2[nH]cnc2[nH:1]1|Nc1nc(=O)[c:1]2[nH:1]c[n:1][c:1]2[nH]1|Nc1nc(=O)[c:1]2[nH:1][cH:1][n:1][c:1]2[nH]1|c1nc2[nH][c:1]([NH2:1])nc(=[O:1])c2[nH],N[c:1]1nc(=O)c2[nH]cnc2[nH]1,1,NC1=NC(=O)C2=C(N=[CH:1]N2)N1|NC1=NC(=O)C2=C(N=[CH:1]N2)N1|NC1=NC(=O)C2=C([N:1]=CN2)N1|[N:1]1=CNC2=C1NC(N)=NC2=O|NC1=[N:1]C(=O)C2=C(N=CN2)N1|N1=[CH:1]NC2=C1NC(N)=NC2=O|NC1=NC(=O)C2=C(N=[CH:1]N2)N1|N[C:1]1=NC(=O)C2=C(N=CN2)N1|N1=CNC2=C1NC(N)=[N:1]C2=O|N1=[CH:1]NC2=C1NC(N)=NC2=O|C12=C(N=C[NH:1]1)NC(N)=NC2=O|N[C:1]1=NC(=O)C2=C(N=CN2)N1|N1C2=C(N=[CH:1]1)NC(N)=NC2=O|NC1=NC(=O)C2=C([N:1]=CN2)N1|C12=C([N:1]=CN1)NC(N)=NC2=O|N1=[CH:1]NC2=C1NC(N)=NC2=O|NC1=NC(=O)C2=C([N:1]=CN2)N1|N1=[CH:1]NC2=C1NC(N)=NC2=O|C12=C([N:1]=CN1)NC(N)=NC2=O|N1=[C:1](N)NC2=C(C1=O)NC=N2|N1=[C:1](N)NC2=C(C1=O)N[CH:1]=N2
NC1=NC2=C(N=[C]N2[C@@H]2O[C@H](CO)[C@@H](O)[C@@H]2O)C(=O)N1,Nc1nc2c(ncn2[C@@H]2O[C@H](C[OH:1])[C@@H](O)[C@@H]2O)c(=O)[nH]1|Nc1nc2c(n[cH:1]n2[C@@H]2O[C@H](CO)[C@@H](O)[C@@H]2O)c(=O)[nH]1|N[c:1]1nc2c(ncn2[C@@H]2O[C@H](CO)[C@@H](O)[C@@H]2O)c(=O)[nH]1|Nc1nc2c(nc[n:1]2[C@@H]2O[C@H](CO)[C@@H](O)[C@@H]2O)c(=O)[nH]1|Nc1nc2c(ncn2[C@@H]2O[C@H]([CH2:1]O)[C@@H](O)[C@@H]2O)c(=O)[nH]1|Nc1nc2c(ncn2[C@@H:1]2O[C@H](CO)[C@@H](O)[C@@H]2O)c(=O)[nH]1|Nc1nc2c(ncn2[C@@H]2O[C@H](CO)[C@@H]([OH:1])[C@@H]2O)c(=O)[nH]1|OC[C@H]1O[C@@H](n2c3n[c:1]([NH2:1])[nH][c:1](=[O:1])c3n[cH:1]2)[C@@H](O)[C@@H]1O|Nc1nc2c(ncn2[C@@H]2O[C@H]([CH2:1][OH:1])[C@@H](O)[C@@H]2O)c(=O)[nH]1|Nc1n[c:1]2[c:1](c(=O)[nH]1)[n:1][cH:1][n:1]2[C@@H]1O[C@H](CO)[C@@H](O)[C@@H]1O,Nc1nc2c(nc[n:1]2[C@@H]2O[C@H](CO)[C@@H](O)[C@@H]2O)c(=O)[nH]1|Nc1nc2c(ncn2[C@@H]2O[C@H](C[OH:1])[C@@H](O)[C@@H]2O)c(=O)[nH]1,2,C12=C(C(=O)NC(N)=N1)N=CN2[C@H]1[C@@H](O)[C@H](O)[C@@H](C[OH:1])O1|NC1=NC2=C(N=[C:1]N2[C@@H]2O[C@H](CO)[C@@H](O)[C@@H]2O)C(=O)N1|NC1=NC2=C(N=CN2[C@@H]2O[C@H]([CH2:1]O)[C@@H](O)[C@@H]2O)C(=O)N1|NC1=NC2=C(N=[C:1]N2[C@@H]2O[C@H](CO)[C@@H](O)[C@@H]2O)C(=O)N1|C12=C(C(=O)NC(N)=N1)N=CN2[C@H]1[C@@H](O)[C@H](O)[C@@H]([CH2:1]O)O1|NC1=NC2=C(N=CN2[C@@H]2O[C@H]([CH2:1]O)[C@@H](O)[C@@H]2O)C(=O)N1|O[C@@H]1[C@H](N2C=NC3=C2N=C(N)NC3=O)O[C@H:1](CO)[C@H]1O|[C@H]1(O)[C@H](O)[C@H:1](N2C3=C(C(=O)NC(N)=N3)N=C2)O[C@@H]1CO|O[C@@H]1[C@H:1](N2C=NC3=C2N=C(N)NC3=O)O[C@H](CO)[C@H]1O|C12=C(C(=O)NC(N)=N1)N=[C:1]N2[C@H]1[C@@H](O)[C@H](O)[C@@H](CO)O1|C12=C(C(=O)NC(N)=N1)N=CN2[C@H]1[C@@H](O)[C@H](O)[C@@H]([CH2:1]O)O1|[C@@H]1(CO)[C@@H](O)[C@H](O)[C@H:1](N2C3=C(C(=O)NC(N)=N3)N=C2)O1|NC1=NC2=C(N=[C:1]N2[C@@H]2O[C@H](CO)[C@@H](O)[C@@H]2O)C(=O)N1|[C@@H]1(C[OH:1])[C@@H](O)[C@H](O)[C@H](N2C3=C(C(=O)NC(N)=N3)N=C2)O1|C12=C(C(=O)NC(N)=N1)N=[C:1]N2[C@H]1[C@@H](O)[C@H](O)[C@@H](CO)O1|C12=C(C(=O)NC(N)=N1)N=[C:1][N:1]2[C@H]1[C@@H](O)[C@H](O)[C@@H](CO)O1|C12=C(C(=O)NC(N)=N1)N=[C:1][N:1]2[C@H]1[C@@H](O)[C@H](O)[C@@H](CO)O1|[C@H]1(C[OH:1])O[C@@H](N2C=NC3=C2N=C(N)NC3=O)[C@@H](O)[C@@H]1O
NC1=NC2=C(N=[C]N2[C@@H]2O[C@H](COP(=O)(O)O)[C@@H](O)[C@@H]2O)C(=O)N1,Nc1nc2c(ncn2[C@@H]2O[C@H](COP(=O)(O)[OH:1])[C@@H](O)[C@@H]2O)c(=O)[nH]1|Nc1nc2c(ncn2[C@@H]2O[C@H](C[O:1]P(=O)(O)O)[C@@H](O)[C@@H]2O)c(=O)[nH]1|N[c:1]1nc2c(ncn2[C@@H]2O[C@H](COP(=O)(O)O)[C@@H](O)[C@@H]2O)c(=O)[nH]1|N[c:1]1nc2c(ncn2[C@@H]2O[C@H](CO[P:1](=O)(O)O)[C@@H](O)[C@@H]2O)c(=O)[nH]1|N[c:1]1nc2c(ncn2[C@@H]2O[C@H](CO[P:1](=O)(O)[OH:1])[C@@H](O)[C@@H]2O)c(=O)[nH]1|Nc1nc2c(ncn2[C@@H]2O[C@H](COP(=O)(O)O)[C@@H]([OH:1])[C@@H]2O)c(=O)[nH]1|O=P(O)(O)OC[C@H]1O[C@@H](n2cnc3c2n[c:1]([NH2:1])[nH][c:1]3=[O:1])[C@@H](O)[C@@H]1O|Nc1nc2c(ncn2[C@@H]2O[C@H](CO[P:1](=O)(O)O)[C@@H]([OH:1])[C@@H]2O)c(=O)[nH]1|N[c:1]1nc2c(ncn2[C@@H]2O[C@H](CO[P:1](=O)(O)O)[C@@H]([OH:1])[C@@H]2O)c(=O)[nH]1|Nc1n[c:1]2[c:1](c(=O)[nH]1)[n:1][cH:1][n:1]2[C@@H]1O[C@H](COP(=O)(O)O)[C@@H](O)[C@@H]1O,Nc1nc2c(ncn2[C@@H]2O[C@H](CO[P:1](=O)(O)[OH:1])[C@@H](O)[C@@H]2O)c(=O)[nH]1,1,NC1=NC2=C(N=CN2[C@@H]2O[C@H](COP(=O)([OH:1])O)[C@@H](O)[C@@H]2O)C(=O)N1|[C@H]1(O)[C@H](O)[C@@H](COP(O)(O)=O)O[C@H]1N1C2=C(C(=O)NC(N)=N2)N=[C:1]1|[C@H]1(O)[C@H](O)[C@@H](COP(O)(O)=O)O[C@H]1N1C2=C(C(=O)NC(N)=N2)N=[C:1]1|[C@H]1(O)[C@H](O)[C@@H](COP(O)(O)=O)O[C@H]1N1C2=C(C(=O)NC(N)=N2)N=[C:1]1|NC1=NC2=C(N=CN2[C@@H]2O[C@H](COP(=O)([OH:1])O)[C@@H](O)[C@@H]2O)C(=O)N1|[C@H]1(O)[C@H](O)[C@@H](COP(O)(O)=O)O[C@H]1N1C2=C(C(=O)NC(N)=N2)N=[C:1]1|N1=C(N)NC(=[O:1])C2=C1N([C@H]1[C@@H](O)[C@H](O)[C@@H](COP(=O)(O)O)O1)C=N2|NC1=NC2=C(N=CN2[C@@H]2O[C@H](COP(=O)([OH:1])O)[C@@H](O)[C@@H]2O)C(=O)N1|[N:1]1=C(N)NC(=O)C2=C1N([C@H]1[C@@H](O)[C@H](O)[C@@H](COP(O)(O)=O)O1)C=N2|[C@H]1(O)[C@H](O)[C@@H](COP(O)(O)=O)O[C@H]1N1C2=C(C(=O)NC(N)=[N:1]2)N=C1|N1=C(N)N[C:1](=O)C2=C1N([C@H]1[C@@H](O)[C@H](O)[C@@H](COP(=O)(O)O)O1)C=N2|N1=C(N)NC(=O)C2=C1N([C@H]1[C@@H](O)[C@H](O)[C@@H](COP(O)(O)=O)O1)[C:1]=N2|[C@H]1(O)[C@H](O)[C@@H](COP(O)(O)=O)O[C@H]1N1C2=C(C(=O)NC(N)=N2)N=[C:1]1|NC1=NC2=C(N=[C:1]N2[C@@H]2O[C@H](COP(=O)(O)O)[C@@H](O)[C@@H]2O)C(=O)N1
O=C(C1CCCCC1)N1CC(=O)N2CCC3=CC=CC=C3C2C1,O=C(C1CCCCC1)N1CC(=O)N2CCc3c[cH:1]ccc3C2C1|O=C(C1CCCCC1)N1CC(=O)N2CCc3cc[cH:1]cc3C2C1|O=C(C1CC[CH2:1]CC1)N1CC(=O)N2CCc3ccccc3C2C1|O=C(C1CCCCC1)N1CC(=O)N2C[CH2:1]c3ccccc3C2C1|O=C(C1CCCCC1)N1CC2c3ccccc3CCN2[C:1](=O)C1|O=C(C1CCCCC1)N1CC(=O)N2CC[c:1]3[cH:1][cH:1][cH:1][cH:1][c:1]3C2C1|O=C(C1CCCCC1)N1CC2c3ccccc3CCN2C(=O)[CH2:1]1|O=C(C1CCCCC1)[N:1]1CC(=O)N2CCc3ccccc3C2C1|O=C(C1CCCC[CH2:1]1)N1CC(=O)N2CCc3ccccc3C2C1|O=C(C1CCCCC1)N1CC(=O)N2CCc3c(ccc[cH:1]3)C2C,O=C(C1CC[CH2:1]CC1)N1CC(=O)N2CCc3ccccc3C2C1,1,O=[C:1](C1CCCCC1)N1CC(=O)N2CCC3=CC=CC=C3C2C1|O=C(C1CCCCC1)N1CC(=O)N2C[CH2:1]C3=CC=CC=C3C2C1|O=C(C1CC[CH2:1]CC1)N1CC(=O)N2CCC3=CC=CC=C3C2C1|C1CCCCC1C(=O)N1C[C:1](=O)N2C(C3=C(C=CC=C3)CC2)C1|C1CCCCC1C(=O)N1CC(=O)N2C(C3=C([CH:1]=[CH:2]C=C3)CC2)C1|O=C(C1CCC[CH2:1]C1)N1CC(=O)N2CCC3=CC=CC=C3C2C1|O=C(C1CCCCC1)N1CC(=O)N2CCC3=CC=[CH:1]C=C3C2C1|C1CCCCC1C(=O)N1CC(=O)N2C(C3=C(C=C[CH:1]=[CH:2]3)CC2)C1|O=C(C1CCCCC1)N1CC(=O)N2CCC3=CC=CC=C3[CH:1]2C1|O=C(C1CCCCC1)N1CC(=O)N2CCC3=C[CH:1]=CC=C3C2C1|C1CCCCC1C(=O)N1CC(=O)N2C(C3=C(C=CC=C3)C[CH2:1]2)C1|O=C(C1CCCCC1)N1CC(=O)N2[CH2:1]CC3=CC=CC=C3C2C1|O=C(C1CCCCC1)N1[CH2:1]C(=O)N2CCC3=CC=CC=C3C2C1|C1CC(C(=O)N2CC3N(C(=O)[CH2:1]2)CCC2=CC=CC=C32)CCC1|O=C(C1CCCC[CH2:1]1)N1CC(=O)N2CCC3=CC=CC=C3C2C1|O=C(C1CCCCC1)N1CC(=O)N2CCC3=[CH:1]C=CC=C3C2C1|O=C(C1CCCCC1)N1CC(=O)N2CCC3=CC=C[CH:1]=C3C2C1
O=C(C[C@H](O)C[C@H](O)/C=C/C1=C(C2=CC=C(F)C=C2)C2=CC=CC=C2N=C1C1CC1)OC1OC(C(=O)O)C(O)C(O)C1O,O=C(C[C@H](O)C[C@H](O)/C=C/c1c(C2CC2)nc2ccccc2c1-c1ccc(F)cc1)[O:1]C1OC(C(=O)O)C(O)C(O)C1O|O=C(C[C@H](O)C[C@H](O)/C=C/c1c(C2CC2)nc2c[cH:1]ccc2c1-c1ccc(F)cc1)OC1OC(C(=O)O)C(O)C(O)C1O|O=C(O)C1OC([O:1]C(=O)C[C@H](O)C[C@H](O)/C=C/c2c(C3CC3)nc3ccccc3c2-c2ccc(F)cc2)C(O)C(O)C1O|O=C(C[C@H](O)C[C@H](O)/C=C/c1c(C2CC2)nc2cc[cH:1]cc2c1-c1ccc(F)cc1)OC1OC(C(=O)O)C(O)C(O)C1O|O=C(C[C@H](O)C[C@H](O)/[CH:1]=[CH:1]/c1c(C2CC2)nc2ccccc2c1-c1ccc(F)cc1)OC1OC(C(=O)O)C(O)C(O)C1O|O=C(C[C@H](O)C[C@H](O)/C=C/[c:1]1[c:1](C2CC2)[n:1][c:1]2cccc[c:1]2[c:1]1-c1ccc(F)cc1)OC1OC(C(=O)O)C(O)C(O)C1O|O=C(C[C@H](O)C[C@H](O)/C=C/c1c(C2CC2)nc2ccccc2c1-c1ccc(F)cc1)OC1OC(C(=O)O)C(O)C([OH:1])C1O|O=C(C[C@H](O)C[C@H](O)/C=C/c1c(C2CC2)nc2c[cH:1]ccc2c1-c1ccc(F)cc1)[O:1]C1OC(C(=O)O)C(O)C(O)C1O|O=C(C[C@H](O)C[C@H](O)/C=C/c1c(C2CC2)nc2ccccc2c1-c1ccc(F)cc1)OC1OC(C(=O)O)C(O)C(O)[CH:1]1O|O=C(C[C@H](O)C[C@H](O)/C=C/c1c(C2CC2)nc2c(ccc[cH:1]2)c1-c1ccc(F)cc1)OC1OC(C(=O)O)C(O)C(O)C1,O=C(O)C1OC(O[C:1](=O)C[C@H](O)C[C@@H](/C=C/c2c(C3CC3)nc3ccccc3c2-c2ccc(F)cc2)[OH:1])C(O)C(O)C1O,1,OC(=O)C1C(O)C(O)C(O)C(OC(C[C@H]([OH:1])C[C@H](O)/C=C/C2=C(C3=CC=C(F)C=C3)C3=CC=CC=C3N=C2C2CC2)=O)O1|[C@@H](/C=C/C1=C(C2=CC=C(F)C=C2)C2=CC=CC=C2N=C1C1CC1)(C[C@H](CC(=O)OC1C(O)C(O)C(O)C(C(O)=O)O1)O)[OH:1]|OC(=O)C1C(O)C(O)C(O)C(OC(C[C@H](O)C[C@H]([OH:1])/C=C/C2=C(C3=CC=C(F)C=C3)C3=CC=CC=C3N=C2C2CC2)=O)O1|OC(=O)C1C(O)C(O)C(O)C(OC(C[C@H](O)C[C@H](O)/C=C/C2=C(C3=CC=C(F)C=C3)C3=CC=[CH:1]C=C3N=C2C2CC2)=O)O1|C1(C2=C(/C=C/[C@@H](O)C[C@@H](O)CC(=O)OC3OC(C(O)=O)C(O)C(O)C3O)C(C3CC3)=NC3=CC=[CH:1]C=C23)=CC=C(F)C=C1|[OH:1]C(=O)C1C(O)C(O)C(O)C(OC(C[C@H](O)C[C@H](O)/C=C/C2=C(C3=CC=C(F)C=C3)C3=CC=CC=C3N=C2C2CC2)=O)O1|OC(=O)C1C(O)C(O)C(O)C(OC(C[C@H]([OH:1])C[C@H](O)/C=C/C2=C(C3=CC=C(F)C=C3)C3=CC=CC=C3N=C2C2CC2)=O)O1|O=C(C1OC(OC(=O)C[C@H](O)C[C@H](O)/C=C/C2=C(C3=CC=C(F)C=C3)C3=CC=[CH:1]C=C3N=C2C2CC2)C(O)C(O)C1O)O
O=C(O)C1=CC(/N=N/C2=CC=C(O)C(C(=O)O)=C2)=CC=C1O,O=C(O)c1cc(/N=[N:1]/c2ccc(O)c(C(=O)O)c2)ccc1O|O=C(O)c1cc(/[N:1]=N/c2ccc(O)c(C(=O)O)c2)ccc1O|O=C(O)c1cc(/[N:1]=[N:1]/c2ccc(O)c(C(=O)O)c2)ccc1O|O=C(O)c1cc(/N=N/c2ccc([OH:1])c(C(=O)O)c2)ccc1O|O=C(O)c1cc(/[N:1]=N/c2ccc(O)c(C(=O)[OH:1])c2)ccc1O|O=C(O)c1cc(/N=[N:1]/[c:1]2ccc(O)c(C(=O)O)c2)ccc1O|O=C(O)c1cc(/[N:1]=N/c2ccc(O)[c:1](C(=O)O)c2)ccc1O|O=C(O)c1cc(/[N:1]=N/[c:1]2ccc(O)c(C(=O)O)c2)ccc1O|O=C(O)c1cc(/N=[N:1]/c2ccc(O)[c:1](C(=O)O)c2)ccc1O|O=C(O)c1cc(/N=N/c2ccc(O)c(C(=O)O)c2)c[cH:1]c1O,O=C(O)c1cc(/N=N/c2ccc([OH:1])c(C(=O)O)c2)ccc1O|O=C(O)c1cc(/N=[N:1]/c2ccc(O)c(C(=O)O)c2)ccc1O,2,C1(C(O)=O)=C(O)C=CC(/N=N/C2=CC(C(=O)O)=C(O)C=[CH:1]2)=C1|O=C(O)C1=CC(/N=N/C2=CC=C(O)C(C(=O)O)=C2)=CC=C1[OH:1]|N(=N/C1=C[CH:1]=C(O)C(C(=O)O)=C1)\C1=CC=C(O)C(C(=O)O)=C1|N(=N/C1=CC=C(O)C(C(=O)O)=C1)\C1=CC=C(O)C(C(=O)O)=[CH:1]1|O=C(O)C1=CC(/N=N/C2=CC=C(O)C(C(=O)O)=C2)=CC=C1[OH:1]|C1=C(/N=N/C2=CC=C(O)C(C(O)=O)=C2)C=CC(O)=C1[C:1](O)=O|O=C(O)C1=CC(/N=N/C2=CC=C(O)C(C(=O)[OH:1])=C2)=CC=C1O
O=C(O)C1=CC=C(C2=CC=NC(NC3=CC=C(N4CCOCC4)C=C3)=N2)C=C1,O=C(c1ccc(-c2ccnc(Nc3ccc(N4CCOCC4)cc3)n2)cc1)[OH:1]|O=C(O)c1ccc(-c2ccnc(Nc3ccc(N4CCOC[CH2:1]4)cc3)n2)cc1|O=[C:1](c1ccc(-c2ccnc(Nc3ccc(N4CCOCC4)cc3)n2)cc1)[OH:1]|O=[C:1](O)c1ccc(-c2ccnc(Nc3ccc(N4CCOCC4)cc3)n2)cc1|O=C([OH:1])[c:1]1ccc(-c2ccnc(Nc3ccc(N4CCOCC4)cc3)n2)cc1|O=C(O)c1ccc(-c2nc(Nc3ccc(N4CCOCC4)cc3)nc[cH:1]2)cc1|O=C(O)c1ccc(-c2ccnc(Nc3ccc(N4CCOCC4)cc3)n2)c[cH:1]1|O=C(O)c1ccc(-c2ccnc(Nc3ccc([N:1]4CCOCC4)cc3)n2)cc1|O=C(O)c1ccc(-c2ccnc(Nc3ccc(N4CCO[CH2:1]C4)cc3)n2)cc1|O=C(O)[c:1]1ccc(-c2ccnc(Nc3ccc(N4CCOCC4)cc3)n2)cc1,O=C(O)c1ccc(-c2ccnc(Nc3ccc(N4CCOC[CH2:1]4)cc3)n2)cc1,1,C1(C2=NC(NC3=CC=C(N4CCOCC4)C=C3)=NC=C2)=CC=C(C([OH:1])=O)C=C1|O=C(O)C1=CC=C(C2=CC=NC(NC3=CC=C(N4CCO[CH2:1]C4)C=C3)=N2)C=C1|O=C(O)C1=CC=C(C2=CC=NC(NC3=CC=C(N4CCOC[CH2:1]4)C=C3)=N2)C=C1|O=C(O)C1=CC=C(C2=CC=NC(NC3=CC=C(N4CCOC[CH2:1]4)C=C3)=N2)C=C1|C1(C2=NC(NC3=CC=C(N4CCOCC4)C=C3)=NC=C2)=CC=C(C(O)=[O:1])C=C1|O=C(O)C1=CC=C(C2=CC=NC(NC3=CC=C(N4CCOCC4)[CH:1]=C3)=N2)C=C1|O=C(O)C1=CC=C(C2=CC=NC(NC3=CC=C(N4CCOCC4)C=C3)=N2)C=[CH:1]1|O=C(O)C1=CC=C(C2=CC=NC(NC3=CC=C(N4CCOC[CH2:1]4)C=C3)=N2)C=C1|O=C(O)C1=CC=C(C2=CC=NC(NC3=CC=C(N4CCO[CH2:1]C4)C=C3)=N2)C=C1|C1=C(C2=CC=NC(NC3=CC=C(N4CCOCC4)C=C3)=N2)C=CC(C(=O)[OH:1])=C1|O=C(O)C1=CC=C(C2=CC=NC(NC3=CC=C(N4CCOCC4)C=C3)=N2)[CH:1]=C1|O=C(O)C1=CC=C(C2=CC=NC(NC3=CC=C(N4CCOCC4)C=[CH:1]3)=N2)C=C1|C1(C2=NC(NC3=CC=C(N4CCOCC4)C=C3)=NC=C2)=CC=C(C([OH:1])=O)C=C1|O=C(O)C1=CC=C(C2=CC=NC(NC3=CC=C([N:1]4CCOCC4)C=C3)=N2)C=C1|O=C(O)C1=CC=C(C2=CC=NC(NC3=CC=C([N:1]4CCOCC4)C=C3)=N2)C=C1|O=C(O)C1=CC=C(C2=CC=NC(NC3=CC=C(N4CCO[CH2:1]C4)C=C3)=N2)C=C1|C1(C2=NC(NC3=CC=C(N4CCOCC4)C=C3)=NC=C2)=CC=C(C([OH:1])=O)C=C1|C1=C(N2CCOCC2)C=CC(NC2=NC=CC(C3=CC=C(C(=O)[OH:1])C=C3)=N2)=C1|C1=CC(NC2=NC(C3=CC=C(C(O)=O)C=C3)=C[CH:1]=N2)=CC=C1N1CCOCC1
O=C(O)CNC(=O)C1C(=O)N(C2CCCCC2)C(=O)N(C2CCCCC2)C1=O,O=C(O)CNC(=O)C1C(=O)N(C2CCCCC2)C(=O)N(C2CC[CH2:1]CC2)C1=O|O=C(O)CNC(=O)C1C(=O)N(C2CC[CH2:1]CC2)C(=O)N(C2CCCCC2)C1=O|O=C(O)CNC(=O)C1C(=O)N(C2CCC[CH2:1]C2)C(=O)N(C2CCCCC2)C1=O|O=C(NCC(=O)[OH:1])C1C(=O)N(C2CCCCC2)C(=O)N(C2CCCCC2)C1=O|O=C(O)CNC(=O)C1C(=O)N(C2CCCCC2)C(=O)N(C2CCC[CH2:1]C2)C1=O|O=C1N(C2CCCCC2)C(=O)C(C(=O)NCC(=O)[OH:1])C(=O)N1C1CCCCC1|O=C(O)CNC(=O)[CH:1]1C(=O)N(C2CCCCC2)C(=O)N(C2CCCCC2)C1=O|O=C(O)[CH2:1][NH:1][C:1](C1C(=O)N(C2CCCCC2)C(=O)N(C2CCCCC2)C1=O)=[O:1]|O=C(O)CNC(=O)C1C(=O)N(C2CCCC[CH2:1]2)C(=O)N(C2CCCCC2)C1=O|O=C(O)CNC(=O)[CH:1]1C(=O)N(C2CCCCC2)C(=O)N(C2CCCCC2)[C:1]1=O,O=C(O)CNC(=O)C1C(=O)N(C2CCC[CH2:1]C2)C(=O)N(C2CCC[CH2:1]C2)C1=O|O=C(O)CNC(=O)C1C(=O)N(C2CCC[CH2:1]C2)C(=O)N(C2CCC[CH2:1]C2)[C:1]1=[O:1]|O=C(O)CNC(=O)C1C(=O)N(C2CCC[CH2:1]C2)C(=O)N(C2CC[CH2:1]CC2)[C:1]1=[O:1]|O=C(O)CNC(=O)C1C(=O)N(C2CC[CH2:1]CC2)C(=O)N(C2CC[CH2:1]CC2)[C:1]1=[O:1],4,O=C(O)CNC(=O)C1C(=O)N(C2CC[CH2:1]CC2)C(=O)N(C2CCCCC2)C1=O|O=C(C1C(=O)N(C2CCCCC2)C(=O)N(C2CCCCC2)C1=O)NC[C:1](O)=O|O=C(O)CNC(=O)C1C(=O)N(C2CCC[CH2:1]C2)C(=O)N(C2CCCCC2)C1=O|O=C(O)[CH2:1]NC(=O)C1C(=O)N(C2CCCCC2)C(=O)N(C2CCCCC2)C1=O|C1CCCCC1N1C(=O)C(C(NC[C:1]([OH:2])=O)=O)C(=O)N(C2CCCCC2)C1=O|O=C(O)CNC(=O)C1C(=O)N(C2CCC[CH2:1]C2)C(=O)N(C2CCCCC2)C1=O|O=C(O)CNC(=O)C1C(=O)N(C2CCC[CH2:1]C2)C(=O)N(C2CCCCC2)C1=O|O=C(O)CNC(=O)C1C(=O)N(C2CCC[CH2:1]C2)C(=O)N(C2CCCCC2)C1=O|O=C(O)CNC(=O)C1C(=O)N(C2CCCC[CH2:1]2)C(=O)N(C2CCCCC2)C1=O|O=C(O)CNC(=O)C1C(=O)N(C2CCCC[CH2:1]2)C(=O)N(C2CCCCC2)C1=O|C1CCCC(N2C(=O)C(C(=O)NC[C:1](O)=O)C(=O)N(C3CCCCC3)C2=O)C1|C1C[CH:1](N2C(=O)N(C3CCCCC3)C(=O)C(C(NCC(=O)O)=O)C2=O)CCC1|O=C(O)CNC(=O)C1C(=O)N(C2CCC[CH2:1]C2)C(=O)N(C2CCCCC2)C1=O|O=C(O)CNC(=O)C1C(=O)N(C2CCCC[CH2:1]2)C(=O)N(C2CCCCC2)C1=O|O=C(O)CNC(=O)C1C(=O)N(C2CCCC[CH2:1]2)C(=O)N(C2CCCCC2)C1=O|C1CCCC(N2C(=O)C(C(=O)NC[C:1](O)=O)C(=O)N(C3CCCCC3)C2=O)C1|C([CH:1]1C(=O)N(C2CCCCC2)C(=O)N(C2CCCCC2)C1=O)(=O)NCC(=O)O|O=C(O)CN[C:1](=O)C1C(=O)N(C2CCCCC2)C(=O)N(C2CCCCC2)C1=O|C(C1C(=O)N(C2CCCC[CH2:1]2)C(=O)N(C2CCCCC2)C1=O)(=O)NCC(=O)O
O=C(O)CNC(=O)C1C(=O)N(C2CCC[C@H](O)C2)C(=O)N([C@H]2CC[C@H](O)CC2)C1O,O=C(O)CNC(=O)C1C(=O)N(C2CCC[C@H](O)C2)C(=O)N([C@H]2CC[C@H](O)CC2)[CH:1]1O|O=C(O)CNC(=O)C1C(=O)N(C2CCC[C@H](O)C2)C(=O)N([C@H]2CC[C@H](O)CC2)C1[OH:1]|O=C(O)CNC(=O)C1C(=O)N(C2CCC[C@H](O)C2)C(=O)N([C@H]2CC[C@H](O)CC2)[CH:1]1[OH:1]|O=C(NCC(=O)[OH:1])C1C(=O)N(C2CCC[C@H](O)C2)C(=O)N([C@H]2CC[C@H](O)CC2)C1O|O=C(O)CNC(=O)C1C(=O)N(C2CC[CH2:1][C@H](O)C2)C(=O)N([C@H]2CC[C@H](O)CC2)C1O|O=C(O)CNC(=O)C1C(=O)N(C2CCC[C@H](O)C2)C(=O)N([C@H]2CC[C@H:1]([OH:1])CC2)C1O|O=C(O)CNC(=O)C1C(=O)N(C2CCC[C@H:1]([OH:1])C2)C(=O)N([C@H]2CC[C@H](O)CC2)C1O|O=C(NC[C:1](=O)O)C1C(=O)N(C2CCC[C@H](O)C2)C(=O)N([C@H]2CC[C@H](O)CC2)C1O|O=C(O)CNC(=O)C1C(=O)N(C2CCC[C@H]([OH:1])C2)C(=O)N([C@H]2CC[C@H](O)CC2)C1O|O=C(O)CNC(=O)C1C(=O)N(C2CCC[C@H](O)C2)C(=O)N([C@H]2CC[C@H:1](O)CC2)C1O,O=C(O)CNC(=O)C1C(=O)N(C2CC[CH2:1][C@H](O)C2)C(=O)N([C@H]2CC[C@H](O)CC2)C1O,1,[C@H]1(O)CCCC(N2C(=O)N([C@H]3CC[C@H](O)CC3)C(O)C(C(NCC(=O)O)=O)[C:1]2=O)C1|C1(O)C(C(NCC(O)=O)=O)C(=O)N(C2C[C@@H](O)CC[CH2:1]2)C(=O)N1[C@H]1CC[C@H](O)CC1|C1(O)C(C(NCC(O)=O)=O)C(=O)N(C2C[C@@H](O)CC[CH2:1]2)C(=O)N1[C@H]1CC[C@H](O)CC1|C(NC(C1C(O)N([C@H:1]2CC[C@H](O)CC2)C(=O)N(C2CCC[C@H](O)C2)C1=O)=O)C(O)=O|C1[C@H](O)CC[C@@H](N2[CH:1](O)C(C(=O)NCC(=O)O)C(=O)N(C3CCC[C@H](O)C3)C2=O)C1
O=C(O)C[C@H](O)C[C@H](O)/C=C/C1=C(C2CC2)N=C2C=CC=CC2=C1C1=CC=C(F)C=C1,O=C(O)C[C@H](O)C[C@H](O)/C=C/c1c(C2CC2)nc2c(ccc[cH:1]2)c1-c1ccc(F)cc1|O=[C:1](O)C[C@H](O)C[C@@H](/C=C/c1c(C2CC2)nc2ccccc2c1-c1ccc(F)cc1)[OH:1]|O=C(C[C@H](O)C[C@H](O)/C=C/c1c(C2CC2)nc2ccccc2c1-c1ccc(F)cc1)[OH:1]|O=C(O)[CH2:1][C@H](O)C[C@H](O)/C=C/c1c(C2CC2)nc2ccccc2c1-c1ccc(F)cc1|O=C(O)C[C@H](O)C[C@H](O)/C=C/c1c(C2CC2)nc2cc[cH:1]cc2c1-c1ccc(F)cc1|O=C(O)C[C@H](O)C[C@H](O)/[CH:1]=[CH:1]/c1c(C2CC2)nc2ccccc2c1-c1ccc(F)cc1|O=C(O)C[C@H](O)C[C@H](O)/C=C/c1c(C2CC2)nc2ccccc2c1-c1ccc(F)[cH:1]c1|O=C(O)C[C@H](O)C[C@H](O)/C=C/c1c(C2C[CH2:1]2)nc2ccccc2c1-c1ccc(F)cc1|O=[C:1](O)C[C@H](O)C[C@H](O)/C=C/c1c(C2CC2)nc2ccccc2c1-c1ccc(F)cc1|O=C(O)C[C@H](O)C[C@H](O)/C=C/c1c(C2CC2)nc2c[cH:1]ccc2c1-c1ccc(F)cc1,O=C(C[C@H](O)C[C@H](O)/C=C/c1c(C2CC2)nc2ccccc2c1-c1ccc(F)cc1)[OH:1]|O=C(O)C[C@H](O)C[C@H](O)/C=C/c1c(C2CC2)nc2c(ccc[cH:1]2)c1-c1ccc(F)cc1,2,C([C@H](O)C[C@@H](/C=C/C1=C(C2=CC=C(F)C=C2)C2=CC=CC=C2N=C1C1CC1)O)C([OH:1])=O|C([C@H](O)C[C@@H](/C=C/C1=C(C2=CC=C(F)C=C2)C2=CC=CC=C2N=C1C1CC1)[OH:1])C(O)=O|C([C@H]([OH:1])C[C@@H](/C=C/C1=C(C2=CC=C(F)C=C2)C2=CC=CC=C2N=C1C1CC1)O)C(O)=O|O=C(O)C[C@H](O)C[C@H](O)/C=C/C1=C(C2CC2)N=C2C=CC=CC2=C1C1=CC=C(F)C=[CH:1]1|O=C(O)C[C@H](O)C[C@H](O)/C=C/C1=C(C2CC2)N=C2C=C[CH:1]=CC2=C1C1=CC=C(F)C=C1|O=C(O)C[C@H](O)C[C@H](O)/C=C/C1=C(C2CC2)N=C2C=CC=CC2=C1C1=CC=C(F)[CH:1]=C1|C(C(=O)O)[C@@H](C[C@@H](/C=C/C1=C(C2CC2)N=C2C=CC=CC2=C1C1=CC=C(F)C=C1)[OH:1])O|C1(C2CC2)=NC2=CC=[CH:1]C=C2C(C2=CC=C(F)C=C2)=C1/C=C/[C@H](C[C@@H](O)CC(=O)O)O|C(C(=O)O)[C@@H](C[C@@H](/C=C/C1=C(C2CC2)N=C2C=CC=CC2=C1C1=CC=C(F)C=C1)O)[OH:1]|C([C@H](O)C[C@@H](/C=C/C1=C(C2=CC=C(F)C=C2)C2=CC=CC=C2N=C1C1CC1)O)C(O)=[O:1]|O=C(O)C[C@H](O)C[C@H](O)/[CH:1]=[CH:2]/C1=C(C2CC2)N=C2C=CC=CC2=C1C1=CC=C(F)C=C1|C1(C2CC2)=NC2=C[CH:1]=CC=C2C(C2=CC=C(F)C=C2)=C1/C=C/[C@H](C[C@@H](O)CC(=O)O)O|C([C@H](O)C[C@@H](/C=C/C1=C(C2=CC=C(F)C=C2)C2=CC=CC=C2N=C1C1CC1)O)C(O)=[O:1]
O=C1C2=CC=CC(O)=C2C(=O)C2=C(O)C3=C(C(O)=C12)C[C@@](O)(C(O)CO)CC3,O=C1c2cccc(O)c2C(=O)c2c(O)c3c(c(O)c21)C[C@@](O)(C(O)[CH2:1]O)CC3|O=C1c2cccc([OH:1])c2C(=O)c2c(O)c3c(c(O)c21)C[C@@](O)(C(O)CO)CC3|O=C1c2cccc(O)c2C(=O)c2c(O)c3c(c(O)c21)C[C@@](O)(C(O)C[OH:1])CC3|O=C1c2cccc(O)c2C(=O)c2c(O)c3c(c(O)c21)C[C@@](O)([CH:1](CO)[OH:1])CC3|O=C1c2cccc(O)c2C(=O)c2c(O)c3c(c(O)c21)C[C@@](O)([CH:1](O)CO)CC3|O=C1c2cccc(O)c2C(=O)c2c(O)c3c(c(O)c21)C[C@@](O)(C(O)CO)C[CH2:1]3|O=C1c2cccc(O)c2C(=O)c2c(O)c3c(c(O)c21)C[C@@](O)([CH:1](O)[CH2:1]O)CC3|O=C1c2cccc(O)c2C(=O)c2c(O)c3c(c(O)c21)C[C@@](O)(C(CO)[OH:1])CC3|O=C1c2c[cH:1]cc(O)c2C(=O)c2c(O)c3c(c(O)c21)C[C@@](O)(C(O)CO)CC3|O=C1c2cc[cH:1]c(O)c2C(=O)c2c(O)c3c(c(O)c21)C[C@@](O)(C(O)CO)CC3,O=C1c2cccc([OH:1])c2C(=O)c2c(O)c3c(c(O)c21)C[C@@](O)(C(O)CO)CC3,1,OCC(O)[C@@]1(O)CCC2=C(O)C3=C(C(O)=C2C1)C(=O)C1=CC=CC([OH:1])=C1C3=O|C1=C(O)C2=C(C=C1)C(=O)C1=C(O)C3=C(C(O)=C1C2=O)[CH2:1]C[C@@](C(CO)O)(O)C3|O=C1C2=CC=[CH:1]C(O)=C2C(=O)C2=C(O)C3=C(C(O)=C12)C[C@@](O)(C(O)CO)CC3|C1=C([OH:1])C2=C(C=C1)C(=O)C1=C(O)C3=C(C(O)=C1C2=O)CC[C@@](C(CO)O)(O)C3|C12=C(O)C3=C(C(O)=C1CC[C@](O)(C(CO)O)C2)C(=O)C1=C(C=CC=C1[OH:1])C3=O|OCC(O)[C@@]1(O)CCC2=C(O)C3=C(C(O)=C2[CH2:1]1)C(=O)C1=CC=CC(O)=C1C3=O|C1(=O)C2=C(C(O)=C3C(=C2O)C[C@](C(O)CO)(O)CC3)C(=O)C2=C1C=CC=C2[OH:1]|C1=C(O)C2=C([CH:1]=C1)C(=O)C1=C(O)C3=C(C(O)=C1C2=O)CC[C@@](C(CO)O)(O)C3|OCC(O)[C@@]1(O)CCC2=C(O)C3=C(C([OH:1])=C2C1)C(=O)C1=CC=CC(O)=C1C3=O
O=C1CC(=O)N(C2=CC=CC=C2)C2=CC(Cl)=CC=C2N1,O=C1CC(=O)N(c2cc[cH:1]cc2)c2cc(Cl)ccc2N1|O=C1CC(=O)N(c2cc[cH:1][cH:1]c2)c2cc(Cl)ccc2N1|O=C1CC(=O)N(c2ccccc2)c2cc(Cl)[cH:1]cc2N1|O=C1CC(=O)N(c2ccc[cH:1]c2)c2cc(Cl)ccc2N1|O=C1CC(=O)N(c2ccccc2)c2cc(Cl)c[cH:1]c2N1|O=C1CC(=O)N(c2cccc[cH:1]2)c2cc(Cl)ccc2N1|O=C1CC(=O)[N:1](c2ccccc2)c2cc(Cl)ccc2N1|O=C1N(c2ccccc2)c2cc(Cl)ccc2N[C:1](=[O:1])[CH2:1]1|O=C1CC(=O)N(c2c[cH:1][cH:1][cH:1]c2)c2cc(Cl)ccc2N1|O=C1N(c2ccccc2)c2cc(Cl)ccc2N[C:1](=O)[CH2:1]1,O=C1CC(=O)N(c2cc[cH:1]cc2)c2cc(Cl)ccc2N1,1,O=C1CC(=O)N(C2=CC=[CH:1]C=C2)C2=CC(Cl)=CC=C2N1|O=C1CC(=O)N([C:1]2=CC=CC=C2)C2=CC(Cl)=CC=C2N1|O=C1CC(=O)N(C2=CC=CC=C2)C2=CC(Cl)=[CH:1]C=C2N1|C1=CC2=C(C=[C:1]1Cl)N(C1=CC=CC=C1)C(=O)CC(=O)N2|O=C1C[C:1](=O)N(C2=CC=CC=C2)C2=CC(Cl)=CC=C2N1|O=C1CC(=O)N(C2=CC=CC=C2)C2=CC(Cl)=C[CH:1]=C2N1|O=C1CC(=O)N(C2=CC=CC=[CH:1]2)C2=CC(Cl)=CC=C2N1|O=C1[CH2:1]C(=O)N(C2=CC=CC=C2)C2=CC(Cl)=CC=C2N1|O=[C:1]1CC(=O)N(C2=CC=CC=C2)C2=CC(Cl)=CC=C2N1|O=C1CC(=O)N(C2=CC=[CH:1][CH:2]=C2)C2=CC(Cl)=CC=C2N1|O=C1CC(=O)N(C2=CC=C[CH:1]=C2)C2=CC(Cl)=CC=C2N1|O=C1CC(=O)N(C2=CC=CC=C2)C2=[CH:1]C(Cl)=CC=C2N1|C1=C[C:1]2=C(C=C1Cl)N(C1=CC=CC=C1)C(=O)CC(=O)N2|[CH:1]1=[CH:2]C2=C(C=C1Cl)N(C1=CC=CC=C1)C(=O)CC(=O)N2|O=C1[CH2:1]C(=O)N(C2=CC=CC=C2)C2=CC(Cl)=CC=C2N1
O=C1CC(O)CC(/C=C/C2=C(C3=CC=C(F)C=C3)C3=CC=CC=C3N=C2C2CC2)O1,O=C1OC(/C=C/c2c(C3CC3)nc3ccccc3c2-c2ccc(F)cc2)C[CH:1](O)[CH2:1]1|O=C1CC(O)CC(/C=C/c2c(C3C[CH2:1]3)nc3ccccc3c2-c2ccc(F)cc2)O1|O=C1OC(/C=C/c2c(C3CC3)nc3ccccc3c2-c2ccc(F)cc2)CC(O)[CH2:1]1|O=C1CC([OH:1])CC(/C=C/c2c(C3CC3)nc3ccccc3c2-c2ccc(F)cc2)O1|O=C1C[CH:1]([OH:1])CC(/C=C/c2c(C3CC3)nc3ccccc3c2-c2ccc(F)cc2)O1|O=C1CC(O)CC(/C=C/c2c(C3CC3)nc3cc[cH:1]cc3c2-c2ccc(F)cc2)O1|O=C1CC(O)CC(/C=C/c2c(C3CC3)nc3c[cH:1]ccc3c2-c2ccc(F)cc2)O1|O=C1C[CH:1](O)CC(/C=C/c2c(C3CC3)nc3ccccc3c2-c2ccc(F)cc2)O1|O=C1C[CH:1](O)[CH2:1]C(/C=C/c2c(C3CC3)nc3ccccc3c2-c2ccc(F)cc2)O1|O=C1C[CH:1](O)[CH2:1][CH:1](/C=C/c2c(C3CC3)nc3ccccc3c2-c2ccc(F)cc2)O1,O=[C:1]1CC(O)C[CH:1](/C=C/c2c(C3CC3)nc3ccccc3c2-c2ccc(F)cc2)[O:1]1,1,O=[C:1]1CC(O)CC(/C=C/C2=C(C3=CC=C(F)C=C3)C3=CC=CC=C3N=C2C2CC2)O1|O=C1CC(O)CC(/C=C/C2=C(C3=CC=C(F)C=C3)C3=C[CH:1]=CC=C3N=C2C2CC2)O1|O=C1CC(O)CC(/C=C/C2=C(C3=CC=C(F)C=C3)C3=CC=[CH:1]C=C3N=C2C2CC2)O1|C1(O)C[C:1](=O)OC(/C=C/C2=C(C3=CC=C(F)C=C3)C3=CC=CC=C3N=C2C2CC2)C1|FC1=CC=C(C2=C(/C=C/C3CC(O)CC(=O)O3)C(C3CC3)=NC3=C2C=C[CH:1]=[CH:2]3)C=C1|C1(O)C[C:1](=O)OC(/C=C/C2=C(C3=CC=C(F)C=C3)C3=CC=CC=C3N=C2C2CC2)C1|O=C1CC(O)CC(/C=C/C2=C(C3=CC=C(F)C=C3)C3=CC=C[CH:1]=C3N=C2C2CC2)O1|O=C1CC(O)[CH2:1]C(/C=C/C2=C(C3=CC=C(F)C=C3)C3=CC=CC=C3N=C2C2CC2)O1|C1(/C=C/C2OC(=O)CC(O)C2)=C(C2=CC=C(F)C=C2)C2=[CH:1]C=CC=C2N=C1C1CC1|C12=CC=CC=C1C(C1=CC=C(F)C=C1)=C(/C=C/C1OC(=O)CC(O)C1)C(C1CC1)=[N:1]2|C12=CC=CC=C1C(C1=CC=C(F)C=C1)=C(/C=C/C1OC(=O)CC(O)C1)C(C1CC1)=[N:1]2|FC1=CC=C(C2=C(/C=C/C3CC(O)CC(=O)O3)C(C3CC3)=[N:1]C3=C2C=CC=C3)C=C1
O=C1CN=C(C2=CC=CC=C2)C2=CC(Cl)=CC=C2N1,O=C1CN=C(c2cc[cH:1]cc2)c2cc(Cl)ccc2N1|O=C1CN=C(c2ccccc2)c2cc(Cl)c[cH:1]c2N1|O=C1CN=C(c2ccccc2)c2cc(Cl)[cH:1]cc2N1|O=C1CN=C(c2ccccc2)c2cc(Cl)ccc2[NH:1]1|O=C1Nc2ccc(Cl)cc2C(c2ccccc2)=N[CH2:1]1|O=C1CN=C(c2ccc[cH:1]c2)c2cc(Cl)ccc2N1|Clc1ccc2c(c1)C(c1ccccc1)=NC[C:1](=[O:1])[NH:1]2|O=C1Nc2ccc(Cl)cc2C(c2cc[cH:1]cc2)=N[CH2:1]1|O=C1CN=C(c2cc[cH:1][cH:1]c2)c2cc(Cl)ccc2N1|O=[C:1]1[CH2:1][N:1]=[C:1](c2ccccc2)[c:1]2cc(Cl)cc[c:1]2[NH:1]1,O=C1CN=C(c2cc[cH:1]cc2)c2cc(Cl)ccc2N1,1,O=C1[CH2:1]N=C(C2=CC=CC=C2)C2=CC(Cl)=CC=C2N1|O=C1CN=C(C2=CC=CC=C2)C2=CC(Cl)=[CH:1]C=C2N1|O=C1CN=[C:1](C2=CC=CC=C2)C2=CC(Cl)=CC=C2N1|O=C1CN=C(C2=CC=[CH:1]C=C2)C2=CC(Cl)=CC=C2N1|O=[C:1]1CN=C(C2=CC=CC=C2)C2=CC(Cl)=CC=C2N1|Cl[C:1]1=CC2=C(C=C1)NC(=O)CN=C2C1=CC=CC=C1|O=C1CN=C(C2=CC=CC=C2)C2=CC(Cl)=C[CH:1]=C2N1|N1=C(C2=CC=CC=C2)C2=C(C=CC(Cl)=C2)NC(=O)[CH2:1]1|O=C1CN=C(C2=CC=C[CH:1]=C2)C2=CC(Cl)=CC=C2N1|O=C1[CH2:1]N=C(C2=CC=CC=C2)C2=CC(Cl)=CC=C2N1|C1=C2C(=CC=C1Cl)NC(=O)[CH2:1]N=C2C1=CC=CC=C1|ClC1=[CH:1]C2=C(C=C1)NC(=O)CN=C2C1=CC=CC=C1|ClC1=CC2=C([CH:1]=[CH:2]1)NC(=O)CN=C2C1=CC=CC=C1|ClC1=CC2=C(C=C1)N[C:1](=O)CN=C2C1=CC=CC=C1|O=C1[CH2:1]N=C(C2=CC=CC=C2)C2=CC(Cl)=CC=C2N1|ClC1=CC2=C(C=C1)N[C:1](=O)CN=C2C1=CC=CC=C1|N1=C(C2=CC=CC=C2)C2=C(C=[CH:1]C(Cl)=C2)NC(=O)C1|C1=C(Cl)C=CC2=C1[C:1](C1=CC=CC=C1)=NCC(=O)N2|C1=C(Cl)C=CC2=C1[C:1](C1=CC=CC=C1)=NC[C:1](=O)N2|C1=C(Cl)C=C[C:1]2=C1C(C1=CC=CC=C1)=NCC(=O)N2
O=C1CN=C(C2=CC=CC=C2Cl)C2=CC([N+](=O)[O-])=CC=C2N1,O=C1CN=C(c2ccccc2Cl)c2cc([N+:1](=O)[O-])ccc2N1|O=C1Nc2ccc([N+](=O)[O-])cc2C(c2ccccc2Cl)=N[CH2:1]1|O=C1CN=C(c2cc[cH:1]cc2Cl)c2cc([N+](=O)[O-])ccc2N1|O=[N+]([O-])c1ccc2c(c1)C(c1ccccc1Cl)=NC[C:1](=O)[NH:1]2|O=C1CN=C(c2c[cH:1]ccc2Cl)c2cc([N+](=O)[O-])ccc2N1|O=C1CN=C(c2ccc[cH:1]c2Cl)c2cc([N+](=O)[O-])ccc2N1|O=[N+]([O-])c1ccc2c(c1)C(c1ccccc1Cl)=NC[C:1](=[O:1])[NH:1]2|O=C1CN=C(c2cc[cH:1]cc2Cl)c2cc([N+:1](=O)[O-])ccc2N1|O=C1CN=C(c2ccccc2Cl)c2cc([N+](=O)[O-])c[cH:1]c2N1|O=C1CN=C(c2ccccc2Cl)c2cc([N+](=O)[O-])[cH:1]cc2N1,O=C1Nc2ccc([N+](=O)[O-])cc2C(c2ccccc2Cl)=N[CH2:1]1,1,O=C1CN=C(C2=CC=CC=C2Cl)C2=CC([N+:1](=O)[O-])=CC=C2N1|O=C1[CH2:1]N=C(C2=CC=CC=C2Cl)C2=CC([N+](=O)[O-])=CC=C2N1|O=C1CN=C(C2=CC=CC=C2Cl)C2=CC([N+:1](=O)[O-])=CC=C2N1|O=C1CN=C(C2=CC=CC=C2Cl)C2=CC([N+:1](=O)[O-:1])=CC=C2N1|C1=CC(C2=NC[C:1](=O)NC3=CC=C([N+](=O)[O-])C=C23)=C(Cl)C=C1|N1=[C:1](C2=CC=CC=C2Cl)C2=C(C=CC([N+](=O)[O-])=C2)NC(=O)C1|C1=CC=CC(C2=NCC(=O)NC3=C2C=C([N+:1]([O-])=O)C=C3)=C1Cl|[O-][N+](=O)C1=CC=C2C(=C1)C(C1=CC=CC=C1Cl)=N[CH2:1]C(=O)N2|O=[C:1]1CN=C(C2=CC=CC=C2Cl)C2=CC([N+](=O)[O-])=CC=C2N1|C12=CC=C([N+:1]([O-])=O)C=C1C(C1=C(Cl)C=CC=C1)=NCC(=O)N2|N1=C(C2=CC=CC=C2Cl)C2=C(C=CC([N+](=O)[O-])=C2)NC(=O)[CH2:1]1|O=C1CN=C(C2=C[CH:1]=CC=C2Cl)C2=CC([N+](=O)[O-])=CC=C2N1|O=C1CN=C(C2=CC=[CH:1]C=C2Cl)C2=CC([N+](=O)[O-])=CC=C2N1|O=C1CN=C(C2=CC=CC=C2Cl)C2=CC([N+](=O)[O-])=C[CH:1]=C2N1|O=C1CN=C(C2=CC=CC=C2Cl)C2=CC([N+](=O)[O-])=[CH:1]C=C2N1|O=C1CN=C(C2=CC=C[CH:1]=C2Cl)C2=CC([N+](=O)[O-])=CC=C2N1|O=C1CN=C(C2=CC=CC=C2Cl)C2=CC([N+:1](=O)[O-])=CC=C2N1|O=C1CN=C(C2=CC=CC=C2Cl)C2=CC([N+:1](=O)[O-:1])=CC=C2N1|N1=C(C2=CC=CC=C2Cl)C2=C(C=CC([N+](=O)[O-])=C2)N[C:1](=O)C1|C1(Cl)=CC=CC=C1C1=N[CH2:1]C(=O)NC2=C1C=C([N+](=O)[O-])C=C2|C1=CC=CC(C2=NCC(=O)NC3=C2C=C([N+:1]([O-])=O)C=C3)=C1Cl
O=C1CN=C(C2=CC=CC=C2F)C2=CC(Cl)=CC=C2N1CC(F)(F)F,O=C1N(CC(F)(F)F)c2ccc(Cl)cc2C(c2ccccc2F)=N[CH2:1]1|O=C1CN=C(c2ccccc2F)c2cc(Cl)ccc2[N:1]1CC(F)(F)F|O=C1CN=C(c2ccccc2F)c2cc(Cl)[cH:1]cc2N1CC(F)(F)F|O=C1CN=C(c2cc[cH:1]cc2F)c2cc(Cl)ccc2N1CC(F)(F)F|O=C1CN=C(c2c[cH:1]ccc2F)c2cc(Cl)ccc2N1CC(F)(F)F|O=C1N(CC(F)(F)F)c2ccc(Cl)cc2C(c2cc[cH:1]cc2F)=N[CH2:1]1|Fc1ccccc1C1=NC[C:1](=[O:1])N(CC(F)(F)F)c2ccc(Cl)cc21|O=C1CN=C(c2ccccc2F)c2cc(Cl)c[cH:1]c2N1CC(F)(F)F|O=C1CN=C(c2ccc[cH:1]c2F)c2cc(Cl)ccc2N1CC(F)(F)F|O=C1N(CC(F)(F)F)c2ccc(Cl)cc2[C:1](c2ccccc2F)=[N:1][CH2:1]1,O=C1CN=C(c2ccccc2F)c2cc(Cl)ccc2[N:1]1CC(F)(F)F|O=C1N(CC(F)(F)F)c2ccc(Cl)cc2C(c2ccccc2F)=N[CH2:1]1,2,O=C1CN=C(C2=CC=CC=C2F)C2=CC(Cl)=CC=C2N1[CH2:1]C(F)(F)F|C1(C2=N[CH2:1]C(=O)N(CC(F)(F)F)C3=C2C=C(Cl)C=C3)=CC=CC=C1F|O=C1[CH2:1]N=C(C2=CC=CC=C2F)C2=CC(Cl)=CC=C2N1CC(F)(F)F|O=C1CN=C(C2=CC=CC=C2F)C2=CC(Cl)=CC=C2N1[CH2:1]C(F)(F)F|C1([C:1]2=NCC(=O)N(CC(F)(F)F)C3=C2C=C(Cl)C=C3)=CC=CC=C1F|O=C1[CH2:1]N=C(C2=CC=CC=C2F)C2=CC(Cl)=CC=C2N1CC(F)(F)F|O=C1[CH2:1]N=C(C2=CC=CC=C2F)C2=CC(Cl)=CC=C2N1CC(F)(F)F|C1(=O)[CH2:1]N=C(C2=C(F)C=CC=C2)C2=C(C=CC(Cl)=C2)N1CC(F)(F)F|C1(=O)[CH2:1]N=[C:1](C2=C(F)C=CC=C2)C2=C(C=CC(Cl)=C2)N1CC(F)(F)F|O=C1CN=C(C2=CC=[CH:1]C=C2F)C2=CC(Cl)=CC=C2N1CC(F)(F)F|C1(C2=N[CH2:1]C(=O)N(CC(F)(F)F)C3=C2C=C(Cl)C=C3)=CC=CC=C1F|C1(C2=N[CH2:1]C(=O)N(CC(F)(F)F)C3=C2C=C(Cl)C=C3)=CC=CC=C1F|C1(=O)[CH2:1]N=C(C2=C(F)C=CC=C2)C2=C(C=CC(Cl)=C2)N1CC(F)(F)F|O=C1[CH2:1]N=C(C2=CC=CC=C2F)C2=CC(Cl)=CC=C2N1CC(F)(F)F|C1([C:1]2=NCC(=O)N(CC(F)(F)F)C3=C2C=C(Cl)C=C3)=CC=CC=C1F|FC(F)(F)CN1[C:1](=O)CN=C(C2=CC=CC=C2F)C2=CC(Cl)=CC=C12|FC(F)(F)CN1[C:1](=O)CN=[C:1](C2=CC=CC=C2F)C2=CC(Cl)=CC=C12|O=C1CN=C(C2=CC=CC=C2F)C2=CC(Cl)=CC=C2N1[CH2:1]C(F)(F)F|O=C1CN=C(C2=C[CH:1]=CC=C2F)C2=CC(Cl)=CC=C2N1CC(F)(F)F
O=C1NC(=O)C2=C(N=CN2)N1,O=c1[nH]c(=O)c2[nH][cH:1]nc2[nH]1|O=c1[nH]c(=O)c2[nH]c[n:1]c2[nH]1|O=c1[nH][c:1](=O)[nH]c2nc[nH]c12|O=[c:1]1[nH]c2nc[nH]c2[c:1](=[O:1])[nH]1|O=c1[nH][c:1](=O)[nH][c:1]2[n:1]c[nH:1][c:1]12|O=[c:1]1[nH]c2nc[nH]c2[c:1](=O)[nH:1]1|O=c1[nH]c(=O)[c:1]2[nH:1][cH:1][n:1][c:1]2[nH]1|O=c1[nH]c2nc[nH]c2c(=O)[nH:1]1|O=c1[nH]c(=O)[c:1]2[nH:1]c[n:1][c:1]2[nH]1|O=c1[nH]c2nc[nH]c2[c:1](=O)[nH]1,O=c1[nH]c(=O)c2[nH][cH:1]nc2[nH]1,1,O=C1NC(=O)C2=C(N=[CH:1]N2)N1|N1C(=O)C2=C(NC1=O)[N:1]=CN2|O=C1NC(=O)C2=C([N:1]=CN2)N1|O=C1NC(=O)C2=C([N:1]=[CH:1]N2)N1|O=C1NC(=O)C2=C([N:1]=CN2)N1|O=C1NC(=O)C2=C([N:1]=[CH:1]N2)N1|O=C1NC(=O)C2=C(N=C[NH:1]2)N1|N1C(=O)C2=C(NC1=O)N=C[NH:1]2|O=[C:1]1NC(=O)C2=C(N=CN2)N1|O=C1NC(=O)C2=C(N=[CH:1]N2)N1|O=C1N[C:1](=O)C2=C(N=CN2)N1|N1=[CH:1]NC2=C1NC(=O)NC2=O|N1=CNC2=C1NC(=O)N[C:1]2=O|C12=C(N=CN1)[NH:1]C(=O)NC2=O|N1C2=C(N=[CH:1]1)NC(=O)NC2=O|O=C1NC(=O)C2=C(N=[CH:1]N2)N1|C12=C(N=CN1)NC(=O)[NH:1]C2=O|N1=CNC2=C1N[C:1](=O)NC2=O|O=C1NC(=O)C2=C([N:1]=CN2)N1|O=C1NC(=O)C2=C([N:1]=[CH:1]N2)N1|N1C2=C(N=[CH:1]1)NC(=O)NC2=O|N1=[CH:1]NC2=C1NC(=O)NC2=O|O=C1NC(=O)C2=C([N:1]=CN2)N1
O=C1NC(=O)N(C2CC(O)C(CO)O2)C=C1F,O=c1[nH]c(=O)n(C2CC(O)C(C[OH:1])O2)cc1F|O=c1[nH]c(=O)[n:1](C2CC(O)C(CO)O2)cc1F|O=c1[nH]c(=O)n(C2OC(CO)C(O)[CH2:1]2)cc1F|O=c1[nH]c(=O)n(C2CC(O)C([CH2:1]O)O2)cc1F|O=c1[nH]c(=O)n(C2C[CH:1]([OH:1])C(CO)O2)cc1F|O=c1[nH]c(=O)n(C2CC(O)C([CH2:1][OH:1])O2)cc1F|O=[c:1]1[nH:1][c:1](=O)[n:1](C2CC(O)C(CO)O2)[cH:1][c:1]1F|O=c1[nH]c(=O)n(C2CC([OH:1])C(CO)O2)cc1F|O=c1[nH]c(=O)n(C2CC(O)C(CO)O2)c[c:1]1F|O=c1[nH]c(=O)n(C2OC(CO)[CH:1](O)[CH2:1]2)cc1F,O=c1[nH]c(=O)n(C2CC(O)C(C[OH:1])O2)cc1F,1,O=C1NC(=O)N(C2CC(O)C(C[OH:1])O2)C=C1F|O=C1NC(=O)N(C2CC(O)C(C[OH:1])O2)C=C1F|O=C1NC(=O)N([CH:1]2CC(O)C(CO)O2)C=C1F|O=C1NC(=O)N(C2CC(O)C(C[OH:1])O2)C=C1F|O=C1NC(=O)N(C2CC(O)C(C[OH:1])O2)C=C1F|O=C1NC(=O)N(C2CC(O)C(C[OH:1])O2)C=C1F|O=C1NC(=O)N(C2CC(O)C(C[OH:1])O2)C=C1F|N1C(=O)N([CH:1]2OC(CO)C(O)C2)C=C(F)C1=O|N1C(=O)N(C2OC(C[OH:1])C(O)C2)C=C(F)C1=O|O=C1NC(=O)N(C2CC(O)C(C[OH:1])O2)C=C1F|O=C1NC(=O)N(C2CC(O)C(C[OH:1])O2)C=C1F|O=C1NC(=O)N([CH:1]2CC(O)C(CO)O2)C=C1F|N1C(=O)N([CH:1]2OC(CO)C(O)C2)C=C(F)C1=O|C(O)C1OC(N2C=C(F)C(=O)NC2=O)CC1[OH:1]|O=C1NC(=O)N(C2CC(O)C(C[OH:1])O2)C=C1F|N1C(=O)N([CH:1]2OC(CO)C(O)C2)C=C(F)C1=O|C(O)C1OC(N2C=C(F)C(=O)NC2=O)CC1[OH:1]|N1C(=O)N(C2OC(CO)C(O)[CH2:1]2)C=C(F)C1=O|O1C(CO)C(O)CC1N1C(=O)N[C:1](=O)C(F)=C1
O=C1NC(=O)N(C2CC(O)C(COP(=O)(O)O)O2)C=C1F,O=c1[nH]c(=O)n(C2CC(O)C(C[O:1]P(=O)(O)O)O2)cc1F|O=c1[nH]c(=O)n(C2CC(O)C(COP(=O)(O)[OH:1])O2)cc1F|O=c1[nH]c(=O)n(C2OC(COP(=O)(O)O)C(O)[CH2:1]2)cc1F|O=c1[nH]c(=O)[n:1](C2CC(O)C(COP(=O)(O)O)O2)cc1F|O=c1[nH][c:1](=O)n(C2CC(O)C(COP(=O)(O)O)O2)cc1F|O=c1[nH]c(=O)n(C2OC(COP(=O)(O)O)C([OH:1])[CH2:1]2)cc1F|O=c1[nH]c(=O)n(C2C[CH:1]([OH:1])C(COP(=O)(O)O)O2)cc1F|O=c1[nH][c:1](=O)c(F)cn1C1CC(O)C(COP(=O)(O)O)O1|O=c1[nH]c(=O)n(C2CC(O)C(CO[P:1](=O)(O)[OH:1])O2)cc1F|O=c1[nH]c(=O)n(C2CC(O)C(COP(=O)(O)O)O2)[cH:1]c1F,O=c1[nH]c(=O)n(C2CC(O)C(CO[P:1](=O)(O)[OH:1])O2)cc1F,1,O=C1NC(=O)N(C2CC(O)C(COP(=O)(O)[OH:1])O2)C=C1F|O=C1NC(=O)N(C2CC(O)C(COP(=O)(O)[OH:1])O2)C=C1F|O=C1NC(=O)N(C2CC(O)C(COP(=O)(O)[OH:1])O2)C=C1F|C1(=O)NC(=O)C(F)=CN1C1OC(CO[P:1](O)(O)=O)C(O)C1|P(O)(O)(OCC1OC(N2C(=O)N[C:1](=O)C(F)=C2)CC1O)=O|C1(=O)NC(=O)C(F)=CN1C1OC(COP(O)(O)=O)C(O)[CH2:1]1|OP(=O)(OCC1OC(N2C(=O)N[C:1](=O)C(F)=C2)CC1O)O|P(O)(O)(OCC1OC(N2[C:1](=O)NC(=O)C(F)=C2)CC1O)=O|P(O)(O)(OCC1OC(N2C(=O)N[C:1](=O)C(F)=C2)CC1O)=O|O=C1NC(=O)N(C2CC(O)C(COP(=O)(O)[OH:1])O2)C=C1F|C1(=O)NC(=O)C(F)=CN1C1OC(COP(O)(O)=O)C(O)[CH2:1]1|C1(=O)NC(=O)C(F)=CN1C1OC(COP(O)(O)=O)C(O)[CH2:1]1|N1(C2O[CH:1](COP(=O)(O)O)C(O)C2)C=C(F)C(=O)NC1=O
O=C1NC(=O)N(C2CC(O)C(COP(=O)(O)OP(=O)(O)O)O2)C=C1F,O=c1[nH]c(=O)n(C2CC(O)C(COP(=O)(O)OP(=O)(O)[OH:1])O2)cc1F|O=c1[nH]c(=O)n(C2CC(O)C(COP(=O)(O)[O:1]P(=O)(O)O)O2)cc1F|O=c1[nH]c(=O)n(C2OC(COP(=O)(O)OP(=O)(O)O)C(O)[CH2:1]2)cc1F|O=c1[nH]c(=O)[n:1](C2CC(O)C(COP(=O)(O)OP(=O)(O)O)O2)cc1F|O=c1[nH]c(=O)n(C2CC(O)C(C[O:1]P(=O)(O)OP(=O)(O)O)O2)cc1F|O=c1[nH]c(=O)n(C2CC(O)C(COP(=O)(O)O[P:1](=O)(O)[OH:1])O2)cc1F|O=c1[nH]c(=O)n(C2OC(COP(=O)(O)OP(=O)(O)[OH:1])C(O)[CH2:1]2)cc1F|O=c1[nH]c(=O)n(C2OC(COP(=O)(O)[O:1]P(=O)(O)O)C(O)[CH2:1]2)cc1F|O=c1[nH][c:1](=O)n(C2CC(O)C(COP(=O)(O)OP(=O)(O)O)O2)cc1F|O=c1[nH]c(=O)n(C2OC(COP(=O)(O)OP(=O)(O)O)C([OH:1])[CH2:1]2)cc1F,O=c1[nH]c(=O)n(C2CC(O)C(COP(=O)(O)[O:1]P(=O)(O)O)O2)cc1F|O=c1[nH]c(=O)n(C2CC(O)C(CO[P:1](=O)(O)[O:1][P:1](=O)(O)[OH:1])O2)cc1F,2,O=C1NC(=O)N(C2CC(O)C(COP(=O)(O)O[P:1](=O)(O)O)O2)C=C1F|O=C1NC(=O)N(C2CC(O)C(COP(=O)(O)[O:1][P:1](=O)([OH:2])O)O2)C=C1F|O=C1NC(=O)N(C2CC(O)C(COP(=O)(O)OP(=O)([OH:1])O)O2)C=C1F|O1C(COP(=O)(O)OP(=O)(O)O)C(O)CC1N1C(=O)N[C:1](=O)C(F)=C1|O=C1NC(=O)N(C2CC(O)C(COP(=O)(O)OP(=O)([OH:1])O)O2)C=C1F|O1C(COP(=O)(O)O[P:1](=O)(O)O)C(O)CC1N1C(=O)NC(=O)C(F)=C1|O1C(COP(=O)(O)[O:1][P:1](=O)([OH:2])O)C(O)CC1N1C(=O)NC(=O)C(F)=C1|C1(=O)NC(=O)C(F)=CN1C1OC(COP(OP(=O)(O)[OH:1])(O)=O)C(O)C1|OP(=O)(OP(O)(OCC1OC(N2C(=O)NC(=O)C(F)=C2)CC1O)=O)[OH:1]|FC1=CN(C2CC(O)C(COP(O)(=O)O[P:1](=O)(O)O)O2)C(=O)NC1=O|FC1=CN(C2CC(O)C(COP(O)(=O)[O:1][P:1](=O)([OH:2])O)O2)C(=O)NC1=O|OP(=O)(OP(O)(OCC1OC(N2C(=O)NC(=O)C(F)=C2)CC1O)=[O:1])O|OP(=O)(O[P:1](O)(OCC1OC(N2C(=O)NC(=O)C(F)=C2)CC1O)=[O:1])[OH:2]|[OH:1]P(O)(=O)OP(OCC1OC(N2C=C(F)C(=O)NC2=O)CC1O)(=O)O|[OH:1][P:1](O)(=O)[O:2]P(OCC1OC(N2C=C(F)C(=O)NC2=O)CC1O)(=O)O|C1(=O)NC(=O)C(F)=CN1C1OC(COP(OP(=O)(O)[OH:1])(O)=O)C(O)C1|O1C(COP(=O)(O)OP(=O)(O)O)C(O)CC1N1C(=O)N[C:1](=O)C(F)=C1|OP(=O)(O[P:1](O)(OCC1OC(N2C(=O)NC(=O)C(F)=C2)CC1O)=O)O|OP(=O)(O[P:1](O)(OCC1OC(N2C(=O)NC(=O)C(F)=C2)CC1O)=[O:1])[OH:2]|FC1=CN(C2CC(O)C(COP(O)(=O)OP(=O)([OH:1])O)O2)C(=O)NC1=O|FC1=CN(C2CC(O)C(COP(O)(=O)O[P:1](=O)([OH:1])[OH:2])O2)C(=O)NC1=O|O1C(COP(=O)(O)OP(=O)(O)O)C(O)CC1N1[C:1](=O)NC(=O)C(F)=C1
O=C1NC(=O)N(C2CC(O)C(COP(=O)(O)OP(=O)(O)OP(=O)(O)O)O2)C=C1F,O=c1[nH]c(=O)n(C2CC(O)C(COP(=O)(O)OP(=O)(O)[O:1]P(=O)(O)O)O2)cc1F|O=c1[nH]c(=O)n(C2CC(O)C(COP(=O)(O)[O:1]P(=O)(O)OP(=O)(O)O)O2)cc1F|O=c1[nH]c(=O)n(C2OC(COP(=O)(O)OP(=O)(O)OP(=O)(O)O)C(O)[CH2:1]2)cc1F|O=c1[nH]c(=O)n(C2CC(O)C(COP(=O)(O)OP(=O)(O)OP(=O)(O)[OH:1])O2)cc1F|O=c1[nH]c(=O)[n:1](C2CC(O)C(COP(=O)(O)OP(=O)(O)OP(=O)(O)O)O2)cc1F|O=c1[nH]c(=O)n(C2OC(COP(=O)(O)OP(=O)(O)[O:1]P(=O)(O)O)C(O)[CH2:1]2)cc1F|O=c1[nH]c(=O)n(C2OC(COP(=O)(O)OP(=O)(O)OP(=O)(O)[OH:1])C(O)[CH2:1]2)cc1F|O=c1[nH]c(=O)n(C2CC(O)C(COP(=O)(O)O[P:1](=O)(O)[O:1]P(=O)(O)[OH:1])O2)cc1F|O=c1[nH]c(=O)n(C2OC(COP(=O)(O)[O:1]P(=O)(O)OP(=O)(O)O)C(O)[CH2:1]2)cc1F|O=c1[nH]c(=O)n(C2CC(O)C(COP(=O)(O)O[P:1](=O)(O)[O:1]P(=O)(O)O)O2)cc1F,O=c1[nH]c(=O)n(C2CC(O)C(COP(=O)(O)[O:1]P(=O)(O)OP(=O)(O)O)O2)cc1F,1,O=C1NC(=O)N(C2CC(O)C(COP(=O)(O)OP(=O)(O)O[P:1](=O)(O)O)O2)C=C1F|O=C1NC(=O)N(C2CC(O)C(COP(=O)(O)OP(=O)(O)[O:1][P:1](=O)([OH:2])O)O2)C=C1F|C1C(N2C=C(F)C(=O)NC2=O)OC(COP(=O)(O)OP(=O)(O[P:1](O)(O)=O)O)C1O|C1C(N2C=C(F)C(=O)NC2=O)OC(COP(=O)(O)OP(=O)([O:1][P:1](O)([OH:2])=O)O)C1O|O=C1NC(=O)N(C2CC(O)C(COP(=O)(O)OP(=O)(O)[O:1]P(=O)(O)O)O2)C=C1F|C1C(N2C=C(F)C(=O)NC2=O)OC(COP(=O)(O)O[P:1](=O)(OP(O)(O)=O)O)C1O|C1C(N2C=C(F)C(=O)NC2=O)OC(COP(=O)(O)[O:1][P:1](=O)(OP(O)([OH:2])=O)O)C1O|OP(O[P:1](O)(=O)OP(=O)(O)O)(OCC1OC(N2C(=O)NC(=O)C(F)=C2)CC1O)=O|OP(O[P:1](O)(=O)[O:1]P(=O)(O)O)(OCC1OC(N2C(=O)NC(=O)C(F)=C2)CC1O)=O|OP(O[P:1]([OH:1])(=O)[O:1]P(=O)([OH:2])O)(OCC1OC(N2C(=O)NC(=O)C(F)=C2)CC1O)=O|C1C(N2C=C(F)C(=O)NC2=O)OC(COP(=O)(O)OP(=O)(O[P:1](O)(O)=O)O)C1O|C1C(N2C=C(F)C(=O)NC2=O)OC(COP(=O)(O)OP(=O)([O:1][P:1](O)([OH:2])=O)O)C1O|C1C(N2C=C(F)C(=O)NC2=O)OC(COP(=O)(O)OP(=O)(O[P:1](O)(O)=O)O)C1O|C1C(N2C=C(F)C(=O)NC2=O)OC(COP(=O)(O)OP(=O)([O:1][P:1](O)([OH:2])=O)O)C1O|O=C1NC(=O)N(C2CC(O)C(COP(=O)(O)OP(=O)(O)[O:1]P(=O)(O)O)O2)C=C1F|O=C1NC(=O)N(C2CC(O)C(COP(=O)(O)[O:1]P(=O)(O)[O:1][P:2](=O)(O)O)O2)C=C1F|FC1=CN(C2CC(O)C(COP(O)(=O)O[P:1](OP(O)(O)=O)(O)=O)O2)C(=O)NC1=O|FC1=CN(C2CC(O)C(COP(O)(=O)[O:1][P:1](OP([OH:2])(O)=O)(O)=O)O2)C(=O)NC1=O|C1(N2C(=O)NC(=O)C(F)=C2)OC(COP(O[P:1](=O)(O)OP(=O)(O)O)(O)=O)C(O)C1|C1(N2C(=O)NC(=O)C(F)=C2)OC(COP(O[P:1](=O)(O)O[P:1](=O)(O)O)(O)=O)C(O)C1|C1(N2C(=O)NC(=O)C(F)=C2)OC(COP([O:1][P:1](=O)(O)[O:2][P:1](=O)(O)O)(O)=O)C(O)C1|O=C1NC(=O)N(C2CC(O)C(COP(=O)(O)O[P:1](=O)(O)OP(=O)(O)O)O2)C=C1F|O=C1NC(=O)N(C2CC(O)C(COP(=O)(O)[O:1][P:1](=O)(O)[O:2]P(=O)(O)O)O2)C=C1F|C1(N2C(=O)NC(=O)C(F)=C2)OC(COP(O[P:1](=O)(O)OP(=O)(O)O)(O)=O)C(O)C1|C1(N2C(=O)NC(=O)C(F)=C2)OC(COP([O:1][P:1](=O)(O)[O:2][P:3](=O)(O)O)(O)=O)C(O)C1|C1(=O)NC(=O)C(F)=CN1C1OC(COP(O)(=O)[O:1]P(O)(=O)OP(=O)(O)O)C(O)C1
O=C1NC(=O)N(C2OC(CO)C(O)C2O)C=C1F,O=c1[nH]c(=O)n(C2OC(C[OH:1])C(O)C2O)cc1F|O=c1[nH]c(=O)[n:1](C2OC(CO)C(O)C2O)cc1F|O=c1[nH]c(=O)n(C2OC([CH2:1]O)C(O)C2O)cc1F|O=c1[nH]c(=O)n(C2OC([CH2:1][OH:1])C(O)C2O)cc1F|O=c1[nH]c(=O)n(C2OC(CO)C([OH:1])C2O)cc1F|O=c1[nH]c(=O)n(C2OC(CO)C(O)C2[OH:1])cc1F|O=[c:1]1[nH:1][c:1](=O)[n:1](C2OC(CO)C(O)C2O)[cH:1][c:1]1F|O=c1[nH]c(=O)n(C2OC(CO)[CH:1]([OH:1])C2O)cc1F|O=[c:1]1[nH]c(=O)n(C2OC(CO)C(O)C2O)cc1F|O=c1[nH]c(=O)n(C2OC(CO)C(O)[CH:1]2[OH:1])cc1F,O=c1[nH]c(=O)n(C2OC(C[OH:1])C(O)C2O)cc1F,1,O=C1NC(=O)N(C2OC(C[OH:1])C(O)C2O)C=C1F|O=C1NC(=O)N(C2OC(C[OH:1])C(O)C2O)C=C1F|O=C1NC(=O)N([CH:1]2OC(CO)C(O)C2O)C=C1F|OC1C(C[OH:1])OC(N2C=C(F)C(=O)NC2=O)C1O|OC1C(C[OH:1])OC(N2C=C(F)C(=O)NC2=O)C1O|O=C1NC(=O)N([CH:1]2OC(CO)C(O)C2O)C=C1F|O=C1NC(=O)N(C2OC(C[OH:1])C(O)C2O)C=C1F|O=C1NC(=O)N([CH:1]2OC(CO)C(O)C2O)C=C1F|C1(O)C(N2C(=O)NC(=O)C(F)=C2)OC(C[OH:1])C1O|O=C1NC(=O)N([CH:1]2OC(CO)C(O)C2O)C=C1F|C1(O)[CH:1](N2C(=O)NC(=O)C(F)=C2)OC(CO)C1O|O=C1NC(=O)N([CH:1]2OC(CO)C(O)C2O)C=C1F|OC1C(C[OH:1])OC(N2C=C(F)C(=O)NC2=O)C1O|OC1C(C[OH:1])OC(N2C=C(F)C(=O)NC2=O)C1O|OC1C(C[OH:1])OC(N2C=C(F)C(=O)NC2=O)C1O|C1(O)C(N2C(=O)NC(=O)C(F)=C2)OC(C[OH:1])C1O|OC1C(C[OH:1])OC(N2C=C(F)C(=O)NC2=O)C1O|OC1C(C[OH:1])OC(N2C=C(F)C(=O)NC2=O)C1O|O=C1NC(=O)N([CH:1]2OC(CO)C(O)C2O)C=C1F|C1(=O)NC(=O)C(F)=CN1C1OC(C[OH:1])C(O)C1O
O=C1NC(=O)N(C2OC(COP(=O)(O)O)C(O)C2O)C=C1F,O=c1[nH]c(=O)n(C2OC(C[O:1]P(=O)(O)O)C(O)C2O)cc1F|O=c1[nH]c(=O)[n:1](C2OC(COP(=O)(O)O)C(O)C2O)cc1F|O=c1[nH]c(=O)n(C2OC(COP(=O)(O)[OH:1])C(O)C2O)cc1F|O=c1[nH]c(=O)n(C2OC(COP(=O)(O)O)C([OH:1])C2O)cc1F|O=c1[nH][c:1](=O)n(C2OC(COP(=O)(O)O)C(O)C2O)cc1F|O=c1[nH]c(=O)n(C2OC(CO[P:1](=O)(O)O)C([OH:1])C2O)cc1F|O=c1[nH][c:1](=O)c(F)cn1C1OC(COP(=O)(O)O)C(O)C1O|O=c1[nH]c(=O)n(C2OC(COP(=O)(O)O)C(O)C2[OH:1])cc1F|O=c1[nH]c(=O)n(C2OC(COP(=O)(O)O)C(O)[CH:1]2O)cc1F|O=P(O)(O)OCC1OC(n2cc(F)[c:1](=O)[nH:1][c:1]2=O)C(O)C1O,O=c1[nH]c(=O)n(C2OC(CO[P:1](=O)(O)[OH:1])C(O)C2O)cc1F,1,OP(OCC1C(O)C(O)C(N2C(=O)N[C:1](=O)C(F)=C2)O1)(=O)O|O=C1NC(=O)N(C2OC(COP(=O)(O)[OH:1])C(O)C2O)C=C1F|O1C(N2C=C(F)C(=O)NC2=O)C(O)C(O)C1COP(=O)(O)[OH:1]|O=C1NC(=O)N(C2OC(COP(=O)(O)[OH:1])C(O)C2O)C=C1F|C1(=O)NC(=O)C(F)=CN1C1OC(COP(O)(O)=O)C(O)C1[OH:1]|O=C1NC(=O)N(C2OC(COP(=O)(O)[OH:1])C(O)C2O)C=C1F|O1C(N2C=C(F)C(=O)NC2=O)C(O)C(O)C1COP(=O)(O)[OH:1]|OP(OCC1C(O)C(O)C(N2C(=O)N[C:1](=O)C(F)=C2)O1)(=O)O|C1(=O)NC(=O)C(F)=CN1C1OC(COP(O)(O)=O)C(O)C1[OH:1]|OP(OCC1C(O)C(O)C(N2C(=O)N[C:1](=O)C(F)=C2)O1)(=O)O|OP(OCC1C(O)C(O)C(N2C(=O)N[C:1](=O)C(F)=C2)O1)(=O)O|OP(OCC1C(O)C(O)C(N2C(=O)N[C:1](=O)C(F)=C2)O1)(=O)O|O1[CH:1](N2C=C(F)C(=O)NC2=O)C(O)C(O)C1COP(=O)(O)O
O=C1NC(=O)N(C2OC(COP(=O)(O)OP(=O)(O)O)C(O)C2O)C=C1F,O=c1[nH]c(=O)n(C2OC(COP(=O)(O)OP(=O)(O)[OH:1])C(O)C2O)cc1F|O=c1[nH]c(=O)n(C2OC(COP(=O)(O)[O:1]P(=O)(O)O)C(O)C2O)cc1F|O=c1[nH]c(=O)[n:1](C2OC(COP(=O)(O)OP(=O)(O)O)C(O)C2O)cc1F|O=c1[nH]c(=O)n(C2OC(COP(=O)(O)OP(=O)(O)O)C(O)[CH:1]2O)cc1F|O=c1[nH]c(=O)n(C2OC(COP(=O)(O)OP(=O)(O)O)C([OH:1])C2O)cc1F|O=c1[nH]c(=O)n(C2OC(COP(=O)(O)OP(=O)(O)O)C(O)C2[OH:1])cc1F|O=c1[nH]c(=O)n(C2OC(CO[P:1](=O)(O)OP(=O)(O)O)C([OH:1])C2O)cc1F|O=c1[nH]c(=O)n(C2OC(COP(=O)(O)OP(=O)(O)O)C(O)[CH:1]2[OH:1])cc1F|O=c1[nH]c(=O)n(C2OC(COP(=O)(O)O[P:1](=O)(O)[OH:1])C(O)C2O)cc1F|O=c1[nH]c(=O)n(C2OC(C[O:1]P(=O)(O)OP(=O)(O)O)C(O)C2O)cc1F,O=c1[nH]c(=O)n(C2OC(CO[P:1](=O)(O)[O:1]P(=O)(O)[OH:1])C(O)[CH:1]2O)cc1F|O=c1[nH]c(=O)n(C2OC(CO[P:1](=O)(O)[O:1][P:1](=O)(O)[OH:1])C(O)C2O)cc1F,2,O=C1NC(=O)N(C2OC(COP(=O)(O)O[P:1](=O)(O)O)C(O)C2O)C=C1F|O=C1NC(=O)N(C2OC(COP(=O)(O)[O:1][P:1](=O)([OH:2])O)C(O)C2O)C=C1F|C1(=O)NC(=O)C(F)=CN1C1C(O)C(O)C(COP(=O)(O)O[P:1](=O)(O)O)O1|C1(=O)NC(=O)C(F)=CN1C1C(O)C(O)C(COP(=O)(O)[O:1][P:1](=O)([OH:2])O)O1|O(P(O)(=O)OCC1OC(N2C(=O)NC(=O)C(F)=C2)C(O)C1O)[P:1](O)(=O)O|O(P(O)(=O)OCC1OC(N2C(=O)N[C:1](=O)C(F)=C2)C(O)C1O)P(O)(=O)O|C1(=O)NC(=O)N(C2C(O)C(O)C(CO[P:1](O)(=O)OP(O)(O)=O)O2)C=C1F|C1(=O)NC(=O)N(C2C(O)C(O)C(CO[P:1](O)(=O)[O:1]P(O)([OH:2])=O)O2)C=C1F|C1(=O)NC(=O)C(F)=CN1C1C(O)C(O)C(COP(=O)(O)O[P:1](=O)(O)O)O1|C1(=O)NC(=O)C(F)=CN1C1C(O)C(O)C(COP(=O)(O)[O:1][P:1](=O)([OH:2])O)O1|O=C1NC(=O)N(C2OC(COP(=O)(O)OP(=O)(O)[OH:1])C(O)C2O)C=C1F|O(P(O)(=O)OCC1OC(N2C(=O)N[C:1](=O)C(F)=C2)C(O)C1O)P(O)(=O)O|O=[P:1](O)(O)OP(=O)(O)OCC1OC(N2C=C(F)C(=O)NC2=O)C(O)C1O|O=[P:1]([OH:1])(O)[O:2]P(=O)(O)OCC1OC(N2C=C(F)C(=O)NC2=O)C(O)C1O|O(P(O)(=O)OCC1OC(N2C(=O)N[C:1](=O)C(F)=C2)C(O)C1O)P(O)(=O)O|C1(=O)NC(=O)C(F)=CN1C1C(O)C(O)C(COP(=O)(O)O[P:1](=O)(O)O)O1|C1(=O)NC(=O)C(F)=CN1C1C(O)C(O)C(COP(=O)(O)[O:1][P:1](=O)([OH:2])O)O1|O=C1NC(=O)N(C2OC(CO[P:1](=O)(O)OP(=O)(O)O)C(O)C2O)C=C1F|OP(=O)(OP(OCC1OC(N2C(=O)N[C:1](=O)C(F)=C2)C(O)C1O)(O)=O)O|C1(O)C(O)C(N2C(=O)NC(=O)C(F)=C2)OC1COP(O)(=O)[O:1]P(O)(=O)O|O=[P:1](O)(O)OP(=O)(O)OCC1OC(N2C=C(F)C(=O)NC2=O)C(O)C1O|O=[P:1]([OH:1])(O)[O:2]P(=O)(O)OCC1OC(N2C=C(F)C(=O)NC2=O)C(O)C1O|O(P(O)(=O)OCC1OC(N2C(=O)NC(=O)C(F)=C2)C(O)C1O)P(O)(=O)[OH:1]|O=C1NC(=O)N(C2OC(COP(=O)(O)OP(=O)(O)O)C(O)C2O)C=[C:1]1F
O=C1NC2=CC=C([N+](=O)[O-])C=C2C(C2=CC=CC=C2Cl)=NC1O,O=C1Nc2ccc([N+](=O)[O-])cc2C(c2ccccc2Cl)=NC1[OH:1]|O=C1Nc2ccc([N+](=O)[O-])cc2C(c2ccccc2Cl)=N[CH:1]1O|O=C1Nc2ccc([N+:1](=O)[O-])cc2C(c2ccccc2Cl)=NC1O|O=C1C(O)N=C(c2ccccc2Cl)c2cc([N+](=O)[O-])ccc2[NH:1]1|O=C1Nc2ccc([N+](=O)[O-])cc2C(c2ccccc2Cl)=N[CH:1]1[OH:1]|O=C1Nc2ccc([N+](=O)[O-])cc2C(c2cc[cH:1]cc2Cl)=NC1O|O=C1Nc2ccc([N+](=O)[O-])cc2C(c2ccc[cH:1]c2Cl)=NC1O|O=C1Nc2ccc([N+](=O)[O-])cc2C(c2c[cH:1]ccc2Cl)=NC1O|O=C1Nc2c[cH:1]c([N+](=O)[O-])cc2C(c2ccccc2Cl)=NC1O|O=[N+]([O-])c1ccc2c(c1)C(c1ccccc1Cl)=NC(O)[C:1](=[O:1],O=C1Nc2ccc([N+](=O)[O-])cc2C(c2ccccc2Cl)=NC1[OH:1],1,O=C1NC2=CC=C([N+:1](=O)[O-])C=C2C(C2=CC=CC=C2Cl)=NC1O|[O-][N+](C1=CC=C2C(=C1)C(C1=C(Cl)C=CC=C1)=NC([OH:1])C(=O)N2)=O|O=C1NC2=CC=C([N+:1](=O)[O-])C=C2C(C2=CC=CC=C2Cl)=NC1O|O=C1NC2=CC=C([N+:1](=O)[O-:1])C=C2C(C2=CC=CC=C2Cl)=NC1O|[N+](C1=CC=C2C(=C1)C(C1=C(Cl)C=CC=C1)=NC([OH:1])C(=O)N2)([O-])=O|O=C1NC2=CC=C([N+](=O)[O-])C=C2C(C2=CC=[CH:1]C=C2Cl)=NC1O|C12=CC=C([N+:1]([O-])=O)C=C1C(C1=C(Cl)C=CC=C1)=NC(O)C(=O)N2|O=C1NC2=CC=C([N+](=O)[O-])C=C2C(C2=C[CH:1]=CC=C2Cl)=NC1O|C1=C([N+:1]([O-])=O)C=CC2=C1C(C1=C(Cl)C=CC=C1)=NC(O)C(=O)N2|O=C1NC2=[CH:1]C=C([N+](=O)[O-])C=C2C(C2=CC=CC=C2Cl)=NC1O|[N+](C1=CC=C2C(=C1)C(C1=C(Cl)C=CC=C1)=[N:1]C(O)C(=O)N2)([O-])=O|O=C1NC2=CC=C([N+:1](=O)[O-])C=C2C(C2=CC=CC=C2Cl)=NC1O|[N+](C1=CC=C2C(=C1)C(C1=C(Cl)C=CC=C1)=N[CH:1](O)C(=O)N2)([O-])=O|O=C1NC2=C[CH:1]=C([N+](=O)[O-])C=C2C(C2=CC=CC=C2Cl)=NC1O|C1(C2=NC(O)C(=O)NC3=C2C=C([N+:1](=O)[O-])C=C3)=C(Cl)C=CC=C1|O=C1NC2=CC=C([N+](=O)[O-])C=C2C(C2=CC=CC=C2Cl)=NC1[OH:1]|C1(C2=NC(O)[C:1](=O)NC3=C2C=C([N+](=O)[O-])C=C3)=C(Cl)C=CC=C1
O=C1NC=C(F)C(=O)N1,O=c1[nH]c(=O)[nH:1]cc1F|O=[c:1]1[nH:1][cH:1][c:1](F)[c:1](=O)[nH:1]1|O=c1[nH]cc(F)[c:1](=O)[nH:1]1|O=c1[nH][cH:1]c(F)c(=O)[nH]1|O=c1[nH:1][cH:1][c:1](F)[c:1](=O)[nH:1]1|O=c1[nH]cc(F)[c:1](=O)[nH]1|O=c1[nH]cc(F)c(=O)[nH:1]1|O=[c:1]1[nH][cH:1][c:1](F)[c:1](=O)[nH:1]1|O=[c:1]1[nH]cc(F)[c:1](=O)[nH:1]1|O=[c:1]1[nH]cc(F)c(=O)[nH:1]1,O=c1[nH]c(=O)[nH:1]cc1F,1,O=C1[NH:1]C=C(F)C(=O)N1|O=C1NC=C(F)C(=O)[NH:1]1|O=C1[NH:1]C=C(F)C(=O)N1|O=C1N[CH:1]=C(F)C(=O)N1|O=C1N[CH:1]=[C:2](F)C(=O)N1|O=C1NC=C(F)C(=O)[NH:1]1|O=C1N[CH:1]=C(F)C(=O)N1|O=C1N[CH:1]=C(F)C(=O)N1|O=C1N[CH:1]=C(F)C(=O)N1|C1(=O)C(F)=CNC(=[O:1])N1|N1C(=O)C(F)=CNC1=[O:1]|C1(=O)C(F)=[CH:1]NC(=O)N1|O=C1NC(=O)C(F)=[CH:1]N1|O=C1N[CH:1]=C(F)C(=O)N1|O=C1N[CH:1]=C(F)C(=O)N1|N1C(=O)C(F)=CNC1=[O:1]|C1(F)=[CH:1]NC(=O)NC1=O|O=C1NC(=O)[C:1](F)=CN1|O=C1NC(=O)[C:1](F)=[CH:1]N1|O=C1N[CH:1]=C(F)C(=O)N1
O=C1NCC(F)C(=O)N1,O=C1NCC(F)[C:1](=O)[NH:1]1|O=C1NCC(F)[C:1](=[O:1])[NH:1]1|O=C1NC(=O)[NH:1]CC1F|O=C1NCC(F)C(=O)[NH:1]1|O=C1NC[CH:1](F)C(=O)N1|O=[C:1]1[NH:1][CH2:1][CH:1](F)[C:1](=O)[NH:1]1|O=C1NCC(F)[C:1](=[O:1])N1|O=C1N[CH2:1]C(F)C(=O)N1|O=C1NC[CH:1](F)[C:1](=[O:1])N1|O=C1[NH:1]CC(F)C(=O)[NH:1]1,O=C1NCC(F)[C:1](=O)[NH:1]1,1,O=C1NCC(F)[C:1](=O)N1|O=[C:1]1NCC(F)C(=O)N1|O=[C:1]1NCC(F)C(=O)N1|O=C1N[CH2:1]C(F)C(=O)N1|O=C1N[CH2:1]C(F)C(=O)N1|O=C1NC[CH:1](F)C(=O)N1|O=C1NCC(F)[C:1](=O)N1|O=C1NC(=O)C(F)C[NH:1]1|O=C1[NH:1]C(=O)C(F)CN1|O=C1NCC(F)[C:1](=O)N1|O=C1N[CH2:1]C(F)C(=O)N1|O=C1N[CH2:1]C(F)C(=O)N1|O=C1N[CH2:1]C(F)C(=O)N1|O=[C:1]1NC(=O)C(F)CN1|O=C1NC(=O)NC[CH:1]1F|O=C1N[CH2:1]C(F)C(=O)N1|N1C(=O)C(F)[CH2:1]NC1=O|O=C1NC[CH:1](F)C(=O)N1|N1CC(F)C(=O)N[C:1]1=O
O=S1(=O)CCN(CN2CCS(=O)(=O)NC2)CN1,O=S1(=O)CCN(CN2CCS(=O)(=O)[NH:1]C2)CN1|O=S1(=O)CCN(CN2CCS(=O)(=O)N[CH2:1]2)CN1|O=S1(=O)CC[N:1](CN2CCS(=O)(=O)NC2)CN1|O=S1(=O)CCN(C[N:1]2CCS(=O)(=O)NC2)CN1|O=S1(=O)CCN(CN2CCS(=O)(=O)NC2)[CH2:1]N1|O=S1(=O)NCN(CN2CCS(=O)(=O)[NH:1]C2)CN1|O=S1(=O)CN(CN2CCS(=O)(=O)[NH:1]C2)CC1|O=S1(=O)CCN([CH2:1]N2CCS(=O)(=O)NC2)CN1|O=S1(=O)CCN(C[N:1]2CCS(=O)(=O)N[CH2:1]2)CN1|O=S1(=O)CN(CN2CCS(=O)(=O)NC2)C[CH2:1]N1,O=S1(=O)CCN(C[N:1]2CCS(=O)(=O)NC2)CN1|O=S1(=O)CCN([CH2:1]N2CCS(=O)(=[O:1])NC2)CN1,2,O=S1(=O)CCN([CH2:1]N2CCS(=O)(=O)NC2)CN1|O=S1(=O)CCN(CN2CCS(=O)(=O)N[CH2:1]2)CN1|O=S1(=O)CCN(CN2CCS(=O)(=O)N[CH2:1]2)CN1|O=S1(=O)CCN(CN2CCS(=O)(=O)NC2)[CH2:1]N1|O=S1(=O)C[CH2:1]N(CN2CCS(=O)(=O)NC2)CN1|O=S1(=O)C[CH2:1]N(CN2CCS(=O)(=O)NC2)CN1|O=S1(=O)C[CH2:1]N(CN2CCS(=O)(=O)NC2)CN1|[NH:1]1CN(CN2CCS(=O)(=O)NC2)CCS1(=O)=O|[CH2:1](N1CNS(=O)(=O)CC1)N1CNS(=O)(=O)CC1|S1(=O)(=O)NCN(CN2CNS(=O)(=O)CC2)C[CH2:1]1|[NH:1]1CN(CN2CCS(=O)(=O)NC2)CCS1(=O)=O|[CH2:1](N1CNS(=O)(=O)CC1)N1CNS(=O)(=O)CC1|N1[CH2:1]N(CN2CCS(=O)(=O)NC2)CCS1(=O)=O|S1(=O)(=O)NCN(CN2CNS(=O)(=O)CC2)[CH2:1]C1|S1(=O)(=O)NCN(CN2CNS(=O)(=O)C[CH2:1]2)CC1
O=S1(=O)CCNCN1,O=S1(=O)CC[NH:1]CN1|O=[S:1]1(=[O:1])CCNC[NH:1]1|O=S1(=O)C[CH2:1]NCN1|O=S1(=O)CCN[CH2:1]N1|O=S1(=O)CCN[CH2:1][NH:1]1|O=[S:1]1(=[O:1])CC[NH:1]C[NH:1]1|O=[S:1]1(=O)CCNC[NH:1]1|O=S1(=O)C[CH2:1][NH:1]CN1|O=[S:1]1(=[O:1])CC[NH:1]CN1|O=S1(=O)CNC[CH2:1][NH:1]1,O=S1(=O)CC[NH:1]C[NH:1]1,1,O=S1(=O)CCN[CH2:1]N1|O=S1(=O)CCN[CH2:1]N1|O=S1(=O)CCN[CH2:1]N1|O=S1(=O)C[CH2:1]NCN1|O=S1(=O)CC[NH:1]CN1|O=S1(=O)CCN[CH2:1]N1|N1CC[S:1](=O)(=O)NC1|[NH:1]1CCS(=O)(=O)NC1|O=S1(=O)C[CH2:1]NCN1|O=S1(=O)[CH2:1]CNCN1|[NH:1]1CCS(=O)(=O)NC1|O=S1(=O)CCN[CH2:1]N1|C1[CH2:1]NCNS1(=O)=O|O=S1(=O)CCNC[NH:1]1|[NH:1]1CCS(=O)(=O)NC1|C1CNCN[S:1]1(=O)=O
OC(C1=CC=CC=C1)(C1=CC=CC=C1)C12CC[N+](CCOCC3=CC=CC=C3)(CC1)CC2,OC(c1ccccc1)(c1ccccc1)C12CC[N+:1](CCOCc3ccccc3)(CC1)CC2|OC(c1ccccc1)(c1ccccc1)C12CC[N+](CC[O:1]Cc3ccccc3)(CC1)CC2|OC(c1ccccc1)(c1ccccc1)C12CC[N+:1](CC[O:1]Cc3ccccc3)(CC1)CC2|OC(c1ccccc1)(c1cc[cH:1]cc1)C12CC[N+](CCOCc3ccccc3)(CC1)CC2|OC(c1ccccc1)(c1ccccc1)C12CC[N+](CCOCc3cc[cH:1]cc3)(CC1)CC2|OC(c1cc[cH:1]cc1)(c1ccccc1)C12CC[N+](CCOCc3ccccc3)(CC1)CC2|OC(c1ccccc1)(c1ccccc1)C12CC[N+](C[CH2:1]OCc3ccccc3)(CC1)CC2|OC(c1ccccc1)(c1ccccc1)C12CC[N+](C[CH2:1][O:1]Cc3ccccc3)(CC1)CC2|O[C:1](c1ccccc1)(c1ccccc1)C12CC[N+](CCOCc3ccccc3)(CC1)CC2|OC(c1ccccc1)(c1ccccc1)C12CC[N+:1](CCOCc3ccccc3)(CC1)[CH2:1]C2,OC(c1ccccc1)(c1ccccc1)C12CC[N+](CCOCc3cc[cH:1]cc3)(CC1)CC2|OC(c1ccccc1)(c1ccccc1)C12CC[N+](CC[O:1]Cc3ccccc3)(CC1)CC2,2,OC(C1=CC=CC=C1)(C1=CC=CC=C1)C12CC[N+](CCO[CH2:1]C3=CC=CC=C3)(CC1)CC2|OC(C1=CC=CC=C1)(C1=CC=CC=C1)C12CC[N+:1](CCOCC3=CC=CC=C3)(CC1)CC2|OC(C1=CC=[CH:1]C=C1)(C1=CC=CC=C1)C12CC[N+](CCOCC3=CC=CC=C3)(CC1)CC2|OC(C1=CC=CC=C1)(C1=CC=CC=C1)C12CC[N+](CCOCC3=CC=CC=C3)(CC1)C[CH2:1]2|OC(C1=CC=CC=C1)(C1=CC=CC=C1)C12CC[N+](CCOCC3=CC=[CH:1]C=C3)(CC1)CC2|OC(C1=CC=CC=C1)(C1=CC=CC=C1)C12CC[N+](CCOCC3=CC=CC=C3)(CC1)[CH2:1]C2|OC(C1=C[CH:1]=CC=C1)(C1=CC=CC=C1)C12CC[N+](CCOCC3=CC=CC=C3)(CC1)CC2|OC(C1=CC=CC=C1)(C1=CC=CC=C1)C12CC[N+](CCO[CH2:1]C3=CC=CC=C3)(CC1)CC2|C1=CC=CC=C1C(C12CC[N+:1](CCOCC3=CC=CC=C3)(CC1)CC2)(O)C1=CC=CC=C1|C1=CC=CC=C1C(C12CC[N+:1](CCOCC3=CC=CC=C3)([CH2:1]C1)CC2)(O)C1=CC=CC=C1|C1(CO[CH2:1]C[N+]23CCC(C(O)(C4=CC=CC=C4)C4=CC=CC=C4)(CC2)CC3)=CC=CC=C1|C1(COCC[N+]23CCC(C(O)(C4=CC=CC=C4)C4=CC=CC=C4)(CC2)CC3)=CC=C[CH:1]=C1|C1=CC=CC=C1C(C12CC[N+](CCOCC3=CC=CC=C3)(CC1)CC2)(O)C1=CC=CC=[CH:1]1|C1=CC=CC(COC[CH2:1][N+]23CCC(C(O)(C4=CC=CC=C4)C4=CC=CC=C4)(CC2)CC3)=C1|C1(COCC[N+]23CCC(C(O)(C4=CC=CC=C4)C4=CC=CC=C4)(CC2)CC3)=CC=CC=[CH:1]1
OC(Cl)(Cl)C(C1=CC=C(Cl)C=C1)C1=CC=CC=C1Cl,O[C:1](Cl)(Cl)C(c1ccc(Cl)cc1)c1ccccc1Cl|Clc1ccc(C(c2ccccc2Cl)C(Cl)(Cl)[OH:1])cc1|OC(Cl)(Cl)C(c1ccc(Cl)cc1)c1cc[cH:1]cc1Cl|OC(Cl)(Cl)[CH:1](c1ccc(Cl)cc1)c1ccccc1Cl|OC(Cl)(C(c1ccc(Cl)cc1)c1ccccc1Cl)[OH:1]|O[C:1](Cl)(C(c1ccc(Cl)cc1)c1ccccc1Cl)[OH:1]|O[C:1](Cl)(Cl)[CH:1](c1ccc(Cl)cc1)c1ccccc1Cl|OC(Cl)(Cl)C(c1ccc(Cl)cc1)c1ccc[cH:1]c1Cl|OC(Cl)(Cl)C(c1ccc(Cl)[cH:1]c1)c1ccccc1Cl|OC([Cl:1])([Cl:1])[CH:1](c1ccc(Cl)cc1)c1ccccc1Cl,Clc1ccc(C(c2ccccc2Cl)[C:1](Cl)(Cl)[OH:1])cc1,1,OC(Cl)(Cl)C(C1=CC=C(Cl)C=C1)C1=CC=[CH:1]C=C1Cl|OC(Cl)(Cl)C(C1=CC=C(Cl)C=C1)C1=C[CH:1]=CC=C1Cl|C1=CC(C(C2=CC=C(Cl)C=C2)C(O)(Cl)Cl)=C(Cl)C=[CH:1]1|OC(Cl)(Cl)[CH:1](C1=CC=C(Cl)C=C1)C1=CC=CC=C1Cl|C1=CC(C(C2=CC=C(Cl)C=C2)C([OH:1])(Cl)Cl)=C(Cl)C=C1|[CH:1]1=CC(C(C2=CC=C(Cl)C=C2)C(O)(Cl)Cl)=C(Cl)C=C1|Cl[C:1](Cl)(C(C1=CC=CC=C1Cl)C1=CC=C(Cl)C=C1)O|ClC(Cl)(O)C(C1=C(Cl)C=CC=C1)C1=CC=C(Cl)[CH:1]=C1|OC(Cl)(Cl)C(C1=CC=C(Cl)C=C1)C1=CC=C[CH:1]=C1Cl|C1=CC(C(C2=CC=C(Cl)C=C2)C(O)(Cl)Cl)=C(Cl)[CH:1]=C1
OC1=CC=C(COCC[N+]23CCC(C(O)(C4=CC=CC=C4)C4=CC=CC=C4)(CC2)CC3)C=C1,Oc1ccc(COCC[N+]23CCC(C(O)(c4ccccc4)c4cc[cH:1]cc4)(CC2)CC3)cc1|Oc1ccc(COCC[N+]23CCC(C(O)(c4ccccc4)c4ccccc4)(CC2)C[CH2:1]3)cc1|Oc1ccc(COCC[N+:1]23CCC(C(O)(c4ccccc4)c4ccccc4)(CC2)CC3)cc1|OC(c1ccccc1)(c1ccccc1)C12CC[C@@](CCOCc3ccc([OH:1])cc3)(CC1)CC2|Oc1ccc(COCC[N+]23CCC(C(O)(c4cc[cH:1]cc4)c4ccccc4)(CC2)CC3)cc1|Oc1ccc(C[O:1]CC[N+]23CCC(C(O)(c4ccccc4)c4ccccc4)(CC2)CC3)cc1|Oc1ccc(COCC[N+]23CCC(C(O)(c4ccccc4)c4ccccc4)(CC2)CC3)c[cH:1]1|Oc1ccc(COCC[N+]23CCC(C(c4ccccc4)(c4ccccc4)[OH:1])(CC2)CC3)cc1|Oc1ccc(COCC[N+]23CCC([C:1](O)(c4ccccc4)c4ccccc4)(CC2)CC3)cc1|OC(c1ccccc1)(c1ccccc1)C12CC[C@](CCOCc3ccc([OH:1])cc3)(CC1)CC2,OC(c1ccccc1)(c1ccccc1)C12CC[N+](CCOCc3ccc([OH:1])cc3)(CC1)CC2,1,OC1=CC=C([CH2:1]OCC[N+]23CCC(C(O)(C4=CC=CC=C4)C4=CC=CC=C4)(CC2)CC3)C=C1|OC1=CC=C(COCC[N+]23CCC(C(O)(C4=CC=CC=C4)C4=CC=CC=C4)(CC2)CC3)C=[CH:1]1|OC1=CC=C(COCC[N+]23CCC(C(O)(C4=CC=CC=C4)C4=CC=CC=C4)(CC2)C[CH2:1]3)C=C1|C(C1=CC=CC=C1)(C12CC[N+](CCOCC3=CC=C([OH:1])C=C3)(CC1)CC2)(O)C1=CC=CC=C1|C(C1=CC=CC=C1)(C12CC[N+](CCOCC3=CC=C(O)C=C3)(CC1)CC2)([OH:1])C1=CC=CC=C1|OC1=CC=C(COCC[N+:1]23CCC(C(O)(C4=CC=CC=C4)C4=CC=CC=C4)(CC2)CC3)C=C1|OC1=CC=C(COCC[N+]23CCC(C(O)(C4=CC=CC=C4)C4=CC=[CH:1]C=C4)(CC2)CC3)C=C1|OC1=CC=C(COCC[N+]23CCC(C(O)(C4=CC=CC=C4)C4=CC=CC=C4)(CC2)CC3)[CH:1]=C1|C1=C(C(O)(C23CC[N+](CCOCC4=CC=C(O)C=C4)(CC2)C[CH2:1]3)C2=CC=CC=C2)C=CC=C1|C1(C(C2=CC=CC=C2)(O)C23CC[N+](CCOCC4=CC=C([OH:1])C=C4)(CC2)CC3)=CC=CC=C1|OC1=CC=C(CO[CH2:1]C[N+]23CCC(C(O)(C4=CC=CC=C4)C4=CC=CC=C4)(CC2)CC3)C=C1|OC1=CC=C(COCC[N+]23CCC(C(O)(C4=CC=CC=C4)C4=C[CH:1]=CC=C4)(CC2)CC3)C=C1|C(C1=CC=CC=C1)(C12CC[N+](CCOCC3=CC=C([OH:1])C=C3)(CC1)CC2)(O)C1=CC=CC=C1|C(C1=CC=CC=C1)(C12CC[N+](CCOCC3=CC=C(O)C=C3)(CC1)CC2)([OH:1])C1=CC=CC=C1|C1(COCC[N+]23CCC(C(C4=CC=CC=C4)(C4=CC=CC=C4)O)(CC2)CC3)=CC=C([OH:1])C=C1|OC1=CC=C([CH2:1]OCC[N+]23CCC(C(O)(C4=CC=CC=C4)C4=CC=CC=C4)(CC2)CC3)C=C1|C1=C(C(O)(C23CC[N+:1](CCOCC4=CC=C(O)C=C4)(CC2)CC3)C2=CC=CC=C2)C=CC=C1|C1=C(C(O)(C23CC[N+:1](CCOCC4=CC=C(O)C=C4)([CH2:1]C2)CC3)C2=CC=CC=C2)C=CC=C1
OCC1=NC=C2N1C1=CC=C(Cl)C=C1C(C1=CC=CC=C1F)=NC2,Fc1ccccc1C1=NCc2cnc(C[OH:1])n2-c2ccc(Cl)cc21|O[CH2:1]c1ncc2n1-c1ccc(Cl)cc1C(c1ccccc1F)=NC2|Fc1ccccc1C1=NCc2cnc([CH2:1][OH:1])n2-c2ccc(Cl)cc21|OCc1n2c(c[n:1]1)CN=C(c1ccccc1F)c1cc(Cl)ccc1-2|Fc1ccccc1C1=NCc2cnc(C[OH:1])n2-c2cc[c:1](Cl)cc21|Fc1ccccc1C1=N[CH2:1]c2cnc(C[OH:1])n2-c2ccc(Cl)cc21|OC[c:1]1n2c(c[n:1]1)CN=C(c1ccccc1F)c1cc(Cl)ccc1-2|Fc1ccccc1C1=NCc2cnc(C[OH:1])n2-c2cc[c:1]([Cl:1])cc21|OC[c:1]1ncc2n1-c1ccc(Cl)cc1C(c1ccccc1F)=NC2|Clc1ccc2c(c1)C(c1ccccc1F)=NCc1cnc(C[OH:1])n1-2,Fc1ccccc1C1=NCc2cnc(C[OH:1])n2-c2ccc(Cl)cc21|OCc1n2c(c[n:1]1)CN=C(c1ccccc1F)c1cc(Cl)ccc1-2|OCc1ncc2n1-c1ccc(Cl)cc1C(c1ccccc1F)=N[CH2:1]2,3,OCC1=NC=C2N1C1=CC=C(Cl)C=C1[C:1](C1=CC=CC=C1F)=NC2|OCC1=NC=C2N1C1=CC=C(Cl)C=C1[C:1](C1=CC=CC=C1F)=N[CH2:1]2|[OH:1]CC1=NC=C2N1C1=CC=C(Cl)C=C1C(C1=CC=CC=C1F)=NC2|C12=CC=C(Cl)C=C1C(C1=C(F)C=CC=C1)=N[CH2:1]C1=CN=C(CO)N21|C1(F)=CC=CC=C1[C:1]1=NCC2=CN=C(CO)N2C2=C1C=C(Cl)C=C2|C1(F)=CC=CC=C1[C:1]1=N[CH2:1]C2=CN=C(CO)N2C2=C1C=C(Cl)C=C2|C12=CC=C(Cl)C=C1C(C1=C(F)C=CC=C1)=NC[C:1]1=CN=C(CO)N21|C12=CC=C(Cl)C=C1C(C1=C(F)C=CC=C1)=NC[C:1]1=C[N:1]=C(CO)N21|OCC1=NC=C2N1C1=CC=C(Cl)C=C1C(C1=CC=CC=C1F)=N[CH2:1]2|C1(CO)=N[CH:1]=C2N1C1=C(C=C(Cl)C=C1)C(C1=C(F)C=CC=C1)=NC2|C12=CC=C(Cl)C=C1C(C1=C(F)C=CC=C1)=NCC1=CN=[C:1](CO)N21|C(C1=NC=C2N1C1=C(C=C(Cl)C=C1)C(C1=[C:1](F)C=CC=C1)=NC2)O|C12=CC=C(Cl)C=C1[C:1](C1=C(F)C=CC=C1)=NCC1=CN=C(CO)N21|C12=CC=C(Cl)C=C1[C:1](C1=C(F)C=CC=C1)=NCC1=CN=C(CO)N21|C12=CC=C(Cl)C=C1C(C1=C(F)C=CC=C1)=NCC1=CN=[C:1](CO)N21|C1(CO)=NC=C2N1C1=C(C=C(Cl)C=C1)C(C1=C(F)C=CC=C1)=N[CH2:1]2|O[CH2:1]C1=NC=C2N1C1=CC=C(Cl)C=C1C(C1=CC=CC=C1F)=NC2
OC[C@H]1O[C@@H](C2=CC=C(Cl)C(CC3=CC=C(OCCOC4CC4)C=C3)=C2)[C@H](O)[C@@H](O)[C@@H]1O,OC[C@H]1O[C@@H](c2ccc(Cl)c(Cc3ccc(OCCOC4CC4)cc3)c2)[C@H]([OH:1])[C@@H](O)[C@@H]1O|O[C@@H]1[C@@H](O)[C@H](c2ccc(Cl)c(Cc3ccc(OCCOC4CC4)cc3)c2)O[C@H](C[OH:1])[C@H]1O|OC[C@H]1O[C@@H](c2ccc(Cl)c(Cc3ccc(OCCOC4CC4)cc3)c2)[C@H](O)[C@@H]([OH:1])[C@@H]1O|OC[C@H]1O[C@@H](c2ccc(Cl)c(Cc3ccc(OCC[O:1]C4CC4)cc3)c2)[C@H](O)[C@@H](O)[C@@H]1O|OC[C@H]1O[C@@H](c2ccc(Cl)c(Cc3ccc([O:1]CCOC4CC4)cc3)c2)[C@H](O)[C@@H](O)[C@@H]1O|OC[C@H]1O[C@@H](c2ccc(Cl)c(Cc3ccc(OCCOC4CC4)cc3)c2)[C@H](O)[C@@H:1]([OH:1])[C@@H]1O|OC[C@H]1O[C@@H](c2ccc(Cl)c(Cc3ccc(OC[CH2:1][O:1]C4CC4)cc3)c2)[C@H](O)[C@@H](O)[C@@H]1O|OC[C@H]1O[C@@H](c2ccc(Cl)c(Cc3ccc(OC[CH2:1]OC4CC4)cc3)c2)[C@H](O)[C@@H](O)[C@@H]1O|OC[C@H]1O[C@@H](c2ccc(Cl)c([CH2:1]c3ccc(OCCOC4CC4)cc3)c2)[C@H](O)[C@@H](O)[C@@H]1O|O[C@H]1[C@@H](O)[C@H](c2ccc(Cl)c(Cc3ccc(OCCOC4CC4)cc3)c2)O[C@H](C[OH:1])[C@H]1O,OC[C@H]1O[C@@H](c2ccc(Cl)c(Cc3ccc(OCCOC4CC4)cc3)c2)[C@H](O)[C@@H:1]([OH:1])[C@@H]1O|OC[C@H]1O[C@@H](c2ccc(Cl)c(Cc3ccc(OCC[O:1]C4CC4)cc3)c2)[C@H](O)[C@@H](O)[C@@H]1O|OC[C@H]1O[C@@H](c2ccc(Cl)c(Cc3ccc(OC[CH2:1][O:1]C4CC4)cc3)c2)[C@H](O)[C@@H](O)[C@@H]1O|OC[C@H]1O[C@@H](c2ccc(Cl)c([CH2:1]c3ccc(OCCOC4CC4)cc3)c2)[C@H](O)[C@@H](O)[C@@H]1O,4,C1C(OC[CH2:1]OC2=CC=C(CC3=C(Cl)C=CC([C@H]4[C@H](O)[C@@H](O)[C@H](O)[C@@H](CO)O4)=C3)C=C2)C1|OC[C@H]1O[C@@H](C2=CC=C(Cl)C(CC3=CC=C(OCCOC4C[CH2:1]4)C=C3)=C2)[C@H](O)[C@@H](O)[C@@H]1O|O(C1=CC=C(CC2=CC([C@@H]3O[C@H](CO)[C@@H](O)[C@H]([OH:1])[C@H]3O)=CC=C2Cl)C=C1)CCOC1CC1|OC[C@H]1O[C@@H](C2=CC=C(Cl)C(CC3=CC=C(OC[CH2:1]OC4CC4)C=C3)=C2)[C@H](O)[C@@H](O)[C@@H]1O|OC[C@H]1O[C@@H](C2=CC=C(Cl)C(CC3=CC=C(OCCOC4CC4)C=[CH:1]3)=C2)[C@H](O)[C@@H](O)[C@@H]1O|C1C(O[CH2:1]COC2=CC=C(CC3=C(Cl)C=CC([C@H]4[C@H](O)[C@@H](O)[C@H](O)[C@@H](CO)O4)=C3)C=C2)C1|C1C(OCCOC2=CC=C(CC3=C(Cl)C=[CH:1]C([C@H]4[C@H](O)[C@@H](O)[C@H](O)[C@@H](CO)O4)=C3)C=C2)C1|OC[C@H]1O[C@@H](C2=CC=C(Cl)C([CH2:1]C3=CC=C(OCCOC4CC4)C=C3)=C2)[C@H](O)[C@@H](O)[C@@H]1O|OC[C@H]1O[C@@H](C2=CC=C(Cl)C([CH2:1]C3=CC=C(OCCOC4CC4)C=C3)=C2)[C@H](O)[C@@H](O)[C@@H]1O|OC[C@H]1O[C@@H](C2=CC=C(Cl)C(CC3=CC=C(OCCOC4CC4)C=C3)=C2)[C@H](O)[C@@H](O)[C@@H]1[OH:1]|O1[C@@H](C2=CC(CC3=CC=C(OCCOC4CC4)C=C3)=C(Cl)[CH:1]=C2)[C@H](O)[C@@H](O)[C@H](O)[C@H]1CO|OC[C@H]1O[C@@H](C2=CC=C(Cl)C(CC3=CC=C(OCCOC4CC4)[CH:1]=C3)=C2)[C@H](O)[C@@H](O)[C@@H]1O|[C@@H]1(O)[C@@H](CO)O[C@@H:1](C2=CC(CC3=CC=C(OCCOC4CC4)C=C3)=C(Cl)C=C2)[C@H](O)[C@H]1O|OC[C@H]1O[C@@H](C2=CC=C(Cl)C([CH2:1]C3=CC=C(OCCOC4CC4)C=C3)=C2)[C@H](O)[C@@H](O)[C@@H]1O|OC[C@H]1O[C@@H](C2=CC=C(Cl)C(CC3=CC=C(OCCO[CH:1]4CC4)C=C3)=C2)[C@H](O)[C@@H](O)[C@@H]1O|OC[C@H]1O[C@@H](C2=CC=C(Cl)C(CC3=CC=C(OCCOC4CC4)C=C3)=C2)[C@H]([OH:1])[C@@H](O)[C@@H]1O|OC[C@H]1O[C@@H](C2=CC=C(Cl)C(CC3=CC=C(OCCOC4CC4)C=C3)=C2)[C@H]([OH:1])[C@@H](O)[C@@H]1O|O1[C@@H](C2=CC(CC3=CC=C(O[CH2:1]COC4CC4)C=C3)=C(Cl)C=C2)[C@H](O)[C@@H](O)[C@H](O)[C@H]1CO|OC[C@H]1O[C@@H](C2=CC=C(Cl)C(CC3=CC=C(OCCOC4CC4)C=C3)=C2)[C@H](O)[C@@H]([OH:1])[C@@H]1O|O(C1=CC=C(CC2=CC([C@@H]3O[C@H](CO)[C@@H]([OH:1])[C@H](O)[C@H]3O)=CC=C2Cl)C=C1)CCOC1CC1
