substrate,all_predictions,metabolites,top_5
C#C[C@]1(OC(C)=O)CC[C@H]2[C@@H]3CCC4=C/C(=N/O)CC[C@@H]4[C@H]3CC[C@@]21CC,C#C[C@]1(OC(C)=O)CC[C@H]2[C@@H]3CC(O)C4=C/C(=N/O)CC[C@@H]4[C@H]3CC[C@@]21CC|C#C[C@]1(OC(C)=O)C(O)C[C@H]2[C@@H]3CCC4=C/C(=N/O)CC[C@@H]4[C@H]3CC[C@@]21CC|C#C[C@]1(OC(C)=O)CC[C@H]2[C@@H]3CCC4=C/C(=N/O)C(O)C[C@@H]4[C@H]3CC[C@@]21CC|C#C[C@]1(OC(C)=O)CC[C@H]2[C@@H]3CCC45OC4/C(=N/O)CC[C@@H]5[C@H]3CC[C@@]21CC|C#C[C@]1(OC(C)=O)CC[C@H]2[C@]3(O)CCC4=C/C(=N/O)CC[C@@H]4[C@H]3CC[C@@]21CC|C#C[C@]1(OC(C)=O)CC[C@@]2(O)[C@@H]3CCC4=C/C(=N/O)CC[C@@H]4[C@H]3CC[C@@]21CC|C#C[C@]1(OC(C)=O)CC[C@H]2[C@@H]3CCC4=C/C(=N/O)CC[C@@H]4[C@H]3C=C[C@@]21CC|C#C[C@]1(OC(C)=O)CC[C@H]2[C@@H]3CCC4=C/C(=N/O)CC[C@@H]4[C@H]3CC(O)[C@@]21CC|C#C[C@]1(OC(C)=O)CCC2=C3CCC4=C/C(=N/O)CC[C@@H]4[C@H]3CC[C@@]21CC|C#C[C@]1(OC(C)=O)CC[C@H]2[C@@H]3CCC4=C/C(=N/O)CC[C@@H]4[C@H]3C(O)C[C@@]21CC|C#C[C@]1(OC(=O)CO)CC[C@H]2[C@@H]3CCC4=C/C(=N/O)CC[C@@H]4[C@H]3CC[C@@]21CC|C#C[C@]1(OC(=O)C(=O)O)CC[C@H]2[C@@H]3CCC4=C/C(=N/O)CC[C@@H]4[C@H]3CC[C@@]21CC|C#C[C@]1(O)CC[C@H]2[C@@H]3CCC4=C/C(=N/O)CC[C@@H]4[C@H]3CC[C@@]21CC|C#C[C@]1(OC(C)=O)CC[C@H]2C3=C(CC[C@@]21CC)[C@H]1CC/C(=N\O)C=C1CC3|C#C[C@]1(OC(C)=O)CC=C2[C@@H]3CCC4=C/C(=N/O)CC[C@@H]4[C@H]3CC[C@@]21CC|C#C[C@]1(OC(C)=O)CC[C@H]2[C@@H]3CCC4=C/C(=N/O)CC[C@@H]4C3=CC[C@@]21CC|C#C[C@]1(OC(C)=O)CC[C@H]2C3=CCC4=C/C(=N/O)CC[C@@H]4[C@H]3CC[C@@]21CC|C#C[C@]1(OC(C)=O)CC[C@H]2[C@@H]3CCC4=C/C(=N/O)CCC4=C3CC[C@@]21CC|C#C[C@]1(OC(C)=O)C=C[C@H]2[C@@H]3CCC4=C/C(=N/O)CC[C@@H]4[C@H]3CC[C@@]21CC|C#C[C@]1(OC(C)=O)CC[C@H]2[C@@H]3CCC4=C/C(=N/O)CC[C@@H]4[C@@]3(O)CC[C@@]21CC|C#C[C@]1(OC(C)=O)CC(O)[C@H]2[C@@H]3CCC4=C/C(=N/O)CC[C@@H]4[C@H]3CC[C@@]21CC|C#C[C@]1(OC(C)=O)CC[C@H]2[C@@H]3CCC4=C/C(=N/O)C=C[C@@H]4[C@H]3CC[C@@]21CC|C#C[C@]1(OC(C)=O)CC[C@H]2[C@@H]3CCC4=C/C(=N/O)CC=C4[C@H]3CC[C@@]21CC|C#C[C@]1(OC(C)=O)CC[C@H]2[C@@H]3CCC4=CC(=O)CC[C@@H]4[C@H]3CC[C@@]21CC|C#C[C@]1(OC(C)=O)CC[C@H]2[C@@H]3CCC4=C/C(=N/O)CC[C@@H]4[C@H]3CC[C@@]21C=C|C#C[C@]1(OC(C)=O)CC[C@H]2[C@@H]3C=CC4=C/C(=N/O)CC[C@@H]4[C@H]3CC[C@@]21CC|C#C[C@]1(OC(C)=O)CC[C@H]2[C@@H]3CC=C4C(O)/C(=N/O)CC[C@@H]4[C@H]3CC[C@@]21CC|C#C[C@]1(OC(C)=O)CC[C@H]2[C@@H]3CCC4=C(CC/C(=N\O)C4O)[C@H]3CC[C@@]21CC|C#C[C@]1(OC(C)=O)CC[C@H]2[C@@H]3C(O)CC4=C/C(=N/O)CC[C@@H]4[C@H]3CC[C@@]21CC|C#C[C@]1(OC(C)=O)CC[C@H]2[C@@H]3CCC4=C/C(=N/O)CC(O)[C@@H]4[C@H]3CC[C@@]21CC|C#C[C@]1(OC(C)=O)CC[C@H]2[C@@H]3CCC4=C/C(=N/O)CC[C@]4(O)[C@H]3CC[C@@]21CC|C#C[C@]1(OC(C)=O)CC[C@H]2[C@@H]3CCC4=C/C(=N/O)CC[C@@H]4[C@H]3CC[C@@]21CCO|C#C[C@]1(OC(C)=O)CC[C@H]2[C@@H]3CCC4=C/C(=N/O)CC[C@@H]4[C@H]3CC[C@@]21C(C)O|C#C[C@]1(OC(C)=O)CC[C@H]2[C@@H]3CCC4=C/C(=N/O)CC[C@@H]4[C@H]3CC[C@@]21CC(=O)O|C#C[C@]1(OC(C)=O)CC[C@H]2[C@@H]3CCC4=C/C(=N/OC5OC(C(=O)O)C(O)C(O)C5O)CC[C@@H]4[C@H]3CC[C@@]21CC,C#C[C@]1(O)CC[C@H]2[C@@H]3CCC4=C/C(=N/O)CC[C@@H]4[C@H]3CC[C@@]21CC,C#C[C@]1(OC(C)=O)CC[C@H]2[C@@H]3CC(O)C4=C/C(=N/O)CC[C@@H]4[C@H]3CC[C@@]21CC|C#C[C@]1(OC(C)=O)C(O)C[C@H]2[C@@H]3CCC4=C/C(=N/O)CC[C@@H]4[C@H]3CC[C@@]21CC|C#C[C@]1(OC(C)=O)CC[C@H]2[C@@H]3CCC4=C/C(=N/O)C(O)C[C@@H]4[C@H]3CC[C@@]21CC|C#C[C@]1(OC(C)=O)CC[C@H]2[C@@H]3CCC45OC4/C(=N/O)CC[C@@H]5[C@H]3CC[C@@]21CC|C#C[C@]1(OC(C)=O)CC[C@H]2[C@]3(O)CCC4=C/C(=N/O)CC[C@@H]4[C@H]3CC[C@@]21CC
CC(C)(O)c1ccccc1CC[C@@H](SCC1(CC(=O)O)CC1)c1cccc(/C=C/c2ccc3ccc(Cl)cc3n2)c1,CC(C)(O)c1ccccc1CCC(=O)c1cccc(/C=C/c2ccc3ccc(Cl)cc3n2)c1|CC(C)(O)c1ccccc1CC[C@H](c1cccc(/C=C/c2ccc3ccc(Cl)cc3n2)c1)S(=O)CC1(CC(=O)O)CC1|CC(C)(O)c1ccccc1CC[C@@H](S)c1cccc(/C=C/c2ccc3ccc(Cl)cc3n2)c1|O=CC1(CC(=O)O)CC1|O=C(O)CC1(CS)CC1|CC(O)(C(=O)O)c1ccccc1CC[C@@H](SCC1(CC(=O)O)CC1)c1cccc(/C=C/c2ccc3ccc(Cl)cc3n2)c1|C=C(C)c1ccccc1CC[C@@H](SCC1(CC(=O)O)CC1)c1cccc(/C=C/c2ccc3ccc(Cl)cc3n2)c1|CC(O)(CO)c1ccccc1CC[C@@H](SCC1(CC(=O)O)CC1)c1cccc(/C=C/c2ccc3ccc(Cl)cc3n2)c1|CC(C)(O)c1ccccc1CC=C(SCC1(CC(=O)O)CC1)c1cccc(/C=C/c2ccc3ccc(Cl)cc3n2)c1|CC(C)(O)c1ccccc1CC[C@@H](SCC1(CC(=O)O)C=C1)c1cccc(/C=C/c2ccc3ccc(Cl)cc3n2)c1|CC(C)(O)c1cc(O)ccc1CC[C@@H](SCC1(CC(=O)O)CC1)c1cccc(/C=C/c2ccc3ccc(Cl)cc3n2)c1|CC(C)(O)c1ccc(O)cc1CC[C@@H](SCC1(CC(=O)O)CC1)c1cccc(/C=C/c2ccc3ccc(Cl)cc3n2)c1|CC(C)(O)c1ccccc1CC[C@@H](SC=C(CCO)CC(=O)O)c1cccc(/C=C/c2ccc3ccc(Cl)cc3n2)c1|CC(C)(O)c1ccccc1CC[C@@H](SCC1(CC(=O)O)CC1)c1cccc(/C=C/c2ccc3ccc(SCC(NC(=O)CCC(N)C(=O)O)C(=O)NCC(=O)O)cc3n2)c1|CC(C)(O)c1ccccc1CC[C@@H](SCC1(CC(=O)O)CC1)c1cccc(/C=C/c2ccc3ccc(O)cc3n2)c1|CC(C)(O)c1ccccc1CC(O)[C@@H](SCC1(CC(=O)O)CC1)c1cccc(/C=C/c2ccc3ccc(Cl)cc3n2)c1|CC(C)(O)c1ccccc1CC[C@@H](SCC(=CC(=O)O)CCO)c1cccc(/C=C/c2ccc3ccc(Cl)cc3n2)c1|CC(C)(O)c1ccccc1CC[C@@H](SCC1(CC(=O)O)CC1)c1cccc(/C=C/c2cc(O)c3ccc(Cl)cc3n2)c1|CC(C)(O)c1c(O)cccc1CC[C@@H](SCC1(CC(=O)O)CC1)c1cccc(/C=C/c2ccc3ccc(Cl)cc3n2)c1|CC(C)(O)c1ccccc1CC[C@@H](SCC1(CC(=O)O)CC1)c1ccc(O)c(/C=C/c2ccc3ccc(Cl)cc3n2)c1|CC(C)(O)c1ccccc1CC[C@@](O)(SCC1(CC(=O)O)CC1)c1cccc(/C=C/c2ccc3ccc(Cl)cc3n2)c1|CC(C)(O)c1ccccc1CC[C@@H](SCC1(CC(=O)O)CC1)c1cccc(/C=C/c2ccc3ccc(Cl)cc3[n+]2C2OC(C(=O)O)C(O)C(O)C2O)c1|CC(C)(OS(=O)(=O)O)c1ccccc1CC[C@@H](SCC1(CC(=O)O)CC1)c1cccc(/C=C/c2ccc3ccc(Cl)cc3n2)c1|CC(C)(O)c1ccccc1CC[C@@H](SCC1(CC(=O)O)CC1O)c1cccc(/C=C/c2ccc3ccc(Cl)cc3n2)c1|CC(C)(O)c1ccccc1CC[C@@H](SC(O)C1(CC(=O)O)CC1)c1cccc(/C=C/c2ccc3ccc(Cl)cc3n2)c1|CC(C)(O)c1ccccc1CC[C@@H](SCC1(CC(=O)O)CC1)c1cccc(/C=C/c2ccc3ccc(Cl)cc3[n+]2[O-])c1|CC(C)(O)c1ccccc1CC[C@@H](SCC1(CC(=O)O)CC1)c1cccc(/C=C/c2nc3cc(Cl)ccc3cc2O)c1|CC(C)(O)c1ccccc1CC[C@@H](SCC1(CC(=O)O)CC1)c1cc(O)cc(/C=C/c2ccc3ccc(Cl)cc3n2)c1|CC(C)(O)c1ccccc1CC[C@@H](SCC1(CC(=O)O)CC1)c1cc(/C=C/c2ccc3ccc(Cl)cc3n2)ccc1O|CC(C)(O)c1cccc(O)c1CC[C@@H](SCC1(CC(=O)O)CC1)c1cccc(/C=C/c2ccc3ccc(Cl)cc3n2)c1|CC(C)(O)c1ccccc1CC[C@@H](SCC1(CC(=O)O)CC1)c1cccc(/C=C/c2ccc3ccc(Cl)cc3n2)c1O|CC(C)(O)c1ccccc1CC[C@@H](SCC1(CC(=O)O)CC1)c1cccc(/C=C/c2ccc3c(O)cc(Cl)cc3n2)c1|CC(C)(O)c1ccccc1C=C[C@@H](SCC1(CC(=O)O)CC1)c1cccc(/C=C/c2ccc3ccc(Cl)cc3n2)c1|CC(C)(O)c1ccccc1CC[C@@H](SCC1(CC(=O)OC2OC(C(=O)O)C(O)C(O)C2O)CC1)c1cccc(/C=C/c2ccc3ccc(Cl)cc3n2)c1|CC(C)(O)c1ccccc1CC[C@@H](SCC1(CC(=O)O)CC1)c1cccc(C2OC2c2ccc3ccc(Cl)cc3n2)c1|CC(C)(O)c1ccccc1CC[C@@H](SCC1(CC(=O)NCC(=O)O)CC1)c1cccc(/C=C/c2ccc3ccc(Cl)cc3n2)c1|CC(C)(O)c1ccccc1CC[C@@H](SCC1(C(O)C(=O)O)CC1)c1cccc(/C=C/c2ccc3ccc(Cl)cc3n2)c1|CC(C)(O)c1ccccc1CC[C@@H](SCC1(CC(=O)O)CC1)c1cccc(/C=C/c2ccc3ccc(Cl)c(O)c3n2)c1|CC(C)(O)c1ccccc1CC[C@@H](SCC1(CC(=O)O)CC1)c1cccc(/C=C/c2ccc3cc(O)c(Cl)cc3n2)c1|CC(C)(O)c1ccccc1C(O)C[C@@H](SCC1(CC(=O)O)CC1)c1cccc(/C=C/c2ccc3ccc(Cl)cc3n2)c1|CC(C)(OC1OC(C(=O)O)C(O)C(O)C1O)c1ccccc1CC[C@@H](SCC1(CC(=O)O)CC1)c1cccc(/C=C/c2ccc3ccc(Cl)cc3n2)c1,CC(C)(O)c1ccccc1CC[C@@H](SCC1(CC(=O)OC2O[C@H](C(=O)O)[C@@H](O)[C@H](O)[C@H]2O)CC1)c1cccc(/C=C/c2ccc3ccc(Cl)cc3n2)c1|CC(O)(CO)c1ccccc1CC[C@@H](SCC1(CC(=O)O)CC1)c1cccc(/C=C/c2ccc3ccc(Cl)cc3n2)c1|CC(C)(O)c1ccccc1[C@H](O)C[C@@H](SCC1(CC(=O)O)CC1)c1cccc(/C=C/c2ccc3ccc(Cl)cc3n2)c1|CC(C)(O)c1ccccc1CC[C@H](c1cccc(/C=C/c2ccc3ccc(Cl)cc3n2)c1)S(=O)CC1(CC(=O)O)CC1|CC(C)(O)c1ccccc1CC[C@H](c1cccc(/C=C/c2ccc3ccc(Cl)cc3n2)c1)[S+]([O-])CC1(CC(=O)O)CC1|CC(C)(O)c1ccccc1[C@@H](O)C[C@@H](SCC1(CC(=O)O)CC1)c1cccc(/C=C/c2ccc3ccc(Cl)cc3n2)c1,CC(C)(O)c1ccccc1CCC(=O)c1cccc(/C=C/c2ccc3ccc(Cl)cc3n2)c1|CC(C)(O)c1ccccc1CC[C@H](c1cccc(/C=C/c2ccc3ccc(Cl)cc3n2)c1)S(=O)CC1(CC(=O)O)CC1|CC(C)(O)c1ccccc1CC[C@@H](S)c1cccc(/C=C/c2ccc3ccc(Cl)cc3n2)c1|O=CC1(CC(=O)O)CC1|O=C(O)CC1(CS)CC1
CC(C)CNCc1ccc(-c2ccccc2S(=O)(=O)N2CCCC2)cc1,NCc1ccc(-c2ccccc2S(=O)(=O)N2CCCC2)cc1|CC(C)C=O|CC(C)C(O)NCc1ccc(-c2ccccc2S(=O)(=O)N2CCCC2)cc1|CC(C)CO|CC(C)CN|O=S(=O)(c1ccccc1-c1ccc(CO)cc1)N1CCCC1|CC(C)CN(O)Cc1ccc(-c2ccccc2S(=O)(=O)N2CCCC2)cc1|CC(C)CNCc1ccc(-c2ccccc2S(=O)(=O)N2CCCC2)c(O)c1|CC(C)CNCc1ccc(-c2ccccc2S(=O)(=O)N2CCCC2)cc1O|CC(C)CNCc1ccc(-c2ccccc2S(=O)(=O)N2CC=CC2)cc1|CC(C)CNCc1ccc(-c2c(O)cccc2S(=O)(=O)N2CCCC2)cc1|C=C(C)CNCc1ccc(-c2ccccc2S(=O)(=O)N2CCCC2)cc1|CC(C)C[NH+]=Cc1ccc(-c2ccccc2S(=O)(=O)N2CCCC2)cc1|CC(C)CN=Cc1ccc(-c2ccccc2S(=O)(=O)N2CCCC2)cc1|CC(C)CNCc1ccc(-c2cc(O)ccc2S(=O)(=O)N2CCCC2)cc1|CC(C)CNCc1ccc(-c2ccc(O)cc2S(=O)(=O)N2CCCC2)cc1|CC(C)CNCc1ccc(-c2cccc(O)c2S(=O)(=O)N2CCCC2)cc1|CC(C)C=[NH+]Cc1ccc(-c2ccccc2S(=O)(=O)N2CCCC2)cc1|CC(C)=CNCc1ccc(-c2ccccc2S(=O)(=O)N2CCCC2)cc1|CC(C)C=NCc1ccc(-c2ccccc2S(=O)(=O)N2CCCC2)cc1|CC(C)CNCc1ccc(-c2ccccc2S(=O)(=O)N2C=CCC2)cc1|CC(C)CNCc1ccc(-c2ccccc2S(=O)(=O)[N+]2=CCCC2)cc1|CC(CO)CNCc1ccc(-c2ccccc2S(=O)(=O)N2CCCC2)cc1|CC(CNCc1ccc(-c2ccccc2S(=O)(=O)N2CCCC2)cc1)C(=O)O|CC(C)(O)CNCc1ccc(-c2ccccc2S(=O)(=O)N2CCCC2)cc1|CC(C)CNC(O)c1ccc(-c2ccccc2S(=O)(=O)N2CCCC2)cc1|O=Cc1ccc(-c2ccccc2S(=O)(=O)N2CCCC2)cc1|CC(C)CNCc1ccc(-c2ccccc2S(=O)(=O)N2CCC(O)C2)cc1|CC(C)CNCc1ccc(-c2ccccc2S(=O)(=O)N2CCCC2=O)cc1|CC(C)CNCc1ccc(-c2ccccc2S(=O)(=O)N2CCCC2O)cc1|CC(C)CNCc1ccc(-c2ccccc2S(=O)(=O)NCCCC=O)cc1|CC(C)CNCc1ccc(-c2ccccc2S(=O)(=O)[N+]2([O-])CCCC2)cc1,CC(C)CNCc1ccc(-c2ccccc2S(=O)(=O)N2CCCC2O)cc1|NCc1ccc(-c2ccccc2S(=O)(=O)N2CCCC2)cc1|CC(C)CNC(=O)c1ccc(-c2ccccc2S(=O)(=O)N2CCCC2)cc1|CC(C)CNCc1ccc(-c2ccccc2S(=O)(=O)N2CCC(O)C2)cc1|CC(CO)CNCc1ccc(-c2ccccc2S(=O)(=O)N2CCCC2)cc1|CC(C)(O)CNCc1ccc(-c2ccccc2S(=O)(=O)N2CCCC2)cc1,NCc1ccc(-c2ccccc2S(=O)(=O)N2CCCC2)cc1|CC(C)C=O|CC(C)C(O)NCc1ccc(-c2ccccc2S(=O)(=O)N2CCCC2)cc1|CC(C)CO|CC(C)CN
CC(CN1c2ccccc2Sc2ccccc21)N(C)C,CC(CN1c2ccccc2Sc2cccc(O)c21)N(C)C|CC(CN1c2ccccc2Sc2cc(O)ccc21)N(C)C|CC(CN1c2ccccc2S(=O)c2ccccc21)N(C)C|CC(=O)CN1c2ccccc2Sc2ccccc21|CN(C)C(C)(O)CN1c2ccccc2Sc2ccccc21|CC(C=[N+]1c2ccccc2Sc2ccccc21)N(C)C|CC(CN1c2ccccc2Sc2ccc(O)cc21)N(C)C|CC(=CN1c2ccccc2Sc2ccccc21)N(C)C|C=C(CN1c2ccccc2Sc2ccccc21)N(C)C|CC(CN1c2ccccc2Sc2c(O)cccc21)N(C)C|CN(C)C(CO)CN1c2ccccc2Sc2ccccc21|CC(C[N+]1([O-])c2ccccc2Sc2ccccc21)N(C)C|CC(CO)N(C)C|CC(C=O)N(C)C|CC(C(O)N1c2ccccc2Sc2ccccc21)N(C)C|c1ccc2c(c1)Nc1ccccc1S2|CC(CN1c2ccccc2Sc2ccccc21)=[N+](C)C|C=[N+](C)C(C)CN1c2ccccc2Sc2ccccc21|CC(CN1c2ccccc2Sc2ccccc21)N(C)CO|CNC(C)CN1c2ccccc2Sc2ccccc21|CC(CN1c2ccccc2Sc2ccccc21)[N+](C)(C)[O-],CC(CN1c2ccccc2S(=O)c2ccccc21)N(C)C|CNC(C)CN1c2ccccc2Sc2ccccc21|CC(CN1c2ccccc2SC2C=CC(O)=CC21)N(C)C,CC(CN1c2ccccc2Sc2cccc(O)c21)N(C)C|CC(CN1c2ccccc2Sc2cc(O)ccc21)N(C)C|CC(CN1c2ccccc2S(=O)c2ccccc21)N(C)C|CC(=O)CN1c2ccccc2Sc2ccccc21|CN(C)C(C)(O)CN1c2ccccc2Sc2ccccc21
CC1(C)CCC(CN2CCN(c3ccc(C(=O)NS(=O)(=O)c4ccc(NCC5CCOCC5)c([N+](=O)[O-])c4)c(Oc4cnc5[nH]ccc5c4)c3)CC2)=C(c2ccc(Cl)cc2)C1,O=CC1CCOCC1|CC1(C)CCC(CN2CCN(c3ccc(C(=O)NS(=O)(=O)c4ccc(N(O)CC5CCOCC5)c([N+](=O)[O-])c4)c(Oc4cnc5[nH]ccc5c4)c3)CC2)=C(c2ccc(Cl)cc2)C1|CC1(C)CCC(CN2CCN(c3ccc(C(=O)NS(=O)(=O)c4ccc(NC(O)C5CCOCC5)c([N+](=O)[O-])c4)c(Oc4cnc5[nH]ccc5c4)c3)CC2)=C(c2ccc(Cl)cc2)C1|CC1(C)CCC(CN2CCN(c3ccc(C(=O)NS(=O)(=O)c4ccc(N)c([N+](=O)[O-])c4)c(Oc4cnc5[nH]ccc5c4)c3)CC2)=C(c2ccc(Cl)cc2)C1|OCC1CCOCC1|CC1(C)CCC(CN2CCN(c3cc(O)c(C(=O)NS(=O)(=O)c4ccc(NCC5CCOCC5)c([N+](=O)[O-])c4)c(Oc4cnc5[nH]ccc5c4)c3)CC2)=C(c2ccc(Cl)cc2)C1|CC1(C)CCC(C[N+]2=CCN(c3ccc(C(=O)NS(=O)(=O)c4ccc(NCC5CCOCC5)c([N+](=O)[O-])c4)c(Oc4cnc5[nH]ccc5c4)c3)CC2)=C(c2ccc(Cl)cc2)C1|CC1(C)CCC(CN2C=CN(c3ccc(C(=O)NS(=O)(=O)c4ccc(NCC5CCOCC5)c([N+](=O)[O-])c4)c(Oc4cnc5[nH]ccc5c4)c3)CC2)=C(c2ccc(Cl)cc2)C1|Oc1cnc2[nH]ccc2c1|CC1(C)CCC(CN2CCN(C3=CC(=O)C(C(=O)NS(=O)(=O)c4ccc(NCC5CCOCC5)c([N+](=O)[O-])c4)=CC3)CC2)=C(c2ccc(Cl)cc2)C1|CC1(C)CC=C(CN2CCN(c3ccc(C(=O)NS(=O)(=O)c4ccc(NCC5CCOCC5)c([N+](=O)[O-])c4)c(Oc4cnc5[nH]ccc5c4)c3)CC2)C(O)(c2ccc(Cl)cc2)C1|CC1(C)C=CC(CN2CCN(c3ccc(C(=O)NS(=O)(=O)c4ccc(NCC5CCOCC5)c([N+](=O)[O-])c4)c(Oc4cnc5[nH]ccc5c4)c3)CC2)=C(c2ccc(Cl)cc2)C1|CC1(C)CCC(CN2CCN(c3ccc(C(=O)NS(=O)(=O)c4ccc(NCC5CCOCC5)c([N+](=O)[O-])c4)c(Oc4cnc5[nH]ccc5c4)c3)CC2)=C(c2ccc(O)cc2)C1|CC1(C)CCC(CN2CC=[N+](c3ccc(C(=O)NS(=O)(=O)c4ccc(NCC5CCOCC5)c([N+](=O)[O-])c4)c(Oc4cnc5[nH]ccc5c4)c3)CC2)=C(c2ccc(Cl)cc2)C1|CC1(C)CCC(CN2CCN(c3ccc(C(=O)NS(=O)(=O)c4ccc(NCC5=CCOCC5)c([N+](=O)[O-])c4)c(Oc4cnc5[nH]ccc5c4)c3)CC2)=C(c2ccc(Cl)cc2)C1|CC1(C)CCC(CN2CCN(c3ccc(C(=O)NS(=O)(=O)c4ccc(NCC5CCOCC5)c([N+](=O)[O-])c4)c(Oc4cnc5[nH]ccc5c4)c3)CC2)=C(c2ccc(Cl)cc2O)C1|CC1(C)CCC(C=[N+]2CCN(c3ccc(C(=O)NS(=O)(=O)c4ccc(NCC5CCOCC5)c([N+](=O)[O-])c4)c(Oc4cnc5[nH]ccc5c4)c3)CC2)=C(c2ccc(Cl)cc2)C1|CC1(C)CCC(=CN2CCN(c3ccc(C(=O)NS(=O)(=O)c4ccc(NCC5CCOCC5)c([N+](=O)[O-])c4)c(Oc4cnc5[nH]ccc5c4)c3)CC2)C(O)(c2ccc(Cl)cc2)C1|CC1(C)C=C(c2ccc(Cl)cc2)C(O)(CN2CCN(c3ccc(C(=O)NS(=O)(=O)c4ccc(NCC5CCOCC5)c([N+](=O)[O-])c4)c(Oc4cnc5[nH]ccc5c4)c3)CC2)CC1|CC1(C)CCC(CN2CCN(c3ccc(C(=O)NS(=O)(=O)c4ccc([NH+]=CC5CCOCC5)c([N+](=O)[O-])c4)c(Oc4cnc5[nH]ccc5c4)c3)CC2)=C(c2ccc(Cl)cc2)C1|CC1(C)CCC(CN2CCN(c3ccc(C(=O)NS(=O)(=O)c4ccc(N=CC5CCOCC5)c([N+](=O)[O-])c4)c(Oc4cnc5[nH]ccc5c4)c3)CC2)=C(c2ccc(Cl)cc2)C1|CC1(C)CCC(CN2CCN(c3ccc(C(=O)NS(=O)(=O)c4ccc(NC=C5CCOCC5)c([N+](=O)[O-])c4)c(Oc4cnc5[nH]ccc5c4)c3)CC2)=C(c2ccc(Cl)cc2)C1|CC1(C)CCC(CN2CCN(c3ccc(C(=O)NS(=O)(=O)c4ccc(NCC5CCOCC5)c([N+](=O)[O-])c4)c(Oc4cnc5[nH]ccc5c4)c3)CC2)=C(c2ccc(SCC(NC(=O)CCC(N)C(=O)O)C(=O)NCC(=O)O)cc2)C1|CC1(C)CCC(CN2CCN(c3ccc(C(=O)NS(=O)(=O)c4ccc(NCC5CCOCC5)c([N+](=O)[O-])c4)c(Oc4cc5cc[nH]c5[n+]([O-])c4)c3)CC2)=C(c2ccc(Cl)cc2)C1|CC1(C)CCC(CN2CCN(c3ccc(C(=O)NS(=O)(=O)c4ccc(NCC5CCOCC5)c([N+](=O)[O-])c4)c(Oc4cc5cc[nH]c5[n+](C5OC(C(=O)O)C(O)C(O)C5O)c4)c3)CC2)=C(c2ccc(Cl)cc2)C1|CC1(C)CCC(CN2CCN(c3ccc(C(=O)NS(=O)(=O)c4ccc(NCC5C=COCC5)c([N+](=O)[O-])c4)c(Oc4cnc5[nH]ccc5c4)c3)CC2)=C(c2ccc(Cl)cc2)C1|CC1(C)CCC(CN2CCN(c3ccc(C(=O)NS(=O)(=O)c4ccc(NCC5CCOCC5)c([N+](=O)[O-])c4)c(Oc4cnc5[nH]ccc5c4)c3)CC2O)=C(c2ccc(Cl)cc2)C1|CC1(C)CCC(CNCCN(CC=O)c2ccc(C(=O)NS(=O)(=O)c3ccc(NCC4CCOCC4)c([N+](=O)[O-])c3)c(Oc3cnc4[nH]ccc4c3)c2)=C(c2ccc(Cl)cc2)C1|CC1(C)CCC(CN2CCN(c3ccc(C(=O)NS(=O)(=O)c4ccc(NCC5CCOCC5)c([N+](=O)[O-])c4)c(Oc4cnc5[nH]ccc5c4)c3)CC2=O)=C(c2ccc(Cl)cc2)C1|CC1(C)CCC(CN2CCN(c3cc(Oc4cnc5[nH]ccc5c4)c(C(=O)NS(=O)(=O)c4ccc(NCC5CCOCC5)c([N+](=O)[O-])c4)cc3O)CC2)=C(c2ccc(Cl)cc2)C1|CC1(C)CCC2(CN3CCN(c4ccc(C(=O)NS(=O)(=O)c5ccc(NCC6CCOCC6)c([N+](=O)[O-])c5)c(Oc5cnc6[nH]ccc6c5)c4)CC3)OC2(c2ccc(Cl)cc2)C1|CC1(C)CC(c2ccc(Cl)cc2)=C(CN2CCN(c3ccc(C(=O)NS(=O)(=O)c4ccc(NCC5CCOCC5)c([N+](=O)[O-])c4)c(Oc4cnc5[nH]ccc5c4)c3)CC2)C(O)C1|CC1(C)CCC(CN2CCN(c3ccc(C(=O)NS(=O)(=O)c4cc([N+](=O)[O-])c(NCC5CCOCC5)cc4O)c(Oc4cnc5[nH]ccc5c4)c3)CC2)=C(c2ccc(Cl)cc2)C1|CC1(C)CCC(CN2CCN(c3ccc(C(=O)NS(=O)(=O)c4ccc(NCC5CCOCC5)c([N+](=O)[O-])c4O)c(Oc4cnc5[nH]ccc5c4)c3)CC2)=C(c2ccc(Cl)cc2)C1|CC1(C)CCC(CN2CCN(c3ccc(C(=O)NS(=O)(=O)c4ccc(NCC5CCOCC5)c(N)c4)c(Oc4cnc5[nH]ccc5c4)c3)CC2)=C(c2ccc(Cl)cc2)C1|CC1(C)CCC(CN2CCN(c3ccc(C(=O)NS(=O)(=O)c4ccc(NCC5CCOCC5)c([N+](=O)[O-])c4)c(Oc4cnc5[nH]ccc5c4)c3)CC2)=C(c2ccc(O)c(Cl)c2)C1|CC1(C)CCC(CN2CCN(c3ccc(C(=O)NS(=O)(=O)c4ccc(NCC5CCOCC5)c([N+](=O)[O-])c4)c(Oc4cnc5[nH]ccc5c4)c3)CC2)=C(c2ccc(Cl)c(O)c2)C1|CC1(C)CCC(CN2CCN(c3ccc(C(=O)NS(=O)(=O)c4ccc(NCC5CCOCC5)c([N+](=O)[O-])c4)c(Oc4cnc5[nH]cc(O)c5c4)c3)CC2)=C(c2ccc(Cl)cc2)C1|CC1(C)CCC(CN2CCN(c3ccc(C(=O)NS(=O)(=O)c4ccc(NCC5CCOCC5)c([N+](=O)[O-])c4)c(Oc4cc5cc[nH]c5nc4O)c3)CC2)=C(c2ccc(Cl)cc2)C1|CC1(C)CCC(CN2CCN(c3ccc(C(=O)NS(=O)(=O)c4ccc(NCC5CCOCC5)c([N+](=O)[O-])c4)c(Oc4cnc5[nH]ccc5c4O)c3)CC2)=C(c2ccc(Cl)cc2)C1|CC1(C)CCC(CN2CCN(c3ccc(C(=O)NS(=O)(=O)c4ccc(N(CC5CCOCC5)C5OC(C(=O)O)C(O)C(O)C5O)c([N+](=O)[O-])c4)c(Oc4cnc5[nH]ccc5c4)c3)CC2)=C(c2ccc(Cl)cc2)C1|CC1(C)CCC(CN2CCN(c3ccc(C(=O)NS(=O)(=O)c4ccc(NCC5CCOCC5)c([N+](=O)[O-])c4)c(Oc4cnc5c(ccn5C5OC(C(=O)O)C(O)C(O)C5O)c4)c3)CC2)=C(c2ccc(Cl)cc2)C1|CC1(C)CCC(CN2CCN(c3ccc(C(=O)NS(=O)(=O)c4cc(O)c(NCC5CCOCC5)c([N+](=O)[O-])c4)c(Oc4cnc5[nH]ccc5c4)c3)CC2)=C(c2ccc(Cl)cc2)C1|CC1(C)CCC(CN2CCN(c3ccc(C(=O)NS(=O)(=O)c4ccc(NCC5(O)CCOCC5)c([N+](=O)[O-])c4)c(Oc4cnc5[nH]ccc5c4)c3)CC2)=C(c2ccc(Cl)cc2)C1|CC1(CO)CCC(CN2CCN(c3ccc(C(=O)NS(=O)(=O)c4ccc(NCC5CCOCC5)c([N+](=O)[O-])c4)c(Oc4cnc5[nH]ccc5c4)c3)CC2)=C(c2ccc(Cl)cc2)C1|CC1(C)CC(c2ccc(Cl)cc2)=C(CN2CCN(c3ccc(C(=O)NS(=O)(=O)c4ccc(NCC5CCOCC5)c([N+](=O)[O-])c4)c(Oc4cnc5[nH]ccc5c4)c3)CC2)CC1O|CC1(C)CCC(CN2CCN(c3ccc(C(=O)NS(=O)(=O)c4ccc(NCC5CCOCC5)c([N+](=O)[O-])c4)c(Oc4cnc5[nH]ccc5c4)c3)C(=O)C2)=C(c2ccc(Cl)cc2)C1|CC1(C)CCC(CN2CC[N+]([O-])(c3ccc(C(=O)NS(=O)(=O)c4ccc(NCC5CCOCC5)c([N+](=O)[O-])c4)c(Oc4cnc5[nH]ccc5c4)c3)CC2)=C(c2ccc(Cl)cc2)C1|CC1(C)CCC(CN(CC=O)CCNc2ccc(C(=O)NS(=O)(=O)c3ccc(NCC4CCOCC4)c([N+](=O)[O-])c3)c(Oc3cnc4[nH]ccc4c3)c2)=C(c2ccc(Cl)cc2)C1|CC1(C)CCC(CN2CCN(c3ccc(C(=O)NS(=O)(=O)c4ccc(NCC5CCOCC5)c([N+](=O)[O-])c4)c(Oc4cnc5[nH]ccc5c4)c3)C(O)C2)=C(c2ccc(Cl)cc2)C1|CC1(C)CCC(CN2CCN(c3ccc(C(=O)NS(=O)(=O)c4ccc(NCC5CCOCC5)c([N+](=O)[O-])c4)c(Oc4cnc5[nH]ccc5c4)c3O)CC2)=C(c2ccc(Cl)cc2)C1|CC1(C)CCC(CN2CCN(c3ccc(C(=O)NS(=O)(=O)c4ccc(NCC5CCOCC5O)c([N+](=O)[O-])c4)c(Oc4cnc5[nH]ccc5c4)c3)CC2)=C(c2ccc(Cl)cc2)C1|CC1(C)CCC(C=O)=C(c2ccc(Cl)cc2)C1|CC1(C)CCC(CNCCNc2ccc(C(=O)NS(=O)(=O)c3ccc(NCC4CCOCC4)c([N+](=O)[O-])c3)c(Oc3cnc4[nH]ccc4c3)c2)=C(c2ccc(Cl)cc2)C1|CC1(C)CCC(C[N+]2([O-])CCN(c3ccc(C(=O)NS(=O)(=O)c4ccc(NCC5CCOCC5)c([N+](=O)[O-])c4)c(Oc4cnc5[nH]ccc5c4)c3)CC2)=C(c2ccc(Cl)cc2)C1|CC1(C)CCC(CO)=C(c2ccc(Cl)cc2)C1|CC1(C)CCC(C(O)N2CCN(c3ccc(C(=O)NS(=O)(=O)c4ccc(NCC5CCOCC5)c([N+](=O)[O-])c4)c(Oc4cnc5[nH]ccc5c4)c3)CC2)=C(c2ccc(Cl)cc2)C1|O=C(NS(=O)(=O)c1ccc(NCC2CCOCC2)c([N+](=O)[O-])c1)c1ccc(N2CCNCC2)cc1Oc1cnc2[nH]ccc2c1|CC1(C)CCC(CN2CCN(c3ccc(C(=O)NS(=O)(=O)c4ccc(NCC5CCOCC5)c([N+](=O)[O-])c4)c(Oc4cnc5[nH]ccc5c4)c3)CC2)=C(c2ccc(Cl)cc2)C1O|NS(=O)(=O)c1ccc(NCC2CCOCC2)c([N+](=O)[O-])c1|CC1(C)CCC(CN2CCN(c3ccc(C(=O)O)c(Oc4cnc5[nH]ccc5c4)c3)CC2)=C(c2ccc(Cl)cc2)C1|CC1(C)CCC(CN2CCN(c3ccc(C(=O)N(O)S(=O)(=O)c4ccc(NCC5CCOCC5)c([N+](=O)[O-])c4)c(Oc4cnc5[nH]ccc5c4)c3)CC2)=C(c2ccc(Cl)cc2)C1|CC1(C)CCC(CN2CCN(c3ccc(C(=O)NS(=O)(=O)c4ccc(NCC5CCOCC5)c([N+](=O)[O-])c4)c(Oc4cnc5[nH]c(O)cc5c4)c3)CC2)=C(c2ccc(Cl)cc2)C1|CC1(C)CCC(CN2CCN(c3ccc(C(=O)NS(=O)(=O)c4ccc(NCC5CCOC(O)C5)c([N+](=O)[O-])c4)c(Oc4cnc5[nH]ccc5c4)c3)CC2)=C(c2ccc(Cl)cc2)C1|CC1(C)CCC(CN2CCN(c3ccc(C(=O)NS(=O)(=O)c4ccc(NCC(CCO)CCO)c([N+](=O)[O-])c4)c(Oc4cnc5[nH]ccc5c4)c3)CC2)=C(c2ccc(Cl)cc2)C1|CC1(C)CCC(CN2CCN(c3ccc(C(=O)NS(=O)(=O)c4ccc(NCC(CC=O)CCO)c([N+](=O)[O-])c4)c(Oc4cnc5[nH]ccc5c4)c3)CC2)=C(c2ccc(Cl)cc2)C1,CC1(C)CCC(CN2CCN(c3ccc(C(=O)NS(=O)(=O)c4ccc(NCC5CCOCC5)c([N+](=O)[O-])c4)c(Oc4cnc5[nH]ccc5c4)c3)CC2)=C(c2ccc(Cl)cc2)C1O|CC1(CO)CCC(CN2CCN(c3ccc(C(=O)NS(=O)(=O)c4ccc(NCC5CCOCC5)c([N+](=O)[O-])c4)c(Oc4cnc5[nH]ccc5c4)c3)CC2)=C(c2ccc(Cl)cc2)C1|CC1(C)CCC(C[N+]2([O-])CCN(c3ccc(C(=O)NS(=O)(=O)c4ccc(NCC5CCOCC5)c([N+](=O)[O-])c4)c(Oc4cnc5[nH]ccc5c4)c3)CC2)=C(c2ccc(Cl)cc2)C1|CC1(C)CCC(CN2CCN(c3ccc(C(=O)NS(=O)(=O)c4ccc(NCC5CCOCC5)c([N+](=O)[O-])c4)c(Oc4cnc5[nH]ccc5c4)c3)C(=O)C2)=C(c2ccc(Cl)cc2)C1|CC1(C)CC(c2ccc(Cl)cc2)=C(CN2CCN(c3ccc(C(=O)NS(=O)(=O)c4ccc(NCC5CCOCC5)c([N+](=O)[O-])c4)c(Oc4cnc5[nH]ccc5c4)c3)CC2)C(O)C1,O=CC1CCOCC1|CC1(C)CCC(CN2CCN(c3ccc(C(=O)NS(=O)(=O)c4ccc(N(O)CC5CCOCC5)c([N+](=O)[O-])c4)c(Oc4cnc5[nH]ccc5c4)c3)CC2)=C(c2ccc(Cl)cc2)C1|CC1(C)CCC(CN2CCN(c3ccc(C(=O)NS(=O)(=O)c4ccc(NC(O)C5CCOCC5)c([N+](=O)[O-])c4)c(Oc4cnc5[nH]ccc5c4)c3)CC2)=C(c2ccc(Cl)cc2)C1|CC1(C)CCC(CN2CCN(c3ccc(C(=O)NS(=O)(=O)c4ccc(N)c([N+](=O)[O-])c4)c(Oc4cnc5[nH]ccc5c4)c3)CC2)=C(c2ccc(Cl)cc2)C1|OCC1CCOCC1
CC1(C)S[C@@H]2[C@H](NC(=O)[C@H](N)c3ccc(O)cc3)C(=O)N2[C@H]1C(=O)O,CC1(C)S[C@@H]2[C@H](NC(=O)[C@H](NC3OC(C(=O)O)C(O)C(O)C3O)c3ccc(O)cc3)C(=O)N2[C@H]1C(=O)O|CC1(C)S[C@@H]2[C@H](NC(=O)[C@H](N)c3ccc(O)c(O)c3)C(=O)N2[C@H]1C(=O)O|N[C@@H](C(=O)O)c1ccc(O)cc1|CC1(C)S[C@@H]2[C@H](N)C(=O)N2[C@H]1C(=O)O|CC1(C)S[C@@H]2[C@H](N(O)C(=O)[C@H](N)c3ccc(O)cc3)C(=O)N2[C@H]1C(=O)O|CC(=O)N[C@@H](C(=O)N[C@@H]1C(=O)N2[C@@H]1SC(C)(C)[C@@H]2C(=O)O)c1ccc(O)cc1|CC1(C)S[C@@H]2C(=NC(=O)[C@H](N)c3ccc(O)cc3)C(=O)N2[C@H]1C(=O)O|CC1(C)S[C@@H]2C(=[NH+]C(=O)[C@H](N)c3ccc(O)cc3)C(=O)N2[C@H]1C(=O)O|CC1(C)SC2=C(NC(=O)[C@H](N)c3ccc(O)cc3)C(=O)N2[C@H]1C(=O)O|CC1(C)SC2=[N+](C(=O)[C@H]2NC(=O)[C@H](N)c2ccc(O)cc2)[C@H]1C(=O)O|CC1(C)S[C@@H]2[C@H](NC(=O)[C@H](N)c3ccc(O)cc3)C(=O)[N+]2=C1C(=O)O|CC1(C)S[C@@H]2[C@H](NC(=O)C(=[NH2+])c3ccc(O)cc3)C(=O)N2[C@H]1C(=O)O|[H]N=C(C(=O)N[C@@H]1C(=O)N2[C@@H]1SC(C)(C)[C@@H]2C(=O)O)c1ccc(O)cc1|NC(=O)[C@H](N)c1ccc(O)cc1|CC1(C)S[C@@H]2C(=O)C(=O)N2[C@H]1C(=O)O|CC1(C)S[C@@H]2[C@H](NC(=O)[C@H](N)c3ccc(O)cc3O)C(=O)N2[C@H]1C(=O)O|CC1(C)S[C@@H]2[C@H](NC(=O)[C@H](N)c3ccc(O)cc3)C(=O)N2[C@H]1C(=O)OC1OC(C(=O)O)C(O)C(O)C1O|CC1(C)[C@H](C(=O)O)N2C(=O)[C@@H](NC(=O)[C@H](N)c3ccc(O)cc3)[C@H]2S1=O|CC1(C)S[C@]2(O)[C@H](NC(=O)[C@H](N)c3ccc(O)cc3)C(=O)N2[C@H]1C(=O)O|CC(C)(S)[C@H](C(=O)O)N1C(=O)C(NC(=O)[C@H](N)c2ccc(O)cc2)C1=O|CC1(C)S[C@@H]2[C@H]3C(=O)N2[C@]1(C(=O)O)N3C(=O)[C@H](N)c1ccc(O)cc1|CC1(C)SC(=CNC(=O)[C@H](N)c2ccc(O)cc2)N(C=O)[C@H]1C(=O)O|CC1(C)S[C@]23[C@@H](C(=O)N2[C@H]1C(=O)O)N3C(=O)[C@H](N)c1ccc(O)cc1|CC(C)(S[C@H]1NC(=O)[C@H]1NC(=O)[C@H](N)c1ccc(O)cc1)C(=O)C(=O)O|CC1(C)SC(=O)[C@H](NC(=O)[C@H](N)c2ccc(O)cc2)C(=O)N[C@H]1C(=O)O|CC1(CO)S[C@@H]2[C@H](NC(=O)[C@H](N)c3ccc(O)cc3)C(=O)N2[C@H]1C(=O)O|CC1(C(=O)O)S[C@@H]2[C@H](NC(=O)[C@H](N)c3ccc(O)cc3)C(=O)N2[C@H]1C(=O)O|CC1(C)S[C@@H]2[C@H](NC(=O)[C@H](N)c3ccc(OS(=O)(=O)O)cc3)C(=O)N2[C@H]1C(=O)O|CC1(C)S[C@@H]2[C@H](NC(=O)[C@H](NO)c3ccc(O)cc3)C(=O)N2[C@H]1C(=O)O|COc1ccc([C@@H](N)C(=O)N[C@@H]2C(=O)N3[C@@H]2SC(C)(C)[C@@H]3C(=O)O)cc1|CC1(C)S[C@@H]2[C@H](NC(=O)C(=O)c3ccc(O)cc3)C(=O)N2[C@H]1C(=O)O|CC1(C)S[C@@H]2[C@H](NC(=O)[C@@](N)(O)c3ccc(O)cc3)C(=O)N2[C@H]1C(=O)O|CC1(C)S[C@@H]2[C@H](NC(=O)[C@H](N)C3(O)C=CC(=O)C=C3)C(=O)N2[C@H]1C(=O)O|CC1(C)S[C@H]2N(C(=O)[C@@]23NC(=O)[C@@H](c2ccc(O)cc2)N3)[C@H]1C(=O)O|CC1(C)S[C@@H]2[C@H](NC(=O)[C@H](N)c3ccc(O)cc3)C(=O)N2[C@@]1(O)C(=O)O|CC1(C)S[C@H]([C@H](NC(=O)[C@H](N)c2ccc(O)cc2)C(=O)O)N[C@H]1C(=O)O|CC1(C)S[C@H]2N(C(=O)[C@@]2(O)NC(=O)[C@H](N)c2ccc(O)cc2)[C@H]1C(=O)O|CC1(C)S[C@@H]2[C@H](NC(=O)[C@H](N)c3ccc(O)cc3)C(=O)[N+]2([O-])[C@H]1C(=O)O|CC1(C)CN2C(=O)[C@@H](NC(=O)[C@H](N)c3ccc(O)cc3)[C@H]2S1|CC1(C)S[C@@H]2[C@H](NC(=O)[C@H](N)c3ccc(OC4OC(C(=O)O)C(O)C(O)C4O)cc3)C(=O)N2[C@H]1C(=O)O,CC1(C)CN2C(=O)[C@@H](NC(=O)[C@H](N)c3ccc(O)cc3)[C@H]2S1|C[C@@H](C(=O)N[C@@H]1C(=O)N2[C@@H]1SC(C)(C)[C@@H]2C(=O)O)c1ccc(O)cc1|CC1(CO)S[C@@H]2[C@H](NC(=O)[C@H](N)c3ccc(O)cc3)C(=O)N2[C@H]1C(=O)O|CC1(C)S[C@@H]2[C@H](NC(=O)[C@H](N)c3ccc(O)c(O)c3)C(=O)N2[C@H]1C(=O)O|CC1(C)S[C@@H]2[C@H](NC(=O)[C@H](N)c3ccc(OC4O[C@H](C(=O)O)[C@@H](O)[C@H](O)[C@H]4O)cc3)C(=O)N2[C@H]1C(=O)O,CC1(C)S[C@@H]2[C@H](NC(=O)[C@H](NC3OC(C(=O)O)C(O)C(O)C3O)c3ccc(O)cc3)C(=O)N2[C@H]1C(=O)O|CC1(C)S[C@@H]2[C@H](NC(=O)[C@H](N)c3ccc(O)c(O)c3)C(=O)N2[C@H]1C(=O)O|N[C@@H](C(=O)O)c1ccc(O)cc1|CC1(C)S[C@@H]2[C@H](N)C(=O)N2[C@H]1C(=O)O|CC1(C)S[C@@H]2[C@H](N(O)C(=O)[C@H](N)c3ccc(O)cc3)C(=O)N2[C@H]1C(=O)O
CCC1(c2ccccc2)C(=O)NC(=O)NC1=O,CCC(C(=O)O)(C(=O)NC(N)=O)c1ccccc1|CCC1(c2ccccc2)C(=O)NC(=O)N(O)C1=O|CCC(C(N)=O)(C(=O)NC(=O)O)c1ccccc1|CC(O)C1(c2ccccc2)C(=O)NC(=O)NC1=O|O=C1NC(=O)C(CCO)(c2ccccc2)C(=O)N1|O=C(O)CC1(c2ccccc2)C(=O)NC(=O)NC1=O|CCC1(c2ccc(O)c(OC)c2)C(=O)NC(=O)NC1=O|CCC1(c2cccc(O)c2)C(=O)NC(=O)NC1=O|CCC1(c2ccc(O)cc2)C(=O)NC(=O)NC1=O|CCC(C(N)=O)(C(=O)NC=O)c1ccccc1|CCC1(c2ccccc2O)C(=O)NC(=O)NC1=O|C=CC1(c2ccccc2)C(=O)NC(=O)NC1=O|CCC1(c2ccccc2)C(=O)NC(=O)N(C2OC(C(=O)O)C(O)C(O)C2O)C1=O,CCC1(c2ccc(O)cc2)C(=O)NC(=O)NC1=O,CCC(C(=O)O)(C(=O)NC(N)=O)c1ccccc1|CCC1(c2ccccc2)C(=O)NC(=O)N(O)C1=O|CCC(C(N)=O)(C(=O)NC(=O)O)c1ccccc1|CC(O)C1(c2ccccc2)C(=O)NC(=O)NC1=O|O=C1NC(=O)C(CCO)(c2ccccc2)C(=O)N1
CCC1Oc2ccccc2C1C(=O)c1cc(Br)c(O)c(Br)c1,O=C(c1cc(Br)c(O)c(Br)c1)C1c2ccccc2OC1CCO|O=C(O)CC1Oc2ccccc2C1C(=O)c1cc(Br)c(O)c(Br)c1|CC(O)C1Oc2ccccc2C1C(=O)c1cc(Br)c(O)c(Br)c1|CCC1Oc2ccccc2C1C(O)c1cc(Br)c(O)c(Br)c1|CCC1Oc2ccccc2C1C(=O)c1cc(Br)c(O)c(SCC(NC(=O)CCC(N)C(=O)O)C(=O)NCC(=O)O)c1|CCC1Oc2c(O)cccc2C1C(=O)c1cc(Br)c(O)c(Br)c1|CCC1Oc2ccc(O)cc2C1C(=O)c1cc(Br)c(O)c(Br)c1|CCC1Oc2cc(O)ccc2C1C(=O)c1cc(Br)c(O)c(Br)c1|CCC1Oc2ccccc2C1C(=O)c1cc(Br)c(O)c(Br)c1O|CCC1Oc2cccc(O)c2C1C(=O)c1cc(Br)c(O)c(Br)c1|CCc1cc2ccccc2o1|CC=C1Oc2ccccc2C1C(=O)c1cc(Br)c(O)c(Br)c1|CCc1oc2ccccc2c1C(=O)c1cc(Br)c(O)c(Br)c1|O=Cc1cc(Br)c(O)c(Br)c1|CCC1Oc2ccccc2C1C(=O)c1cc(Br)c(OC)c(Br)c1|CCC1Oc2ccccc2C1C(=O)c1cc(Br)c(OS(=O)(=O)O)c(Br)c1|C=CC1Oc2ccccc2C1C(=O)c1cc(Br)c(O)c(Br)c1|CCCC(C(=O)c1cc(Br)c(O)c(Br)c1)C1=CC(=O)C=CC1=O|CCC1Oc2ccccc2C1C(=O)c1cc(O)c(O)c(Br)c1|CCC1Oc2ccccc2C1C(=O)C1(O)C=C(Br)C(=O)C(Br)=C1|CCC1Oc2ccccc2C1(O)C(=O)c1cc(Br)c(O)c(Br)c1|CCC1(O)Oc2ccccc2C1C(=O)c1cc(Br)c(O)c(Br)c1|CCC(O)C(C(=O)c1cc(Br)c(O)c(Br)c1)c1ccccc1O|CCC(=O)C(C(=O)c1cc(Br)c(O)c(Br)c1)c1ccccc1O|CCC1Oc2ccccc2C1C(=O)c1cc(Br)c(OC2OC(C(=O)O)C(O)C(O)C2O)c(Br)c1,Oc1cc(Br)c(O)c(Br)c1|CCC1Oc2ccccc2C1C(=O)c1cc(O)c(O)c(Br)c1|CCC1Oc2cc(O)ccc2C1C(=O)c1cc(Br)c(O)c(Br)c1,O=C(c1cc(Br)c(O)c(Br)c1)C1c2ccccc2OC1CCO|O=C(O)CC1Oc2ccccc2C1C(=O)c1cc(Br)c(O)c(Br)c1|CC(O)C1Oc2ccccc2C1C(=O)c1cc(Br)c(O)c(Br)c1|CCC1Oc2ccccc2C1C(O)c1cc(Br)c(O)c(Br)c1|CCC1Oc2ccccc2C1C(=O)c1cc(Br)c(O)c(SCC(NC(=O)CCC(N)C(=O)O)C(=O)NCC(=O)O)c1
CCCCCCCCc1ccc(CCC(N)(CO)CO)cc1,C=CCCCCCCc1ccc(CCC(N)(CO)CO)cc1|CCCCCCCCc1ccc(CCC(CO)(CO)NC2OC(C(=O)O)C(O)C(O)C2O)cc1|CCCCCCCCc1ccc(CCC(N)(CO)COC2OC(C(=O)O)C(O)C(O)C2O)cc1|CCCCCCCC(O)c1ccc(CCC(N)(CO)CO)cc1|CCCCCCCCc1ccc(CCC(N)(CO)COS(=O)(=O)O)cc1|CCCCC=CCCc1ccc(CCC(N)(CO)CO)cc1|CCCCCCCCc1ccc(CCC(N)(CO)CO)c(O)c1|CCCCCCCCc1ccc(CCC(N)(CO)CO)cc1O|CCCCC(O)CCCc1ccc(CCC(N)(CO)CO)cc1|CCC=CCCCCc1ccc(CCC(N)(CO)CO)cc1|CCCC=CCCCc1ccc(CCC(N)(CO)CO)cc1|CCCCCC=CCc1ccc(CCC(N)(CO)CO)cc1|CCCCCC(O)CCc1ccc(CCC(N)(CO)CO)cc1|CCCCCCCCc1ccc(C=CC(N)(CO)CO)cc1|CCCCCCCCc1ccc(CCC(CO)(CO)NO)cc1|CC(O)CCCCCCc1ccc(CCC(N)(CO)CO)cc1|NC(CO)(CO)CCc1ccc(CCCCCCCC(=O)O)cc1|NC(CO)(CO)CCc1ccc(CCCCCCCCO)cc1|CCCCCCCCc1ccc(CC(O)C(N)(CO)CO)cc1|CCC(O)CCCCCc1ccc(CCC(N)(CO)CO)cc1|CCCCCCCCc1ccc(CCC(N)(C=O)CO)cc1|CCCCCCCCc1ccc(CCC(N)(CO)C(=O)O)cc1|CCCCCCCCc1ccc(CCC(N)(CO)C(O)O)cc1|CCCCCCC(O)Cc1ccc(CCC(N)(CO)CO)cc1|CCCC(O)CCCCc1ccc(CCC(N)(CO)CO)cc1|CC=CCCCCCc1ccc(CCC(N)(CO)CO)cc1|CCCCCCCCc1ccc(C(O)CC(N)(CO)CO)cc1|CCCCCCC=Cc1ccc(CCC(N)(CO)CO)cc1|CCCCCCCCc1ccc(CCC(CO)(CO)NC(C)=O)cc1,CCCCCCCCc1ccc(CC[C@](N)(CO)COP(=O)(O)O)cc1,C=CCCCCCCc1ccc(CCC(N)(CO)CO)cc1|CCCCCCCCc1ccc(CCC(CO)(CO)NC2OC(C(=O)O)C(O)C(O)C2O)cc1|CCCCCCCCc1ccc(CCC(N)(CO)COC2OC(C(=O)O)C(O)C(O)C2O)cc1|CCCCCCCC(O)c1ccc(CCC(N)(CO)CO)cc1|CCCCCCCCc1ccc(CCC(N)(CO)COS(=O)(=O)O)cc1
CCCCNc1ccc(C(=O)OCCOCCOCCOCCOCCOCCOCCOCCOCCOC)cc1,COCCOCCOCCOCCOCCOCCOCCOCCOCCO|COCCOCCOCCOCCOCCOCCOCCOCCOCC=O|CCCCNc1ccc(C(=O)O)cc1|CCCCNc1ccc(C(=O)OCCOCCOCCOCCOCCOCCOCCOCCOCCOC)c(O)c1|CCCCNc1ccc(C(=O)OC=COCCOCCOCCOCCOCCOCCOCCOCCOC)cc1|CCCCNc1ccc(C(=O)OCCOC=COCCOCCOCCOCCOCCOCCOCCOC)cc1|CCCCNc1ccc(C(=O)OCCOCCOCCOCCOCCOCCOC=COCCOCCOC)cc1|CCCCNc1ccc(C(=O)OCCOCCOCCOC=COCCOCCOCCOCCOCCOC)cc1|CCCCNc1ccc(C(=O)OCCOCCOCCOCCOC=COCCOCCOCCOCCOC)cc1|CCCCNc1ccc(C(=O)OCCOCCOCCOCCOCCOCCOCCOC=COCCOC)cc1|CCCCNc1ccc(C(=O)OCCOCCOC=COCCOCCOCCOCCOCCOCCOC)cc1|CCCCNc1ccc(C(=O)OCCOCCOCCOCCOCCOC=COCCOCCOCCOC)cc1|CC=CCNc1ccc(C(=O)OCCOCCOCCOCCOCCOCCOCCOCCOCCOC)cc1|C=CCCNc1ccc(C(=O)OCCOCCOCCOCCOCCOCCOCCOCCOCCOC)cc1|CCCCNc1ccc(C(=O)OCCOCCOCCOCCOCCOCCOCCOCCOC=COC)cc1|CCCC=Nc1ccc(C(=O)OCCOCCOCCOCCOCCOCCOCCOCCOCCOC)cc1|CCC=CNc1ccc(C(=O)OCCOCCOCCOCCOCCOCCOCCOCCOCCOC)cc1|CCCC=[NH+]c1ccc(C(=O)OCCOCCOCCOCCOCCOCCOCCOCCOCCOC)cc1|CCCCNc1ccc(C(=O)OC(O)COCCOCCOCCOCCOCCOCCOCCOCCOC)cc1|COCCOCCOCCOCCOCCOCCO|CCCCNc1ccc(C(=O)OCCOCCOCCOC(O)COCCOCCOCCOCCOCCOC)cc1|CCCCNc1ccc(C(=O)OCCOCCOCCO)cc1|COCCOCCOCCOCCOCCOCC=O|CCCCNc1ccc(C(=O)OCCOCCOCCOCCOCCOCCOCCOCCOCCOC)cc1O|CCCCNc1ccc(C(=O)OCCOCCOCC(O)OCCOCCOCCOCCOCCOCCOC)cc1|CCCCNc1ccc(C(=O)OCCOCC(O)OCCOCCOCCOCCOCCOCCOCCOC)cc1|CCCCNc1ccc(C(=O)OCCOCCOCC=O)cc1|CCCCNc1ccc(C(=O)OCCOCCOCCOCCOC(O)COCCOCCOCCOCCOC)cc1|CCCCNc1ccc(C(=O)OCCOCCOCCOCCOCCOCCOCCOCC(O)OCCOC)cc1|CCCCNc1ccc(C(=O)OCCOCCOCCOCCOCCOCCOCC(O)OCCOCCOC)cc1|CCCCNc1ccc(C(=O)OCCOCCOCCOCCOCCOC(O)COCCOCCOCCOC)cc1|CCCCNc1ccc(C(=O)OCC=O)cc1|COCCOCCOCCOCCOCCOCCOCCOCC=O|CCCCNc1ccc(C(=O)OCCOC(O)COCCOCCOCCOCCOCCOCCOCCOC)cc1|COCCOCCOCCOCCOCCOCCOCCOCCO|CCCCNc1ccc(C(=O)OCC(O)OCCOCCOCCOCCOCCOCCOCCOCCOC)cc1|CCC(O)CNc1ccc(C(=O)OCCOCCOCCOCCOCCOCCOCCOCCOCCOC)cc1|CCCCNc1ccc(C(=O)OCCO)cc1|CCCCNc1ccc(C(=O)OCCOCCOCCOCCOCCOCCOC(O)COCCOCCOC)cc1|CCCCO|CCCCN(O)c1ccc(C(=O)OCCOCCOCCOCCOCCOCCOCCOCCOCCOC)cc1|CCCC(O)Nc1ccc(C(=O)OCCOCCOCCOCCOCCOCCOCCOCCOCCOC)cc1|COCCOCCOCCOCCOCCOCCOCCOCCOCCOC(=O)c1ccc(N)cc1|CCCC=O|COCCOCCOCCOCCO|COCCOCCOCCOCC=O|COCCOCCOCCOCCOCC=O|CCCCNc1ccc(C(=O)OCCOCCOCCOCCOCC(O)OCCOCCOCCOCCOC)cc1|CCCCNc1ccc(C(=O)OCCOCCOCCOCC(O)OCCOCCOCCOCCOCCOC)cc1|CCCCNc1ccc(C(=O)OCCOCCOCCOCCO)cc1|CCCCNc1ccc(C(=O)OCCOCCOCCOCC=O)cc1|COCCOCCOCCOCCOCCO|CCCCNc1ccc(C(=O)OCCOCCOCCOCCOCCO)cc1|CCCCNc1ccc(C(=O)OCCOCCOCCOCCOCC=O)cc1|COCCOCC=O|CCCCNc1ccc(C(=O)OCCOCCOCCOCCOCCOCCOCCOC(O)COCCOC)cc1|CCCCNc1ccc(C(=O)OCCOCCOCCOCCOCCOCCOCC=O)cc1|CCCCNc1ccc(C(=O)OCCOCCOCCOCCOCCOCCOCCO)cc1|COCCOCCO|COCCOCCOCCOCCOCCOCCOCC=O|CCCCNc1ccc(C(=O)OCCOCC=O)cc1|CCCCNc1ccc(C(=O)OCCOCCO)cc1|COCCOCCOCCOCCOCCOCCOCCO|CCCCNc1ccc(C(=O)OCCOCCOC(O)COCCOCCOCCOCCOCCOCCOC)cc1|COCCOCCOCC=O|CCCCNc1ccc(C(=O)OCCOCCOCCOCCOCCOCCO)cc1|CCCCNc1ccc(C(=O)OCCOCCOCCOCCOCCOCC(O)OCCOCCOCCOC)cc1|CCCCNc1ccc(C(=O)OCCOCCOCCOCCOCCOCC=O)cc1|COCCOCCOCCO|COCCOCCOCCOCCOCCOCCOCCOCCOCCOC(=O)c1ccc(NCCCC(=O)O)cc1|COCCOCCOCCOCCOCCOCCOCCOCCOCCOC(=O)c1ccc(NCCCCO)cc1|COCCOCCOCCOCCOCCOCCOCCOCCOCCOC(=O)c1ccc(NCCC(C)O)cc1|CCCCNc1ccc(C(=O)OCCOCCOCCOCCOCCOCCOCCOCCO)cc1|CCCCNc1ccc(C(=O)OCCOCCOCCOCCOCCOCCOCCOCCOC(O)COC)cc1|COCC=O|COCCO|CCCCNc1ccc(C(=O)OCCOCCOCCOCCOCCOCCOCCOCC=O)cc1|CCCCN(c1ccc(C(=O)OCCOCCOCCOCCOCCOCCOCCOCCOCCOC)cc1)C1OC(C(=O)O)C(O)C(O)C1O|CCCCNc1ccc(C(=O)OCCOCCOCCOCCOCCOCCOCCOCCOCC(O)OC)cc1|CCCCNc1ccc(C(=O)OCCOCCOCCOCCOCCOCCOCCOCCOCC=O)cc1|CCCCNc1ccc(C(=O)OCCOCCOCCOCCOCCOCCOCCOCCOCCOCO)cc1|CCCCNc1ccc(C(=O)OCCOCCOCCOCCOCCOCCOCCOCCOCCO)cc1,CCCCNc1ccc(C(=O)O)cc1,COCCOCCOCCOCCOCCOCCOCCOCCOCCO|COCCOCCOCCOCCOCCOCCOCCOCCOCC=O|CCCCNc1ccc(C(=O)O)cc1|CCCCNc1ccc(C(=O)OCCOCCOCCOCCOCCOCCOCCOCCOCCOC)c(O)c1|CCCCNc1ccc(C(=O)OC=COCCOCCOCCOCCOCCOCCOCCOCCOC)cc1
CCCCc1oc2ccccc2c1C(=O)c1cc(I)c(OCCN(CC)CC)c(I)c1,CCN(CC)CCO|CCN(CC)CC=O|CCCCc1oc2ccccc2c1C(=O)c1cc(I)c(OC(O)CN(CC)CC)c(I)c1|CCCCc1oc2ccccc2c1C(=O)c1cc(I)c(O)c(I)c1|CCCCc1oc2ccccc2c1C(=O)c1cc(I)c(OCCN(CC)C(C)O)c(I)c1|CCCCc1oc2ccccc2c1C(=O)c1cc(I)c(OCCNCC)c(I)c1|CCCCc1oc2ccccc2c1C(=O)c1cc(I)c(OCC[N+]([O-])(CC)CC)c(I)c1|CCCCc1oc2ccccc2c1C(=O)c1cc(I)c(OCCN(CC)CC)c(I)c1O|CCCCc1oc2ccccc2c1C(=O)c1cc(O)c(OCCN(CC)CC)c(I)c1|CCCCc1oc2ccccc2c1C(=O)c1cc(I)c(OCCN(CC)CC)c(SCC(NC(=O)CCC(N)C(=O)O)C(=O)NCC(=O)O)c1|CCCCc1oc2ccccc2c1C(=O)c1ccc(OCCN(CC)CC)c(I)c1|CCC=Cc1oc2ccccc2c1C(=O)c1cc(I)c(OCCN(CC)CC)c(I)c1|CCCCc1oc2cccc(O)c2c1C(=O)c1cc(I)c(OCCN(CC)CC)c(I)c1|CCCCc1oc2ccccc2c1C(O)c1cc(I)c(OCCN(CC)CC)c(I)c1|CCCCc1oc2ccccc2c1C(=O)c1cc(I)c(OCCN(CC)CCO)c(I)c1|CCCC(O)c1oc2ccccc2c1C(=O)c1cc(I)c(OCCN(CC)CC)c(I)c1|CCC(O)Cc1oc2ccccc2c1C(=O)c1cc(I)c(OCCN(CC)CC)c(I)c1|CCCCc1oc2ccccc2c1C(=O)c1cc(I)c(OCC=[N+](CC)CC)c(I)c1|CCN(CC)CC|CCCCc1oc2ccccc2c1C(=O)c1cc(I)c(OC=CN(CC)CC)c(I)c1|CCCCc1oc2ccccc2c1C(=O)C1(O)C=C(I)C(=O)C(I)=C1|CC=[N+](CC)CCOc1c(I)cc(C(=O)c2c(CCCC)oc3ccccc23)cc1I|C=CN(CC)CCOc1c(I)cc(C(=O)c2c(CCCC)oc3ccccc23)cc1I|C=CCCc1oc2ccccc2c1C(=O)c1cc(I)c(OCCN(CC)CC)c(I)c1|CC=CCc1oc2ccccc2c1C(=O)c1cc(I)c(OCCN(CC)CC)c(I)c1|CCCCc1oc2cc(O)ccc2c1C(=O)c1cc(I)c(OCCN(CC)CC)c(I)c1|CCCCc1oc2c(O)cccc2c1C(=O)c1cc(I)c(OCCN(CC)CC)c(I)c1|CCCCc1oc2ccc(O)cc2c1C(=O)c1cc(I)c(OCCN(CC)CC)c(I)c1|CCCCc1oc2ccccc2c1C(=O)c1cc(I)c(OCC(O)N(CC)CC)c(I)c1|CCCCc1oc2ccccc2c1C(=O)c1cc(I)c(OCCO)c(I)c1|CCCCc1oc2ccccc2c1C(=O)c1cc(I)c(OCC=O)c(I)c1|CCNCC|CCN(CC)CCOc1c(I)cc(C(=O)c2c(CCC(C)O)oc3ccccc23)cc1I|CCN(CC)CCOc1c(I)cc(C(=O)c2c(CCCCO)oc3ccccc23)cc1I|CCN(CC)CCOc1c(I)cc(C(=O)c2c(CCCC(=O)O)oc3ccccc23)cc1I,CCCCc1oc2ccccc2c1C(=O)c1cc(I)c(OCCNCC)c(I)c1,CCN(CC)CCO|CCN(CC)CC=O|CCCCc1oc2ccccc2c1C(=O)c1cc(I)c(OC(O)CN(CC)CC)c(I)c1|CCCCc1oc2ccccc2c1C(=O)c1cc(I)c(O)c(I)c1|CCCCc1oc2ccccc2c1C(=O)c1cc(I)c(OCCN(CC)C(C)O)c(I)c1
CCCSc1nc(N[C@@H]2C[C@H]2c2ccc(F)c(F)c2)c2nnn([C@@H]3C[C@H](OCCO)[C@@H](O)[C@H]3O)c2n1,OCCO|CCCSc1nc(N[C@@H]2C[C@H]2c2ccc(F)c(F)c2)c2nnn([C@@H]3CC(=O)[C@@H](O)[C@H]3O)c2n1|O=CCO|CCCSc1nc(N[C@@H]2C[C@H]2c2ccc(F)c(F)c2)c2nnn([C@@H]3C[C@H](O)[C@@H](O)[C@H]3O)c2n1|CCCSc1nc(N[C@@H]2C[C@H]2c2ccc(F)c(F)c2)c2nnn([C@@H]3C[C@H](OC(O)CO)[C@@H](O)[C@H]3O)c2n1|CCCSc1nc(N[C@@H]2C[C@H]2c2ccc(F)c(F)c2)c2nnn(C3=C(O)[C@H](O)[C@@H](OCCO)C3)c2n1|CCCSc1nc(N[C@@H]2C[C@H]2c2ccc(F)c(F)c2)c2nnn(C3=C[C@H](OCCO)[C@@H](O)[C@H]3O)c2n1|CCCSc1nc(N[C@@H]2C[C@H]2c2ccc(F)c(F)c2)c2nnn([C@@H]3C=C(OCCO)[C@@H](O)[C@H]3O)c2n1|CCCSc1nc(N[C@@H]2C[C@H]2c2ccc(F)c(O)c2)c2nnn([C@@H]3C[C@H](OCCO)[C@@H](O)[C@H]3O)c2n1|CCCSc1nc(N[C@@H]2C[C@H]2c2ccc(F)c(F)c2)c2nnn([C@@H]3C[C@H](OCC(O)O)[C@@H](O)[C@H]3O)c2n1|CCCSc1nc(N[C@@H]2C[C@H]2c2ccc(F)c(F)c2)c2nnn([C@@H]3CC(OCCO)=C(O)[C@H]3O)c2n1|CCCSc1nc(N[C@@H]2C[C@H]2c2ccc(F)c(F)c2)c2nnn([C@@H]3C[C@H](OCCO)C(O)=C3O)c2n1|CCCSc1nc(N[C@@H]2C[C@H]2c2ccc(F)c(F)c2)c2nnn([C@]3(O)C[C@H](OCCO)[C@@H](O)[C@H]3O)c2n1|CCCSc1nc(N[C@@H]2C[C@H]2c2ccc(F)c(F)c2)c2nnn([C@@H]3C(O)[C@H](OCCO)[C@@H](O)[C@H]3O)c2n1|CCCSc1nc(N[C@@H]2C[C@H]2c2ccc(F)c(F)c2)c2nnn([C@@H]3C[C@H](OCCO)[C@@H](O)C3(O)O)c2n1|CCCSc1nc(N[C@@H]2C[C@H]2c2ccc(F)c(F)c2)c2nnn(C3=C[C@H](O)[C@@H](OCCO)C3)c2n1|CCCSc1nc(N[C@@H]2C[C@H]2c2ccc(F)c(F)c2)c2nnn([C@@H]3C[C@H](OCCO)[C@@H](O)C3=O)c2n1|CCCSc1nc(N[C@@H]2C=C2c2ccc(F)c(F)c2)c2nnn([C@@H]3C[C@H](OCCO)[C@@H](O)[C@H]3O)c2n1|CCCSc1nc(N[C@@H]2C[C@H]2c2ccc(F)c(F)c2)c2c(n1)n([C@@H]1C[C@H](OCCO)[C@@H](O)[C@H]1O)n[n+]2C1OC(C(=O)O)C(O)C(O)C1O|CCCSc1nc(N[C@@H]2C[C@H]2c2ccc(F)c(F)c2)c2nnn([C@@H]3C[C@](O)(OCCO)[C@@H](O)[C@H]3O)c2n1|C=CCSc1nc(N[C@@H]2C[C@H]2c2ccc(F)c(F)c2)c2nnn([C@@H]3C[C@H](OCCO)[C@@H](O)[C@H]3O)c2n1|CCCSc1nc(N[C@@H]2C[C@H]2c2ccc(O)c(F)c2)c2nnn([C@@H]3C[C@H](OCCO)[C@@H](O)[C@H]3O)c2n1|CCCSc1nc2c(nnn2[C@@H]2C[C@H](OCCO)[C@@H](O)[C@H]2O)c(N[C@@H]2C[C@H]2c2ccc(F)c(F)c2)[n+]1C1OC(C(=O)O)C(O)C(O)C1O|CC=CSc1nc(N[C@@H]2C[C@H]2c2ccc(F)c(F)c2)c2nnn([C@@H]3C[C@H](OCCO)[C@@H](O)[C@H]3O)c2n1|CCCSc1nc(N[C@@H]2C[C@H]2c2ccc(F)c(F)c2)c2nnn([C@@H]3C[C@H](OCCO)C(O)(O)[C@H]3O)c2n1|CCCSc1nc(N[C@@H]2C[C@H]2c2ccc(F)c(F)c2)c2nnn([C@@H]3C[C@H](OCCO)C(=O)[C@H]3O)c2n1|CCCSc1nc(N[C@@H]2C[C@H]2c2ccc(F)c(F)c2)c2n[n+](C3OC(C(=O)O)C(O)C(O)C3O)n([C@@H]3C[C@H](OCCO)[C@@H](O)[C@H]3O)c2n1|CCCSc1nc2c(nnn2[C@@H]2C[C@H](OCCO)[C@@H](O)[C@H]2O)c(N[C@@H]2C[C@H]2c2ccc(F)c(F)c2)[n+]1[O-]|CCCSc1nc(N[C@@H]2C[C@H]2c2ccc(F)c(F)c2)c2nnn([C@@H]3C[C@H](OCCO)[C@@H](O)[C@H]3O)c2[n+]1C1OC(C(=O)O)C(O)C(O)C1O|CCCSc1nc(N[C@@H]2C[C@H]2c2ccc(F)c(F)c2)c2nnn([C@@H]3C[C@H](OCC=O)[C@@H](O)[C@H]3O)c2n1|CCCSc1nc(N[C@@H]2C[C@H]2c2ccc(F)c(F)c2)c2nnn([C@@H]3C[C@H](OCC(=O)O)[C@@H](O)[C@H]3O)c2n1|CCCSc1nc(N[C@@H]2C[C@H]2c2ccc(F)c(F)c2)c2c(n1)[N+]([O-])([C@@H]1C[C@H](OCCO)[C@@H](O)[C@H]1O)N=N2|O=C1C[C@H](OCCO)[C@@H](O)[C@H]1O|CCCSc1nc(N[C@@H]2C[C@H]2c2ccc(F)c(F)c2)c2nn[nH]c2n1|CCCSc1nc(N[C@@H]2C[C@H]2c2ccc(F)c(F)c2)c2nnn([C@@H]3C[C@H](OCCO)[C@@H](O)[C@H]3O)c2[n+]1[O-]|CCCSc1nc(N[C@@H]2C[C@H]2c2ccc(F)c(F)c2O)c2nnn([C@@H]3C[C@H](OCCO)[C@@H](O)[C@H]3O)c2n1|CCCSc1nc(N[C@@H]2C[C@H]2c2cc(F)c(F)cc2O)c2nnn([C@@H]3C[C@H](OCCO)[C@@H](O)[C@H]3O)c2n1|CCCSc1nc(N[C@@H]2C[C@H]2c2ccc(F)c(F)c2)c2c(n1)n([C@@H]1C[C@H](OCCO)[C@@H](O)[C@H]1O)n[n+]2[O-]|CCCSc1nc2c(nnn2[C@@H]2C[C@H](OCCO)[C@@H](O)[C@H]2O)c(=O)[nH]1|N[C@@H]1C[C@H]1c1ccc(F)c(F)c1|CCCSc1nc(N[C@@H]2C(O)[C@H]2c2ccc(F)c(F)c2)c2nnn([C@@H]3C[C@H](OCCO)[C@@H](O)[C@H]3O)c2n1|CCCSc1nc(N(C2OC(C(=O)O)C(O)C(O)C2O)[C@@H]2C[C@H]2c2ccc(F)c(F)c2)c2nnn([C@@H]3C[C@H](OCCO)[C@@H](O)[C@H]3O)c2n1|CCCSc1nc(N[C@@H]2C[C@@]2(O)c2ccc(F)c(F)c2)c2nnn([C@@H]3C[C@H](OCCO)[C@@H](O)[C@H]3O)c2n1|CCCSc1nc(N[C@@H]2C[C@H]2c2ccc(F)c(F)c2)c2nnn([C@@H]3C[C@H](OCCO)[C@@H](OC4OC(C(=O)O)C(O)C(O)C4O)[C@H]3O)c2n1|CCCSc1nc([NH+]=C2C[C@H]2c2ccc(F)c(F)c2)c2nnn([C@@H]3C[C@H](OCCO)[C@@H](O)[C@H]3O)c2n1|CCCSc1nc(N=C2C[C@H]2c2ccc(F)c(F)c2)c2nnn([C@@H]3C[C@H](OCCO)[C@@H](O)[C@H]3O)c2n1|CCCSc1nc(NC2=C[C@H]2c2ccc(F)c(F)c2)c2nnn([C@@H]3C[C@H](OCCO)[C@@H](O)[C@H]3O)c2n1|CCCSc1nc(NC2=C(c3ccc(F)c(F)c3)C2)c2nnn([C@@H]3C[C@H](OCCO)[C@@H](O)[C@H]3O)c2n1|CCCSc1nc(N[C@@H]2C[C@H]2c2cc(O)c(F)c(F)c2)c2nnn([C@@H]3C[C@H](OCCO)[C@@H](O)[C@H]3O)c2n1|CCCSc1nc(N[C@@H]2C[C@H]2c2ccc(F)c(F)c2)c2nnn([C@@H]3C[C@H](OC=CO)[C@@H](O)[C@H]3O)c2n1|CC(O)CSc1nc(N[C@@H]2C[C@H]2c2ccc(F)c(F)c2)c2nnn([C@@H]3C[C@H](OCCO)[C@@H](O)[C@H]3O)c2n1|OCCCSc1nc(N[C@@H]2C[C@H]2c2ccc(F)c(F)c2)c2nnn([C@@H]3C[C@H](OCCO)[C@@H](O)[C@H]3O)c2n1|O=C(O)CCSc1nc(N[C@@H]2C[C@H]2c2ccc(F)c(F)c2)c2nnn([C@@H]3C[C@H](OCCO)[C@@H](O)[C@H]3O)c2n1|CCC(O)Sc1nc(N[C@@H]2C[C@H]2c2ccc(F)c(F)c2)c2nnn([C@@H]3C[C@H](OCCO)[C@@H](O)[C@H]3O)c2n1|CCCSc1nc(N[C@@H]2C[C@H]2c2ccc(F)c(F)c2)c2nnn([C@@H]3C[C@H](OCCOC4OC(C(=O)O)C(O)C(O)C4O)[C@@H](O)[C@H]3O)c2n1|OCCO[C@H]1C[C@@H](n2nnc3c(N[C@@H]4C[C@H]4c4ccc(F)c(F)c4)nc(S)nc32)[C@H](O)[C@@H]1O|CCCO|CCCS(=O)c1nc(N[C@@H]2C[C@H]2c2ccc(F)c(F)c2)c2nnn([C@@H]3C[C@H](OCCO)[C@@H](O)[C@H]3O)c2n1|CCCSc1nc(N[C@@H]2C[C@H]2c2ccc(F)c(F)c2)c2nnn([C@@H]3C[C@H](OCCO)[C@@H](O)[C@H]3OC3OC(C(=O)O)C(O)C(O)C3O)c2n1|CCCSc1nc(N(O)[C@@H]2C[C@H]2c2ccc(F)c(F)c2)c2nnn([C@@H]3C[C@H](OCCO)[C@@H](O)[C@H]3O)c2n1|CCCSc1nc(N[C@]2(O)C[C@H]2c2ccc(F)c(F)c2)c2nnn([C@@H]3C[C@H](OCCO)[C@@H](O)[C@H]3O)c2n1|CCCSc1nc(N)c2nnn([C@@H]3C[C@H](OCCO)[C@@H](O)[C@H]3O)c2n1|O=C1C[C@H]1c1ccc(F)c(F)c1|CCCSc1nc(N[C@@H]2C[C@H]2c2ccc(F)c(F)c2)c2nnn([C@@H]3C[C@H](OCCOS(=O)(=O)O)[C@@H](O)[C@H]3O)c2n1,CCCSc1nc(N)c2nnn([C@@H]3C[C@H](OCCO)[C@@H](O)[C@H]3O)c2n1|CCCSc1nc(N[C@@H]2C[C@H]2c2ccc(F)c(F)c2)c2nnn([C@@H]3C[C@H](O)[C@@H](O)[C@H]3O)c2n1,OCCO|CCCSc1nc(N[C@@H]2C[C@H]2c2ccc(F)c(F)c2)c2nnn([C@@H]3CC(=O)[C@@H](O)[C@H]3O)c2n1|O=CCO|CCCSc1nc(N[C@@H]2C[C@H]2c2ccc(F)c(F)c2)c2nnn([C@@H]3C[C@H](O)[C@@H](O)[C@H]3O)c2n1|CCCSc1nc(N[C@@H]2C[C@H]2c2ccc(F)c(F)c2)c2nnn([C@@H]3C[C@H](OC(O)CO)[C@@H](O)[C@H]3O)c2n1
CCC[C@@H]1C[C@@H](C(=O)NC(C(C)Cl)[C@H]2O[C@H](SC)[C@H](O)[C@@H](O)[C@H]2O)N(C)C1,CCC[C@@H]1C[C@@H](C(=O)NC(C(C)Cl)[C@H]2O[C@H](SC)[C@H](O)[C@@H](O)[C@H]2O)N(C)C1O|CCC[C@@H]1C[C@@H](C(=O)NC(C(C)Cl)[C@H]2O[C@H](SC)[C@H](O)[C@@H](O)[C@H]2O)[N+](C)([O-])C1|CCC[C@@H](C=O)C[C@H](NC)C(=O)NC(C(C)Cl)[C@H]1O[C@H](SC)[C@H](O)[C@@H](O)[C@H]1O|CCC[C@H]1CN[C@H](C(=O)NC(C(C)Cl)[C@H]2O[C@H](SC)[C@H](O)[C@@H](O)[C@H]2O)C1|CCC[C@@H]1C[C@@H](C(=O)NC(C(C)Cl)[C@H]2O[C@H](SC)[C@H](O)[C@@H](O)[C@H]2O)N(CO)C1|CS[C@H]1O[C@H](C(NC(=O)[C@@H]2C[C@@H](CC(C)O)CN2C)C(C)Cl)[C@H](O)[C@H](O)[C@H]1O|CS[C@H]1O[C@H](C(NC(=O)[C@@H]2C[C@@H](CCC(=O)O)CN2C)C(C)Cl)[C@H](O)[C@H](O)[C@H]1O|CS[C@H]1O[C@H](C(NC(=O)[C@@H]2C[C@@H](CCCO)CN2C)C(C)Cl)[C@H](O)[C@H](O)[C@H]1O|CCC[C@@H]1C[C@@H](C(=O)NC(=C2O[C@H](SC)[C@H](O)[C@@H](O)[C@H]2O)C(C)Cl)N(C)C1|CCC[C@@H]1C=C(C(=O)NC(C(C)Cl)[C@H]2O[C@H](SC)[C@H](O)[C@@H](O)[C@H]2O)N(C)C1|CCC[C@@H]1C[C@@H](C(=O)N=C(C(C)Cl)[C@H]2O[C@H](SC)[C@H](O)[C@@H](O)[C@H]2O)N(C)C1|CCC[C@@H]1C[C@@H](C(=O)[NH+]=C(C(C)Cl)[C@H]2O[C@H](SC)[C@H](O)[C@@H](O)[C@H]2O)N(C)C1|CCC[C@@H]1C[C@@H](C(=O)NC(C(C)Cl)[C@H]2O[C@H](SC)[C@H](O)C(O)=C2O)N(C)C1|CCC[C@@H]1C[C@@H](C(=O)NC(C2=C(O)[C@H](O)[C@@H](O)[C@@H](SC)O2)C(C)Cl)N(C)C1|CCCC1=C[C@@H](C(=O)NC(C(C)Cl)[C@H]2O[C@H](SC)[C@H](O)[C@@H](O)[C@H]2O)N(C)C1|CCC=C1C[C@@H](C(=O)NC(C(C)Cl)[C@H]2O[C@H](SC)[C@H](O)[C@@H](O)[C@H]2O)N(C)C1|CCC[C@@H]1CC(C(=O)NC(C(C)Cl)[C@H]2O[C@H](SC)[C@H](O)[C@@H](O)[C@H]2O)=[N+](C)C1|CCC[C@@H]1C[C@@H](C(=O)NC(=C(C)Cl)[C@H]2O[C@H](SC)[C@H](O)[C@@H](O)[C@H]2O)N(C)C1|C=C(Cl)C(NC(=O)[C@@H]1C[C@@H](CCC)CN1C)[C@H]1O[C@H](SC)[C@H](O)[C@@H](O)[C@H]1O|CCC[C@H]1CN(C)[C@H](C(=O)NC(C(C)Cl)[C@H]2O[C@H](SC)[C@H](O)[C@@H](O)[C@H]2O)C1O|CCC[C@@H]1C[C@@H](C(=O)NC(C(C)Cl)[C@H]2O[C@H](SC)C(O)=C(O)[C@H]2O)N(C)C1|CCC[C@@H]1C[C@@H](C(=O)NC(C(C)Cl)[C@H]2OC(SC)=C(O)[C@@H](O)[C@H]2O)N(C)C1|CCC[C@@H]1C=CN(C)C1|CS[C@H]1O[C@H](C(NC=O)C(C)Cl)[C@H](O)[C@H](O)[C@H]1O|CCC[C@@H]1C[C@H]2C(=O)N(C(C(C)Cl)[C@H]3O[C@H](SC)[C@H](O)[C@@H](O)[C@H]3O)CN2C1|C=[N+]1C[C@H](CCC)C[C@H]1C(=O)NC(C(C)Cl)[C@H]1O[C@H](SC)[C@H](O)[C@@H](O)[C@H]1O|CCCC1=CN(C)[C@H](C(=O)NC(C(C)Cl)[C@H]2O[C@H](SC)[C@H](O)[C@@H](O)[C@H]2O)C1|CCC[C@H]1C=[N+](C)[C@H](C(=O)NC(C(C)Cl)[C@H]2O[C@H](SC)[C@H](O)[C@@H](O)[C@H]2O)C1|CCC[C@@H]1C[C@H]2C(=O)N(C(C(C)Cl)[C@H]3O[C@H](SC)[C@H](O)[C@@H](O)[C@H]3O)C1N2C|CCC[C@@H]1C[C@@H](C(=O)NC(C(C)Cl)[C@H]2O[C@H](SC)[C@H](O)C(O)(O)[C@H]2O)N(C)C1|CCC[C@@H]1C[C@@H](C(N)=O)N(C)C1|CCC[C@@H]1C[C@@H](C(=O)NC(C(C)Cl)[C@@]2(O)O[C@H](SC)[C@H](O)[C@@H](O)[C@H]2O)N(C)C1|CS[C@H]1O[C@H](C(=O)C(C)Cl)[C@H](O)[C@H](O)[C@H]1O|CC=C[C@@H]1C[C@@H](C(=O)NC(C(C)Cl)[C@H]2O[C@H](SC)[C@H](O)[C@@H](O)[C@H]2O)N(C)C1|CCC(O)[C@@H]1C[C@@H](C(=O)NC(C(C)Cl)[C@H]2O[C@H](SC)[C@H](O)[C@@H](O)[C@H]2O)N(C)C1|CCC[C@@H]1C[C@@H](C(=O)NC(C(C)Cl)[C@H]2O[C@H](SC)[C@H](O)[C@@H](O)C2(O)O)N(C)C1|CCC[C@@H]1C[C@@H](C(=O)NC(C(C)Cl)[C@H]2O[C@H](SC)[C@H](O)[C@@H](O)C2=O)N(C)C1|C=CC[C@@H]1C[C@@H](C(=O)NC(C(C)Cl)[C@H]2O[C@H](SC)[C@H](O)[C@@H](O)[C@H]2O)N(C)C1|CCC[C@]1(O)C[C@@H](C(=O)NC(C(C)Cl)[C@H]2O[C@H](SC)[C@H](O)[C@@H](O)[C@H]2O)N(C)C1|CCC[C@@H]1C[C@@H](C(=O)NC(C(C)Cl)[C@H]2O[C@H](SC)[C@H](O)C(=O)[C@H]2O)N(C)C1|CCC[C@@H]1C[C@@H](C(=O)NC(C(C)Cl)[C@H]2O[C@](O)(SC)[C@H](O)[C@@H](O)[C@H]2O)N(C)C1|CCC[C@@H](CNC)CC(=O)C(=O)NC(C(C)Cl)[C@H]1O[C@H](SC)[C@H](O)[C@@H](O)[C@H]1O|CCC[C@@H]1C[C@@H](C(=O)NC([C@H]2O[C@H](SC)[C@H](O)[C@@H](O)[C@H]2O)C(C)(O)Cl)N(C)C1|CCC[C@@H]1C[C@@H](C(=O)NC(O)(C(C)Cl)[C@H]2O[C@H](SC)[C@H](O)[C@@H](O)[C@H]2O)N(C)C1|CCC[C@@H]1C[C@@H](C(=O)NC(C(=O)[C@H](O)[C@H](O)[C@@H](O)[C@H](O)SC)C(C)Cl)N(C)C1|CCC[C@@H]1C[C@@H](C(=O)NC(C(C)Cl)[C@@H](O)[C@H](O)[C@H](O)[C@@H](O)C(=O)SC)N(C)C1|CCC[C@@H]1C[C@@H](C(=O)NC(C(C)O)[C@H]2O[C@H](SC)[C@H](O)[C@@H](O)[C@H]2O)N(C)C1|CCC[C@@H]1C[C@@H](C(=O)NC(C(C)=O)[C@H]2O[C@H](SC)[C@H](O)[C@@H](O)[C@H]2O)N(C)C1|CCC[C@@H]1C[C@@H](C(=O)NC(C(Cl)CO)[C@H]2O[C@H](SC)[C@H](O)[C@@H](O)[C@H]2O)N(C)C1|CCC[C@@H]1C[C@@H](C(=O)NC(C(C)Cl)[C@H]2O[C@H](S(C)=O)[C@H](O)[C@@H](O)[C@H]2O)N(C)C1|CCC[C@@H]1C[C@@H](C(=O)NC(C(C)Cl)[C@H]2O[C@H](S)[C@H](O)[C@@H](O)[C@H]2O)N(C)C1|CCC[C@@H]1C[C@@H](C(=O)NC(C(C)Cl)[C@H]2OC(=O)[C@H](O)[C@@H](O)[C@H]2O)N(C)C1|CCC[C@@H]1C[C@@H](C(=O)NC(C(C)Cl)[C@H]2O[C@H](SCO)[C@H](O)[C@@H](O)[C@H]2O)N(C)C1|CCC[C@@H]1C[C@@H](C(=O)NC(C(C)Cl)[C@H]2O[C@H](SC)C(=O)[C@@H](O)[C@H]2O)N(C)C1|CCC[C@@H]1C[C@@H](C(=O)NC(C(C)Cl)[C@H]2O[C@H](SC)C(O)(O)[C@@H](O)[C@H]2O)N(C)C1|CCC[C@@H]1C[C@@H](C(=O)O)N(C)C1|CCC[C@@H]1C[C@@H](C(=O)N(O)C(C(C)Cl)[C@H]2O[C@H](SC)[C@H](O)[C@@H](O)[C@H]2O)N(C)C1|CS[C@H]1O[C@H](C(N)C(C)Cl)[C@H](O)[C@H](O)[C@H]1O|CCC[C@H]1CN(C)[C@](O)(C(=O)NC(C(C)Cl)[C@H]2O[C@H](SC)[C@H](O)[C@@H](O)[C@H]2O)C1|CCC[C@@H]1C[C@@H](C(=O)NC(C(C)Cl)[C@H]2O[C@H](SC)[C@H](O)[C@@H](O)[C@H]2O)[N+](C)(C2OC(C(=O)O)C(O)C(O)C2O)C1,CCC[C@H]1CN[C@H](C(=O)NC(C(C)Cl)[C@H]2O[C@H](SC)[C@H](O)[C@@H](O)[C@H]2O)C1|CCC[C@@H]1C[C@@H](C(=O)NC(C(C)Cl)[C@H]2O[C@H](S(C)=O)[C@H](O)[C@@H](O)[C@H]2O)N(C)C1,CCC[C@@H]1C[C@@H](C(=O)NC(C(C)Cl)[C@H]2O[C@H](SC)[C@H](O)[C@@H](O)[C@H]2O)N(C)C1O|CCC[C@@H]1C[C@@H](C(=O)NC(C(C)Cl)[C@H]2O[C@H](SC)[C@H](O)[C@@H](O)[C@H]2O)[N+](C)([O-])C1|CCC[C@@H](C=O)C[C@H](NC)C(=O)NC(C(C)Cl)[C@H]1O[C@H](SC)[C@H](O)[C@@H](O)[C@H]1O|CCC[C@H]1CN[C@H](C(=O)NC(C(C)Cl)[C@H]2O[C@H](SC)[C@H](O)[C@@H](O)[C@H]2O)C1|CCC[C@@H]1C[C@@H](C(=O)NC(C(C)Cl)[C@H]2O[C@H](SC)[C@H](O)[C@@H](O)[C@H]2O)N(CO)C1
CCN(CC)CCNC(=O)c1cc(Cl)c(N)cc1OC,CCN(CC)CCNC(=O)c1cc(Cl)c(N)c(O)c1OC|CCN(CC)CCNC(=O)c1cc(Cl)c(NO)cc1OC|CCN(CC)CCNC(=O)c1cc(Cl)c(NS(=O)(=O)O)cc1OC|CCN(CC)CCNC(=O)c1cc(Cl)c(NC2OC(C(=O)O)C(O)C(O)C2O)cc1OC|CCN(CC)CC=NC(=O)c1cc(Cl)c(N)cc1OC|CCN(CC)CC=[NH+]C(=O)c1cc(Cl)c(N)cc1OC|CCN(CC)CCNC(=O)c1cc(O)c(N)cc1OC|CCN(CC)CC(O)NC(=O)c1cc(Cl)c(N)cc1OC|CCN(CCO)CCNC(=O)c1cc(Cl)c(N)cc1OC|CCN(CC)CCNC(=O)c1cc(Cl)c(N)cc1OCO|CCN(CC)CCNC(=O)c1cc(Cl)c(N)cc1O|CCN(CC)CCN(O)C(=O)c1cc(Cl)c(N)cc1OC|CCN(CC)CCN|COc1cc(N)c(Cl)cc1C(=O)O|CCN(CC)CCNC(=O)C1=CC(=O)C(N)=CC1=O|CCN(C=CNC(=O)c1cc(Cl)c(N)cc1OC)CC|CC[N+](=CCNC(=O)c1cc(Cl)c(N)cc1OC)CC|CCN(CC)CCNC(=O)c1cc(SCC(NC(=O)CCC(N)C(=O)O)C(=O)NCC(=O)O)c(N)cc1OC|CC[N+]([O-])(CC)CCNC(=O)c1cc(Cl)c(N)cc1OC|CCN(CCNC(=O)c1cc(Cl)c(N)cc1OC)C(C)O|CCNCCNC(=O)c1cc(Cl)c(N)cc1OC|CCN1CCN(C(=O)c2cc(Cl)c(N)cc2OC)C1C|C=CN(CC)CCNC(=O)c1cc(Cl)c(N)cc1OC|CC=[N+](CC)CCNC(=O)c1cc(Cl)c(N)cc1OC|CCN(CC)CCNC(=O)c1c(OC)cc(N)c(Cl)c1O|COc1cc(N)c(Cl)cc1C(=O)NCC=O|COc1cc(N)c(Cl)cc1C(=O)NCCO|CCN(CC)C(O)CNC(=O)c1cc(Cl)c(N)cc1OC|COc1cc(N)c(Cl)cc1C(N)=O|CCN(CC)CCNC(=O)c1cc(Cl)c(NC(C)=O)cc1OC,CCNCCNC(=O)c1cc(Cl)c(N)cc1OC|CCN(CC)CCNC(=O)c1cc(Cl)c([N+](=O)[O-])cc1OC,CCN(CC)CCNC(=O)c1cc(Cl)c(N)c(O)c1OC|CCN(CC)CCNC(=O)c1cc(Cl)c(NO)cc1OC|CCN(CC)CCNC(=O)c1cc(Cl)c(NS(=O)(=O)O)cc1OC|CCN(CC)CCNC(=O)c1cc(Cl)c(NC2OC(C(=O)O)C(O)C(O)C2O)cc1OC|CCN(CC)CC=NC(=O)c1cc(Cl)c(N)cc1OC
CCN(CC)CCOC(=O)c1ccc(N)cc1,CCN(CCOC(=O)c1ccc(N)cc1)C(C)O|CCNCCOC(=O)c1ccc(N)cc1|Nc1ccc(C(=O)O)cc1|Nc1ccc(C(=O)OCCO)cc1|Nc1ccc(C(=O)OCC=O)cc1|CCN(CC)C(O)COC(=O)c1ccc(N)cc1|CC[N+]([O-])(CC)CCOC(=O)c1ccc(N)cc1|CCN(CC)CCOC(=O)c1ccc(NC2OC(C(=O)O)C(O)C(O)C2O)cc1|CCN(CCO)CCOC(=O)c1ccc(N)cc1|C=CN(CC)CCOC(=O)c1ccc(N)cc1|CC=[N+](CC)CCOC(=O)c1ccc(N)cc1|CCN(CC)CCOC(=O)c1ccc(N)cc1O|CC[N+](=CCOC(=O)c1ccc(N)cc1)CC|CCN(C=COC(=O)c1ccc(N)cc1)CC|CCN(CC)CCOC(=O)c1ccc(NS(=O)(=O)O)cc1|CCN(CC)CCOC(=O)c1ccc(NO)cc1|CCN(CC)CCOC(=O)c1ccc(N)c(O)c1|CCN(CC)CCOC(=O)c1ccc([N+](=O)[O-])cc1|CCN(CC)CC(O)OC(=O)c1ccc(N)cc1|CCN(CC)CCOC(=O)c1ccc(NC(C)=O)cc1,CCN(CC)CCO|Nc1ccc(C(=O)O)cc1,CCN(CCOC(=O)c1ccc(N)cc1)C(C)O|CCNCCOC(=O)c1ccc(N)cc1|Nc1ccc(C(=O)O)cc1|Nc1ccc(C(=O)OCCO)cc1|Nc1ccc(C(=O)OCC=O)cc1
CCN(c1cc(-c2ccc(CN3CCOCC3)cc2)cc(C(=O)NCc2c(C)cc(C)[nH]c2=O)c1C)C1CCOCC1,CCN(c1cc(-c2ccc(CN3CCOCC3=O)cc2)cc(C(=O)NCc2c(C)cc(C)[nH]c2=O)c1C)C1CCOCC1|CCN(c1cc(-c2ccc(CNCCO)cc2)cc(C(=O)NCc2c(C)cc(C)[nH]c2=O)c1C)C1CCOCC1|CCN(c1cc(-c2ccc(CN3CCOCC3O)cc2)cc(C(=O)NCc2c(C)cc(C)[nH]c2=O)c1C)C1CCOCC1|CCN(c1cc(-c2ccc(CNCCOCC=O)cc2)cc(C(=O)NCc2c(C)cc(C)[nH]c2=O)c1C)C1CCOCC1|CCN(c1cc(-c2ccc(CN3CCOCC3)c(O)c2)cc(C(=O)NCc2c(C)cc(C)[nH]c2=O)c1C)C1CCOCC1|Cc1cc(C)c(CNC(=O)c2cc(-c3ccc(CN4CCOCC4)cc3)cc(N(CCO)C3CCOCC3)c2C)c(=O)[nH]1|CCN(c1cc(-c2ccc(CN3CCOCC3)cc2O)cc(C(=O)NCc2c(C)cc(C)[nH]c2=O)c1C)C1CCOCC1|CCN(C1=CCOCC1)c1cc(-c2ccc(CN3CCOCC3)cc2)cc(C(=O)NCc2c(C)cc(C)[nH]c2=O)c1C|CCN(c1cc(-c2ccc(CN3CCOCC3)cc2)cc(C(=O)[NH+]=Cc2c(C)cc(C)[nH]c2=O)c1C)C1CCOCC1|CCN(c1cc(-c2ccc(CN3CCOCC3)cc2)cc(C(=O)N=Cc2c(C)cc(C)[nH]c2=O)c1C)C1CCOCC1|CCN(c1cc(-c2ccc(CN3CCOCC3)cc2)cc(C(=O)NCc2c(C)cc(C)[nH]c2=O)c1C)C1C=COCC1|C=CN(c1cc(-c2ccc(CN3CCOCC3)cc2)cc(C(=O)NCc2c(C)cc(C)[nH]c2=O)c1C)C1CCOCC1|CC=[N+](c1cc(-c2ccc(CN3CCOCC3)cc2)cc(C(=O)NCc2c(C)cc(C)[nH]c2=O)c1C)C1CCOCC1|CC[N+](=C1CCOCC1)c1cc(-c2ccc(CN3CCOCC3)cc2)cc(C(=O)NCc2c(C)cc(C)[nH]c2=O)c1C|CCN(c1cc(-c2ccc(CN3CCOCC3)cc2)cc(C(=O)NCc2c(C)cc(C)[nH]c2=O)c1C(=O)O)C1CCOCC1|CCN(c1cc(-c2ccc(CN3CCOCC3)cc2)cc(C(=O)NCc2c(C)cc(C)[nH]c2=O)c1CO)C1CCOCC1|CCN(c1cc(-c2ccc(CN3C=COCC3)cc2)cc(C(=O)NCc2c(C)cc(C)[nH]c2=O)c1C)C1CCOCC1|CCN(c1cc(-c2ccc(C[N+]3=CCOCC3)cc2)cc(C(=O)NCc2c(C)cc(C)[nH]c2=O)c1C)C1CCOCC1|CCN(c1cc(-c2ccc(CN3CCOCC3)cc2)cc(C(=O)NCc2c(C)cc(C)n(C3OC(C(=O)O)C(O)C(O)C3O)c2=O)c1C)C1CCOCC1|CCN(c1cc(-c2ccc(C=[N+]3CCOCC3)cc2)cc(C(=O)NCc2c(C)cc(C)[nH]c2=O)c1C)C1CCOCC1|CCN(c1cc(-c2ccc(CN3CCOCC3)cc2)cc(C(=O)NCc2c(C(=O)O)cc(C)[nH]c2=O)c1C)C1CCOCC1|CCN(c1cc(-c2ccc(CN3CCOCC3)cc2)cc(C(=O)NCc2c(CO)cc(C)[nH]c2=O)c1C)C1CCOCC1|Cc1cc(C)c(C=O)c(=O)[nH]1|CCN(c1cc(-c2ccc(CN3CCOCC3)cc2)cc(C(=O)NC(O)c2c(C)cc(C)[nH]c2=O)c1C)C1CCOCC1|CCN(c1cc(-c2ccc(CN3CCOCC3)cc2)cc(C(=O)NCc2c(C)cc(C)[nH]c2=O)c1C)C1CCOC(O)C1|CCN(c1cc(-c2ccc(CN3CCOCC3)cc2)cc(C(=O)NCc2c(C)cc(C)[nH]c2=O)c1C)C(CC=O)CCO|CCN(c1cc(-c2ccc(CN3CCOCC3)cc2)cc(C(=O)NCc2c(C)cc(C)[nH]c2=O)c1C)C(CCO)CCO|Cc1cc(C)c(CNC(=O)c2cc(-c3ccc(CN4CCOCC4)cc3)cc(N(C(C)O)C3CCOCC3)c2C)c(=O)[nH]1|CCN(c1cc(-c2ccc(CN3CCOCC3)cc2)cc(C(=O)NCc2c(C)cc(CO)[nH]c2=O)c1C)C1CCOCC1|CCN(c1cc(-c2ccc(CN3CCOCC3)cc2)cc(C(=O)NCc2c(C)c(O)c(C)[nH]c2=O)c1C)C1CCOCC1|CCN(c1cc(-c2ccc(CN3CCOCC3)cc2)cc(C(=O)NCc2c(C)cc(C(=O)O)[nH]c2=O)c1C)C1CCOCC1|CCN(c1cc(-c2ccc(CN3CCOCC3)cc2)cc(C(=O)O)c1C)C1CCOCC1|CCN(c1c(C)c(C(=O)NCc2c(C)cc(C)[nH]c2=O)cc(-c2ccc(CN3CCOCC3)cc2)c1O)C1CCOCC1|CCN(c1cc(-c2ccc(CN3CCOCC3)cc2)cc(C(N)=O)c1C)C1CCOCC1|Cc1cc(C)c(CN)c(=O)[nH]1|Cc1cc(C)c(CO)c(=O)[nH]1|CCN(c1cc(-c2ccc(CN3CCOCC3)cc2)cc(C(=O)N(O)Cc2c(C)cc(C)[nH]c2=O)c1C)C1CCOCC1|CCNc1cc(-c2ccc(CN3CCOCC3)cc2)cc(C(=O)NCc2c(C)cc(C)[nH]c2=O)c1C|CCN(c1cc(-c2ccc(CN3CCOCC3)cc2)c(O)c(C(=O)NCc2c(C)cc(C)[nH]c2=O)c1C)C1CCOCC1|Cc1cc(C)c(CNC(=O)c2cc(-c3ccc(CN4CCOCC4)cc3)cc(NC3CCOCC3)c2C)c(=O)[nH]1|CCN(c1cc(-c2ccc(CN3CCOCC3)cc2)cc(C(=O)NCc2c(C)cc(C)[nH]c2=O)c1C)C1CCOCC1O|CCN(c1cc(-c2ccc(CN3CCOCC3)cc2)cc(C(=O)NCc2c(C)cc(C)[nH]c2=O)c1C)C1(O)CCOCC1|CC[N+]([O-])(c1cc(-c2ccc(CN3CCOCC3)cc2)cc(C(=O)NCc2c(C)cc(C)[nH]c2=O)c1C)C1CCOCC1|O=C1CCOCC1|CCN(c1cc(-c2ccc(CN(CC=O)CCO)cc2)cc(C(=O)NCc2c(C)cc(C)[nH]c2=O)c1C)C1CCOCC1|CCN(c1cc(-c2ccc(CN3CCOC(O)C3)cc2)cc(C(=O)NCc2c(C)cc(C)[nH]c2=O)c1C)C1CCOCC1|CCN(c1cc(-c2ccc(CN(CCO)CCO)cc2)cc(C(=O)NCc2c(C)cc(C)[nH]c2=O)c1C)C1CCOCC1|CCN(c1cc(-c2ccc(C=O)cc2)cc(C(=O)NCc2c(C)cc(C)[nH]c2=O)c1C)C1CCOCC1|CCN(c1cc(-c2ccc(C(O)N3CCOCC3)cc2)cc(C(=O)NCc2c(C)cc(C)[nH]c2=O)c1C)C1CCOCC1|CCN(c1cc(-c2ccc(C[N+]3([O-])CCOCC3)cc2)cc(C(=O)NCc2c(C)cc(C)[nH]c2=O)c1C)C1CCOCC1|C1COCCN1|CCN(c1cc(-c2ccc(CO)cc2)cc(C(=O)NCc2c(C)cc(C)[nH]c2=O)c1C)C1CCOCC1,Cc1cc(C)c(CNC(=O)c2cc(-c3ccc(CN4CCOCC4)cc3)cc(NC3CCOCC3)c2C)c(=O)[nH]1,CCN(c1cc(-c2ccc(CN3CCOCC3=O)cc2)cc(C(=O)NCc2c(C)cc(C)[nH]c2=O)c1C)C1CCOCC1|CCN(c1cc(-c2ccc(CNCCO)cc2)cc(C(=O)NCc2c(C)cc(C)[nH]c2=O)c1C)C1CCOCC1|CCN(c1cc(-c2ccc(CN3CCOCC3O)cc2)cc(C(=O)NCc2c(C)cc(C)[nH]c2=O)c1C)C1CCOCC1|CCN(c1cc(-c2ccc(CNCCOCC=O)cc2)cc(C(=O)NCc2c(C)cc(C)[nH]c2=O)c1C)C1CCOCC1|CCN(c1cc(-c2ccc(CN3CCOCC3)c(O)c2)cc(C(=O)NCc2c(C)cc(C)[nH]c2=O)c1C)C1CCOCC1
CCN[C@H]1C[C@H](C)S(=O)(=O)c2sc(S(N)(=O)=O)cc21,CCN=C1C[C@H](C)S(=O)(=O)c2sc(S(N)(=O)=O)cc21|CCN[C@@]1(O)C[C@H](C)S(=O)(=O)c2sc(S(N)(=O)=O)cc21|C[C@H]1CC(=O)c2cc(S(N)(=O)=O)sc2S1(=O)=O|CCN|CCN[C@H]1C[C@H](CO)S(=O)(=O)c2sc(S(N)(=O)=O)cc21|CCN[C@H]1C=C(C)S(=O)(=O)c2sc(S(N)(=O)=O)cc21|CC[NH+]=C1C[C@H](C)S(=O)(=O)c2sc(S(N)(=O)=O)cc21|CCNC1=C[C@H](C)S(=O)(=O)c2sc(S(N)(=O)=O)cc21|C=C1C[C@H](NCC)c2cc(S(N)(=O)=O)sc2S1(=O)=O|CCN(O)[C@H]1C[C@H](C)S(=O)(=O)c2sc(S(N)(=O)=O)cc21|C[C@H]1C[C@H](N)c2cc(S(N)(=O)=O)sc2S1(=O)=O|CC(O)N[C@H]1C[C@H](C)S(=O)(=O)c2sc(S(N)(=O)=O)cc21|CC=N[C@H]1C[C@H](C)S(=O)(=O)c2sc(S(N)(=O)=O)cc21|CC=[NH+][C@H]1C[C@H](C)S(=O)(=O)c2sc(S(N)(=O)=O)cc21|C=CN[C@H]1C[C@H](C)S(=O)(=O)c2sc(S(N)(=O)=O)cc21|CCN[C@H]1C[C@@](C)(O)S(=O)(=O)c2sc(S(N)(=O)=O)cc21|CCN[C@H]1C[C@H](C)S(=O)(=O)c2sc(S(N)(=O)=O)c(O)c21|CCN[C@@H]1c2cc(S(N)(=O)=O)sc2S(=O)(=O)[C@@H](C)C1O|C[C@H]1C[C@H](NCCO)c2cc(S(N)(=O)=O)sc2S1(=O)=O|CCN[C@H]1C[C@H](C)S(=O)(=O)C2=C1C=C(S(N)(=O)=O)S2=O|CCN[C@H]1C[C@H](C)S(=O)(=O)c2sc(S(=O)(=O)NC(C)=O)cc21,C[C@H]1C[C@H](N)c2cc(S(N)(=O)=O)sc2S1(=O)=O,CCN=C1C[C@H](C)S(=O)(=O)c2sc(S(N)(=O)=O)cc21|CCN[C@@]1(O)C[C@H](C)S(=O)(=O)c2sc(S(N)(=O)=O)cc21|C[C@H]1CC(=O)c2cc(S(N)(=O)=O)sc2S1(=O)=O|CCN|CCN[C@H]1C[C@H](CO)S(=O)(=O)c2sc(S(N)(=O)=O)cc21
CCOC(=O)Nc1ccc2c(c1)N(C(=O)CN(CC)CC)c1ccccc1CC2,CCOC(=O)Nc1ccc2c(c1)N(C(=O)CN(CC)CC)c1ccccc1C=C2|CCOC(=O)Nc1ccc2c(c1)N(C(=O)CN(CC)CC)c1cc(O)ccc1CC2|CCOC(=O)Nc1ccc2c(c1)N(C(=O)CN(CC)CC)c1ccccc1C(O)C2|CCOC(=O)Nc1ccc2c(c1)N(C(=O)CN(CC)CC)c1ccccc1CC2O|CCOC(=O)Nc1ccc2c(c1)N(C(=O)CN(CC)CC)c1cccc(O)c1CC2|CCOC(=O)Nc1ccc2c(c1)N(C(=O)C=[N+](CC)CC)c1ccccc1CC2|CCOC(=O)N(c1ccc2c(c1)N(C(=O)CN(CC)CC)c1ccccc1CC2)C1OC(C(=O)O)C(O)C(O)C1O|CCOC(=O)Nc1cc2c(cc1O)CCc1ccccc1N2C(=O)CN(CC)CC|CCOC(=O)Nc1cc(O)c2c(c1)N(C(=O)CN(CC)CC)c1ccccc1CC2|CCOC(=O)Nc1ccc2c(c1)N(C(=O)CN(CC)CCO)c1ccccc1CC2|C=COC(=O)Nc1ccc2c(c1)N(C(=O)CN(CC)CC)c1ccccc1CC2|CCOC(=O)Nc1ccc2c(c1)N(C(=O)C(O)N(CC)CC)c1ccccc1CC2|CC=[N+](CC)CC(=O)N1c2ccccc2CCc2ccc(NC(=O)OCC)cc21|C=CN(CC)CC(=O)N1c2ccccc2CCc2ccc(NC(=O)OCC)cc21|CCOC(=O)Nc1ccc2c(c1O)N(C(=O)CN(CC)CC)c1ccccc1CC2|CCOC(=O)Nc1ccc2c(c1)N(C(=O)CN(CC)CC)c1c(O)cccc1CC2|CCOC(=O)Nc1ccc2c(c1)N(C(=O)CN(CC)CC)c1ccc(O)cc1CC2|CCN(CC)CC(=O)N1c2ccccc2CCc2ccc(NC(=O)OCCO)cc21|CCOC(=O)Nc1ccc2c(c1)N(C(=O)C=O)c1ccccc1CC2|CCOC(=O)Nc1ccc2c(c1)N(C(=O)CO)c1ccccc1CC2|CCOC(=O)Nc1ccc2c(c1)[N+]([O-])(C(=O)CN(CC)CC)c1ccccc1CC2|CCN(CC)CC(=O)O|CCOC(=O)Nc1ccc2c(c1)Nc1ccccc1CC2|CCOC(=O)N(O)c1ccc2c(c1)N(C(=O)CN(CC)CC)c1ccccc1CC2|CCN(CC)CC(=O)N1c2ccccc2CCc2ccc(N)cc21|CCN(CC)CC(=O)N1c2ccccc2CCc2ccc(NC(=O)O)cc21|CCN(CC)CC(=O)N1c2ccccc2CCc2ccc(NC(=O)OC(C)O)cc21|CCOC(=O)Nc1ccc2c(c1)N(C(=O)C[N+]([O-])(CC)CC)c1ccccc1CC2|CCNCC(=O)N1c2ccccc2CCc2ccc(NC(=O)OCC)cc21|CCOC(=O)Nc1ccc2c(c1)N(C(=O)CN(CC)C(C)O)c1ccccc1CC2,CCNCC(=O)N1c2ccccc2CCc2ccc(NC(=O)OCC)cc21,CCOC(=O)Nc1ccc2c(c1)N(C(=O)CN(CC)CC)c1ccccc1C=C2|CCOC(=O)Nc1ccc2c(c1)N(C(=O)CN(CC)CC)c1cc(O)ccc1CC2|CCOC(=O)Nc1ccc2c(c1)N(C(=O)CN(CC)CC)c1ccccc1C(O)C2|CCOC(=O)Nc1ccc2c(c1)N(C(=O)CN(CC)CC)c1ccccc1CC2O|CCOC(=O)Nc1ccc2c(c1)N(C(=O)CN(CC)CC)c1cccc(O)c1CC2
CCOC(=O)c1c(CSc2ccccc2)n(C)c2cc(Br)c(O)c(CN(C)C)c12,Sc1ccccc1|CCOC(=O)c1c(CO)n(C)c2cc(Br)c(O)c(CN(C)C)c12|CCOC(=O)c1c(CS(=O)c2ccccc2)n(C)c2cc(Br)c(O)c(CN(C)C)c12|CCOC(=O)c1c(CSc2ccccc2)n(C)c2cc(Br)c(OC)c(CN(C)C)c12|CCOC(=O)c1c(CSc2ccccc2)n(C)c2cc(O)c(O)c(CN(C)C)c12|CCOC(=O)C(C1=C(CN(C)C)C(=O)C(Br)=CC1=O)=C(CSc1ccccc1)NC|CCOC(=O)c1c(CSc2cccc(O)c2)n(C)c2cc(Br)c(O)c(CN(C)C)c12|CCOC(=O)c1c(CSc2ccccc2)n(C)c2cc(Br)c(O)c(C=[N+](C)C)c12|CCOC(=O)c1c(CSc2ccccc2)n(C)c2cc(Br)c(O)c(C[N+](C)(C)[O-])c12|CCOC(=O)c1c(CSc2ccccc2)n(C)c2cc(Br)c(O)c(CN(C)CO)c12|CCOC(=O)c1c(CSc2ccccc2)n(C)c2cc(Br)c(O)c(CNC)c12|CN(C)Cc1c(O)c(Br)cc2c1c1c(n2C)C(Sc2ccccc2)OC1=O|C=COC(=O)c1c(CSc2ccccc2)n(C)c2cc(Br)c(O)c(CN(C)C)c12|CN(C)Cc1c(O)c(Br)cc2c1c(C(=O)OCCO)c(CSc1ccccc1)n2C|C=[N+](C)Cc1c(O)c(Br)cc2c1c(C(=O)OCC)c(CSc1ccccc1)n2C|CCOC(=O)c1c(CSc2ccccc2O)n(C)c2cc(Br)c(O)c(CN(C)C)c12|CCOC(=O)c1c(CSc2ccccc2)n(C)c2c(O)c(Br)c(O)c(CN(C)C)c12|CCOC(=O)C1=C(CSc2ccccc2)[N+](C)([O-])c2cc(Br)c(O)c(CN(C)C)c21|CCOC(=O)c1c(CSc2ccccc2)n(CO)c2cc(Br)c(O)c(CN(C)C)c12|CCOC(=O)c1c(CSc2ccccc2)[nH]c2cc(Br)c(O)c(CN(C)C)c12|CCOC(=O)c1c(CSc2ccccc2)n(C)c2cc(Br)c(OC3OC(C(=O)O)C(O)C(O)C3O)c(CN(C)C)c12|CCOC(=O)c1c(CSc2ccccc2)n(C)c2cc(SCC(NC(=O)CCC(N)C(=O)O)C(=O)NCC(=O)O)c(O)c(CN(C)C)c12|CCOC(=O)c1c(CSc2ccc(O)cc2)n(C)c2cc(Br)c(O)c(CN(C)C)c12|CCOC(=O)c1c(C(O)Sc2ccccc2)n(C)c2cc(Br)c(O)c(CN(C)C)c12|CCOC(=O)c1c(CSc2ccccc2)n(C)c2cc(Br)c(O)c(C=O)c12|CCOC(=O)c1c(CSc2ccccc2)n(C)c2cc(Br)c(O)c(C(O)N(C)C)c12|CCOC(=O)c1c(CSc2ccccc2)n(C)c2cc(Br)c(O)c(CO)c12|CC=O|CC(O)OC(=O)c1c(CSc2ccccc2)n(C)c2cc(Br)c(O)c(CN(C)C)c12|CN(C)Cc1c(O)c(Br)cc2c1c(C(=O)O)c(CSc1ccccc1)n2C|CCO|CCOC(=O)c1c(CSc2ccccc2)n(C)c2cc(Br)c(OS(=O)(=O)O)c(CN(C)C)c12,CCOC(=O)c1c(CSc2ccccc2)n(C)c2cc(Br)c(OS(=O)(=O)[O-])c(CN(C)C)c12|CCOC(=O)c1c(CSc2ccc(O)cc2)n(C)c2cc(Br)c(O)c(CN(C)C)c12|CCOC(=O)c1c(CS(=O)(=O)c2ccccc2)n(C)c2cc(Br)c(O)c(CNC)c12|CCOC(=O)c1c(CS(=O)(=O)c2ccccc2)n(C)c2cc(Br)c(OS(=O)(=O)[O-])c(CN(C)C)c12|CCOC(=O)c1c(CSc2ccccc2)n(C)c2cc(Br)c(O)c(CNC)c12|CCOC(=O)c1c(CS(=O)c2ccccc2)n(C)c2cc(Br)c(O)c(CN(C)C)c12|CCOC(=O)c1c(CO)n(C)c2cc(Br)c(O)c(CN(C)C)c12|CCOC(=O)c1c(CS(=O)c2ccccc2)n(C)c2cc(Br)c(O)c(CNC)c12|CCOC(=O)c1c(CSc2ccccc2)n(C)c2cc(Br)c(OC3O[C@H](C(=O)O)[C@@H](O)[C@H](O)[C@H]3O)c(CN(C)C)c12|CCOC(=O)c1c(CS(=O)(=O)c2ccccc2)n(C)c2cc(Br)c(O)c(CN(C)C)c12,Sc1ccccc1|CCOC(=O)c1c(CO)n(C)c2cc(Br)c(O)c(CN(C)C)c12|CCOC(=O)c1c(CS(=O)c2ccccc2)n(C)c2cc(Br)c(O)c(CN(C)C)c12|CCOC(=O)c1c(CSc2ccccc2)n(C)c2cc(Br)c(OC)c(CN(C)C)c12|CCOC(=O)c1c(CSc2ccccc2)n(C)c2cc(O)c(O)c(CN(C)C)c12
CN(C)C(=O)COC(=O)Cc1ccc(OC(=O)c2ccc(NC(=N)N)cc2)cc1,CN(C)C(=O)CO|CN(C)C(=O)C=O|[H]N=C(N)Nc1ccc(C(=O)Oc2ccc(C(O)C(=O)OCC(=O)N(C)C)cc2)cc1|[H]N=C(N)Nc1ccc(C(=O)Oc2ccc(CC(=O)O)cc2)cc1|[H]N=C(Nc1ccc(C(=O)Oc2ccc(CC(=O)OCC(=O)N(C)C)cc2)cc1)NC1OC(C(=O)O)C(O)C(O)C1O|[H]N=C(N)Nc1ccc(C(=O)Oc2ccc(CC(=O)OCC(=O)N(C)C)c(O)c2)cc1|[H]N=C(N)Nc1ccc(C(=O)Oc2ccc(CC(=O)OCC(=O)N(C)C)cc2)c(O)c1|[H]N=C(N)Nc1ccc(C(=O)Oc2ccc(CC(=O)OCC(=O)[N+](=C)C)cc2)cc1|CN(C)C(=O)COC(=O)CC1(O)C=CC(=O)C=C1|[H]N=C(N)Nc1ccc(C=O)cc1|[H]N=C(N)Nc1ccc(C(=O)Oc2ccc(CC(=O)OCC(=O)N(C)C)cc2O)cc1|[H]N=C(NO)Nc1ccc(C(=O)Oc2ccc(CC(=O)OCC(=O)N(C)C)cc2)cc1|[H]N=C(N)Nc1ccc(C(=O)Oc2ccc(CC(=O)OCC(=O)N(C)C)cc2)cc1O|[H]N=C(N)N(O)c1ccc(C(=O)Oc2ccc(CC(=O)OCC(=O)N(C)C)cc2)cc1|[H]N=C(N)Nc1ccc(C(=O)Oc2ccc(CC(=O)OC(O)C(=O)N(C)C)cc2)cc1|[H]N=C(N)Nc1ccc(C(=O)Oc2ccc(CC(=O)OCC(=O)N(C)CO)cc2)cc1|[H]N=C(N)N(c1ccc(C(=O)Oc2ccc(CC(=O)OCC(=O)N(C)C)cc2)cc1)C1OC(C(=O)O)C(O)C(O)C1O|[H]N=C(N)Nc1ccc(C(=O)O)cc1|CN(C)C(=O)COC(=O)Cc1ccc(O)cc1|[H]N=C(N)Nc1ccc(C(=O)Oc2ccc(CC(=O)OCC(=O)[N+](C)(C)[O-])cc2)cc1|[H]N=C(N)Nc1ccc(C(=O)Oc2ccc(CC(=O)OCC(=O)O)cc2)cc1|[H]N=C(N)Nc1ccc(C(=O)Oc2ccc(CC(=O)OCC(=O)NC)cc2)cc1|CNC,N=C(N)Nc1ccc(C(=O)Oc2ccc(CC(=O)O)cc2)cc1,CN(C)C(=O)CO|CN(C)C(=O)C=O|[H]N=C(N)Nc1ccc(C(=O)Oc2ccc(C(O)C(=O)OCC(=O)N(C)C)cc2)cc1|[H]N=C(N)Nc1ccc(C(=O)Oc2ccc(CC(=O)O)cc2)cc1|[H]N=C(Nc1ccc(C(=O)Oc2ccc(CC(=O)OCC(=O)N(C)C)cc2)cc1)NC1OC(C(=O)O)C(O)C(O)C1O
CN(C)CCCN1c2ccccc2CCc2ccccc21,CNCCCN1c2ccccc2CCc2ccccc21|C[N+](C)([O-])CCCN1c2ccccc2CCc2ccccc21|CN(CO)CCCN1c2ccccc2CCc2ccccc21|CN(C)CC(O)CN1c2ccccc2CCc2ccccc21|CN(C)CCCN1c2ccccc2CCc2c(O)cccc21|CN(C)C=CCN1c2ccccc2CCc2ccccc21|C[N+](C)=CCCN1c2ccccc2CCc2ccccc21|C=[N+](C)CCCN1c2ccccc2CCc2ccccc21|CN(C)CCC(O)N1c2ccccc2CCc2ccccc21|c1ccc2c(c1)CCc1ccccc1N2|CN(C)CCC=O|CN(C)CCCO|CN(C)CCC[N+]1([O-])c2ccccc2CCc2ccccc21|CN(C)CCC=[N+]1c2ccccc2CCc2ccccc21|CN(C)CC=CN1c2ccccc2CCc2ccccc21|CN(C)CCCN1c2ccccc2CCc2cccc(O)c21|CN(C)CCCN1c2ccccc2CCc2cc(O)ccc21|CN(C)CCCN1c2ccccc2CC(O)c2ccccc21|CN(C)CCCN1c2ccccc2CCc2ccc(O)cc21|CN(C)CCCN1c2ccccc2C=Cc2ccccc21|CN(C)C(O)CCN1c2ccccc2CCc2ccccc21|OCCCN1c2ccccc2CCc2ccccc21|O=CCCN1c2ccccc2CCc2ccccc21|C[N+](C)(CCCN1c2ccccc2CCc2ccccc21)C1OC(C(=O)O)C(O)C(O)C1O,CNCCCN1c2ccccc2CCc2ccccc21|NCCCN1c2ccccc2CCc2ccccc21|c1ccc2c(c1)CCc1ccccc1N2|CN(C)CCCN1c2ccccc2CCc2cc(O)ccc21|C[N+](C)([O-])CCCN1c2ccccc2CCc2ccccc21,CNCCCN1c2ccccc2CCc2ccccc21|C[N+](C)([O-])CCCN1c2ccccc2CCc2ccccc21|CN(CO)CCCN1c2ccccc2CCc2ccccc21|CN(C)CC(O)CN1c2ccccc2CCc2ccccc21|CN(C)CCCN1c2ccccc2CCc2c(O)cccc21
CN(C)c1ccc(O)c2c1C[C@H]1C[C@H]3[C@H](N(C)C)C(O)=C(C(N)=O)C(=O)[C@@]3(O)C(O)=C1C2=O,CN(C)[C@@H]1C(O)=C(C(N)=O)C(=O)[C@@]2(O)C(O)=C3C(=O)c4c(O)ccc([N+](C)(C)[O-])c4C[C@H]3C[C@@H]12|CNc1ccc(O)c2c1C[C@H]1C[C@H]3[C@H](N(C)C)C(O)=C(C(N)=O)C(=O)[C@@]3(O)C(O)=C1C2=O|CN(C)c1ccc(O)c2c1C[C@H]1C=C3[C@H](N(C)C)C(O)=C(C(N)=O)C(=O)[C@@]3(O)C(O)=C1C2=O|CN(C)c1ccc(O)c2c1CC1=C[C@H]3[C@H](N(C)C)C(O)=C(C(N)=O)C(=O)[C@@]3(O)C(O)=C1C2=O|CN(C)c1ccc(O)c2c1C[C@H]1C[C@@]3(O)[C@H](N(C)C)C(O)=C(C(N)=O)C(=O)[C@@]3(O)C(O)=C1C2=O|CN(C)c1ccc(O)c2c1C[C@@H]1C(=C(O)[C@]3(O)C(=O)C(C(N)=O)=C(O)[C@@H](N(C)C)[C@@H]3C1O)C2=O|CN(C)c1ccc(O)c2c1C[C@H]1C[C@H]3[C@H](N(C)C)C(O)=C(C(N)=O)C(=O)[C@@]3(O)C(O)C1C2=O|CN(C)c1ccc(O)c2c1C[C@H]1C[C@H]3[C@H](N(C)C)C(O)=C(C(N)=O)C(=O)[C@@]3(O)C3(O)OC13C2=O|CN(C)c1ccc(O)c2c1C=C1C[C@H]3[C@H](N(C)C)C(O)=C(C(N)=O)C(=O)[C@@]3(O)C(O)=C1C2=O|CN(C)c1ccc(O)c2c1C[C@@]1(O)C[C@H]3[C@H](N(C)C)C(O)=C(C(N)=O)C(=O)[C@@]3(O)C(O)=C1C2=O|C=[N+](C)[C@@H]1C(O)=C(C(N)=O)C(=O)[C@@]2(O)C(O)=C3C(=O)c4c(O)ccc(N(C)C)c4C[C@H]3C[C@@H]12|CN(C)C1=C(O)C(O)(C(N)=O)C(=O)[C@@]2(O)C(O)=C3C(=O)c4c(O)ccc(N(C)C)c4C[C@H]3C[C@@H]12|CN(C)C1=C2C[C@@H]3Cc4c(N(C)C)ccc(O)c4C(=O)C3=C(O)[C@]2(O)C(=O)C(C(N)=O)=C1O|CN(C)c1ccc(O)c2c1C[C@H]1C[C@H]3C(=[N+](C)C)C(O)=C(C(N)=O)C(=O)[C@@]3(O)C(O)=C1C2=O|CN(C)c1ccc(O)c2c1C[C@H]1CC3=C(C(=O)C(C(N)=O)=C(O)[C@H]3N(C)C)C(O)=C1C2=O|CN(C)c1ccc(O)c2c1C(O)[C@H]1C[C@H]3[C@H](N(C)C)C(O)=C(C(N)=O)C(=O)[C@@]3(O)C(O)=C1C2=O|CN(C)c1cc(O)c(O)c2c1C[C@H]1C[C@H]3[C@H](N(C)C)C(O)=C(C(N)=O)C(=O)[C@@]3(O)C(O)=C1C2=O|CN(C)c1c(O)cc(O)c2c1C[C@H]1C[C@H]3[C@H](N(C)C)C(O)=C(C(N)=O)C(=O)[C@@]3(O)C(O)=C1C2=O|CN(C)c1ccc(O)c2c1C[C@H]1C[C@H]3[C@H](N(C)C)C(O)=C(C(=O)NC4OC(C(=O)O)C(O)C(O)C4O)C(=O)[C@@]3(O)C(O)=C1C2=O|CN(C)c1ccc(O)c2c1C[C@H]1C[C@H]3[C@H](N(C)C)C(O)=C(C(N)=O)C(=O)[C@@]3(O)C(O)(SCC(NC(=O)CCC(N)C(=O)O)C(=O)NCC(=O)O)C1C2=O|CN(C)c1ccc(O)c2c1C[C@H]1C[C@H]3[C@H](N(C)C)C(O)=C(C(N)=O)C(=O)[C@@]3(O)C(OC3OC(C(=O)O)C(O)C(O)C3O)=C1C2=O|CN(C)c1ccc(O)c2c1C[C@H]1C[C@H]3[C@H](N(C)C)C(O)=C(C(=O)O)C(=O)[C@@]3(O)C(O)=C1C2=O|CN(C)c1ccc(O)c2c1C[C@H]1C[C@H]3[C@H](N(C)C)C(O)=C(C(=O)NO)C(=O)[C@@]3(O)C(O)=C1C2=O|CN(C)c1ccc(O)c2c1C[C@H]1C[C@H]3[C@H](N(C)CO)C(O)=C(C(N)=O)C(=O)[C@@]3(O)C(O)=C1C2=O|CN(C)[C@@H]1C(O)=C(C(N)=O)C(=O)[C@@]2(O)C(O)=C3C(=O)C4=C(C[C@H]3C[C@@H]12)C(=O)C=CC4=O|C=[N+](C)c1ccc(O)c2c1C[C@H]1C[C@H]3[C@H](N(C)C)C(O)=C(C(N)=O)C(=O)[C@@]3(O)C(O)=C1C2=O|CN(C)c1ccc(O)c2c1C[C@H]1C[C@H]3[C@H](N(C)C)C(OS(=O)(=O)O)=C(C(N)=O)C(=O)[C@@]3(O)C(O)=C1C2=O|CN(C)c1ccc(O)c2c1CC1=C(C2=O)C(O)(O)[C@]2(O)C(=O)C(C(N)=O)=C(O)[C@@H](N(C)C)[C@@H]2C1|CN(C)c1ccc(OS(=O)(=O)O)c2c1C[C@H]1C[C@H]3[C@H](N(C)C)C(O)=C(C(N)=O)C(=O)[C@@]3(O)C(O)=C1C2=O|CN(C)c1ccc(O)c2c1C[C@H]1C[C@@H]3[C@@](O)(C(=O)C(C(N)=O)=C(O)[C@@]3(O)N(C)C)C(O)=C1C2=O|CN(C)c1ccc(O)c2c1C[C@H]1C[C@H]3[C@H](N(C)C)C4(O)OC4(C(N)=O)C(=O)[C@@]3(O)C(O)=C1C2=O|CN(C)c1ccc(O)c2c1C[C@H]1C[C@H]3[C@H]([N+](C)(C)[O-])C(O)=C(C(N)=O)C(=O)[C@@]3(O)C(O)=C1C2=O|CN(C)c1ccc(O)c2c1C[C@H]1C[C@H]3C(=O)C(O)=C(C(N)=O)C(=O)[C@@]3(O)C(O)=C1C2=O|CN[C@@H]1C(O)=C(C(N)=O)C(=O)[C@@]2(O)C(O)=C3C(=O)c4c(O)ccc(N(C)C)c4C[C@H]3C[C@@H]12|CN(C)c1ccc(O)c2c1C[C@H]1C[C@H]3[C@H](N(C)C)C(O)(SCC(NC(=O)CCC(N)C(=O)O)C(=O)NCC(=O)O)C(C(N)=O)C(=O)[C@@]3(O)C(O)=C1C2=O|CN(C)c1ccc(O)c2c1C[C@H]1C[C@H]3[C@H](N(C)C)C(O)C(C(N)=O)C(=O)[C@@]3(O)C(O)=C1C2=O|CN(C)c1ccc(O)c2c1C[C@H]1C[C@H]3[C@H](N(C)C)C(O)=C(C(N)=O)C(O)[C@@]3(O)C(O)=C1C2=O|CN(C)c1ccc(O)c2c1C[C@H]1C[C@H]3[C@H](N(C)C)C(O)=C(C(N)=O)C(=O)[C@@]3(OC3OC(C(=O)O)C(O)C(O)C3O)C(O)=C1C2=O|CN(C)c1ccc(O)c2c1C[C@H]1C[C@H]3[C@H](N(C)C)C(OC4OC(C(=O)O)C(O)C(O)C4O)=C(C(N)=O)C(=O)[C@@]3(O)C(O)=C1C2=O|CN(CO)c1ccc(O)c2c1C[C@H]1C[C@H]3[C@H](N(C)C)C(O)=C(C(N)=O)C(=O)[C@@]3(O)C(O)=C1C2=O|COc1ccc(N(C)C)c2c1C(=O)C1=C(O)[C@]3(O)C(=O)C(C(N)=O)=C(O)[C@@H](N(C)C)[C@@H]3C[C@@H]1C2|CN(C)c1ccc(OC2OC(C(=O)O)C(O)C(O)C2O)c2c1C[C@H]1C[C@H]3[C@H](N(C)C)C(O)=C(C(N)=O)C(=O)[C@@]3(O)C(O)=C1C2=O,CN(C)c1cc(O)c(O)c2c1C[C@H]1C[C@H]3[C@H](N(C)C)C(O)=C(C(N)=O)C(=O)[C@@]3(O)C(O)=C1C2=O|CN[C@@H]1C(O)=C(C(N)=O)C(=O)[C@@]2(O)C(O)=C3C(=O)c4c(O)ccc(N(C)C)c4C[C@H]3C[C@@H]12|CNc1ccc(O)c2c1C[C@H]1C[C@H]3[C@H](N(C)C)C(O)=C(C(N)=O)C(=O)[C@@]3(O)C(O)=C1C2=O,CN(C)[C@@H]1C(O)=C(C(N)=O)C(=O)[C@@]2(O)C(O)=C3C(=O)c4c(O)ccc([N+](C)(C)[O-])c4C[C@H]3C[C@@H]12|CNc1ccc(O)c2c1C[C@H]1C[C@H]3[C@H](N(C)C)C(O)=C(C(N)=O)C(=O)[C@@]3(O)C(O)=C1C2=O|CN(C)c1ccc(O)c2c1C[C@H]1C=C3[C@H](N(C)C)C(O)=C(C(N)=O)C(=O)[C@@]3(O)C(O)=C1C2=O|CN(C)c1ccc(O)c2c1CC1=C[C@H]3[C@H](N(C)C)C(O)=C(C(N)=O)C(=O)[C@@]3(O)C(O)=C1C2=O|CN(C)c1ccc(O)c2c1C[C@H]1C[C@@]3(O)[C@H](N(C)C)C(O)=C(C(N)=O)C(=O)[C@@]3(O)C(O)=C1C2=O
CN1CCc2cccc3c2[C@H]1Cc1ccc(O)c(O)c1-3,CN[C@@H]1Cc2ccc(O)c(O)c2-c2cccc(CC=O)c21|CN1C(O)Cc2cccc3c2[C@H]1Cc1ccc(O)c(O)c1-3|CN1C(=O)Cc2cccc3c2[C@H]1Cc1ccc(O)c(O)c1-3|CN1CC(O)c2cccc3c2[C@H]1Cc1ccc(O)c(O)c1-3|COc1ccc2c(c1O)-c1cccc3c1[C@@H](C2)N(C)CC3|C[N+]1([O-])CCc2cccc3c2[C@H]1Cc1ccc(O)c(O)c1-3|OCN1CCc2cccc3c2[C@H]1Cc1ccc(O)c(O)c1-3|Oc1ccc2c(c1O)-c1cccc3c1[C@@H](C2)NCC3|CN1CCc2cccc3c2[C@H]1Cc1ccc(OC2OC(C(=O)O)C(O)C(O)C2O)c(O)c1-3|CN1CCc2cccc3c2c1cc1ccc(O)c(O)c13|CN1CCc2cccc3c2[C@H]1CC1(O)C=CC(=O)C(O)=C31|CN1CCc2cccc3c2[C@H]1Cc1ccc(OS(=O)(=O)O)c(O)c1-3|CN1CCc2cccc3c2[C@H]1CC1=C3C(=O)C(O)=CC1=O|CN1CCc2cccc3c2[C@H]1Cc1cc(O)c(O)c(O)c1-3|CN1CCc2c(O)ccc3c2[C@H]1Cc1ccc(O)c(O)c1-3|C[N+]1=C2Cc3ccc(O)c(O)c3-c3cccc(c32)CC1|CN1C=Cc2cccc3c2[C@H]1Cc1ccc(O)c(O)c1-3|C[N+]1=CCc2cccc3c2[C@H]1Cc1ccc(O)c(O)c1-3|C=[N+]1CCc2cccc3c2[C@H]1Cc1ccc(O)c(O)c1-3|C[N+]1(C2OC(C(=O)O)C(O)C(O)C2O)CCc2cccc3c2[C@H]1Cc1ccc(O)c(O)c1-3|CN1CCc2cccc3c2[C@H]1Cc1ccc(O)c(OC2OC(C(=O)O)C(O)C(O)C2O)c1-3|CN1CCc2cccc3c2[C@@]1(O)Cc1ccc(O)c(O)c1-3|CN1CCc2cccc3c2[C@H]1C(O)c1ccc(O)c(O)c1-3|CN1CCc2cc(O)cc3c2[C@H]1Cc1ccc(O)c(O)c1-3|CN1CCc2ccc(O)c3c2[C@H]1Cc1ccc(O)c(O)c1-3|CN1CCc2cccc3c2[C@H]1Cc1cccc(O)c1-3|CN1CCc2cccc3c2[C@H]1Cc1ccc(O)cc1-3|CN1CCc2cccc3c2[C@H]1Cc1c(O)cc(O)c(O)c1-3|COc1c(O)ccc2c1-c1cccc3c1[C@@H](C2)N(C)CC3|CNCCc1cccc2c1C(=O)Cc1ccc(O)c(O)c1-2|CN1CCc2cccc3c2[C@H]1Cc1ccc(O)c(OS(=O)(=O)O)c1-3,CN1CCc2cccc3c2[C@H]1Cc1ccc(OC2O[C@H](C(=O)O)[C@@H](O)[C@H](O)[C@H]2O)c(O)c1-3|Oc1ccc2c(c1O)-c1cccc3c1[C@@H](C2)NCC3|CN1CCc2cccc3c2[C@H]1CC1=C3C(=O)C(=O)C=C1|CN1CCc2cccc3c2[C@H]1Cc1ccc(O)c(OC2O[C@H](C(=O)O)[C@@H](O)[C@H](O)[C@H]2O)c1-3|COc1c(O)ccc2c1-c1cccc3c1[C@@H](C2)N(C)CC3|COc1ccc2c(c1O)-c1cccc3c1[C@@H](C2)N(C)CC3,CN[C@@H]1Cc2ccc(O)c(O)c2-c2cccc(CC=O)c21|CN1C(O)Cc2cccc3c2[C@H]1Cc1ccc(O)c(O)c1-3|CN1C(=O)Cc2cccc3c2[C@H]1Cc1ccc(O)c(O)c1-3|CN1CC(O)c2cccc3c2[C@H]1Cc1ccc(O)c(O)c1-3|COc1ccc2c(c1O)-c1cccc3c1[C@@H](C2)N(C)CC3
CN1c2ccccc2C(=O)N2CCc3c([nH]c4ccccc34)C21,CN1c2ccccc2C(=O)N2CCc3c([nH]c4c(O)cccc34)C21|CN1c2ccccc2C(=O)N2CCc3c([nH]c4ccc(O)cc34)C21|CN1c2ccccc2C(=O)N2CCc3c([nH]c4cc(O)ccc34)C21|CN1c2ccccc2C(=O)N2CC(O)c3c([nH]c4ccccc34)C21|CN1c2ccccc2C(=O)N2C(O)Cc3c([nH]c4ccccc34)C12|CN1c2ccccc2C(=O)N2C=Cc3c([nH]c4ccccc34)C21|CN1c2ccccc2C(=O)N2C(=O)Cc3c([nH]c4ccccc34)C21|CN1c2ccccc2C(=O)[N+]2=CCc3c([nH]c4ccccc34)C12|C[n+]1c2n(c(=O)c3ccccc31)CCc1c-2[nH]c2ccccc12|CN1c2ccccc2C(=O)N2CCc3c([nH]c4cccc(O)c34)C21|CN1c2cccc(O)c2C(=O)N2CCc3c([nH]c4ccccc34)C21|CN1c2ccccc2C(=O)NC1c1[nH]c2ccccc2c1CC=O|CN1c2ccccc2C(=O)[N+]2([O-])CCc3c([nH]c4ccccc34)C12|CN(c1ccccc1C(=O)O)C1NCCc2c1[nH]c1ccccc21|CN1c2ccccc2C(=O)N2CCc3c([nH]c4ccccc34)C21O|CN1C(=O)c2[nH]c3ccccc3c2CCNC(=O)c2ccccc21|CNc1ccccc1C(=O)N1CCc2c([nH]c3ccccc23)C1=O|CN1c2ccccc2C(=O)N2CCc3c(n(C4OC(C(=O)O)C(O)C(O)C4O)c4ccccc34)C21|C=[N+]1c2ccccc2C(=O)N2CCc3c([nH]c4ccccc34)C21|CN1c2cc(O)ccc2C(=O)N2CCc3c([nH]c4ccccc34)C21|CN1c2ccc(O)cc2C(=O)N2CCc3c([nH]c4ccccc34)C21|CN1c2c(O)cccc2C(=O)N2CCc3c([nH]c4ccccc34)C21|C[N+]1([O-])c2ccccc2C(=O)N2CCc3c([nH]c4ccccc34)C21|O=C1c2ccccc2N(CO)C2c3[nH]c4ccccc4c3CCN12|O=C1c2ccccc2NC2c3[nH]c4ccccc4c3CCN12,CN1c2ccccc2C(=O)N2CCc3c([nH]c4ccc(O)cc34)C21|CN1c2ccccc2C(=O)N2CC(O)c3c([nH]c4ccccc34)C21,CN1c2ccccc2C(=O)N2CCc3c([nH]c4c(O)cccc34)C21|CN1c2ccccc2C(=O)N2CCc3c([nH]c4ccc(O)cc34)C21|CN1c2ccccc2C(=O)N2CCc3c([nH]c4cc(O)ccc34)C21|CN1c2ccccc2C(=O)N2CC(O)c3c([nH]c4ccccc34)C21|CN1c2ccccc2C(=O)N2C(O)Cc3c([nH]c4ccccc34)C12
CNC(=O)c1ccccc1Sc1ccc2c(/C=C/c3ccccn3)n[nH]c2c1,NC(=O)c1ccccc1Sc1ccc2c(/C=C/c3ccccn3)n[nH]c2c1|CN(O)C(=O)c1ccccc1Sc1ccc2c(/C=C/c3ccccn3)n[nH]c2c1|O=C(O)c1ccccc1Sc1ccc2c(/C=C/c3ccccn3)n[nH]c2c1|O=C(NCO)c1ccccc1Sc1ccc2c(/C=C/c3ccccn3)n[nH]c2c1|CNC(=O)c1ccccc1Sc1ccc2c(/C=C/c3cccc(O)n3)n[nH]c2c1|CNC(=O)c1ccccc1Sc1ccc2c(/C=C/c3cc(O)ccn3)n[nH]c2c1|CNC(=O)c1ccccc1Sc1ccc2c(/C=C/c3ccc(O)cn3)n[nH]c2c1|CNC(=O)c1ccccc1Sc1cc(O)c2c(/C=C/c3ccccn3)n[nH]c2c1|CNC(=O)c1c(O)cccc1Sc1ccc2c(/C=C/c3ccccn3)n[nH]c2c1|CNC(=O)c1ccccc1Sc1ccc2c(/C=C/c3cccc[n+]3C3OC(C(=O)O)C(O)C(O)C3O)n[nH]c2c1|CNC(=O)c1ccccc1Sc1ccc2c(/C=C/c3ccccn3)[n+](C3OC(C(=O)O)C(O)C(O)C3O)[nH]c2c1|CNC(=O)c1ccccc1Sc1ccc2c(/C=C/c3ccccn3)[n+]([O-])[nH]c2c1|CNC(=O)c1ccccc1Sc1ccc2c(C3OC3c3ccccn3)n[nH]c2c1|CNC(=O)c1ccccc1Sc1ccc2c(/C=C/c3ccccn3)n[nH]c2c1O|CNC(=O)c1ccccc1Sc1cc2[nH]nc(/C=C/c3ccccn3)c2cc1O|C=[NH+]C(=O)c1ccccc1Sc1ccc2c(/C=C/c3ccccn3)n[nH]c2c1|CNC(=O)c1ccccc1Sc1ccc2c(/C=C/c3ncccc3O)n[nH]c2c1|CNC(=O)c1ccc(O)cc1Sc1ccc2c(/C=C/c3ccccn3)n[nH]c2c1|CNC(=O)c1cccc(O)c1Sc1ccc2c(/C=C/c3ccccn3)n[nH]c2c1|CNC(=O)c1cc(O)ccc1Sc1ccc2c(/C=C/c3ccccn3)n[nH]c2c1|CC(=O)N(C)C(=O)c1ccccc1Sc1ccc2c(/C=C/c3ccccn3)n[nH]c2c1|CNC(=O)c1ccccc1Sc1ccc2c(/C=C/c3cccc[n+]3[O-])n[nH]c2c1|CNC(=O)c1ccccc1Sc1ccc2c(/C=C/c3ccccn3)nn(C3OC(C(=O)O)C(O)C(O)C3O)c2c1|CNC(=O)c1ccccc1S(=O)c1ccc2c(/C=C/c3ccccn3)n[nH]c2c1,CNC(=O)c1ccccc1Sc1ccc2c(C3OC3c3ccccn3)n[nH]c2c1|CNC(=O)c1ccccc1S(=O)c1ccc2c(/C=C/c3ccccn3)n[nH]c2c1|CNC(=O)c1ccccc1Sc1ccc2c(/C=C/c3cccc[n+]3[O-])n[nH]c2c1|O=C(NCO)c1ccccc1Sc1ccc2c(/C=C/c3ccccn3)n[nH]c2c1,NC(=O)c1ccccc1Sc1ccc2c(/C=C/c3ccccn3)n[nH]c2c1|CN(O)C(=O)c1ccccc1Sc1ccc2c(/C=C/c3ccccn3)n[nH]c2c1|O=C(O)c1ccccc1Sc1ccc2c(/C=C/c3ccccn3)n[nH]c2c1|O=C(NCO)c1ccccc1Sc1ccc2c(/C=C/c3ccccn3)n[nH]c2c1|CNC(=O)c1ccccc1Sc1ccc2c(/C=C/c3cccc(O)n3)n[nH]c2c1
CNCC[C@@H](Oc1ccccc1C)c1ccccc1,CNCC[C@@H](Oc1ccccc1C)c1cccc(O)c1|CNCC[C@@H](Oc1ccccc1C)c1ccc(O)c(OC)c1|CNCC[C@@H](Oc1ccccc1C)c1ccc(O)cc1|Cc1ccccc1O[C@H](CC=O)c1ccccc1|CNCC=C(Oc1ccccc1C)c1ccccc1|CNC=C[C@@H](Oc1ccccc1C)c1ccccc1|CNCC[C@@H](Oc1ccccc1C)c1ccccc1O|CC1=CC(=O)C=CC1=O|CNCCCc1ccccc1|CNCC(O)[C@@H](Oc1ccccc1C)c1ccccc1|C[NH+]=CC[C@@H](Oc1ccccc1C)c1ccccc1|CN=CC[C@@H](Oc1ccccc1C)c1ccccc1|Cc1ccccc1O[C@H](CCNCO)c1ccccc1|Cc1ccccc1O[C@H](CCN(C)O)c1ccccc1|Cc1ccccc1O[C@H](CCN)c1ccccc1|Cc1ccccc1O[C@H](CCO)c1ccccc1|CNCCC(=O)c1ccccc1|Cc1ccccc1O|CNCC[C@@H](O)c1ccccc1|CNCC[C@@](O)(Oc1ccccc1C)c1ccccc1|CNCC[C@@H](Oc1cccc(O)c1C)c1ccccc1|CNCC[C@@H](Oc1ccccc1C(=O)O)c1ccccc1|CNCC[C@@H](Oc1ccccc1CO)c1ccccc1|C=[NH+]CC[C@@H](Oc1ccccc1C)c1ccccc1|CNC(O)C[C@@H](Oc1ccccc1C)c1ccccc1|CNCC[C@@H](Oc1c(C)cccc1O)c1ccccc1|CNCC[C@@H](Oc1cc(O)ccc1C)c1ccccc1|CNCC[C@@H](Oc1ccc(O)cc1C)c1ccccc1|CC(=O)N(C)CC[C@@H](Oc1ccccc1C)c1ccccc1,CNCC[C@@H](Oc1ccccc1CO)c1ccccc1|Cc1ccccc1O[C@H](CCN)c1ccccc1|CNCC[C@@H](Oc1ccc(O)cc1C)c1ccccc1,CNCC[C@@H](Oc1ccccc1C)c1cccc(O)c1|CNCC[C@@H](Oc1ccccc1C)c1ccc(O)c(OC)c1|CNCC[C@@H](Oc1ccccc1C)c1ccc(O)cc1|Cc1ccccc1O[C@H](CC=O)c1ccccc1|CNCC=C(Oc1ccccc1C)c1ccccc1
CNCc1cc(-c2ccccc2F)n(S(=O)(=O)c2cccnc2)c1,O=Cc1cc(-c2ccccc2F)n(S(=O)(=O)c2cccnc2)c1|CNCc1cc(-c2cc(O)ccc2F)n(S(=O)(=O)c2cccnc2)c1|CNCc1cc(-c2cccc(O)c2F)n(S(=O)(=O)c2cccnc2)c1|CNCc1cc(-c2ccc(O)cc2F)n(S(=O)(=O)c2cccnc2)c1|CNCc1cc(-c2ccccc2O)n(S(=O)(=O)c2cccnc2)c1|C[NH+]=Cc1cc(-c2ccccc2F)n(S(=O)(=O)c2cccnc2)c1|CN=Cc1cc(-c2ccccc2F)n(S(=O)(=O)c2cccnc2)c1|CNCc1cc(-c2c(O)cccc2F)n(S(=O)(=O)c2cccnc2)c1|CNCc1cc(-c2ccccc2F)n(S(=O)(=O)c2cnccc2O)c1|O=S(=O)(c1cccnc1)n1cc(CO)cc1-c1ccccc1F|NCc1cc(-c2ccccc2F)n(S(=O)(=O)c2cccnc2)c1|O=S(=O)(c1cccnc1)n1cc(CNCO)cc1-c1ccccc1F|CN(O)Cc1cc(-c2ccccc2F)n(S(=O)(=O)c2cccnc2)c1|C=[NH+]Cc1cc(-c2ccccc2F)n(S(=O)(=O)c2cccnc2)c1|CNCc1cc(-c2ccccc2F)n(S(=O)(=O)c2cccnc2O)c1|CNCc1cc(-c2ccccc2F)n(S(=O)(=O)c2cccnc2)c1O|CNCC1=C[N+]([O-])(S(=O)(=O)c2cccnc2)C(c2ccccc2F)=C1|CNCc1cc(-c2ccccc2F)n(S(=O)(=O)c2ccc(O)nc2)c1|CNCc1cc(-c2ccccc2F)n(S(=O)(=O)c2cncc(O)c2)c1|CNCc1cn(S(=O)(=O)c2cccnc2)c(-c2ccccc2F)c1O|CNCc1cc(-c2ccccc2F)n(S(=O)(=O)c2ccc[n+](C3OC(C(=O)O)C(O)C(O)C3O)c2)c1|CNC(O)c1cc(-c2ccccc2F)n(S(=O)(=O)c2cccnc2)c1|CNCc1cc(-c2ccccc2F)n(S(=O)(=O)c2ccc[n+]([O-])c2)c1|CC(=O)N(C)Cc1cc(-c2ccccc2F)n(S(=O)(=O)c2cccnc2)c1,O=C(O)c1cc(-c2ccccc2F)n(S(=O)(=O)c2cccnc2)c1|NCc1cc(-c2ccccc2F)n(S(=O)(=O)c2cccnc2)c1|C/[N+]([O-])=C/c1cc(-c2ccccc2F)n(S(=O)(=O)c2cccnc2)c1,O=Cc1cc(-c2ccccc2F)n(S(=O)(=O)c2cccnc2)c1|CNCc1cc(-c2cc(O)ccc2F)n(S(=O)(=O)c2cccnc2)c1|CNCc1cc(-c2cccc(O)c2F)n(S(=O)(=O)c2cccnc2)c1|CNCc1cc(-c2ccc(O)cc2F)n(S(=O)(=O)c2cccnc2)c1|CNCc1cc(-c2ccccc2O)n(S(=O)(=O)c2cccnc2)c1
CN[C@@H](C)[C@@H](O)c1ccccc1,CN[C@@H](C)[C@@H](O)c1cccc(O)c1|CN[C@@H](C)[C@@H](O)c1ccc(O)cc1|CN[C@@H](C)[C@@H](O)c1ccc(O)c(OC)c1|CN[C@](C)(O)[C@@H](O)c1ccccc1|C=[NH+][C@@H](C)[C@@H](O)c1ccccc1|CN[C@@H](C)[C@@H](OS(=O)(=O)O)c1ccccc1|CN[C@@H](C)[C@@H](OC1OC(C(=O)O)C(O)C(O)C1O)c1ccccc1|CN[C@@H](C)[C@@H](O)c1ccccc1O|C=C(NC)[C@@H](O)c1ccccc1|C[C@H](N)[C@@H](O)c1ccccc1|C[C@@H]([C@@H](O)c1ccccc1)N(C)O|C[C@H](NCO)[C@@H](O)c1ccccc1|C[NH+]=C(C)[C@@H](O)c1ccccc1|CN=C(C)[C@@H](O)c1ccccc1|CN[C@@H](CO)[C@@H](O)c1ccccc1|CC(=O)[C@@H](O)c1ccccc1|CC(=O)N(C)[C@@H](C)[C@@H](O)c1ccccc1,C[C@H](N)[C@@H](O)c1ccccc1,CN[C@@H](C)[C@@H](O)c1cccc(O)c1|CN[C@@H](C)[C@@H](O)c1ccc(O)cc1|CN[C@@H](C)[C@@H](O)c1ccc(O)c(OC)c1|CN[C@](C)(O)[C@@H](O)c1ccccc1|C=[NH+][C@@H](C)[C@@H](O)c1ccccc1
CN[C@@H](C)[C@H](O)c1ccccc1,CN[C@@H](C)C(=O)c1ccccc1|CN[C@@H](C)C(O)(O)c1ccccc1|CNC(C)=Cc1ccccc1|CN[C@@H](C)[C@H](O)c1ccc(O)c(OC)c1|CN[C@](C)(O)[C@H](O)c1ccccc1|CN[C@@H](C)[C@H](O)c1cccc(O)c1|CN[C@@H](C)[C@H](O)c1ccc(O)cc1|C=[NH+][C@@H](C)[C@H](O)c1ccccc1|CN[C@@H](C)[C@H](OS(=O)(=O)O)c1ccccc1|CN[C@@H](C)[C@H](OC1OC(C(=O)O)C(O)C(O)C1O)c1ccccc1|CN[C@@H](C)[C@H](O)c1ccccc1O|C=C(NC)[C@H](O)c1ccccc1|C[C@@H]([C@H](O)c1ccccc1)N(C)O|C[C@H](NCO)[C@H](O)c1ccccc1|C[C@H](N)[C@H](O)c1ccccc1|C[NH+]=C(C)[C@H](O)c1ccccc1|CN=C(C)[C@H](O)c1ccccc1|CN[C@@H](CO)[C@H](O)c1ccccc1|CNC(C)=C(O)c1ccccc1|CC(=O)[C@H](O)c1ccccc1|CC(=O)N(C)[C@@H](C)[C@H](O)c1ccccc1,C[C@H](O)[C@H](O)c1ccccc1|C[C@@H](N)[C@@H](O)c1ccccc1,CN[C@@H](C)C(=O)c1ccccc1|CN[C@@H](C)C(O)(O)c1ccccc1|CNC(C)=Cc1ccccc1|CN[C@@H](C)[C@H](O)c1ccc(O)c(OC)c1|CN[C@](C)(O)[C@H](O)c1ccccc1
COc1c(-c2ccc3cc(NS(C)(=O)=O)ccc3c2)cc(-n2ccc(=O)[nH]c2=O)cc1C(C)(C)C,COc1c(-c2ccc3cc(NS(C)(=O)=O)ccc3c2)cc(-n2c(O)cc(=O)[nH]c2=O)cc1C(C)(C)C|COc1c(-c2ccc3cc(NS(C)(=O)=O)ccc3c2)cc([N+]2([O-])C=CC(=O)NC2=O)cc1C(C)(C)C|CC(C)(C)c1cc(-n2ccc(=O)[nH]c2=O)cc(-c2ccc3cc(NS(C)(=O)=O)ccc3c2)c1O|CC(C)(C)c1cc(-n2ccc(=O)[nH]c2=O)cc(-c2ccc3cc(NS(C)(=O)=O)ccc3c2)c1OCO|COc1c(-c2ccc3cc(N(C4OC(C(=O)O)C(O)C(O)C4O)S(C)(=O)=O)ccc3c2)cc(-n2ccc(=O)[nH]c2=O)cc1C(C)(C)C|COc1c(-c2ccc3cc(NS(C)(=O)=O)ccc3c2)cc(-n2ccc(=O)n(C3OC(C(=O)O)C(O)C(O)C3O)c2=O)cc1C(C)(C)C|COc1c(-c2ccc3cc(NS(C)(=O)=O)ccc3c2)cc(-n2cc(O)c(=O)[nH]c2=O)cc1C(C)(C)C|COc1c(-c2ccc3cc(NS(C)(=O)=O)ccc3c2)cc(N2CCC(=O)NC2=O)cc1C(C)(C)C|COc1c(-c2ccc3cc(NS(C)(=O)=O)cc(O)c3c2)cc(-n2ccc(=O)[nH]c2=O)cc1C(C)(C)C|COc1c(-c2cc(O)c3cc(NS(C)(=O)=O)ccc3c2)cc(-n2ccc(=O)[nH]c2=O)cc1C(C)(C)C|COc1c(-c2ccc3cc(NS(C)(=O)=O)c(O)cc3c2)cc(-n2ccc(=O)[nH]c2=O)cc1C(C)(C)C|COc1c(-c2ccc3cc(NS(C)(=O)=O)ccc3c2)cc(-n2ccc(=O)[nH]c2=O)c(O)c1C(C)(C)C|CC(C)(C)C1=CC(=O)C=C(c2ccc3cc(NS(C)(=O)=O)ccc3c2)C1=O|O=c1cc[nH]c(=O)[nH]1|COc1c(-c2cc3ccc(NS(C)(=O)=O)cc3cc2O)cc(-n2ccc(=O)[nH]c2=O)cc1C(C)(C)C|COc1c(-c2ccc3cc(NS(C)(=O)=O)ccc3c2O)cc(-n2ccc(=O)[nH]c2=O)cc1C(C)(C)C|COc1c(-c2ccc3c(O)c(NS(C)(=O)=O)ccc3c2)cc(-n2ccc(=O)[nH]c2=O)cc1C(C)(C)C|COc1c(-c2ccc3cc(N(O)S(C)(=O)=O)ccc3c2)cc(-n2ccc(=O)[nH]c2=O)cc1C(C)(C)C|COc1c(C(C)(C)C)cc(-n2ccc(=O)[nH]c2=O)c(O)c1-c1ccc2cc(NS(C)(=O)=O)ccc2c1|COc1c(-c2ccc3cc(NS(=O)(=O)CO)ccc3c2)cc(-n2ccc(=O)[nH]c2=O)cc1C(C)(C)C|COc1c(-c2ccc3cc(NS(C)(=O)=O)ccc3c2)cc(-n2ccc(=O)[nH]c2=O)cc1C(C)(C)CO|COc1c(-c2ccc3cc(NS(C)(=O)=O)ccc3c2)cc(-n2ccc(=O)[nH]c2=O)cc1C(C)(C)C(=O)O,COc1c(-c2ccc3cc(NS(C)(=O)=O)ccc3c2)cc(-n2ccc(=O)[nH]c2=O)cc1C(C)(C)CO,COc1c(-c2ccc3cc(NS(C)(=O)=O)ccc3c2)cc(-n2c(O)cc(=O)[nH]c2=O)cc1C(C)(C)C|COc1c(-c2ccc3cc(NS(C)(=O)=O)ccc3c2)cc([N+]2([O-])C=CC(=O)NC2=O)cc1C(C)(C)C|CC(C)(C)c1cc(-n2ccc(=O)[nH]c2=O)cc(-c2ccc3cc(NS(C)(=O)=O)ccc3c2)c1O|CC(C)(C)c1cc(-n2ccc(=O)[nH]c2=O)cc(-c2ccc3cc(NS(C)(=O)=O)ccc3c2)c1OCO|COc1c(-c2ccc3cc(N(C4OC(C(=O)O)C(O)C(O)C4O)S(C)(=O)=O)ccc3c2)cc(-n2ccc(=O)[nH]c2=O)cc1C(C)(C)C
COc1cc(Cc2cnc(N)nc2N)cc(OC)c1OC,COc1cc(Cc2cnc(=O)[nH]c2N)cc(OC)c1OC|COc1cc(Cc2cnc(NO)nc2N)cc(OC)c1OC|COc1cc(Cc2cnc(N)nc2N)cc(OCO)c1OC|COc1cc(Cc2cnc(N)nc2N)cc(O)c1OC|COc1cc(Cc2cnc(N)nc2NC(C)=O)cc(OC)c1OC|COc1cc(Cc2cnc(NC(C)=O)nc2N)cc(OC)c1OC|COc1cc(Cc2cnc(NS(=O)(=O)O)nc2N)cc(OC)c1OC|COc1cc(Cc2cnc(NC3OC(C(=O)O)C(O)C(O)C3O)nc2N)cc(OC)c1OC|COc1cc(Cc2cnc(N)nc2N)c(O)c(OC)c1OC|COc1cc(Cc2c(N)nc(N)nc2O)cc(OC)c1OC|COC1=C(OC)C(=O)C(Cc2cnc(N)nc2N)=CC1=O|COC1=CC(O)(Cc2cnc(N)nc2N)C=C(OC)C1=O|COc1cc(C(O)c2cnc(N)nc2N)cc(OC)c1OC|COc1cc(Cc2cnc(N)nc2NO)cc(OC)c1OC|COc1cc(Cc2cnc(N)[n+](C3OC(C(=O)O)C(O)C(O)C3O)c2N)cc(OC)c1OC|COc1cc(Cc2c[n+](C3OC(C(=O)O)C(O)C(O)C3O)c(N)nc2N)cc(OC)c1OC|COc1cc(Cc2cnc(N)nc2NS(=O)(=O)O)cc(OC)c1OC|COc1cc(Cc2c[n+]([O-])c(N)nc2N)cc(OC)c1OC|COc1cc(Cc2cnc(N)nc2N)cc(OC)c1O|COc1cc(Cc2cnc(N)nc2N)cc(OC)c1OCO|COc1cc(Cc2cnc(N)[n+]([O-])c2N)cc(OC)c1OC|COc1cc(Cc2cnc(N)[nH]c2=O)cc(OC)c1OC|COc1cc(Cc2cnc(N)nc2NC2OC(C(=O)O)C(O)C(O)C2O)cc(OC)c1OC,COc1cc(Cc2c[n+]([O-])c(N)nc2N)cc(OC)c1OC|COc1cc(Cc2cnc(N)nc2N)cc(OC)c1O|COc1cc(Cc2cnc(N)[n+]([O-])c2N)cc(OC)c1OC|COc1cc(C(O)c2cnc(N)nc2N)cc(OC)c1OC|COc1cc(Cc2cnc(N)nc2N)cc(O)c1OC,COc1cc(Cc2cnc(=O)[nH]c2N)cc(OC)c1OC|COc1cc(Cc2cnc(NO)nc2N)cc(OC)c1OC|COc1cc(Cc2cnc(N)nc2N)cc(OCO)c1OC|COc1cc(Cc2cnc(N)nc2N)cc(O)c1OC|COc1cc(Cc2cnc(N)nc2NC(C)=O)cc(OC)c1OC
COc1cc2nccc(Oc3ccc(NC(=O)NC4CC4)c(Cl)c3)c2cc1C(N)=O,NC1CC1|COc1cc2nccc(Oc3ccc(NC(=O)O)c(Cl)c3)c2cc1C(N)=O|COc1cc2nccc(Oc3ccc(NC(=O)N(O)C4CC4)c(Cl)c3)c2cc1C(N)=O|COc1cc2nccc(Oc3ccc(NC(N)=O)c(Cl)c3)c2cc1C(N)=O|COc1cc2nccc(Oc3ccc(NC(=O)NC4(O)CC4)c(Cl)c3)c2cc1C(N)=O|COc1cc2nccc(Oc3ccc(NC(=O)NC4CC4O)c(Cl)c3)c2cc1C(N)=O|COc1cc2nccc(Oc3ccc(NC(=O)NC4CC4)c(Cl)c3)c2c(O)c1C(N)=O|COc1cc2nccc(Oc3ccc(NC(=O)NC4CC4)c(Cl)c3)c2cc1C(=O)O|COc1cc2nccc(Oc3ccc(NC(=O)NC4CC4)c(Cl)c3)c2cc1C(=O)NO|COc1cc2nccc(Oc3ccc(NC(=O)NC4CC4)c(O)c3)c2cc1C(N)=O|O=CNC1CC1|COc1cc2nccc(Oc3ccc(NC=O)c(Cl)c3)c2cc1C(N)=O|COc1cc2nccc(O)c2cc1C(N)=O|O=C1C=CC(NC(=O)NC2CC2)C(Cl)=C1|COc1cc2nccc(Oc3ccc(NC(=O)NC4C=C4)c(Cl)c3)c2cc1C(N)=O|COc1cc2nccc(Oc3ccc(NC(=O)NC4CC4)c(Cl)c3)c2cc1C(=O)NC1OC(C(=O)O)C(O)C(O)C1O|COc1cc2nccc(Oc3ccc(NC(=O)[NH+]=C4CC4)c(Cl)c3)c2cc1C(N)=O|COc1cc2nccc(Oc3ccc(NC(=O)NC4=CC4)c(Cl)c3)c2cc1C(N)=O|COc1cc2nccc(Oc3ccc(NC(=O)N=C4CC4)c(Cl)c3)c2cc1C(N)=O|COc1cc2nccc(Oc3ccc(N)c(Cl)c3)c2cc1C(N)=O|O=C(O)NC1CC1|COc1cc2nccc(Oc3ccc(N(O)C(=O)NC4CC4)c(Cl)c3)c2cc1C(N)=O|COc1cc2nccc(Oc3cc(O)c(NC(=O)NC4CC4)c(Cl)c3)c2cc1C(N)=O|COc1cc2nccc(Oc3ccc(NC(=O)NC4CC4)c(Cl)c3O)c2cc1C(N)=O|COc1cc2nccc(Oc3cc(Cl)c(NC(=O)NC4CC4)cc3O)c2cc1C(N)=O|COc1cc2nccc(Oc3ccc(NC(=O)NC4CC4)c(SCC(NC(=O)CCC(N)C(=O)O)C(=O)NCC(=O)O)c3)c2cc1C(N)=O|COc1cc2nccc(Oc3ccc(N(C(=O)NC4CC4)C4OC(C(=O)O)C(O)C(O)C4O)c(Cl)c3)c2cc1C(N)=O|COc1cc2nc(O)cc(Oc3ccc(NC(=O)NC4CC4)c(Cl)c3)c2cc1C(N)=O|COc1cc2ncc(O)c(Oc3ccc(NC(=O)NC4CC4)c(Cl)c3)c2cc1C(N)=O|COc1cc2c(cc1C(N)=O)c(Oc1ccc(NC(=O)NC3CC3)c(Cl)c1)cc[n+]2[O-]|COc1c(C(N)=O)cc2c(Oc3ccc(NC(=O)NC4CC4)c(Cl)c3)ccnc2c1O|COc1cc2c(cc1C(N)=O)c(Oc1ccc(NC(=O)NC3CC3)c(Cl)c1)cc[n+]2C1OC(C(=O)O)C(O)C(O)C1O|NC(=O)C1=CC(=O)C(N=CC=COc2ccc(NC(=O)NC3CC3)c(Cl)c2)=CC1=O|NC(=O)c1cc2c(Oc3ccc(NC(=O)NC4CC4)c(Cl)c3)ccnc2cc1O|NC(=O)c1cc2c(Oc3ccc(NC(=O)NC4CC4)c(Cl)c3)ccnc2cc1OCO,COc1cc2c(cc1C(N)=O)c(Oc1ccc(NC(=O)NC3CC3)c(Cl)c1)cc[n+]2[O-]|NC(=O)c1cc2c(Oc3ccc(NC(=O)NC4CC4)c(Cl)c3)ccnc2cc1O,NC1CC1|COc1cc2nccc(Oc3ccc(NC(=O)O)c(Cl)c3)c2cc1C(N)=O|COc1cc2nccc(Oc3ccc(NC(=O)N(O)C4CC4)c(Cl)c3)c2cc1C(N)=O|COc1cc2nccc(Oc3ccc(NC(N)=O)c(Cl)c3)c2cc1C(N)=O|COc1cc2nccc(Oc3ccc(NC(=O)NC4(O)CC4)c(Cl)c3)c2cc1C(N)=O
COc1ccc(CC(C)NCC(O)c2ccc(O)c(NC=O)c2)cc1,O=CNc1cc(C(O)CO)ccc1O|COc1ccc(CC(C)NC(O)C(O)c2ccc(O)c(NC=O)c2)cc1|COc1ccc(CC(C)N(O)CC(O)c2ccc(O)c(NC=O)c2)cc1|COc1ccc(CC(C)NCC(=O)c2ccc(O)c(NC=O)c2)cc1|COc1ccc(CC(C)NC=Cc2ccc(O)c(NC=O)c2)cc1|O=CNc1cc(C(O)C=O)ccc1O|COc1ccc(CC(C)N)cc1|COc1ccc(CC(CO)NCC(O)c2ccc(O)c(NC=O)c2)cc1|COc1ccc(CC(C)NCC(O)c2ccc(O)c(NC=O)c2)c(O)c1|CC(Cc1ccc(O)cc1)NCC(O)c1ccc(O)c(NC=O)c1|CC(Cc1ccc(OCO)cc1)NCC(O)c1ccc(O)c(NC=O)c1|C=C(Cc1ccc(OC)cc1)NCC(O)c1ccc(O)c(NC=O)c1|COc1ccc(CC(C)=[NH+]CC(O)c2ccc(O)c(NC=O)c2)cc1|COc1ccc(CC(C)=NCC(O)c2ccc(O)c(NC=O)c2)cc1|COc1ccc(C=C(C)NCC(O)c2ccc(O)c(NC=O)c2)cc1|COc1ccc(CC(C)NCC(O)c2ccc(O)c([NH+]=C=O)c2)cc1|COc1ccc(CC(C)NCC(O)c2ccc(O)c(N=C=O)c2)cc1|COc1ccc(CC(C)NCC(O)c2ccc(O)c(N(C=O)C3OC(C(=O)O)C(O)C(O)C3O)c2)cc1|COc1ccc(CC(C)NCC(O)C2(O)C=CC(=O)C(NC=O)=C2)cc1|COc1ccc(CC(C)NCC(OC2OC(C(=O)O)C(O)C(O)C2O)c2ccc(O)c(NC=O)c2)cc1|COc1ccc(CC(C)NC=C(O)c2ccc(O)c(NC=O)c2)cc1|COc1ccc(CC(C)[NH+]=CC(O)c2ccc(O)c(NC=O)c2)cc1|COc1ccc(CC(C)N=CC(O)c2ccc(O)c(NC=O)c2)cc1|COc1ccc(CC(C)NCC(O)c2ccc(O)c(NC=O)c2)cc1O|CC(CC1(O)C=CC(=O)C=C1)NCC(O)c1ccc(O)c(NC=O)c1|COc1ccc(CC(C)NCC(O)c2ccc(OC)c(NC=O)c2)cc1|COc1ccc(CC(C)NCC(O)c2cc(O)c(O)c(NC=O)c2)cc1|COc1ccc(CC(C)NCC(O)c2cc(NC=O)c(O)cc2O)cc1|COc1ccc(CC(C)(O)NCC(O)c2ccc(O)c(NC=O)c2)cc1|COc1ccc(C(O)C(C)NCC(O)c2ccc(O)c(NC=O)c2)cc1|NCC(O)c1ccc(O)c(NC=O)c1|COc1ccc(CC(C)=O)cc1|COc1ccc(CC(C)NCC(O)c2ccc(OC3OC(C(=O)O)C(O)C(O)C3O)c(NC=O)c2)cc1|COc1ccc(CC(C)NCC(O)c2ccc(O)c(N(O)C=O)c2)cc1|COc1ccc(CC(C)NCC(O)c2ccc(O)c(N)c2)cc1|COc1ccc(CC(C)NCC(O)c2ccc(O)c(NC(=O)O)c2)cc1|COc1ccc(CC(C)NCC(OS(=O)(=O)O)c2ccc(O)c(NC=O)c2)cc1|COc1ccc(CC(C)NCC(O)(O)c2ccc(O)c(NC=O)c2)cc1|COc1ccc(CC(C)NCC(O)c2ccc(O)c(NC=O)c2O)cc1|COc1ccc(CC(C)NCC(O)c2ccc(OS(=O)(=O)O)c(NC=O)c2)cc1,COc1ccc(CC(C)NCC(O)c2ccc(OS(=O)(=O)O)c(NC=O)c2)cc1|CC(Cc1ccc(O)cc1)NCC(O)c1ccc(O)c(NC=O)c1|COc1ccc(CC(C)NCC(O)c2ccc(O)c(N)c2)cc1|COc1ccc(CC(C)NCC(OC2O[C@H](C(=O)O)[C@@H](O)[C@H](O)[C@H]2O)c2ccc(O)c(NC=O)c2)cc1|COc1ccc(CC(C)NCC(O)c2ccc(OC3O[C@H](C(=O)O)[C@@H](O)[C@H](O)[C@H]3O)c(NC=O)c2)cc1,O=CNc1cc(C(O)CO)ccc1O|COc1ccc(CC(C)NC(O)C(O)c2ccc(O)c(NC=O)c2)cc1|COc1ccc(CC(C)N(O)CC(O)c2ccc(O)c(NC=O)c2)cc1|COc1ccc(CC(C)NCC(=O)c2ccc(O)c(NC=O)c2)cc1|COc1ccc(CC(C)NC=Cc2ccc(O)c(NC=O)c2)cc1
COc1ccc(S(=O)(=O)N2Cc3[nH]c4ccccc4c3CC2C(N)=O)cc1,COc1ccc(S(=O)(=O)[N+]2([O-])Cc3[nH]c4ccccc4c3CC2C(N)=O)cc1|COc1ccc(S(=O)(=O)N2C(C(N)=O)Cc3c([nH]c4ccccc34)C2O)cc1|COc1ccc(S(=O)(=O)NC(Cc2c(C=O)[nH]c3ccccc23)C(N)=O)cc1|COc1ccc(S(=O)(=O)N2Cc3[nH]c4ccccc4c3CC2C(=O)O)cc1|COc1ccc(S(=O)(=O)N2Cc3[nH]c4ccccc4c3CC2C(=O)NO)cc1|COc1ccc(S(=O)(=O)N2Cc3[nH]c4ccccc4c3CC2(O)C(N)=O)cc1|COc1ccc(S(=O)(=O)N2Cc3[nH]c4c(O)cccc4c3CC2C(N)=O)cc1|COc1ccc(S(=O)(=O)N2Cc3[nH]c4cc(O)ccc4c3CC2C(N)=O)cc1|COc1ccc(S(=O)(=O)N2Cc3[nH]c4ccc(O)cc4c3CC2C(N)=O)cc1|COc1ccc(S(=O)(=O)N2Cc3[nH]c4ccccc4c3CC2C(N)=O)c(O)c1|COc1ccc(S(=O)(=O)[N+]2=C(C(N)=O)Cc3c([nH]c4ccccc34)C2)cc1|COc1ccc(S(=O)(=O)N2Cc3[nH]c4cccc(O)c4c3CC2C(N)=O)cc1|COc1ccc(S(=O)(=O)N2Cc3[nH]c4ccccc4c3C=C2C(N)=O)cc1|COc1ccc(S(=O)(=O)[N+]2=Cc3[nH]c4ccccc4c3CC2C(N)=O)cc1|COc1ccc(S(=O)(=O)N2C=Cc3c([nH]c4ccccc34)C2)cc1|NC=O|COc1ccc(S(=O)(=O)N2C3Cc4c([nH]c5ccccc45)C2NC3=O)cc1|COc1ccc(S(=O)(=O)N2Cc3[nH]c4ccccc4c3CC2C(N)=O)cc1O|NC(=O)C1Cc2c([nH]c3ccccc23)CN1[S](=O)=O|COc1ccc(S(=O)(=O)N2Cc3c(c4ccccc4n3C3OC(C(=O)O)C(O)C(O)C3O)CC2C(N)=O)cc1|COc1ccc(S(=O)(=O)NCc2[nH]c3ccccc3c2CC(=O)C(N)=O)cc1|COc1ccc(S(=O)(=O)N2Cc3[nH]c4ccccc4c3C(O)C2C(N)=O)cc1|COc1ccc(S(=O)(=O)N2Cc3[nH]c4ccccc4c3CC2C(=O)NC2OC(C(=O)O)C(O)C(O)C2O)cc1|NC(=O)C1Cc2c([nH]c3ccccc23)CN1S(=O)(=O)c1ccc(O)cc1|NC(=O)C1Cc2c([nH]c3ccccc23)CN1S(=O)(=O)c1ccc(OCO)cc1,NC(=O)C1Cc2c([nH]c3ccccc23)CN1S(=O)(=O)c1ccc(O)cc1|COc1ccc(S(=O)(=O)N2Cc3[nH]c4ccccc4c3CC2C(N)=O)cc1O|COc1ccc(S(=O)(=O)N2Cc3[nH]c4ccccc4c3C=C2C(N)=O)cc1,COc1ccc(S(=O)(=O)[N+]2([O-])Cc3[nH]c4ccccc4c3CC2C(N)=O)cc1|COc1ccc(S(=O)(=O)N2C(C(N)=O)Cc3c([nH]c4ccccc34)C2O)cc1|COc1ccc(S(=O)(=O)NC(Cc2c(C=O)[nH]c3ccccc23)C(N)=O)cc1|COc1ccc(S(=O)(=O)N2Cc3[nH]c4ccccc4c3CC2C(=O)O)cc1|COc1ccc(S(=O)(=O)N2Cc3[nH]c4ccccc4c3CC2C(=O)NO)cc1
COc1ccc2ccc(=O)oc2c1CC=C(C)C,COc1ccc2ccc(=O)oc2c1C=CC(C)(C)O|C=C(C)C(O)Cc1c(OC)ccc2ccc(=O)oc12|COc1ccc2cc(O)c(=O)oc2c1CC=C(C)C|CC(C)=CCc1c(OCO)ccc2ccc(=O)oc12|CC(C)=CCc1c(O)ccc2ccc(=O)oc12|COc1ccc2ccc(=O)oc2c1C(O)C=C(C)C|COc1ccc2ccc(=O)oc2c1CC1OC1(C)C|COc1c(O)cc2ccc(=O)oc2c1CC=C(C)C|COc1cc(O)c2ccc(=O)oc2c1CC=C(C)C|C=CC(=O)OC1=C(CC=C(C)C)C(=O)C=CC1=O|COc1ccc2ccc(=O)oc2c1C=C=C(C)C|COc1ccc2c(O)cc(=O)oc2c1CC=C(C)C|COc1ccc2ccc(=O)oc2c1CC=C(C)C(=O)O|COc1ccc2ccc(=O)oc2c1CC=C(C)CO,COc1ccc2c(c1CC=C(C)C)OC(O)C(CC(=O)O)=C2|CC(C)=CCc1c(O)ccc2ccc(=O)oc12|COc1ccc2ccc(=O)oc2c1C/C=C(\C)CO|C=C(C)/C=C/c1c(OC)ccc2ccc(=O)oc12|COc1ccc2cc(O)c(=O)oc2c1CC=C(C)C,COc1ccc2ccc(=O)oc2c1C=CC(C)(C)O|C=C(C)C(O)Cc1c(OC)ccc2ccc(=O)oc12|COc1ccc2cc(O)c(=O)oc2c1CC=C(C)C|CC(C)=CCc1c(OCO)ccc2ccc(=O)oc12|CC(C)=CCc1c(O)ccc2ccc(=O)oc12
COc1ccccc1Oc1c(NS(=O)(=O)c2ccc(C(C)(C)C)cc2)nc(-c2ncccn2)nc1OCCO,COc1ccccc1Oc1c(NS(=O)(=O)c2ccc(C(C)(C)C)cc2)nc(-c2nccc(O)n2)nc1OCCO|COc1ccccc1Oc1c(NS(=O)(=O)c2ccc(C(C)(C)C)cc2)nc(-c2ncc(O)cn2)nc1OCCO|COc1ccccc1Oc1c(OCCO)nc(-c2ncccn2)nc1N(C1OC(C(=O)O)C(O)C(O)C1O)S(=O)(=O)c1ccc(C(C)(C)C)cc1|CC(C)(C)c1ccc(S(=O)(=O)Nc2nc(-c3ncccn3)nc(OCCO)c2Oc2ccccc2OCO)cc1|CC(C)(C)c1ccc(S(=O)(=O)Nc2nc(-c3ncccn3)nc(OCCO)c2Oc2ccccc2O)cc1|COc1ccccc1Oc1c(NS(=O)(=O)c2ccc(C(C)(C)C)cc2)nc(-c2ncccn2)nc1OCCOC1OC(C(=O)O)C(O)C(O)C1O|COC1=CCC=CC1=O|CC(C)(C)c1ccc(S(=O)(=O)Nc2nc(-c3ncccn3)nc(OCCO)c2O)cc1|COc1ccccc1Oc1c(NS(=O)(=O)c2ccc(C(C)(C)C)cc2)nc(-c2ncccn2)[n+](C2OC(C(=O)O)C(O)C(O)C2O)c1OCCO|COc1ccccc1Oc1c(NS(=O)(=O)c2ccc(C(C)(C)C)cc2O)nc(-c2ncccn2)nc1OCCO|COc1ccccc1Oc1c(NS(=O)(=O)c2ccc(C(C)(C)C)c(O)c2)nc(-c2ncccn2)nc1OCCO|COc1ccccc1Oc1c(OCCO)nc(-c2ncccn2)[n+](C2OC(C(=O)O)C(O)C(O)C2O)c1NS(=O)(=O)c1ccc(C(C)(C)C)cc1|COc1ccccc1Oc1c(NS(=O)(=O)c2ccc(C(C)(C)C)cc2)nc(-c2ncccn2)nc1OC=CO|COc1ccccc1Oc1c(OCCO)nc(-c2ncccn2)nc1N(O)S(=O)(=O)c1ccc(C(C)(C)C)cc1|COc1ccccc1Oc1c(OCCO)nc(-c2ncccn2)[n+]([O-])c1NS(=O)(=O)c1ccc(C(C)(C)C)cc1|COc1ccccc1Oc1c(NS(=O)(=O)c2ccc(C(C)(C)C)cc2)nc(-c2nccc[n+]2C2OC(C(=O)O)C(O)C(O)C2O)nc1OCCO|COc1ccccc1Oc1c(NS(=O)(=O)c2ccc(C(C)(C)C)cc2)nc(-c2ncccn2)[n+]([O-])c1OCCO|CC(C)(C)c1ccc(S(N)(=O)=O)cc1|COc1ccccc1Oc1c(OCCO)nc(-c2ncccn2)[nH]c1=O|COc1ccccc1Oc1c(NS(=O)(=O)c2ccc(C(C)(C)C(=O)O)cc2)nc(-c2ncccn2)nc1OCCO|COc1ccccc1Oc1c(NS(=O)(=O)c2ccc(C(C)(C)CO)cc2)nc(-c2ncccn2)nc1OCCO|COc1ccccc1Oc1c(O)nc(-c2ncccn2)nc1NS(=O)(=O)c1ccc(C(C)(C)C)cc1|COc1ccccc1Oc1c(NS(=O)(=O)c2ccc(C(C)(C)C)cc2)nc(-c2ncccn2)nc1OC(O)CO|CC(C)(C)c1ccc(S(=O)(=O)Nc2nc(-c3ncccn3)nc(OCCO)c2OC2=CC(=O)C=CC2=O)cc1|COc1ccc(O)cc1Oc1c(NS(=O)(=O)c2ccc(C(C)(C)C)cc2)nc(-c2ncccn2)nc1OCCO|COc1cccc(O)c1Oc1c(NS(=O)(=O)c2ccc(C(C)(C)C)cc2)nc(-c2ncccn2)nc1OCCO|COc1cc(O)ccc1Oc1c(NS(=O)(=O)c2ccc(C(C)(C)C)cc2)nc(-c2ncccn2)nc1OCCO|COc1c(O)cccc1Oc1c(NS(=O)(=O)c2ccc(C(C)(C)C)cc2)nc(-c2ncccn2)nc1OCCO|COc1ccccc1Oc1c(NS(=O)(=O)c2ccc(C(C)(C)C)cc2)nc(-c2nccc[n+]2[O-])nc1OCCO|COc1ccccc1Oc1c(NS(=O)(=O)c2ccc(C(C)(C)C)cc2)nc(-c2ncccn2)nc1OCC=O|COc1ccccc1Oc1c(NS(=O)(=O)c2ccc(C(C)(C)C)cc2)nc(-c2ncccn2)nc1OCC(=O)O|COc1ccccc1Oc1c(NS(=O)(=O)c2ccc(C(C)(C)C)cc2)nc(-c2ncccn2)nc1OCC(O)O|COc1ccccc1Oc1c(NS(=O)(=O)c2ccc(C(C)(C)C)cc2)nc(-c2ncccn2)nc1OCCOS(=O)(=O)O,COc1ccccc1Oc1c(NS(=O)(=O)c2ccc(C(C)(C)CO)cc2)nc(-c2ncccn2)nc1OCCO|CC(C)(C)c1ccc(S(=O)(=O)Nc2nc(-c3ncccn3)nc(OCCO)c2Oc2ccccc2O)cc1,COc1ccccc1Oc1c(NS(=O)(=O)c2ccc(C(C)(C)C)cc2)nc(-c2nccc(O)n2)nc1OCCO|COc1ccccc1Oc1c(NS(=O)(=O)c2ccc(C(C)(C)C)cc2)nc(-c2ncc(O)cn2)nc1OCCO|COc1ccccc1Oc1c(OCCO)nc(-c2ncccn2)nc1N(C1OC(C(=O)O)C(O)C(O)C1O)S(=O)(=O)c1ccc(C(C)(C)C)cc1|CC(C)(C)c1ccc(S(=O)(=O)Nc2nc(-c3ncccn3)nc(OCCO)c2Oc2ccccc2OCO)cc1|CC(C)(C)c1ccc(S(=O)(=O)Nc2nc(-c3ncccn3)nc(OCCO)c2Oc2ccccc2O)cc1
CS(=O)(=O)CCNCc1ccc(-c2ccc3ncnc(Nc4ccc(OCc5cccc(F)c5)c(Cl)c4)c3c2)o1,CS(=O)(=O)CC=O|NCc1ccc(-c2ccc3ncnc(Nc4ccc(OCc5cccc(F)c5)c(Cl)c4)c3c2)o1|CS(=O)(=O)CCO|CS(=O)(=O)CC(O)NCc1ccc(-c2ccc3ncnc(Nc4ccc(OCc5cccc(F)c5)c(Cl)c4)c3c2)o1|CS(=O)(=O)CCN|CS(=O)(=O)C(O)CNCc1ccc(-c2ccc3ncnc(Nc4ccc(OCc5cccc(F)c5)c(Cl)c4)c3c2)o1|CS(=O)(=O)CCN(O)Cc1ccc(-c2ccc3ncnc(Nc4ccc(OCc5cccc(F)c5)c(Cl)c4)c3c2)o1|OCc1ccc(-c2ccc3ncnc(Nc4ccc(OCc5cccc(F)c5)c(Cl)c4)c3c2)o1|CS(=O)(=O)CCNCc1ccc(-c2ccc3ncnc(Nc4ccc(OCc5cccc(F)c5)c(O)c4)c3c2)o1|CS(=O)(=O)CCNCc1ccc(-c2ccc3ncnc(Nc4ccc(OCc5cccc(O)c5)c(Cl)c4)c3c2)o1|CS(=O)(=O)CCNCc1ccc(-c2ccc3ncnc(Nc4ccc(OCc5cccc(F)c5)c(SCC(NC(=O)CCC(N)C(=O)O)C(=O)NCC(=O)O)c4)c3c2)o1|CS(=O)(=O)CCNCc1ccc(-c2ccc3ncnc(Nc4ccc(OCc5cc(F)ccc5O)c(Cl)c4)c3c2)o1|CS(=O)(=O)CCNCc1ccc(-c2ccc3ncnc(Nc4cc(O)c(OCc5cccc(F)c5)c(Cl)c4)c3c2)o1|O=C1C=CC(OCc2cccc(F)c2)C(Cl)=C1|CS(=O)(=O)CCNCc1ccc(-c2ccc3ncnc(Nc4ccc(OCc5cccc(F)c5O)c(Cl)c4)c3c2)o1|CS(=O)(=O)CCNCc1ccc(-c2cc3c(Nc4ccc(OCc5cccc(F)c5)c(Cl)c4)ncnc3cc2O)o1|CS(=O)(=O)CCNCc1ccc(-c2ccc3nc[n+](C4OC(C(=O)O)C(O)C(O)C4O)c(Nc4ccc(OCc5cccc(F)c5)c(Cl)c4)c3c2)o1|O=S(=O)(CO)CCNCc1ccc(-c2ccc3ncnc(Nc4ccc(OCc5cccc(F)c5)c(Cl)c4)c3c2)o1|CS(=O)(=O)CCNCc1ccc(-c2ccc3c(c2)c(Nc2ccc(OCc4cccc(F)c4)c(Cl)c2)nc[n+]3C2OC(C(=O)O)C(O)C(O)C2O)o1|CS(=O)(=O)CCNCc1oc(-c2ccc3ncnc(Nc4ccc(OCc5cccc(F)c5)c(Cl)c4)c3c2)cc1O|CS(=O)(=O)CCNCc1ccc(-c2ccc3nc[n+]([O-])c(Nc4ccc(OCc5cccc(F)c5)c(Cl)c4)c3c2)o1|C[SH](=O)=O|O=CCNCc1ccc(-c2ccc3ncnc(Nc4ccc(OCc5cccc(F)c5)c(Cl)c4)c3c2)o1|O=[SH](=O)CCNCc1ccc(-c2ccc3ncnc(Nc4ccc(OCc5cccc(F)c5)c(Cl)c4)c3c2)o1|CS(=O)(=O)CCNCc1ccc(-c2ccc3ncnc(N(O)c4ccc(OCc5cccc(F)c5)c(Cl)c4)c3c2)o1|CS(=O)(=O)CCNCc1ccc(-c2ccc3ncnc(Nc4cc(Cl)c(OCc5cccc(F)c5)cc4O)c3c2)o1|CS(=O)(=O)CCNCc1ccc(-c2ccc3ncnc(Nc4ccc(OCc5cccc(F)c5)c(Cl)c4O)c3c2)o1|CS(=O)(=O)CC[NH+]=Cc1ccc(-c2ccc3ncnc(Nc4ccc(OCc5cccc(F)c5)c(Cl)c4)c3c2)o1|CS(=O)(=O)CCN=Cc1ccc(-c2ccc3ncnc(Nc4ccc(OCc5cccc(F)c5)c(Cl)c4)c3c2)o1|CS(=O)(=O)CC=NCc1ccc(-c2ccc3ncnc(Nc4ccc(OCc5cccc(F)c5)c(Cl)c4)c3c2)o1|CS(=O)(=O)CC=[NH+]Cc1ccc(-c2ccc3ncnc(Nc4ccc(OCc5cccc(F)c5)c(Cl)c4)c3c2)o1|CS(=O)(=O)C=CNCc1ccc(-c2ccc3ncnc(Nc4ccc(OCc5cccc(F)c5)c(Cl)c4)c3c2)o1|CS(=O)(=O)CCNCc1ccc(-c2ccc3ncnc(N(c4ccc(OCc5cccc(F)c5)c(Cl)c4)C4OC(C(=O)O)C(O)C(O)C4O)c3c2)o1|CS(=O)(=O)CCNCc1ccc(-c2ccc3nc(O)nc(Nc4ccc(OCc5cccc(F)c5)c(Cl)c4)c3c2)o1|CS(=O)(=O)CCNCc1ccc(-c2ccc3c(c2)c(Nc2ccc(OCc4cccc(F)c4)c(Cl)c2)nc[n+]3[O-])o1|Nc1ccc(OCc2cccc(F)c2)c(Cl)c1|CS(=O)(=O)CCNCc1ccc(-c2ccc3nc[nH]c(=O)c3c2)o1|CS(=O)(=O)CCNCc1ccc(-c2cc(O)c3ncnc(Nc4ccc(OCc5cccc(F)c5)c(Cl)c4)c3c2)o1|Cc1cccc(F)c1|CS(=O)(=O)CCNCc1ccc(-c2ccc3ncnc(N)c3c2)o1|O=C1C=CC(=O)C(Cl)=C1|CS(=O)(=O)CCNCc1cc(O)c(-c2ccc3ncnc(Nc4ccc(OCc5cccc(F)c5)c(Cl)c4)c3c2)o1|CS(=O)(=O)CCNCc1ccc(-c2ccc3ncnc(Nc4ccc(OCc5cccc(F)c5)c(Cl)c4)c3c2O)o1|CS(=O)(=O)CCNC(O)c1ccc(-c2ccc3ncnc(Nc4ccc(OCc5cccc(F)c5)c(Cl)c4)c3c2)o1|O=Cc1ccc(-c2ccc3ncnc(Nc4ccc(OCc5cccc(F)c5)c(Cl)c4)c3c2)o1|CS(=O)(=O)CCNCc1ccc(-c2ccc3ncnc(Nc4ccc(OCc5cc(O)cc(F)c5)c(Cl)c4)c3c2)o1|O=Cc1cccc(F)c1|CS(=O)(=O)CCNCc1ccc(-c2ccc3ncnc(Nc4ccc(O)c(Cl)c4)c3c2)o1|CS(=O)(=O)CCNCc1ccc(-c2ccc3ncnc(Nc4ccc(OCc5ccc(O)c(F)c5)c(Cl)c4)c3c2)o1|OCc1cccc(F)c1|CS(=O)(=O)CCNCc1ccc(-c2ccc3ncnc(Nc4ccc(OC(O)c5cccc(F)c5)c(Cl)c4)c3c2)o1,NCc1ccc(-c2ccc3ncnc(Nc4ccc(OCc5cccc(F)c5)c(Cl)c4)c3c2)o1|CS(=O)(=O)CCNCc1ccc(-c2ccc3ncnc(Nc4ccc(O)c(Cl)c4)c3c2)o1|CS(=O)(=O)CCN(O)Cc1ccc(-c2ccc3ncnc(Nc4ccc(OCc5cccc(F)c5)c(Cl)c4)c3c2)o1,CS(=O)(=O)CC=O|NCc1ccc(-c2ccc3ncnc(Nc4ccc(OCc5cccc(F)c5)c(Cl)c4)c3c2)o1|CS(=O)(=O)CCO|CS(=O)(=O)CC(O)NCc1ccc(-c2ccc3ncnc(Nc4ccc(OCc5cccc(F)c5)c(Cl)c4)c3c2)o1|CS(=O)(=O)CCN
C[C@@H](Oc1cc(-c2cnn(C3CCNCC3)c2)cnc1N)c1c(Cl)ccc(F)c1Cl,C[C@@H](Oc1cc(-c2cnn(C3CCNCC3)c2)cnc1NC1OC(C(=O)O)C(O)C(O)C1O)c1c(Cl)ccc(F)c1Cl|C[C@@H](Oc1cc(-c2cnn(C3CCNCC3)c2)cnc1N)c1c(O)ccc(F)c1Cl|C[C@@H](Oc1cc(-c2cnn(C3CCNCC3)c2)cnc1N)c1c(Cl)ccc(F)c1O|C[C@@H](Oc1cc(-c2cnn(C3CCNCC3)c2)cnc1N)c1c(Cl)ccc(O)c1Cl|C[C@@H](Oc1cc(-c2cnn(C3=CCNCC3)c2)cnc1N)c1c(Cl)ccc(F)c1Cl|C[C@@H](Oc1cc(-c2cnn(C3CCNCC3)c2)cnc1N)c1c(Cl)ccc(F)c1SCC(NC(=O)CCC(N)C(=O)O)C(=O)NCC(=O)O|C[C@@H](Oc1cc(-c2cnn(C3CCNCC3)c2)cnc1N)c1c(SCC(NC(=O)CCC(N)C(=O)O)C(=O)NCC(=O)O)ccc(F)c1Cl|C[C@@H](Oc1cc(-c2cn(C3CCNCC3)nc2O)cnc1N)c1c(Cl)ccc(F)c1Cl|C[C@@H](Oc1cc(-c2cnn(C3CCNCC3)c2)c[n+](C2OC(C(=O)O)C(O)C(O)C2O)c1N)c1c(Cl)ccc(F)c1Cl|C[C@@H](Oc1cc(-c2cnn(C3CCNCC3)c2O)cnc1N)c1c(Cl)ccc(F)c1Cl|C[C@@H](Oc1cc(-c2cn(C3CCNCC3)[n+]([O-])c2)cnc1N)c1c(Cl)ccc(F)c1Cl|C[C@@H](Oc1cc(-c2cn(C3CCNCC3)[n+](C3OC(C(=O)O)C(O)C(O)C3O)c2)cnc1N)c1c(Cl)ccc(F)c1Cl|C[C@@H](O)c1c(Cl)ccc(F)c1Cl|CC(=O)c1c(Cl)ccc(F)c1Cl|C[C@@](O)(Oc1cc(-c2cnn(C3CCNCC3)c2)cnc1N)c1c(Cl)ccc(F)c1Cl|C[C@@H](Oc1cc(-c2cnn(C3CCNCC3)c2)cnc1N)c1c(Cl)c(O)cc(F)c1Cl|Nc1ncc(-c2cnn(C3CCNCC3)c2)cc1O|C[C@@H](Oc1cc(-c2cnn(C3CCNCC3)c2)cnc1N)c1c(Cl)cc(O)c(F)c1Cl|C[C@@H](Oc1cc(-c2cnn(C3CCNCC3)c2)cnc1NO)c1c(Cl)ccc(F)c1Cl|C[C@@H](Oc1c(N)ncc(-c2cnn(C3CCNCC3)c2)c1O)c1c(Cl)ccc(F)c1Cl|C[C@@H](Oc1cc(-c2cnn(C3CCNCC3)c2)c[n+]([O-])c1N)c1c(Cl)ccc(F)c1Cl|C[C@@H](Oc1cc(-c2cnn(C3CCNCC3)c2)c[nH]c1=O)c1c(Cl)ccc(F)c1Cl|C[C@@H](Oc1cc(-c2cnn(C3CCNCC3)c2)c(O)nc1N)c1c(Cl)ccc(F)c1Cl|C[C@@H](Oc1cc(-c2cnn(C3C=CNCC3)c2)cnc1N)c1c(Cl)ccc(F)c1Cl|C[C@@H](Oc1cc(-c2cnn(C3CC=[NH+]CC3)c2)cnc1N)c1c(Cl)ccc(F)c1Cl|C[C@@H](Oc1cc(-c2cnn(C3CC=NCC3)c2)cnc1N)c1c(Cl)ccc(F)c1Cl|C=C(Oc1cc(-c2cnn(C3CCNCC3)c2)cnc1N)c1c(Cl)ccc(F)c1Cl|CC(=O)Nc1ncc(-c2cnn(C3CCNCC3)c2)cc1O[C@H](C)c1c(Cl)ccc(F)c1Cl|O=C1CCNCC1|C[C@@H](Oc1cc(-c2cnn(C3(O)CCNCC3)c2)cnc1N)c1c(Cl)ccc(F)c1Cl|C[C@@H](Oc1cc(C2=C[N+]([O-])(C3CCNCC3)N=C2)cnc1N)c1c(Cl)ccc(F)c1Cl|C[C@@H](Oc1cc(-c2cn[nH]c2)cnc1N)c1c(Cl)ccc(F)c1Cl|Nc1ncc(-c2cnn(C3CCNCC3)c2)cc1O[C@H](CO)c1c(Cl)ccc(F)c1Cl|C[C@@H](Oc1cc(-c2cnn(C3CCN(C4OC(C(=O)O)C(O)C(O)C4O)CC3)c2)cnc1N)c1c(Cl)ccc(F)c1Cl|C[C@@H](Oc1cc(-c2cnn(C3CCNCC3)c2)cnc1NS(=O)(=O)O)c1c(Cl)ccc(F)c1Cl|C[C@@H](Oc1cc(-c2cnn(C3CCNCC3O)c2)cnc1N)c1c(Cl)ccc(F)c1Cl|C[C@@H](Oc1cc(-c2cnn(C3CCNC(O)C3)c2)cnc1N)c1c(Cl)ccc(F)c1Cl|C[C@@H](Oc1cc(-c2cnn(C3CCNC(=O)C3)c2)cnc1N)c1c(Cl)ccc(F)c1Cl|C[C@@H](Oc1cc(-c2cnn(C(CC=O)CCN)c2)cnc1N)c1c(Cl)ccc(F)c1Cl|C[C@@H](Oc1cc(-c2cnn(C3CCN(O)CC3)c2)cnc1N)c1c(Cl)ccc(F)c1Cl|CC(=O)N1CCC(n2cc(-c3cnc(N)c(O[C@H](C)c4c(Cl)ccc(F)c4Cl)c3)cn2)CC1,Nc1ncc(-c2cnn(C3CCNCC3)c2)cc1O,C[C@@H](Oc1cc(-c2cnn(C3CCNCC3)c2)cnc1NC1OC(C(=O)O)C(O)C(O)C1O)c1c(Cl)ccc(F)c1Cl|C[C@@H](Oc1cc(-c2cnn(C3CCNCC3)c2)cnc1N)c1c(O)ccc(F)c1Cl|C[C@@H](Oc1cc(-c2cnn(C3CCNCC3)c2)cnc1N)c1c(Cl)ccc(F)c1O|C[C@@H](Oc1cc(-c2cnn(C3CCNCC3)c2)cnc1N)c1c(Cl)ccc(O)c1Cl|C[C@@H](Oc1cc(-c2cnn(C3=CCNCC3)c2)cnc1N)c1c(Cl)ccc(F)c1Cl
C[C@H](NC(C)(C)C)C(=O)c1cccc(Cl)c1,CC(C)(C)N|C[C@@H](C(=O)c1cccc(Cl)c1)N(O)C(C)(C)C|CC(=O)C(=O)c1cccc(Cl)c1|C[C@H](NC(C)(C)C)C(=O)c1cccc(SCC(NC(=O)CCC(N)C(=O)O)C(=O)NCC(=O)O)c1|CC(C)(C)N[C@@H](CO)C(=O)c1cccc(Cl)c1|C[C@H](NC(C)(C)C(=O)O)C(=O)c1cccc(Cl)c1|C[C@H](NC(C)(C)CO)C(=O)c1cccc(Cl)c1|C[C@H](NC(C)(C)C)C(=O)c1cc(Cl)ccc1O|C[C@H](NC(C)(C)C)C(=O)c1cccc(O)c1|C[C@H](NC(C)(C)C)C(=O)c1cccc(Cl)c1O|CC(=NC(C)(C)C)C(=O)c1cccc(Cl)c1|CC(=[NH+]C(C)(C)C)C(=O)c1cccc(Cl)c1|C=C(NC(C)(C)C)C(=O)c1cccc(Cl)c1|C=CNC(C)(C)C|O=Cc1cccc(Cl)c1|CC(C)(C)N[C@](C)(O)C(=O)c1cccc(Cl)c1|C[C@H](NC(C)(C)C)C(O)c1cccc(Cl)c1|C[C@H](NC(C)(C)C)C(=O)c1cc(O)cc(Cl)c1|C[C@H](NC(C)(C)C)C(=O)c1ccc(O)c(Cl)c1,CC(C)(C)N[C@H](CO)C(=O)c1cccc(Cl)c1|C[C@H](NC(C)(C)C)C(=O)c1ccc(O)c(Cl)c1|C[C@@H](NC(C)(C)CO)C(=O)c1cccc(Cl)c1|C[C@@H](NC(C)(C)C)C(=O)c1cc(O)cc(Cl)c1|CC(NC(C)(C)CO)C(=O)c1cccc(Cl)c1|C[C@@H]1NC(C)(C)CO[C@]1(O)c1cccc(Cl)c1,CC(C)(C)N|C[C@@H](C(=O)c1cccc(Cl)c1)N(O)C(C)(C)C|CC(=O)C(=O)c1cccc(Cl)c1|C[C@H](NC(C)(C)C)C(=O)c1cccc(SCC(NC(=O)CCC(N)C(=O)O)C(=O)NCC(=O)O)c1|CC(C)(C)N[C@@H](CO)C(=O)c1cccc(Cl)c1
C[C@H]1CNCCCN1S(=O)(=O)c1cccc2cncc(F)c12,C[C@H]1CNCCC(=O)N1S(=O)(=O)c1cccc2cncc(F)c12|C[C@H]1CNCCC(O)N1S(=O)(=O)c1cccc2cncc(F)c12|C[C@H]1CNCCC[N+]1([O-])S(=O)(=O)c1cccc2cncc(F)c12|C[C@@H](CNCCC=O)NS(=O)(=O)c1cccc2cncc(F)c12|CC1=[N+](S(=O)(=O)c2cccc3cncc(F)c23)CCCNC1|C=C1CNCCCN1S(=O)(=O)c1cccc2cncc(F)c12|CC1=CNCCCN1S(=O)(=O)c1cccc2cncc(F)c12|C[C@H]1C=[NH+]CCCN1S(=O)(=O)c1cccc2cncc(F)c12|C[C@H]1C=NCCCN1S(=O)(=O)c1cccc2cncc(F)c12|C[C@@H](CN)N(CCC=O)S(=O)(=O)c1cccc2cncc(F)c12|C[C@H]1CNC(=O)CCN1S(=O)(=O)c1cccc2cncc(F)c12|C[C@H]1CNC(O)CCN1S(=O)(=O)c1cccc2cncc(F)c12|C[C@H]1CNCC(O)CN1S(=O)(=O)c1cccc2cncc(F)c12|C[C@H]1CN(O)CCCN1S(=O)(=O)c1cccc2cncc(F)c12|C[C@H]1CNCCC=[N+]1S(=O)(=O)c1cccc2cncc(F)c12|C[C@H]1CNCC=CN1S(=O)(=O)c1cccc2cncc(F)c12|C[C@H]1CN2CCC2N1S(=O)(=O)c1cccc2cncc(F)c12|C[C@H]1C[NH+]=CCCN1S(=O)(=O)c1cccc2cncc(F)c12|C[C@H]1CNC=CCN1S(=O)(=O)c1cccc2cncc(F)c12|C[C@H]1CN=CCCN1S(=O)(=O)c1cccc2cncc(F)c12|C[C@]12CN1CCCN2S(=O)(=O)c1cccc2cncc(F)c12|C[C@H]1CNCCCN1S(=O)(=O)c1cc(O)cc2cncc(F)c12|C[C@H]1CNCCCN1S(=O)(=O)c1ccc(O)c2cncc(F)c12|CC(=O)CNCCCNS(=O)(=O)c1cccc2cncc(F)c12|C[C@H]1CN(C2OC(C(=O)O)C(O)C(O)C2O)CCCN1S(=O)(=O)c1cccc2cncc(F)c12|C[C@H]1CNCCCN1S(=O)(=O)c1c(O)ccc2cncc(F)c12|C[C@H]1CNCCCN1S(=O)(=O)c1cccc2c(O)ncc(F)c12|O=S(=O)(c1cccc2cncc(F)c12)N1CCCNC[C@@H]1CO|C[C@H]1CNCCCN1S(=O)(=O)c1cccc2c[n+](C3OC(C(=O)O)C(O)C(O)C3O)cc(F)c12|C[C@@]1(O)CNCCCN1S(=O)(=O)c1cccc2cncc(F)c12|C[C@H]1C(O)NCCCN1S(=O)(=O)c1cccc2cncc(F)c12|C[C@@H](C=O)N(CCCN)S(=O)(=O)c1cccc2cncc(F)c12|C[C@H]1CNCCCN1S(=O)(=O)c1cccc2cnc(O)c(F)c12|C[C@H]1CNCCCN1S(=O)(=O)c1cccc2c[n+]([O-])cc(F)c12|CC(=O)N1CCCN(S(=O)(=O)c2cccc3cncc(F)c23)[C@@H](C)C1,C[C@H]1C[N+]([O-])=CCCN1S(=O)(=O)c1cccc2cncc(F)c12|C[C@H]1CNC(=O)CCN1S(=O)(=O)c1cccc2cncc(F)c12,C[C@H]1CNCCC(=O)N1S(=O)(=O)c1cccc2cncc(F)c12|C[C@H]1CNCCC(O)N1S(=O)(=O)c1cccc2cncc(F)c12|C[C@H]1CNCCC[N+]1([O-])S(=O)(=O)c1cccc2cncc(F)c12|C[C@@H](CNCCC=O)NS(=O)(=O)c1cccc2cncc(F)c12|CC1=[N+](S(=O)(=O)c2cccc3cncc(F)c23)CCCNC1
C[C@H]1COc2c(N3CCN(C)CC3)c(F)cc3c(=O)c(C(=O)O)cn1c23,C[C@H]1COc2c(N3CCN(C)CC3)c(F)cc3c(=O)ccn1c23|CNCCN(CC=O)c1c(F)cc2c(=O)c(C(=O)O)cn3c2c1OC[C@@H]3C|C[C@H]1COc2c(N3CCN(C)C(=O)C3)c(F)cc3c(=O)c(C(=O)O)cn1c23|C[C@H]1COc2c(N3CCN(C)C(O)C3)c(F)cc3c(=O)c(C(=O)O)cn1c23|C[C@H]1COc2c(N3CCN(C)CC3)c(O)cc3c(=O)c(C(=O)O)cn1c23|CC(C)n1cc(C(=O)O)c(=O)c2c1C(=O)C(N1CCN(C)CC1)=C(F)C2=O|C[C@H]1COc2c([N+]3=CCN(C)CC3)c(F)cc3c(=O)c(C(=O)O)cn1c23|C=C1COc2c(N3CCN(C)CC3)c(F)cc3c(=O)c(C(=O)O)cn1c23|CC1=COc2c(N3CCN(C)CC3)c(F)cc3c(=O)c(C(=O)O)cn1c23|C[C@H]1COc2c(N3C=CN(C)CC3)c(F)cc3c(=O)c(C(=O)O)cn1c23|C[C@H]1COc2c(N3CCN(C)CC3)c(F)c(O)c3c(=O)c(C(=O)O)cn1c23|CN1CCN(c2c(F)cc3c(=O)c(C(=O)O)cn4c3c2OC[C@@H]4CO)CC1|C[C@@H](CO)n1cc(C(=O)O)c(=O)c2cc(F)c(N3CCN(C)CC3)c(O)c21|C[C@@H](C=O)n1cc(C(=O)O)c(=O)c2cc(F)c(N3CCN(C)CC3)c(O)c21|C[C@H]1C(O)Oc2c(N3CCN(C)CC3)c(F)cc3c(=O)c(C(=O)O)cn1c23|C[C@H]1COc2c(N3CCN(CO)CC3)c(F)cc3c(=O)c(C(=O)O)cn1c23|C[C@H]1COc2c(N3CC[N+](C)([O-])CC3)c(F)cc3c(=O)c(C(=O)O)cn1c23|CNCCNc1c(F)cc2c(=O)c(C(=O)O)cn3c2c1OC[C@@H]3C|C[C@H]1COc2c(N3CCNCC3)c(F)cc3c(=O)c(C(=O)O)cn1c23|CN1CCN(c2c(F)cc3c(=O)c(C(=O)O)cn4c3c2OC[C@@]4(C)O)CC1|C[C@H]1COc2c([N+]3([O-])CCN(C)CC3)c(F)cc3c(=O)c(C(=O)O)cn1c23|C[C@H]1COc2c(N3CCN(C)CC3O)c(F)cc3c(=O)c(C(=O)O)cn1c23|C[C@H]1COc2c(NCCN(C)CC=O)c(F)cc3c(=O)c(C(=O)O)cn1c23|C[C@H]1COc2c(N3CCN(C)CC3=O)c(F)cc3c(=O)c(C(=O)O)cn1c23|CC(=O)COc1c(N2CCN(C)CC2)c(F)cc2c(=O)c(C(=O)O)c[nH]c12|C[C@H]1COc2c(N3CCN(C)CC3)c(F)cc3c(=O)c(C(=O)O)c(O)n1c23|C[C@H]1COc2c(N3CCN(C)CC3)c(F)cc3c2N1CC(C(=O)O)C3=O|C[C@H]1COc2c(N3CCN(C)CC3)c(F)cc3c2[N+]1([O-])C=C(C(=O)O)C3=O|C[C@H]1COc2c(N3CCN(C)CC3)c(F)cc3c(=O)c(C(=O)NCC(=O)O)cn1c23|C[C@H]1COc2c(N3CC=[N+](C)CC3)c(F)cc3c(=O)c(C(=O)O)cn1c23|C[C@H]1COc2c(N3CC[N+](C)(C4OC(C(=O)O)C(O)C(O)C4O)CC3)c(F)cc3c(=O)c(C(=O)O)cn1c23|C=[N+]1CCN(c2c(F)cc3c(=O)c(C(=O)O)cn4c3c2OC[C@@H]4C)CC1|C[C@H]1COc2c(N3CCN(C)CC3)c(F)cc3c(=O)c(C(=O)OC4OC(C(=O)O)C(O)C(O)C4O)cn1c23,C[C@H]1COc2c(N3CCNCC3)c(F)cc3c(=O)c(C(=O)O)cn1c23|C[C@H]1COc2c(N3CC[N+](C)([O-])CC3)c(F)cc3c(=O)c(C(=O)O)cn1c23,C[C@H]1COc2c(N3CCN(C)CC3)c(F)cc3c(=O)ccn1c23|CNCCN(CC=O)c1c(F)cc2c(=O)c(C(=O)O)cn3c2c1OC[C@@H]3C|C[C@H]1COc2c(N3CCN(C)C(=O)C3)c(F)cc3c(=O)c(C(=O)O)cn1c23|C[C@H]1COc2c(N3CCN(C)C(O)C3)c(F)cc3c(=O)c(C(=O)O)cn1c23|C[C@H]1COc2c(N3CCN(C)CC3)c(O)cc3c(=O)c(C(=O)O)cn1c23
C[C@H]1C[C@H]2[C@@H]3CCC4=CC(=O)C=C[C@]4(C)[C@@]3(F)[C@@H](O)C[C@]2(C)[C@@]1(O)C(=O)COP(=O)(O)O,C[C@H]1C[C@H]2[C@@H]3CCC4(SCC(NC(=O)CCC(N)C(=O)O)C(=O)NCC(=O)O)CC(=O)C=C[C@]4(C)[C@@]3(F)[C@@H](O)C[C@]2(C)[C@@]1(O)C(=O)COP(=O)(O)O|C[C@H]1C[C@H]2[C@@H]3CCC4=CC(=O)C=C[C@]4(C)[C@@]3(F)[C@@H](O)C[C@]2(C)[C@@]1(OS(=O)(=O)O)C(=O)COP(=O)(O)O|C[C@H]1C[C@H]2[C@@H]3CCC4=CC(=O)C=C[C@]4(C)[C@@]3(F)[C@@H](O)C[C@]2(C)[C@@]1(OC1OC(C(=O)O)C(O)C(O)C1O)C(=O)COP(=O)(O)O|C[C@H]1C[C@H]2[C@@H]3CCC4=CC(=O)C=C[C@]4(C)[C@@]3(F)[C@@H](O)C[C@]2(C)[C@@]1(O)C(=O)CO|O=P(O)(O)O|C[C@H]1C[C@H]2[C@@H]3CCC45OC4C(=O)C=C[C@]5(C)[C@@]3(F)[C@@H](O)C[C@]2(C)[C@@]1(O)C(=O)COP(=O)(O)O|C[C@H]1CC2=C3CCC4=CC(=O)C=C[C@]4(C)[C@@]3(F)[C@@H](O)C[C@]2(C)[C@@]1(O)C(=O)COP(=O)(O)O|C[C@H]1C[C@H]2[C@@H]3CCC4=CC(=O)C=C[C@]4(C)[C@@]3(F)[C@@H](O)C(O)[C@]2(C)[C@@]1(O)C(=O)COP(=O)(O)O|C[C@H]1C[C@H]2[C@@H]3CCC4=CC(=O)C=C[C@]4(C)[C@@]3(F)[C@@H](O)C[C@]2(CO)[C@@]1(O)C(=O)COP(=O)(O)O|C[C@H]1C[C@@]2(O)[C@@H]3CCC4=CC(=O)C=C[C@]4(C)[C@@]3(F)[C@@H](O)C[C@]2(C)[C@@]1(O)C(=O)COP(=O)(O)O|C[C@H]1C[C@@H]2[C@](C)(C[C@H](O)[C@]3(F)[C@@]4(C)C=CC(=O)C=C4CC[C@@]23O)[C@@]1(O)C(=O)COP(=O)(O)O|C[C@H]1C=C2[C@@H]3CCC4=CC(=O)C=C[C@]4(C)[C@@]3(F)[C@@H](O)C[C@]2(C)[C@@]1(O)C(=O)COP(=O)(O)O|C[C@H]1C(O)[C@H]2[C@@H]3CCC4=CC(=O)C=C[C@]4(C)[C@@]3(F)[C@@H](O)C[C@]2(C)[C@@]1(O)C(=O)COP(=O)(O)O|C[C@H]1C[C@H]2[C@@H]3CCC4=CC(=O)C=C[C@]4(C)[C@@]3(F)C(O)=C[C@]2(C)[C@@]1(O)C(=O)COP(=O)(O)O|C[C@H]1C[C@H]2[C@@H]3CCC4=CC(=O)C=C[C@]4(C)[C@@]3(F)[C@@H](OC3OC(C(=O)O)C(O)C(O)C3O)C[C@]2(C)[C@@]1(O)C(=O)COP(=O)(O)O|C[C@H]1C[C@H]2[C@@H]3CCC4=CC(=O)C=C[C@]4(C)[C@@]3(F)[C@@H](OS(=O)(=O)O)C[C@]2(C)[C@@]1(O)C(=O)COP(=O)(O)O|CC1=C[C@H]2[C@@H]3CCC4=CC(=O)C=C[C@]4(C)[C@@]3(F)[C@@H](O)C[C@]2(C)[C@@]1(O)C(=O)COP(=O)(O)O|C=C1C[C@H]2[C@@H]3CCC4=CC(=O)C=C[C@]4(C)[C@@]3(F)[C@@H](O)C[C@]2(C)[C@@]1(O)C(=O)COP(=O)(O)O|C[C@H]1C[C@H]2[C@@H]3CCC4=CC(=O)C=C[C@]4(CO)[C@@]3(F)[C@@H](O)C[C@]2(C)[C@@]1(O)C(=O)COP(=O)(O)O|C[C@H]1C[C@H]2[C@@H]3CCC4=CC(=O)C=C[C@]4(C)[C@@]3(F)C(O)(O)C[C@]2(C)[C@@]1(O)C(=O)COP(=O)(O)O|C[C@H]1C[C@H]2[C@@H]3CCC4=CC(=O)C=C[C@]4(C)[C@@]3(F)C(=O)C[C@]2(C)[C@@]1(O)C(=O)COP(=O)(O)O|C[C@]12C=CC(=O)C=C1CC[C@H]1[C@@H]3C[C@@](C)(O)[C@](O)(C(=O)COP(=O)(O)O)[C@@]3(C)C[C@H](O)[C@@]12F|C[C@H]1C[C@H]2[C@@H]3CCC4=CC(=O)C5OC5[C@]4(C)[C@@]3(F)[C@@H](O)C[C@]2(C)[C@@]1(O)C(=O)COP(=O)(O)O|C[C@H]1C[C@H]2C3=CCC4=CC(=O)C=C[C@]4(C)[C@@]3(F)[C@@H](O)C[C@]2(C)[C@@]1(O)C(=O)COP(=O)(O)O|C[C@H]1C[C@H]2[C@@H]3CC(O)C4=CC(=O)C=C[C@]4(C)[C@@]3(F)[C@@H](O)C[C@]2(C)[C@@]1(O)C(=O)COP(=O)(O)O|C[C@]12C=CC(=O)C=C1CC[C@H]1[C@@H]3C[C@H](CO)[C@](O)(C(=O)COP(=O)(O)O)[C@@]3(C)C[C@H](O)[C@@]12F|CC1=C(C(=O)COP(=O)(O)O)[C@@]2(C)C[C@H](O)[C@@]3(F)[C@@H](CCC4=CC(=O)C=C[C@@]43C)[C@@H]2C1|C[C@]12C=CC(=O)C=C1CC[C@H]1[C@@H]3C[C@H](C(=O)O)[C@](O)(C(=O)COP(=O)(O)O)[C@@]3(C)C[C@H](O)[C@@]12F|C[C@H]1C[C@H]2[C@@H]3CCC4=CC(=O)CC[C@]4(C)[C@@]3(F)[C@@H](O)C[C@]2(C)[C@@]1(O)C(=O)COP(=O)(O)O|C[C@H]1C[C@H]2[C@@H]3CCC4CC(=O)C=C[C@]4(C)[C@@]3(F)[C@@H](O)C[C@]2(C)[C@@]1(O)C(=O)COP(=O)(O)O|C[C@H]1C[C@H]2[C@@H]3CCC4=CC(=O)C=C[C@]4(C)[C@@]3(F)[C@@H](O)C[C@]2(C)[C@@]1(O)C(=O)C(O)OP(=O)(O)O|C[C@H]1C[C@H]2[C@@H]3C=CC4=CC(=O)C=C[C@]4(C)[C@@]3(F)[C@@H](O)C[C@]2(C)[C@@]1(O)C(=O)COP(=O)(O)O|C[C@H]1C[C@H]2[C@@H]3Cc4oc5cc4[C@](C)(C=C5)[C@@]3(F)[C@@H](O)C[C@]2(C)[C@@]1(O)C(=O)COP(=O)(O)O|C[C@H]1C[C@H]2[C@@H]3C(O)CC4=CC(=O)C=C[C@]4(C)[C@@]3(F)[C@@H](O)C[C@]2(C)[C@@]1(O)C(=O)COP(=O)(O)O|C[C@H]1C[C@H]2[C@@H]3CCC4=CC(=O)C=C[C@]4(C)[C@@]3(F)[C@@H](O)C[C@]2(C)[C@@]1(O)C(O)COP(=O)(O)O|C[C@H]1C[C@H]2[C@@H]3CCC4=CC(=O)C=C[C@]4(C)[C@@]3(F)[C@@H](O)C[C@]2(C)C1=O|O=CCOP(=O)(O)O|C[C@H]1C[C@H]2[C@@H]3CCC4=CC(=O)CC(SCC(NC(=O)CCC(N)C(=O)O)C(=O)NCC(=O)O)[C@]4(C)[C@@]3(F)[C@@H](O)C[C@]2(C)[C@@]1(O)C(=O)COP(=O)(O)O,C[C@H]1C[C@H]2[C@@H]3CCC4=CC(=O)C=C[C@]4(C)[C@@]3(F)[C@@H](O)C[C@]2(C)[C@@]1(O)C(=O)CO,C[C@H]1C[C@H]2[C@@H]3CCC4(SCC(NC(=O)CCC(N)C(=O)O)C(=O)NCC(=O)O)CC(=O)C=C[C@]4(C)[C@@]3(F)[C@@H](O)C[C@]2(C)[C@@]1(O)C(=O)COP(=O)(O)O|C[C@H]1C[C@H]2[C@@H]3CCC4=CC(=O)C=C[C@]4(C)[C@@]3(F)[C@@H](O)C[C@]2(C)[C@@]1(OS(=O)(=O)O)C(=O)COP(=O)(O)O|C[C@H]1C[C@H]2[C@@H]3CCC4=CC(=O)C=C[C@]4(C)[C@@]3(F)[C@@H](O)C[C@]2(C)[C@@]1(OC1OC(C(=O)O)C(O)C(O)C1O)C(=O)COP(=O)(O)O|C[C@H]1C[C@H]2[C@@H]3CCC4=CC(=O)C=C[C@]4(C)[C@@]3(F)[C@@H](O)C[C@]2(C)[C@@]1(O)C(=O)CO|O=P(O)(O)O
C[C@]12C=CC(=O)C(Cl)=C1CC[C@H]1[C@H]2CC[C@]2(C)[C@@H]1CC[C@]2(C)O,C[C@]12C=CC(=O)C(Cl)=C1CC[C@H]1[C@H]2CC[C@@]2(C)C(=O)CC[C@H]12|C[C@]12C=CC(=O)C(Cl)=C1CC[C@H]1[C@H]2CC[C@]2(C)[C@@H]1CC(O)[C@]2(C)O|C[C@]12CCC(=O)C(Cl)=C1CC[C@H]1[C@H]2CC[C@]2(C)[C@@H]1CC[C@]2(C)O|C[C@]1(O)CC[C@@H]2[C@H]3CCC4=C(Cl)C(=O)C5OC5[C@]4(C)[C@@H]3CC[C@]21C|C[C@]12C=CC(=O)C(Cl)=C1CC(O)[C@H]1[C@H]2CC[C@]2(C)[C@@H]1CC[C@]2(C)O|C[C@]12C=CC(=O)C(Cl)=C1C(O)C[C@H]1[C@H]2CC[C@]2(C)[C@@H]1CC[C@]2(C)O|C[C@@]12CC[C@@H]3[C@H](CCC4=C(Cl)C(=O)C=C[C@@]43C)[C@@]1(O)CC[C@]2(C)O|C[C@]12C=CC(=O)C(Cl)=C1CC[C@@H]1C3=CC[C@](C)(O)[C@]3(C)CC[C@H]12|C[C@]12C=CC(=O)C(Cl)=C1CCC1=C3CC[C@](C)(O)[C@]3(C)CC[C@H]12|C[C@]1(O)CC[C@@H]2[C@H]3CCC4=C(Cl)C(=O)CC(SCC(NC(=O)CCC(N)C(=O)O)C(=O)NCC(=O)O)[C@]4(C)[C@@H]3CC[C@]21C|C[C@]12C=CC(=O)C(Cl)=C1CC[C@H]1[C@H]2CC[C@]2(C)[C@@H]1C(O)C[C@]2(C)O|C[C@]12C=CC(=O)C(Cl)=C1CC[C@H]1[C@H]2C=C[C@]2(C)[C@@H]1CC[C@]2(C)O|C[C@]12C=CC(=O)C(Cl)=C1CC[C@H]1C2=CC[C@]2(C)[C@@H]1CC[C@]2(C)O|C[C@]12C=CC(=O)C(Cl)=C1CCC1=C2CC[C@]2(C)[C@@H]1CC[C@]2(C)O|C[C@]12C=CC(=O)C(Cl)=C1CC[C@@]1(O)[C@H]2CC[C@]2(C)[C@@H]1CC[C@]2(C)O|C[C@]12C=CC(=O)C(Cl)=C1CC[C@H]1[C@H]2C(O)C[C@]2(C)[C@@H]1CC[C@]2(C)O|C[C@]12C=CC(=O)C(Cl)=C1CC[C@H]1[C@H]2CC(O)[C@]2(C)[C@@H]1CC[C@]2(C)O|C[C@]12C=CC(=O)C(Cl)=C1CC[C@@H]1[C@H]3CC[C@](C)(O)[C@]3(CO)CC[C@H]12|C[C@]1(O)CC[C@@H]2[C@H]3CCC4=C(Cl)C(=O)C=C[C@]4(C)[C@]3(O)CC[C@]21C|C[C@]1(O)CC[C@@H]2[C@H]3CCC4=C(Cl)C(=O)C=C[C@]4(CO)[C@@H]3CC[C@]21C|C[C@]12C=CC(=O)C(Cl)=C1CC[C@H]1[C@H]2CC[C@]2(C)[C@@H]1CC[C@]2(C)OC1OC(C(=O)O)C(O)C(O)C1O|C[C@]12C=CC(=O)C(Cl)=C1CC[C@H]1[C@H]2CC[C@]2(C)[C@@H]1C=C[C@]2(C)O|C[C@]12C=Cc3oc(c1c3Cl)C[C@H]1[C@H]2CC[C@]2(C)[C@@H]1CC[C@]2(C)O|C[C@]12C=CC(=O)C(SCC(NC(=O)CCC(N)C(=O)O)C(=O)NCC(=O)O)=C1CC[C@H]1[C@H]2CC[C@]2(C)[C@@H]1CC[C@]2(C)O|C[C@]12C=CC(=O)C(Cl)=C1CC=C1[C@H]2CC[C@]2(C)[C@@H]1CC[C@]2(C)O|C[C@]12C=CC(=O)C(Cl)=C1C=C[C@H]1[C@H]2CC[C@]2(C)[C@@H]1CC[C@]2(C)O|C[C@]1(O)CC[C@@H]2[C@H]3CCC4(SCC(NC(=O)CCC(N)C(=O)O)C(=O)NCC(=O)O)C(Cl)C(=O)C=C[C@]4(C)[C@@H]3CC[C@]21C|C[C@]1(O)CC[C@@H]2[C@H]3CCC45OC4(Cl)C(=O)C=C[C@]5(C)[C@@H]3CC[C@]21C|C[C@]12C=CC(=O)C(Cl)C1CC[C@H]1[C@H]2CC[C@]2(C)[C@@H]1CC[C@]2(C)O|C[C@]12C=CC(=O)C(Cl)=C1CC[C@H]1[C@H]2CC[C@]2(C)[C@@H]1CC[C@@]2(O)CO|C[C@]12C=CC(=O)C(Cl)=C1CC[C@H]1[C@H]2CC[C@]2(C)[C@@H]1CC[C@@]2(O)C(=O)O|C[C@]12C=CC(=O)C(Cl)=C1CC[C@H]1[C@H]2CC[C@]2(C)[C@@H]1CC[C@]2(C)OS(=O)(=O)O,C[C@]12C=CC(=O)C(Cl)=C1CC[C@H]1[C@H]2[C@@H](O)C[C@]2(C)[C@@H]1CC[C@]2(C)O,C[C@]12C=CC(=O)C(Cl)=C1CC[C@H]1[C@H]2CC[C@@]2(C)C(=O)CC[C@H]12|C[C@]12C=CC(=O)C(Cl)=C1CC[C@H]1[C@H]2CC[C@]2(C)[C@@H]1CC(O)[C@]2(C)O|C[C@]12CCC(=O)C(Cl)=C1CC[C@H]1[C@H]2CC[C@]2(C)[C@@H]1CC[C@]2(C)O|C[C@]1(O)CC[C@@H]2[C@H]3CCC4=C(Cl)C(=O)C5OC5[C@]4(C)[C@@H]3CC[C@]21C|C[C@]12C=CC(=O)C(Cl)=C1CC(O)[C@H]1[C@H]2CC[C@]2(C)[C@@H]1CC[C@]2(C)O
Cc1cc(N2CCN([C@H]3CN[C@H](C(=O)N4CCSC4)C3)CC2)n(-c2ccccc2)n1,Cc1cc(N2CCN([C@H]3CN[C@H](C(=O)N4CCSC4)C3)CC2)n(-c2ccc(O)cc2)n1|Cc1cc(N2CCN([C@H]3CN[C@H](C(=O)N4CCSC4)C3)CC2)n(-c2ccccc2O)n1|Cc1cc(N2CCN([C@H]3CN[C@H](C(=O)N4CCSC4)C3O)CC2)n(-c2ccccc2)n1|Cc1cc(N2CCN([C@@H]3C=C(C(=O)N4CCSC4)NC3)CC2)n(-c2ccccc2)n1|Cc1cc(N2CCN([C@H]3C[NH+]=C(C(=O)N4CCSC4)C3)CC2)n(-c2ccccc2)n1|Cc1cc(N2CCN([C@H]3CN=C(C(=O)N4CCSC4)C3)CC2)n(-c2ccccc2)n1|Cc1cc(N2CCN([C@H]3C=N[C@H](C(=O)N4CCSC4)C3)CC2)n(-c2ccccc2)n1|Cc1cc(N2CCN([C@H]3C=[NH+][C@H](C(=O)N4CCSC4)C3)CC2)n(-c2ccccc2)n1|Cc1cc(N2CCN([C@H]3CN[C@H](C(=O)N4CCSC4)C3)CC2)n(-c2ccccc2)[n+]1C1OC(C(=O)O)C(O)C(O)C1O|Cc1cc([N+]2=CCN([C@H]3CN[C@H](C(=O)N4CCSC4)C3)CC2)n(-c2ccccc2)n1|Cc1cc(N2CCN([C@H]3CN[C@H](C(=O)N4CCSC4)C3)CC2)n(-c2cccc(O)c2)n1|Cc1cc(N2C=CN([C@H]3CN[C@H](C(=O)N4CCSC4)C3)CC2)n(-c2ccccc2)n1|Cc1cc(N2CC=[N+]([C@H]3CN[C@H](C(=O)N4CCSC4)C3)CC2)n(-c2ccccc2)n1|Cc1cc(N2CCN([C@H]3CN[C@H](C(=O)[N+]4=CSCC4)C3)CC2)n(-c2ccccc2)n1|Cc1cc(N2CCN([C@H]3CN[C@H](C(=O)N4C=CSC4)C3)CC2)n(-c2ccccc2)n1|Cc1cc(N2CCN([C@H]3CN[C@H](C(=O)[N+]4=CCSC4)C3)CC2)n(-c2ccccc2)n1|Cc1cc(N2CCN([C@@H](CN)CC(=O)C(=O)N3CCSC3)CC2)n(-c2ccccc2)n1|Cc1cc(N2CCN([C@H]3CN[C@H](C(=O)N4CSC(O)C4)C3)CC2)n(-c2ccccc2)n1|O=CN1CCSC1|Cc1cc(N2CCN([C@@H]3C=CNC3)CC2)n(-c2ccccc2)n1|Cc1cc(N2CCN([C@@H]3C[C@H]4C(=O)N5CCSC5N4C3)CC2)n(-c2ccccc2)n1|Cc1cc(N2CCN([C@@H]3C[C@H]4C(=O)N5CSCC5N4C3)CC2)n(-c2ccccc2)n1|Cc1cc(N2CC[N+](=C3CN[C@H](C(=O)N4CCSC4)C3)CC2)n(-c2ccccc2)n1|Cc1cc(N2CCN(C3=CN[C@H](C(=O)N4CCSC4)C3)CC2)n(-c2ccccc2)n1|Cc1cc(N2CCN(C3=C[C@@H](C(=O)N4CCSC4)NC3)CC2)n(-c2ccccc2)n1|Cc1cc(N2CCN3C(C2)N2C[C@H]3C[C@H]2C(=O)N2CCSC2)n(-c2ccccc2)n1|CC1=N[N+]([O-])(c2ccccc2)C(N2CCN([C@H]3CN[C@H](C(=O)N4CCSC4)C3)CC2)=C1|Cc1cc(N2CCN([C@@H]3C[C@@H](C(=O)N4CCSC4)N(O)C3)CC2)n(-c2ccccc2)n1|Cc1cc(N2CCN([C@@H](C=O)C[C@H](N)C(=O)N3CCSC3)CC2)n(-c2ccccc2)n1|Cc1cc(NCCN(CC=O)[C@H]2CN[C@H](C(=O)N3CCSC3)C2)n(-c2ccccc2)n1|Cc1cc([N+]2([O-])CCN([C@H]3CN[C@H](C(=O)N4CCSC4)C3)CC2)n(-c2ccccc2)n1|Cc1nn(-c2ccccc2)c(N2CCN([C@H]3CN[C@H](C(=O)N4CCSC4)C3)CC2)c1O|Cc1cc(N2CCN([C@@]3(O)CN[C@H](C(=O)N4CCSC4)C3)CC2)n(-c2ccccc2)n1|Cc1cc(NCCN[C@H]2CN[C@H](C(=O)N3CCSC3)C2)n(-c2ccccc2)n1|Cc1cc(N2CCN([C@@H]3C[C@@H](C(=O)N4CCSC4)NC3O)CC2)n(-c2ccccc2)n1|Cc1cc(N2CCNCC2)n(-c2ccccc2)n1|Cc1cc(N2CC[N+]([O-])([C@H]3CN[C@H](C(=O)N4CCSC4)C3)CC2)n(-c2ccccc2)n1|O=C1CN[C@H](C(=O)N2CCSC2)C1|Cc1cc(N2CCN([C@H]3CN[C@H](C(=O)N4CCSC4)C3)C(=O)C2)n(-c2ccccc2)n1|Cc1cc(N(CC=O)CCN[C@H]2CN[C@H](C(=O)N3CCSC3)C2)n(-c2ccccc2)n1|Cc1cc(N2CCN([C@H]3CN[C@H](C(=O)N4CCSC4)C3)CC2O)n(-c2ccccc2)n1|Cc1cc(N2CCN([C@H]3CN[C@H](C(=O)N4CCSC4)C3)C(O)C2)n(-c2ccccc2)n1|Cc1cc(N2CCN([C@H]3CN[C@H](C(=O)N4CCSC4)C3)CC2=O)n(-c2ccccc2)n1|Cc1cc(N2CCN([C@H]3CN[C@H](C(=O)N4CCS(=O)C4)C3)CC2)n(-c2ccccc2)n1|Cc1cc(N2CCN([C@H]3CN[C@H](C(=O)N(C=O)CCS)C3)CC2)n(-c2ccccc2)n1|Cc1cc(N2CCN([C@H]3CN[C@H](C(=O)NCCSC=O)C3)CC2)n(-c2ccccc2)n1|Cc1cc(N2CCN([C@H]3CN[C@H](C(=O)N(CS)CC=O)C3)CC2)n(-c2ccccc2)n1|Cc1cc(N2CCN([C@H]3CN[C@H](C(=O)N4CCSC4O)C3)CC2)n(-c2ccccc2)n1|Cc1cc(N2CCN([C@H]3CN[C@H](C(=O)N4CCSC4)C3)CC2)n(-c2ccccc2)[n+]1[O-]|Cc1cc(N2CCN([C@@H]3C[C@@H](C(=O)N4CCSC4)N(C4OC(C(=O)O)C(O)C(O)C4O)C3)CC2)n(-c2ccccc2)n1|O=C(O)c1cc(N2CCN([C@H]3CN[C@H](C(=O)N4CCSC4)C3)CC2)n(-c2ccccc2)n1|O=C([C@@H]1C[C@@H](N2CCN(c3cc(CO)nn3-c3ccccc3)CC2)CN1)N1CCSC1|Cc1cc(N2CCN([C@H]3CN[C@H](C(=O)NCSCC=O)C3)CC2)n(-c2ccccc2)n1|Cc1cc(N2CCN([C@H]3CN[C@H](C(=O)N4CSCC4O)C3)CC2)n(-c2ccccc2)n1|Cc1cc(N2CCN([C@H]3CN[C@H](C(=O)N4CSCC4=O)C3)CC2)n(-c2ccccc2)n1|Cc1cc(N2CCN([C@H]3CN[C@H](C(=O)[N+]4([O-])CCSC4)C3)CC2)n(-c2ccccc2)n1|C1CSCN1|Cc1cc(N2CCN([C@H]3CN[C@](O)(C(=O)N4CCSC4)C3)CC2)n(-c2ccccc2)n1|Cc1cc(N2CCN([C@H]3CN[C@H](C(=O)O)C3)CC2)n(-c2ccccc2)n1|CC(=O)N1C[C@H](N2CCN(c3cc(C)nn3-c3ccccc3)CC2)C[C@H]1C(=O)N1CCSC1,Cc1cc(N2CCN([C@H]3CN[C@H](C(=O)N4CCS(=O)C4)C3)CC2)n(-c2ccccc2)n1|O=C([C@@H]1C[C@@H](N2CCN(c3cc(CO)nn3-c3ccccc3)CC2)CN1)N1CCSC1|Cc1cc(N2CCN([C@H]3CN[C@H](C(=O)O)C3)CC2)n(-c2ccccc2)n1,Cc1cc(N2CCN([C@H]3CN[C@H](C(=O)N4CCSC4)C3)CC2)n(-c2ccc(O)cc2)n1|Cc1cc(N2CCN([C@H]3CN[C@H](C(=O)N4CCSC4)C3)CC2)n(-c2ccccc2O)n1|Cc1cc(N2CCN([C@H]3CN[C@H](C(=O)N4CCSC4)C3O)CC2)n(-c2ccccc2)n1|Cc1cc(N2CCN([C@@H]3C=C(C(=O)N4CCSC4)NC3)CC2)n(-c2ccccc2)n1|Cc1cc(N2CCN([C@H]3C[NH+]=C(C(=O)N4CCSC4)C3)CC2)n(-c2ccccc2)n1
Cc1cc2c(s1)Nc1ccccc1N=C2N1CCN(C)CC1,Cc1cc2c(s1)Nc1ccccc1N=C2N1CCN(C)CC1O|Cc1cc2c(s1)Nc1ccccc1N=C2N1CCN(C)CC1=O|Cc1cc2c(s1)Nc1ccccc1N=C2N1CCN(C)C(=O)C1|CNCCN(CC=O)C1=Nc2ccccc2Nc2sc(C)cc21|Cc1cc2c(s1)Nc1ccccc1N=C2N1CCN(C)C(O)C1|Cc1cc2c(s1)Nc1ccccc1N=C2[N+]1=CCN(C)CC1|Cc1cc2c(s1)N1c3ccccc3N=C2N2CCN(C)CC21|Cc1cc2c(s1)Nc1ccccc1N=C2N1C=CN(C)CC1|Cc1cc2c(s1)Nc1ccccc1[N+]([O-])=C2N1CCN(C)CC1|Cc1sc2c(c1O)C(N1CCN(C)CC1)=Nc1ccccc1N2|Cc1cc2c(s1)Nc1ccccc1N=C2N1CC=[N+](C)CC1|Cc1cc2c(s1)N(C1OC(C(=O)O)C(O)C(O)C1O)c1ccccc1N=C2N1CCN(C)CC1|Cc1cc2c(s1)Nc1ccccc1NC2=O|Cc1cc2c(s1)N(O)c1ccccc1N=C2N1CCN(C)CC1|C=[N+]1CCN(C2=Nc3ccccc3Nc3sc(C)cc32)CC1|Cc1cc2c(s1)Nc1ccccc1N=C2N1CC[N+](C)([O-])CC1|CNCCNC1=Nc2ccccc2Nc2sc(C)cc21|Cc1cc2c(s1)Nc1ccccc1N=C2N1CCNCC1|Cc1cc2c(s1)Nc1ccccc1N=C2N1CCN(CO)CC1|Cc1cc2c(s1)Nc1ccccc1N=C2[N+]1([O-])CCN(C)CC1|Cc1cc2c(s1)Nc1ccccc1N=C2NCCN(C)CC=O|CN1CCN(C2=Nc3ccccc3Nc3sc(C(=O)O)cc32)CC1|CN1CCN(C2=Nc3ccccc3Nc3sc(CO)cc32)CC1|CC1=CC2=C(Nc3ccccc3N=C2N2CCN(C)CC2)S1=O|Cc1cc2c(s1)Nc1c(O)cccc1N=C2N1CCN(C)CC1|Cc1cc2c(s1)Nc1cc(O)ccc1N=C2N1CCN(C)CC1|Cc1cc2c(s1)Nc1cccc(O)c1N=C2N1CCN(C)CC1|Cc1cc2c(s1)Nc1ccc(O)cc1N=C2N1CCN(C)CC1|Cc1cc2c(s1)Nc1ccccc1N=C2N1CC[N+](C)(C2OC(C(=O)O)C(O)C(O)C2O)CC1,Cc1cc2c(s1)Nc1ccc(O)cc1N=C2N1CCN(C)CC1|Cc1cc2c(s1)Nc1ccccc1N=C2N1CCNCC1|CN1CCN(C2=Nc3ccccc3Nc3sc(CO)cc32)CC1|Cc1cc2c(s1)Nc1ccccc1N=C2N1CC[N+](C)([O-])CC1|Cc1cc2c(s1)N(C1OC(C(=O)O)C(O)C(O)C1O)c1ccccc1N=C2N1CCN(C)CC1,Cc1cc2c(s1)Nc1ccccc1N=C2N1CCN(C)CC1O|Cc1cc2c(s1)Nc1ccccc1N=C2N1CCN(C)CC1=O|Cc1cc2c(s1)Nc1ccccc1N=C2N1CCN(C)C(=O)C1|CNCCN(CC=O)C1=Nc2ccccc2Nc2sc(C)cc21|Cc1cc2c(s1)Nc1ccccc1N=C2N1CCN(C)C(O)C1
Cc1ccc(-n2nccn2)c(C(=O)N2CCN(c3nc4cc(Cl)ccc4o3)CCC2C)c1,Cc1ccc(-n2nccn2)c(C(=O)N2CCN(c3nc4cc(Cl)ccc4o3)CC(O)C2C)c1|Cc1ccc(-n2nccn2)c(C(=O)N2CC[N+]([O-])(c3nc4cc(Cl)ccc4o3)CCC2C)c1|Cc1ccc(-n2nccn2)c(C(=O)N(CCNc2nc3cc(Cl)ccc3o2)C(C)CC=O)c1|Cc1ccc(-n2nccn2)c(C(=O)N2CCN(c3nc4cc(Cl)ccc4o3)C(=O)CC2C)c1|Cc1ccc(-n2nccn2)c(C(=O)N2CCN(c3nc4cc(Cl)ccc4o3)C(O)CC2C)c1|C=C1CCN(c2nc3cc(Cl)ccc3o2)CCN1C(=O)c1cc(C)ccc1-n1nccn1|CC1=[N+](C(=O)c2cc(C)ccc2-n2nccn2)CCN(c2nc3cc(Cl)ccc3o2)CC1|CC1=CCN(c2nc3cc(Cl)ccc3o2)CCN1C(=O)c1cc(C)ccc1-n1nccn1|Cc1ccc(-n2nccn2)c(C(=O)[N+]2=CCN(c3nc4cc(Cl)ccc4o3)CCC2C)c1|Cc1ccc(-n2ncc(O)n2)c(C(=O)N2CCN(c3nc4cc(Cl)ccc4o3)CCC2C)c1|Cc1ccc(-n2ncc[n+]2[O-])c(C(=O)N2CCN(c3nc4cc(Cl)ccc4o3)CCC2C)c1|Cc1ccc(-n2nccn2)c(C(=O)N2CCN(c3nc4cc(O)ccc4o3)CCC2C)c1|Cc1ccc(-n2nccn2)c(C(=O)N2CC=[N+](c3nc4cc(Cl)ccc4o3)CCC2C)c1|Cc1ccc(-n2nccn2)c(C(=O)N2CCN(c3nc4cc(Cl)ccc4o3)CCC2CO)c1|Cc1ccc(-n2nccn2)c(C(=O)N2CCN(c3oc4ccc(Cl)cc4[n+]3C3OC(C(=O)O)C(O)C(O)C3O)CCC2C)c1|Cc1ccc(-n2nccn2)c(C(=O)N2CCN(c3nc4cc(Cl)ccc4o3)C=CC2C)c1|Cc1ccc(-n2nccn2)c(C(=O)N2CC[N+](c3nc4cc(Cl)ccc4o3)=CCC2C)c1|Cc1ccc(-n2nccn2)c(C(=O)N2CCN(c3nc4cc(SCC(NC(=O)CCC(N)C(=O)O)C(=O)NCC(=O)O)ccc4o3)CCC2C)c1|CC(=O)CCN(CCNC(=O)c1cc(C)ccc1-n1nccn1)c1nc2cc(Cl)ccc2o1|Cc1ccc(-n2nccn2)c(C(=O)N2CCN(c3nc4cc(Cl)ccc4o3)CCC2(C)O)c1|Cc1ccc(-n2nccn2)c(C(=O)NC(C)CCN(CC=O)c2nc3cc(Cl)ccc3o2)c1|Cc1ccc(-n2ncc[n+]2C2OC(C(=O)O)C(O)C(O)C2O)c(C(=O)N2CCN(c3nc4cc(Cl)ccc4o3)CCC2C)c1|Cc1cc(C(=O)N2CCN(c3nc4cc(Cl)ccc4o3)CCC2C)c(-n2nccn2)cc1O|Cc1ccc(-n2nccn2)c(C(=O)[N+]2([O-])CCN(c3nc4cc(Cl)ccc4o3)CCC2C)c1|CC1CCN(c2nc3cc(Cl)ccc3o2)CCN1|Cc1ccc(-n2nccn2)c(C(=O)O)c1|Cc1ccc([N+]2([O-])N=CC=N2)c(C(=O)N2CCN(c3nc4cc(Cl)ccc4o3)CCC2C)c1|Cc1cc(O)c(-n2nccn2)c(C(=O)N2CCN(c3nc4cc(Cl)ccc4o3)CCC2C)c1|Cc1ccc(-n2nccn2)c(C(=O)N2CCN(c3oc4ccc(Cl)cc4[n+]3[O-])CCC2C)c1|O=c1[nH]c2cc(Cl)ccc2o1|Cc1ccc(-n2nccn2)c(C(=O)N2CCNCCC2C)c1|Cc1ccc(-n2nccn2)c(C(=O)N2C(=O)CN(c3nc4cc(Cl)ccc4o3)CCC2C)c1|Cc1ccc(-n2nccn2)c(C(=O)N2C(C)CCN(c3nc4cc(Cl)ccc4o3)CC2O)c1|Cc1ccc(-n2nccn2)c(C(=O)N2C=CN(c3nc4cc(Cl)ccc4o3)CCC2C)c1|Cc1ccc(-n2nccn2)c(C(=O)N2CC(O)N(c3nc4cc(Cl)ccc4o3)CCC2C)c1|Cc1ccc(-n2nccn2)c(C(=O)N(CC=O)C(C)CCNc2nc3cc(Cl)ccc3o2)c1|Cc1ccc(-n2nccn2)c(C(=O)N2CC(=O)N(c3nc4cc(Cl)ccc4o3)CCC2C)c1|Cc1ccc(-n2nccn2)c(C(=O)N2CCN(c3nc4c(O)c(Cl)ccc4o3)CCC2C)c1|Cc1ccc(-n2nccn2)c(C(=O)N2CCN(c3nc4cc(Cl)c(O)cc4o3)CCC2C)c1|Cc1ccc(-n2nccn2)c(C(=O)N2CCN(c3nc4cc(Cl)cc(O)c4o3)CCC2C)c1|CC1CCN(c2nc3cc(Cl)ccc3o2)CCN1C(=O)c1cc(CO)ccc1-n1nccn1|Cc1ccc(-n2nccn2)c(C(=O)N2CCN(c3nc4cc(Cl)ccc4o3)CCC2C)c1O|CC1CCN(c2nc3cc(Cl)ccc3o2)CCN1C(=O)c1cc(C(=O)O)ccc1-n1nccn1,CC1CCN(c2nc3cc(Cl)ccc3o2)CCN1C(=O)c1cc(CO)ccc1-n1nccn1|Cc1ccc(-n2nccn2)c(C(=O)N2CCN(c3nc4cc(Cl)ccc4o3)CCC2CO)c1|Cc1ccc(-n2nccn2)c(C(=O)N2CCN(c3nc4cc(Cl)c(O)cc4o3)CCC2C)c1,Cc1ccc(-n2nccn2)c(C(=O)N2CCN(c3nc4cc(Cl)ccc4o3)CC(O)C2C)c1|Cc1ccc(-n2nccn2)c(C(=O)N2CC[N+]([O-])(c3nc4cc(Cl)ccc4o3)CCC2C)c1|Cc1ccc(-n2nccn2)c(C(=O)N(CCNc2nc3cc(Cl)ccc3o2)C(C)CC=O)c1|Cc1ccc(-n2nccn2)c(C(=O)N2CCN(c3nc4cc(Cl)ccc4o3)C(=O)CC2C)c1|Cc1ccc(-n2nccn2)c(C(=O)N2CCN(c3nc4cc(Cl)ccc4o3)C(O)CC2C)c1
Cc1ccc(S(=O)(=O)Nc2ccc(C(=O)/C=C/c3ccc(O)cc3)cc2)cc1,Cc1ccc(S(=O)(=O)Nc2ccc(C(=O)C3OC3c3ccc(O)cc3)cc2)cc1|Cc1ccc(S(=O)(=O)Nc2ccc(C(=O)CCc3ccc(O)cc3)cc2)cc1|O=C(/C=C/c1ccc(O)cc1)c1ccc(NS(=O)(=O)c2ccc(CO)cc2)cc1|O=C(O)c1ccc(S(=O)(=O)Nc2ccc(C(=O)/C=C/c3ccc(O)cc3)cc2)cc1|Cc1cc(S(=O)(=O)Nc2ccc(C(=O)/C=C/c3ccc(O)cc3)cc2)ccc1O|Cc1ccc(S(=O)(=O)Nc2ccc(C(=O)/C=C/c3ccc(O)cc3)cc2)c(O)c1|Cc1ccc(S(=O)(=O)Nc2ccc(C(=O)CC(SCC(NC(=O)CCC(N)C(=O)O)C(=O)NCC(=O)O)c3ccc(O)cc3)cc2)cc1|Cc1ccc(S(=O)(=O)Nc2ccc(C(=O)/C=C/c3ccc(OC4OC(C(=O)O)C(O)C(O)C4O)cc3)cc2)cc1|Cc1ccc(S(=O)(=O)Nc2ccc(C(=O)/C=C/c3ccc(O)cc3)c(O)c2)cc1|Cc1ccc(S(=O)(=O)Nc2ccc(C(=O)/C=C/c3ccc(O)cc3O)cc2)cc1|Cc1ccc(S(=O)(=O)N(O)c2ccc(C(=O)/C=C/c3ccc(O)cc3)cc2)cc1|Cc1ccc(S(=O)(=O)Nc2ccc(C(=O)/C=C/c3ccc(O)cc3)cc2O)cc1|Cc1ccc(S(=O)(=O)Nc2ccc(C(=O)/C=C/C3(O)C=CC(=O)C=C3)cc2)cc1|Cc1ccc(S(=O)(=O)Nc2ccc(C(=O)/C=C/c3ccc(O)cc3)cc2)cc1O|Cc1ccc(S(=O)(=O)N(c2ccc(C(=O)/C=C/c3ccc(O)cc3)cc2)C2OC(C(=O)O)C(O)C(O)C2O)cc1|Cc1ccc(S(=O)(=O)Nc2ccc(C(=O)/C=C/c3ccc(O)c(O)c3)cc2)cc1|COc1ccc(/C=C/C(=O)c2ccc(NS(=O)(=O)c3ccc(C)cc3)cc2)cc1|Cc1ccc(S(=O)(=O)Nc2ccc(C(=O)/C=C/c3ccc(OS(=O)(=O)O)cc3)cc2)cc1,Cc1ccc(S(=O)(=O)Nc2ccc(C(=O)/C=C/c3ccc(O)c(O)c3)cc2)cc1|O=C(/C=C/c1ccc(O)cc1)c1ccc(NS(=O)(=O)c2ccc(CO)cc2)cc1,Cc1ccc(S(=O)(=O)Nc2ccc(C(=O)C3OC3c3ccc(O)cc3)cc2)cc1|Cc1ccc(S(=O)(=O)Nc2ccc(C(=O)CCc3ccc(O)cc3)cc2)cc1|O=C(/C=C/c1ccc(O)cc1)c1ccc(NS(=O)(=O)c2ccc(CO)cc2)cc1|O=C(O)c1ccc(S(=O)(=O)Nc2ccc(C(=O)/C=C/c3ccc(O)cc3)cc2)cc1|Cc1cc(S(=O)(=O)Nc2ccc(C(=O)/C=C/c3ccc(O)cc3)cc2)ccc1O
Cc1cccc(C)c1OCC(=O)N[C@@H](Cc1ccccc1)[C@@H](O)C[C@H](Cc1ccccc1)NC(=O)[C@H](C(C)C)N1CCCNC1=O,Cc1ccc(O)c(C)c1OCC(=O)N[C@@H](Cc1ccccc1)[C@@H](O)C[C@H](Cc1ccccc1)NC(=O)[C@H](C(C)C)N1CCCNC1=O|Cc1cc(O)cc(C)c1OCC(=O)N[C@@H](Cc1ccccc1)[C@@H](O)C[C@H](Cc1ccccc1)NC(=O)[C@H](C(C)C)N1CCCNC1=O|Cc1cccc(C)c1OCC(=O)N[C@@H](Cc1ccccc1)[C@@H](O)CC(Cc1ccccc1)=[NH+]C(=O)[C@H](C(C)C)N1CCCNC1=O|Cc1cccc(C)c1OCC(=O)N[C@@H](Cc1ccccc1)[C@@H](O)CC(Cc1ccccc1)=NC(=O)[C@H](C(C)C)N1CCCNC1=O|Cc1cccc(C)c1OCC(=O)NC(=Cc1ccccc1)[C@@H](O)C[C@H](Cc1ccccc1)NC(=O)[C@H](C(C)C)N1CCCNC1=O|Cc1cccc(C)c1OCC(=O)N=C(Cc1ccccc1)[C@@H](O)C[C@H](Cc1ccccc1)NC(=O)[C@H](C(C)C)N1CCCNC1=O|Cc1cccc(C)c1OCC(=O)[NH+]=C(Cc1ccccc1)[C@@H](O)C[C@H](Cc1ccccc1)NC(=O)[C@H](C(C)C)N1CCCNC1=O|Cc1cccc(C)c1OCC(=O)NC(Cc1ccccc1)=C(O)C[C@H](Cc1ccccc1)NC(=O)[C@H](C(C)C)N1CCCNC1=O|Cc1cccc(C)c1OCC(=O)N[C@@H](Cc1ccccc1)[C@@H](O)C[C@H](Cc1ccccc1)NC(=O)[C@H](C(C)C)N(C=O)CCCN|Cc1cccc(C)c1OCC(=O)N[C@@H](Cc1ccccc1)[C@@H](O)C[C@H](Cc1ccccc1)NC(=O)[C@@H](NCCCNC=O)C(C)C|C=C(C)[C@@H](C(=O)N[C@@H](Cc1ccccc1)C[C@H](O)[C@H](Cc1ccccc1)NC(=O)COc1c(C)cccc1C)N1CCCNC1=O|Cc1cccc(C)c1OCC(=O)N[C@@H](Cc1ccccc1O)[C@@H](O)C[C@H](Cc1ccccc1)NC(=O)[C@H](C(C)C)N1CCCNC1=O|Cc1cccc(C)c1OCC(=O)N[C@@H](Cc1ccccc1)[C@@H](O)C[C@H](Cc1ccccc1)NC(=O)[C@H](C(C)C)N1C=CCNC1=O|Cc1cccc(C)c1OCC(=O)N[C@@H](Cc1ccccc1)[C@@H](O)C[C@H](Cc1ccccc1)NC(=O)[C@H](C(C)C)[N+]1=CCCNC1=O|Cc1cccc(C)c1OCC(=O)N[C@@H](Cc1ccccc1)[C@@H](O)CC(=Cc1ccccc1)NC(=O)[C@H](C(C)C)N1CCCNC1=O|Cc1cccc(C)c1OCC(=O)N[C@@H](Cc1ccccc1)C(O)=C[C@H](Cc1ccccc1)NC(=O)[C@H](C(C)C)N1CCCNC1=O|Cc1cccc(C)c1OCC(=O)N[C@@H](Cc1ccccc1)[C@@H](O)C=C(Cc1ccccc1)NC(=O)[C@H](C(C)C)N1CCCNC1=O|Cc1cccc(C)c1OCC(=O)N[C@@H](Cc1ccccc1)[C@@H](O)C[C@H](Cc1ccccc1)NC=O|Cc1cccc(C)c1OCC(=O)N[C@@H](Cc1ccccc1)[C@@H](O)C[C@H](Cc1ccccc1)NC(=O)C(C(C)C)=[N+]1CCCNC1=O|Cc1cccc(C)c1OCC(=O)N[C@@H](Cc1ccccc1)[C@@H](O)C[C@H](Cc1ccccc1)N1C(=O)[C@H](C(C)C)N2C(=O)NCCC12|CC(C)=C(C(=O)N[C@@H](Cc1ccccc1)C[C@H](O)[C@H](Cc1ccccc1)NC(=O)COc1c(C)cccc1C)N1CCCNC1=O|CC(C)=CN1CCCNC1=O|COc1cc(C[C@@H](C[C@H](O)[C@H](Cc2ccccc2)NC(=O)COc2c(C)cccc2C)NC(=O)[C@H](C(C)C)N2CCCNC2=O)ccc1O|Cc1cccc(C)c1OCC(=O)N[C@@H](Cc1ccccc1)[C@@H](O)C[C@H](Cc1ccc(O)cc1)NC(=O)[C@H](C(C)C)N1CCCNC1=O|Cc1cccc(C)c1OCC(=O)N[C@@H](Cc1ccccc1)[C@@H](O)C[C@H](Cc1cccc(O)c1)NC(=O)[C@H](C(C)C)N1CCCNC1=O|Cc1cccc(C)c1OCC(=O)N[C@@H](Cc1ccccc1)[C@@H](O)C[C@H](Cc1ccccc1O)NC(=O)[C@H](C(C)C)N1CCCNC1=O|Cc1cccc(C)c1OCC(=O)N[C@@H](Cc1ccccc1)[C@@H](O)C[C@H](Cc1ccccc1)NC(=O)[C@H](C(C)C)N1CC=CNC1=O|Cc1cccc(C)c1OCC(=O)N[C@@H](Cc1ccccc1)[C@@H](O)C[C@H](Cc1ccccc1)NC(=O)[C@H](C(C)C)N1CCC=[NH+]C1=O|Cc1cccc(C)c1OCC(=O)N[C@@H](Cc1ccccc1)[C@@H](O)C[C@H](Cc1ccccc1)NC(=O)[C@H](C(C)C)N1CCC=NC1=O|Cc1cccc(C)c1OCC(=O)N[C@@H](Cc1ccccc1)[C@@H](O)C[C@H](Cc1ccccc1)NC(=O)C1(C(C)C)N2CCCN1C2=O|CC(C)[C@@H](C(N)=O)N1CCCNC1=O|Cc1cccc(C)c1OCC(=O)N[C@@H](Cc1ccccc1)[C@@H](O)CC(=O)Cc1ccccc1|Cc1cccc(C)c1OCC(=O)N[C@@H](C(O)c1ccccc1)[C@@H](O)C[C@H](Cc1ccccc1)NC(=O)[C@H](C(C)C)N1CCCNC1=O|Cc1cccc(C)c1OCC(N)=O|CC(C)[C@@H](C(=O)N[C@@H](Cc1ccccc1)C[C@H](O)C(=O)Cc1ccccc1)N1CCCNC1=O|Cc1cccc(C)c1OCC(=O)N[C@@H](Cc1ccccc1)C(O)(O)C[C@H](Cc1ccccc1)NC(=O)[C@H](C(C)C)N1CCCNC1=O|Cc1cccc(C)c1OCC(=O)N[C@@](O)(Cc1ccccc1)[C@@H](O)C[C@H](Cc1ccccc1)NC(=O)[C@H](C(C)C)N1CCCNC1=O|Cc1cccc(C)c1OCC(=O)NC(=CC[C@H](Cc1ccccc1)NC(=O)[C@H](C(C)C)N1CCCNC1=O)Cc1ccccc1|Cc1cccc(C)c1OCC(=O)N[C@@H](Cc1ccccc1)[C@@H](O)C[C@H](Cc1ccccc1)NC(=O)[C@H](C(C)CO)N1CCCNC1=O|Cc1cccc(C)c1OCC(=O)N[C@@H](Cc1ccccc1)[C@@H](O)C[C@H](Cc1ccccc1)NC(=O)[C@@H](N1CCCNC1=O)C(C)(C)O|Cc1cccc(C)c1OCC(=O)N[C@@H](Cc1ccccc1)[C@@H](O)C[C@H](Cc1ccccc1)NC(=O)[C@H](C(C)C(=O)O)N1CCCNC1=O|Cc1cccc(C)c1OCC(=O)N[C@@H](Cc1ccccc1)[C@@H](O)C[C@H](Cc1ccccc1)NC(=O)[C@@H](NC(=O)NCCC=O)C(C)C|Cc1cccc(C)c1OCC(=O)N[C@@H](Cc1ccccc1)[C@@H](O)C[C@H](Cc1ccccc1)NC(=O)[C@H](C(C)C)N1C(=O)CCNC1=O|Cc1cccc(C)c1OCC(=O)N[C@@H](Cc1ccccc1)[C@@H](O)C[C@H](Cc1ccccc1)NC(=O)[C@H](C(C)C)N1C(=O)NCCC1O|Cc1cccc(C)c1OCC(=O)N[C@@H](Cc1ccccc1)[C@@H](O)C[C@@H](N)Cc1ccccc1|Cc1cccc(C)c1OCC(=O)N[C@@H](Cc1ccccc1)[C@@H](O)C[C@H](Cc1ccccc1)N(O)C(=O)[C@H](C(C)C)N1CCCNC1=O|CC(C)[C@@H](C(=O)O)N1CCCNC1=O|Cc1cccc(C)c1OCC(=O)N[C@@H](Cc1ccccc1)C(=O)C[C@H](Cc1ccccc1)NC(=O)[C@H](C(C)C)N1CCCNC1=O|Cc1cccc(C)c1OCC(=O)N[C@@H](Cc1ccccc1)[C@@H](O)C[C@@H](NC(=O)[C@H](C(C)C)N1CCCNC1=O)C(O)c1ccccc1|Cc1cccc(C)c1OCC(=O)N[C@@H](Cc1ccccc1)[C@@H](O)C[C@](O)(Cc1ccccc1)NC(=O)[C@H](C(C)C)N1CCCNC1=O|Cc1cccc(C)c1OCC(=O)N[C@@H](Cc1ccccc1)[C@@H](O)C(O)[C@H](Cc1ccccc1)NC(=O)[C@H](C(C)C)N1CCCNC1=O|Cc1cccc(C)c1OCC(=O)N[C@@H](Cc1ccccc1)[C@@H](O)C[C@H](Cc1ccccc1)NC(=O)C(=O)C(C)C|Cc1cccc(C)c1OCC(=O)N[C@@H](Cc1ccccc1)[C@@H](O)C[C@H](Cc1ccccc1)NC(=O)[C@H](C(C)C)[N+]1([O-])CCCNC1=O|O=C1NCCCN1|Cc1cccc(C)c1OCC(=O)N[C@@H](Cc1ccccc1)[C@@H](O)C[C@H](Cc1ccccc1)NC(=O)[C@](O)(C(C)C)N1CCCNC1=O|Cc1cccc(C)c1OCC(=O)N[C@@H](Cc1ccccc1)[C@@H](O)C[C@H](Cc1ccccc1)NC(=O)[C@@H](NCCCNC(=O)O)C(C)C|Cc1cccc(C)c1OCC(=O)N[C@@H](Cc1ccc(O)cc1)[C@@H](O)C[C@H](Cc1ccccc1)NC(=O)[C@H](C(C)C)N1CCCNC1=O|Cc1cccc(C)c1OCC(=O)N[C@@H](Cc1cccc(O)c1)[C@@H](O)C[C@H](Cc1ccccc1)NC(=O)[C@H](C(C)C)N1CCCNC1=O|COc1cc(C[C@H](NC(=O)COc2c(C)cccc2C)[C@@H](O)C[C@H](Cc2ccccc2)NC(=O)[C@H](C(C)C)N2CCCNC2=O)ccc1O|Cc1cccc(C)c1OCC(=O)N[C@@H](Cc1ccccc1)[C@@H](O)C[C@H](Cc1ccccc1)NC(=O)[C@H](C(C)C)N1CCCN(C2OC(C(=O)O)C(O)C(O)C2O)C1=O|Cc1cccc(C)c1OC(O)C(=O)N[C@@H](Cc1ccccc1)[C@@H](O)C[C@H](Cc1ccccc1)NC(=O)[C@H](C(C)C)N1CCCNC1=O|CC(C)[C@@H](C(=O)N[C@@H](Cc1ccccc1)C[C@H](O)[C@H](Cc1ccccc1)NC(=O)C=O)N1CCCNC1=O|CC(C)[C@@H](C(=O)N[C@@H](Cc1ccccc1)C[C@H](O)[C@H](Cc1ccccc1)NC(=O)CO)N1CCCNC1=O|Cc1cccc(C)c1O|Cc1cccc(C)c1OCC(=O)N[C@@H](Cc1ccccc1)[C@@H](O)C[C@H](Cc1ccccc1)NC(=O)[C@H](C(C)C)N(CCCN)C(=O)O|Cc1cccc(C)c1OCC(=O)N[C@@H](Cc1ccccc1)[C@@H](O)C[C@H](Cc1ccccc1)NC(=O)[C@H](C(C)C)N1CCC(=O)NC1=O|Cc1cccc(C)c1OCC(=O)N[C@@H](Cc1ccccc1)[C@@H](O)C[C@H](Cc1ccccc1)NC(=O)[C@H](C(C)C)N1CCC(O)NC1=O|Cc1cccc(C)c1OCC(=O)N[C@@H](Cc1ccccc1)[C@@H](O)C[C@H](Cc1ccccc1)NC(=O)[C@H](C(C)C)N(CCC=O)C(N)=O|Cc1cccc(C)c1OCC(=O)N[C@@H](Cc1ccccc1)[C@@H](O)C[C@H](Cc1ccccc1)NC(=O)[C@H](C(C)C)N1CCCN(O)C1=O|Cc1cccc(C)c1OCC(=O)N[C@@H](Cc1ccccc1)[C@@H](O)C[C@H](Cc1ccccc1)NC(=O)[C@H](C(C)C)N1CC(O)CNC1=O|Cc1cccc(C)c1OCC(=O)N(O)[C@@H](Cc1ccccc1)[C@@H](O)C[C@H](Cc1ccccc1)NC(=O)[C@H](C(C)C)N1CCCNC1=O|Cc1cccc(C)c1OCC(=O)O|CC(C)[C@@H](C(=O)N[C@@H](Cc1ccccc1)C[C@H](O)[C@@H](N)Cc1ccccc1)N1CCCNC1=O|Cc1cccc(C(=O)O)c1OCC(=O)N[C@@H](Cc1ccccc1)[C@@H](O)C[C@H](Cc1ccccc1)NC(=O)[C@H](C(C)C)N1CCCNC1=O|Cc1cccc(CO)c1OCC(=O)N[C@@H](Cc1ccccc1)[C@@H](O)C[C@H](Cc1ccccc1)NC(=O)[C@H](C(C)C)N1CCCNC1=O|CC(=O)N[C@@H](Cc1ccccc1)[C@@H](O)C[C@H](Cc1ccccc1)NC(=O)[C@H](C(C)C)N1CCCNC1=O|CC1=CC(=O)C=C(C)C1=O|Cc1cccc(C)c1OCC(=O)N[C@@H](Cc1ccccc1)[C@H](C[C@H](Cc1ccccc1)NC(=O)[C@H](C(C)C)N1CCCNC1=O)OS(=O)(=O)O|Cc1cccc(C)c1OCC(=O)N[C@@H](Cc1ccccc1)[C@H](C[C@H](Cc1ccccc1)NC(=O)[C@H](C(C)C)N1CCCNC1=O)OC1OC(C(=O)O)C(O)C(O)C1O,Cc1cccc(C)c1OCC(=O)N[C@@H](Cc1ccccc1)[C@@H](O)C[C@H](Cc1ccccc1)NC(=O)[C@H](C(C)C)N1CCC(O)NC1=O|Cc1cccc(C)c1OCC(=O)N[C@@H](Cc1ccccc1)[C@@H](O)C[C@H](Cc1ccccc1)NC(=O)[C@H](C(C)C)N1C(=O)NCCC1O,Cc1ccc(O)c(C)c1OCC(=O)N[C@@H](Cc1ccccc1)[C@@H](O)C[C@H](Cc1ccccc1)NC(=O)[C@H](C(C)C)N1CCCNC1=O|Cc1cc(O)cc(C)c1OCC(=O)N[C@@H](Cc1ccccc1)[C@@H](O)C[C@H](Cc1ccccc1)NC(=O)[C@H](C(C)C)N1CCCNC1=O|Cc1cccc(C)c1OCC(=O)N[C@@H](Cc1ccccc1)[C@@H](O)CC(Cc1ccccc1)=[NH+]C(=O)[C@H](C(C)C)N1CCCNC1=O|Cc1cccc(C)c1OCC(=O)N[C@@H](Cc1ccccc1)[C@@H](O)CC(Cc1ccccc1)=NC(=O)[C@H](C(C)C)N1CCCNC1=O|Cc1cccc(C)c1OCC(=O)NC(=Cc1ccccc1)[C@@H](O)C[C@H](Cc1ccccc1)NC(=O)[C@H](C(C)C)N1CCCNC1=O
Clc1ccc(CCCOCCCN2CCCCC2)cc1,C1CCNCC1|OCCCOCCCc1ccc(Cl)cc1|O=CCCOCCCc1ccc(Cl)cc1|Oc1ccc(CCCOCCCN2CCCCC2)cc1|OC(COCCCc1ccc(Cl)cc1)CN1CCCCC1|Clc1ccc(CCCOC=CCN2CCCCC2)cc1|OC1CCCCN1CCCOCCCc1ccc(Cl)cc1|O=C1CCCCN1CCCOCCCc1ccc(Cl)cc1|O=CCCCCNCCCOCCCc1ccc(Cl)cc1|OC1CCCN(CCCOCCCc2ccc(Cl)cc2)C1|[O-][N+]1(CCCOCCCc2ccc(Cl)cc2)CCCCC1|Clc1ccc(CCCOCCCN2CC=CCC2)cc1|Clc1ccc(CCCOCC=CN2CCCCC2)cc1|Clc1ccc(CCCOCCC=[N+]2CCCCC2)cc1|NC(CCC(=O)NC(CSc1ccc(CCCOCCCN2CCCCC2)cc1)C(=O)NCC(=O)O)C(=O)O|Clc1ccc(CCCOCCCN2C=CCCC2)cc1|Clc1ccc(CCCOCCC[N+]2=CCCCC2)cc1|Oc1ccc(CCCOCCCN2CCCCC2)cc1Cl|Clc1ccc(CC=COCCCN2CCCCC2)cc1|Clc1ccc(C=CCOCCCN2CCCCC2)cc1|Oc1cc(Cl)ccc1CCCOCCCN1CCCCC1|Oc1cc(CCCOCCCN2CCCCC2)ccc1Cl|OC(CCN1CCCCC1)OCCCc1ccc(Cl)cc1|OCCCc1ccc(Cl)cc1|O=CCCN1CCCCC1|OC(CCc1ccc(Cl)cc1)OCCCN1CCCCC1|OCCCN1CCCCC1|O=CCCc1ccc(Cl)cc1|OC1CCN(CCCOCCCc2ccc(Cl)cc2)CC1|OC(CCOCCCc1ccc(Cl)cc1)N1CCCCC1|OC(COCCCN1CCCCC1)Cc1ccc(Cl)cc1|OC(CCOCCCN1CCCCC1)c1ccc(Cl)cc1,O=C(O)CCCCNCCCOCCCc1ccc(Cl)cc1|[O-][N+]1(CCCOCCCc2ccc(Cl)cc2)CCCCC1,C1CCNCC1|OCCCOCCCc1ccc(Cl)cc1|O=CCCOCCCc1ccc(Cl)cc1|Oc1ccc(CCCOCCCN2CCCCC2)cc1|OC(COCCCc1ccc(Cl)cc1)CN1CCCCC1
Clc1ccccc1CN1CCc2sccc2C1,Oc1cc2c(s1)CCN(Cc1ccccc1Cl)C2|O=S1C=CC2=C1CCN(Cc1ccccc1Cl)C2|Oc1ccccc1CN1CCc2sccc2C1|Oc1cccc(Cl)c1CN1CCc2sccc2C1|Clc1ccccc1CN1C=Cc2sccc2C1|Clc1ccccc1C[N+]1=CCc2sccc2C1|Clc1ccccc1C[N+]1=Cc2ccsc2CC1|Clc1ccccc1C=[N+]1CCc2sccc2C1|NC(CCC(=O)NC(CSc1ccccc1CN1CCc2sccc2C1)C(=O)NCC(=O)O)C(=O)O|Oc1csc2c1CN(Cc1ccccc1Cl)CC2|OC1CN(Cc2ccccc2Cl)Cc2ccsc21|O=CCc1sccc1CNCc1ccccc1Cl|O=C1Cc2sccc2CN1Cc1ccccc1Cl|OC1Cc2sccc2CN1Cc1ccccc1Cl|O=Cc1ccsc1CCNCc1ccccc1Cl|OC1c2ccsc2CCN1Cc1ccccc1Cl|Oc1cccc(CN2CCc3sccc3C2)c1Cl|OCc1ccccc1Cl|Oc1ccc(Cl)c(CN2CCc3sccc3C2)c1|OC(c1ccccc1Cl)N1CCc2sccc2C1|Oc1ccc(CN2CCc3sccc3C2)c(Cl)c1|c1cc2c(s1)CCNC2|O=Cc1ccccc1Cl|[O-][N+]1(Cc2ccccc2Cl)CCc2sccc2C1,O=C1C=C2CN(Cc3ccccc3Cl)CCC2S1|Clc1ccccc1CN1C=C2C=C[S+]=C2CC1|OC1CN(Cc2ccccc2Cl)Cc2ccsc21|O=S1C=CC2=C1CCN(Cc1ccccc1Cl)C2|Clc1ccccc1CN1C=Cc2sccc2C1|Clc1cc2c(s1)CCN(Cc1ccccc1Cl)C2|[O-][N+]1(Cc2ccccc2Cl)CCc2sccc2C1,Oc1cc2c(s1)CCN(Cc1ccccc1Cl)C2|O=S1C=CC2=C1CCN(Cc1ccccc1Cl)C2|Oc1ccccc1CN1CCc2sccc2C1|Oc1cccc(Cl)c1CN1CCc2sccc2C1|Clc1ccccc1CN1C=Cc2sccc2C1
Cn1c(=O)c2c(ncn2C)n(C)c1=O,Cn1c(=O)c2c(ncn2C)n(CO)c1=O|CN1C(=O)c2c(ncn2C)[N+](C)([O-])C1=O|Cn1c(=O)[nH]c2ncn(C)c2c1=O|Cn1c2c(c(=O)n(C)c1=O)[N+](C)([O-])C=N2|Cn1c(=O)c2c([nH]c(=O)n2C)n(C)c1=O|Cn1c(=O)c2c(n(C)c1=O)[n+]([O-])cn2C|Cn1c(=O)c2c(n(C)c1=O)[n+](C1OC(C(=O)O)C(O)C(O)C1O)cn2C|Cn1c(=O)c2c(ncn2CO)n(C)c1=O|Cn1c(=O)c2[nH]cnc2n(C)c1=O|Cn1cnc2c1c(=O)n(CO)c(=O)n2C|CN1C(=O)[N+](C)([O-])C(=O)c2c1ncn2C|Cn1cnc2c1c(=O)[nH]c(=O)n2C,Cn1c(=O)[nH]c2ncn(C)c2c1=O|Cn1c(=O)c2c([nH]c(=O)n2C)n(C)c1=O|Cn1cnc2c1c(=O)[nH]c(=O)n2C|Cn1c(=O)c2[nH]cnc2n(C)c1=O,Cn1c(=O)c2c(ncn2C)n(CO)c1=O|CN1C(=O)c2c(ncn2C)[N+](C)([O-])C1=O|Cn1c(=O)[nH]c2ncn(C)c2c1=O|Cn1c2c(c(=O)n(C)c1=O)[N+](C)([O-])C=N2|Cn1c(=O)c2c([nH]c(=O)n2C)n(C)c1=O
Cn1nnc(-c2ccc(-c3ccc(N4C[C@H](CO)OC4=O)cc3F)cn2)n1,Cn1nnc(-c2ccc(-c3ccc(N4C[C@H](CO)OC4=O)cc3F)c[n+]2C2OC(C(=O)O)C(O)C(O)C2O)n1|Cn1nnc(-c2ccc(-c3ccc(N4C[C@H](C=O)OC4=O)cc3F)cn2)n1|Cn1nnc(-c2ccc(-c3ccc(N4C[C@H](C(O)O)OC4=O)cc3F)cn2)n1|Cn1nnc(-c2ccc(-c3ccc(N4C[C@H](C(=O)O)OC4=O)cc3F)cn2)n1|Cn1nnc(-c2ccc(-c3ccc(N4C[C@H](CO)OC4=O)cc3O)cn2)n1|Cn1nnc(-c2cc(O)c(-c3ccc(N4C[C@H](CO)OC4=O)cc3F)cn2)n1|Cn1nnc(-c2ccc(-c3c(O)cc(N4C[C@H](CO)OC4=O)cc3F)cn2)n1|Cn1nnc(-c2ncc(-c3ccc(N4C[C@H](CO)OC4=O)cc3F)cc2O)n1|Cn1nnc(-c2ccc(-c3ccc([N+]4=C[C@H](CO)OC4=O)cc3F)cn2)n1|Cn1nnc(-c2ccc(-c3ccc(-n4cc(CO)oc4=O)cc3F)cn2)n1|O=C1O[C@@H](CO)CN1c1ccc(-c2ccc(-c3nnn(CO)n3)nc2)c(F)c1|O=C1O[C@@H](CO)CN1c1ccc(-c2ccc(-c3nn[nH]n3)nc2)c(F)c1|C[N+]1([O-])N=NC(c2ccc(-c3ccc(N4C[C@H](CO)OC4=O)cc3F)cn2)=N1|Cn1nnc(-c2ccc(-c3ccc(NC[C@@H](O)CO)cc3F)cn2)n1|O=C=O|Cn1nnc(-c2ccc(-c3ccc(N4C[C@H](CO)OC4=O)cc3F)cn2)[n+]1C1OC(C(=O)O)C(O)C(O)C1O|Cn1nnc(-c2ccc(-c3ccc(N4CC(=CO)OC4=O)cc3F)cn2)n1|Cn1nc(-c2ccc(-c3ccc(N4C[C@H](CO)OC4=O)cc3F)cn2)n[n+]1C1OC(C(=O)O)C(O)C(O)C1O|Cn1nc(-c2ccc(-c3ccc(N4C[C@H](CO)OC4=O)cc3F)cn2)[n+](C2OC(C(=O)O)C(O)C(O)C2O)n1|Cn1nc(-c2ccc(-c3ccc(N4C[C@H](CO)OC4=O)cc3F)cn2)[n+]([O-])n1|Cn1nnc(-c2ccc(-c3ccc(N4C[C@H](CO)OC4=O)cc3F)c(O)n2)n1|Cn1nnc(-c2ccc(-c3ccc(N4C[C@H](CO)OC4=O)cc3F)c[n+]2[O-])n1|Cn1nnc(-c2ccc(-c3ccc(N4C[C@H](COC5OC(C(=O)O)C(O)C(O)C5O)OC4=O)cc3F)cn2)n1|Cn1nnc(-c2ccc(-c3ccc(N4C[C@H](CO)OC4=O)c(O)c3F)cn2)n1|Cn1nnc(-c2ccc(-c3ccc(NC(=O)O[C@H](C=O)CO)cc3F)cn2)n1|Cn1nnc(-c2ccc(-c3cc(O)c(N4C[C@H](CO)OC4=O)cc3F)cn2)n1|Cn1nnc(-c2ccc(-c3ccc(N4C[C@](O)(CO)OC4=O)cc3F)cn2)n1|Cn1nnc(-c2ccc(-c3ccc(N4C(=O)O[C@@H](CO)C4O)cc3F)cn2)n1|Cn1nnc(-c2ccc(-c3ccc(N4C[C@H](COP(=O)(O)O)OC4=O)cc3F)cn2)n1|Cn1nnc(-c2ccc(-c3ccc(N4C[C@H](CO)OC4=O)cc3F)cn2)[n+]1[O-]|Cn1nnc(-c2ccc(-c3ccc(N(C[C@@H](O)CO)C(=O)O)cc3F)cn2)n1|Cn1nnc(-c2ccc(-c3ccc(NC[C@H](CO)OC(=O)O)cc3F)cn2)n1|Cn1nnc(-c2ccc(-c3ccc(N(CC(=O)CO)C(=O)O)cc3F)cn2)n1|Cn1nnc(-c2ccc(-c3ccc([N+]4([O-])C[C@H](CO)OC4=O)cc3F)cn2)n1|Cn1nnc(-c2ccc(-c3ccc(N4C[C@H](COS(=O)(=O)O)OC4=O)cc3F)cn2)n1,O=C1O[C@@H](CO)CN1c1ccc(-c2ccc(-c3nn[nH]n3)nc2)c(F)c1|Cn1nnc(-c2ccc(-c3ccc(N4C[C@H](C=S(=O)([O-])[O-])OC4=O)cc3F)cn2)n1|Cn1nnc(-c2ccc(-c3ccc(NCC(=O)O)cc3F)cn2)n1|Cn1nnc(-c2ccc(-c3ccc(N4C[C@H](C(=O)O)OC4=O)cc3F)cn2)n1,Cn1nnc(-c2ccc(-c3ccc(N4C[C@H](CO)OC4=O)cc3F)c[n+]2C2OC(C(=O)O)C(O)C(O)C2O)n1|Cn1nnc(-c2ccc(-c3ccc(N4C[C@H](C=O)OC4=O)cc3F)cn2)n1|Cn1nnc(-c2ccc(-c3ccc(N4C[C@H](C(O)O)OC4=O)cc3F)cn2)n1|Cn1nnc(-c2ccc(-c3ccc(N4C[C@H](C(=O)O)OC4=O)cc3F)cn2)n1|Cn1nnc(-c2ccc(-c3ccc(N4C[C@H](CO)OC4=O)cc3O)cn2)n1
NC(=O)c1cn(Cc2c(F)cccc2F)nn1,O=Cc1c(F)cccc1F|OCc1c(F)cccc1F|NC(=O)c1cn(C(O)c2c(F)cccc2F)nn1|NC(=O)c1c[nH]nn1|NC(=O)c1nnn(Cc2c(F)cccc2F)c1O|NC(=O)C1=C[N+]([O-])(Cc2c(F)cccc2F)N=N1|NC(=O)c1cn(Cc2c(F)cc(O)cc2F)nn1|NC(=O)c1cn(Cc2c(F)ccc(O)c2F)nn1|O=C(NC1OC(C(=O)O)C(O)C(O)C1O)c1cn(Cc2c(F)cccc2F)nn1|NC(=O)c1cn(Cc2c(O)cccc2F)nn1|NC(=O)c1cn(Cc2c(F)cccc2F)[n+](C2OC(C(=O)O)C(O)C(O)C2O)n1|NC(=O)c1cn(Cc2c(F)cccc2F)n[n+]1[O-]|NC(=O)c1cn(Cc2c(F)cccc2F)n[n+]1C1OC(C(=O)O)C(O)C(O)C1O|O=C(NO)c1cn(Cc2c(F)cccc2F)nn1|O=C(O)c1cn(Cc2c(F)cccc2F)nn1,O=C(O)c1cn(Cc2c(F)cccc2F)nn1,O=Cc1c(F)cccc1F|OCc1c(F)cccc1F|NC(=O)c1cn(C(O)c2c(F)cccc2F)nn1|NC(=O)c1c[nH]nn1|NC(=O)c1nnn(Cc2c(F)cccc2F)c1O
NC(=O)c1nc(F)cnc1O,O=C(O)c1nc(F)cnc1O|O=C(NO)c1nc(F)cnc1O|O=C(NC1OC(C(=O)O)C(O)C(O)C1O)c1nc(F)cnc1O|NC(=O)c1c(O)ncc(F)[n+]1[O-]|NC(=O)c1nc(F)c(O)nc1O|NC(=O)c1nc(F)c[n+]([O-])c1O|COc1ncc(F)nc1C(N)=O|NC(=O)c1nc(F)cnc1OS(=O)(=O)O|NC(=O)c1nc(F)c[n+](C2OC(C(=O)O)C(O)C(O)C2O)c1O|NC(=O)c1c(O)ncc(F)[n+]1C1OC(C(=O)O)C(O)C(O)C1O|NC(=O)c1nc(F)cnc1OC1OC(C(=O)O)C(O)C(O)C1O,NC(=O)c1nc(F)c(O)nc1O,O=C(O)c1nc(F)cnc1O|O=C(NO)c1nc(F)cnc1O|O=C(NC1OC(C(=O)O)C(O)C(O)C1O)c1nc(F)cnc1O|NC(=O)c1c(O)ncc(F)[n+]1[O-]|NC(=O)c1nc(F)c(O)nc1O
NC(N)=Nc1nc(CSCCC(N)=NS(N)(=O)=O)cs1,NC(N)=NC1=NC(CSCCC(N)=NS(N)(=O)=O)=CS1=O|NC(CCSCc1csc(N=C(N)NC2OC(C(=O)O)C(O)C(O)C2O)n1)=NS(N)(=O)=O|NC(N)=Nc1nc(CSCCC(=NS(N)(=O)=O)NC2OC(C(=O)O)C(O)C(O)C2O)cs1|NC(N)=Nc1nc(CSC=CC(N)=NS(N)(=O)=O)cs1|NC(N)=Nc1scc(CSCCC(N)=NS(N)(=O)=O)[n+]1C1OC(C(=O)O)C(O)C(O)C1O|NC(N)=Nc1nc(CSCCC(N)=NS(N)(=O)=O)c(O)s1|NC(N)=Nc1nc(C=O)cs1|NC(N)=Nc1nc(CS(=O)CCC(N)=NS(N)(=O)=O)cs1|NC(CCS)=NS(N)(=O)=O|NC(CC=O)=NS(N)(=O)=O|NC(N)=Nc1nc(CS)cs1|NC(N)=Nc1scc(CSCCC(N)=NS(N)(=O)=O)[n+]1[O-]|NC(N)=[N+]([O-])c1nc(CSCCC(N)=NS(N)(=O)=O)cs1|NC(CCSCc1csc(=O)[nH]1)=NS(N)(=O)=O|N=C(N)N|NC(CCSCc1csc(N=C(N)NO)n1)=NS(N)(=O)=O|NC(N)=Nc1nc(CSCCC(=NS(N)(=O)=O)NO)cs1|NC(N)=Nc1nc(CSC(O)CC(N)=NS(N)(=O)=O)cs1|NC(N)=Nc1nc(CSCC(O)C(N)=NS(N)(=O)=O)cs1|NC(N)=Nc1nc(C(O)SCCC(N)=NS(N)(=O)=O)cs1|CC(=O)NS(=O)(=O)N=C(N)CCSCc1csc(N=C(N)N)n1,NC(N)=Nc1nc(CS(=O)CCC(N)=NS(N)(=O)=O)cs1,NC(N)=NC1=NC(CSCCC(N)=NS(N)(=O)=O)=CS1=O|NC(CCSCc1csc(N=C(N)NC2OC(C(=O)O)C(O)C(O)C2O)n1)=NS(N)(=O)=O|NC(N)=Nc1nc(CSCCC(=NS(N)(=O)=O)NC2OC(C(=O)O)C(O)C(O)C2O)cs1|NC(N)=Nc1nc(CSC=CC(N)=NS(N)(=O)=O)cs1|NC(N)=Nc1scc(CSCCC(N)=NS(N)(=O)=O)[n+]1C1OC(C(=O)O)C(O)C(O)C1O
N[C@@H](Cc1cc(O)c(O)cc1[18F])C(=O)O,N[C@@H](Cc1cc(O)ccc1[18F])C(=O)O|N[C@@H](Cc1cc(O)c(O)c(O)c1[18F])C(=O)O|O=C(O)C1OC(N[C@@H](Cc2cc(O)c(O)cc2[18F])C(=O)O)C(O)C(O)C1O|COc1cc(C[C@H](N)C(=O)O)c([18F])cc1O|N[C@@H](Cc1cc(O)c(OC2OC(C(=O)O)C(O)C(O)C2O)cc1[18F])C(=O)O|N[C@@H](Cc1cc(OC2OC(C(=O)O)C(O)C(O)C2O)c(O)cc1[18F])C(=O)O|N[C@@H](Cc1cc(OS(=O)(=O)O)c(O)cc1[18F])C(=O)O|N[C@@H](Cc1cc(O)c(O)cc1O)C(=O)O|[H]N=C(Cc1cc(O)c(O)cc1[18F])C(=O)O|NC(=Cc1cc(O)c(O)cc1[18F])C(=O)O|[NH2+]=C(Cc1cc(O)c(O)cc1[18F])C(=O)O|N[C@@H](CC1=CC(=O)C(O)=CC1=O)C(=O)O|NC=Cc1cc(O)c(O)cc1[18F]|O=CO|CC(=O)N[C@@H](Cc1cc(O)c(O)cc1[18F])C(=O)O|N[C@@H](CC1(O)C=C(O)C(=O)C=C1[18F])C(=O)O|N[C@H](C(=O)O)C(O)c1cc(O)c(O)cc1[18F]|O=C(O)[C@H](Cc1cc(O)c(O)cc1[18F])NO|N[C@@](O)(Cc1cc(O)c(O)cc1[18F])C(=O)O|N[C@@H](Cc1c([18F])cc(O)c(O)c1O)C(=O)O|N[C@@H](Cc1ccc(O)cc1[18F])C(=O)O|NCCc1cc(O)c(O)cc1[18F]|O=C(O)C(=O)Cc1cc(O)c(O)cc1[18F]|N[C@@H](Cc1cc(O)c(OS(=O)(=O)O)cc1[18F])C(=O)O|COc1cc([18F])c(C[C@H](N)C(=O)O)cc1O|N[C@@H](Cc1cc(O)c(O)cc1[18F])C(=O)OC1OC(C(=O)O)C(O)C(O)C1O,NCCc1cc(O)c(O)cc1[18F],N[C@@H](Cc1cc(O)ccc1[18F])C(=O)O|N[C@@H](Cc1cc(O)c(O)c(O)c1[18F])C(=O)O|O=C(O)C1OC(N[C@@H](Cc2cc(O)c(O)cc2[18F])C(=O)O)C(O)C(O)C1O|COc1cc(C[C@H](N)C(=O)O)c([18F])cc1O|N[C@@H](Cc1cc(O)c(OC2OC(C(=O)O)C(O)C(O)C2O)cc1[18F])C(=O)O
O=C(NOCCO)c1ccc2cncn2c1Nc1ccc(I)cc1F,O=CCONC(=O)c1ccc2cncn2c1Nc1ccc(I)cc1F|O=C(NOC=CO)c1ccc2cncn2c1Nc1ccc(I)cc1F|O=C(NOCCO)c1ccc2cncn2c1Nc1ccc(I)c(O)c1F|O=C(NOCCO)c1ccc2cncn2c1Nc1c(O)cc(I)cc1F|O=C(NOCCO)c1ccc2c[n+](C3OC(C(=O)O)C(O)C(O)C3O)cn2c1Nc1ccc(I)cc1F|O=C(NOCCO)c1ccc2cncn2c1Nc1ccc(I)cc1O|O=C(O)CONC(=O)c1ccc2cncn2c1Nc1ccc(I)cc1F|O=C(NOC(O)CO)c1ccc2cncn2c1Nc1ccc(I)cc1F|O=C(NOCCO)c1ccc2cncn2c1Nc1ccc(O)cc1F|NC(=O)c1ccc2cncn2c1Nc1ccc(I)cc1F|O=C1C=CC(I)C=C1F|Nc1c(C(=O)NOCCO)ccc2cncn12|O=C(NOCC(O)O)c1ccc2cncn2c1Nc1ccc(I)cc1F|NC(CCC(=O)NC(CSc1ccc(Nc2c(C(=O)NOCCO)ccc3cncn23)c(F)c1)C(=O)NCC(=O)O)C(=O)O|O=C(NOCCO)c1ccc2c(O)ncn2c1Nc1ccc(I)cc1F|O=C(NOCCO)C1=C(Nc2ccc(I)cc2F)[N+]2([O-])C=NC=C2C=C1|O=C(NOCCO)c1c(O)cc2cncn2c1Nc1ccc(I)cc1F|O=C(NOCCOC1OC(C(=O)O)C(O)C(O)C1O)c1ccc2cncn2c1Nc1ccc(I)cc1F|O=C(NOCCO)c1ccc2cncn2c1N(O)c1ccc(I)cc1F|O=C(NOCCO)c1cc(O)c2cncn2c1Nc1ccc(I)cc1F|O=C(NOCCO)c1ccc2cncn2c1N(c1ccc(I)cc1F)C1OC(C(=O)O)C(O)C(O)C1O|O=C(NOCCO)c1ccc2c[n+]([O-])cn2c1Nc1ccc(I)cc1F|O=C(NOCCO)c1ccc2c[nH]c(=O)n2c1Nc1ccc(I)cc1F|O=C(NOCCO)c1ccc2cncn2c1Nc1ccccc1F|O=C(c1ccc2cncn2c1Nc1ccc(I)cc1F)N(O)OCCO|NOCCO|O=C(O)c1ccc2cncn2c1Nc1ccc(I)cc1F|O=C(NOCCO)c1ccc2cncn2c1Nc1cc(O)c(I)cc1F|O=C(NOCCOS(=O)(=O)O)c1ccc2cncn2c1Nc1ccc(I)cc1F,O=c1[nH]n(-c2ccc(I)cc2F)c2c1ccc1cncn12|NC(=O)c1ccc2cncn2c1Nc1ccc(I)cc1F,O=CCONC(=O)c1ccc2cncn2c1Nc1ccc(I)cc1F|O=C(NOC=CO)c1ccc2cncn2c1Nc1ccc(I)cc1F|O=C(NOCCO)c1ccc2cncn2c1Nc1ccc(I)c(O)c1F|O=C(NOCCO)c1ccc2cncn2c1Nc1c(O)cc(I)cc1F|O=C(NOCCO)c1ccc2c[n+](C3OC(C(=O)O)C(O)C(O)C3O)cn2c1Nc1ccc(I)cc1F
O=C(N[C@H](CO)[C@H](O)c1ccc([N+](=O)[O-])cc1)C(Cl)Cl,O=C(O)C(Cl)Cl|N[C@H](CO)[C@H](O)c1ccc([N+](=O)[O-])cc1|O=C(C(Cl)Cl)N(O)[C@H](CO)[C@H](O)c1ccc([N+](=O)[O-])cc1|O=C(N[C@H](CO)[C@H](OS(=O)(=O)O)c1ccc([N+](=O)[O-])cc1)C(Cl)Cl|O=C(N[C@H](COS(=O)(=O)O)[C@H](O)c1ccc([N+](=O)[O-])cc1)C(Cl)Cl|O=C(N[C@H](CO)[C@H](O)c1ccc([N+](=O)[O-])cc1)C(O)Cl|O=C(N[C@H](CO)[C@H](O)c1ccc([N+](=O)[O-])cc1)C(O)(Cl)Cl|O=C(Cl)C(=O)N[C@H](CO)[C@H](O)c1ccc([N+](=O)[O-])cc1|O=C([NH+]=C(CO)[C@H](O)c1ccc([N+](=O)[O-])cc1)C(Cl)Cl|O=C(N=C(CO)[C@H](O)c1ccc([N+](=O)[O-])cc1)C(Cl)Cl|O=C(NC(=CO)[C@H](O)c1ccc([N+](=O)[O-])cc1)C(Cl)Cl|O=C(N[C@H](CO)[C@H](O)c1ccc([N+](=O)[O-])cc1O)C(Cl)Cl|O=C(NC(CO)=C(O)c1ccc([N+](=O)[O-])cc1)C(Cl)Cl|NC(=O)C(Cl)Cl|O=C(CO)[C@H](O)c1ccc([N+](=O)[O-])cc1|O=C(N[C@H](COC1OC(C(=O)O)C(O)C(O)C1O)[C@H](O)c1ccc([N+](=O)[O-])cc1)C(Cl)Cl|O=C(N[C@H](C(=O)O)[C@H](O)c1ccc([N+](=O)[O-])cc1)C(Cl)Cl|O=C(N[C@H](C(O)O)[C@H](O)c1ccc([N+](=O)[O-])cc1)C(Cl)Cl|C=C(NC(=O)C(Cl)Cl)[C@H](O)c1ccc([N+](=O)[O-])cc1|O=C[C@@H](NC(=O)C(Cl)Cl)[C@H](O)c1ccc([N+](=O)[O-])cc1|Nc1ccc([C@@H](O)[C@@H](CO)NC(=O)C(Cl)Cl)cc1|O=C(N[C@](O)(CO)[C@H](O)c1ccc([N+](=O)[O-])cc1)C(Cl)Cl|O=C(N[C@H](CO)C(O)(O)c1ccc([N+](=O)[O-])cc1)C(Cl)Cl|O=C(N[C@H](CO)C(=O)c1ccc([N+](=O)[O-])cc1)C(Cl)Cl|O=C(NC(=Cc1ccc([N+](=O)[O-])cc1)CO)C(Cl)Cl|O=C(N[C@H](CO)[C@H](O)c1ccc([N+](=O)[O-])c(O)c1)C(Cl)Cl|O=C(N[C@H](CO)[C@H](OC1OC(C(=O)O)C(O)C(O)C1O)c1ccc([N+](=O)[O-])cc1)C(Cl)Cl,O=C(CO)N[C@H](CO)[C@H](O)c1ccc([N+](=O)[O-])cc1|N[C@H](CO)[C@H](O)c1ccc([N+](=O)[O-])cc1|Nc1ccc([C@@H](O)[C@H](N)CO)cc1|O=C(O)C(=O)N[C@H](CO)[C@H](O)c1ccc([N+](=O)[O-])cc1|CC(=O)OC[C@@H](NC(=O)C(Cl)Cl)[C@H](O)c1ccc([N+](=O)[O-])cc1|O=C(N[C@H](COS(=O)(=O)O)[C@H](O)c1ccc([N+](=O)[O-])cc1)C(Cl)Cl|O=C(N[C@H](COC1O[C@H](C(=O)O)[C@@H](O)[C@H](O)[C@H]1O)[C@H](O)c1ccc([N+](=O)[O-])cc1)C(Cl)Cl,O=C(O)C(Cl)Cl|N[C@H](CO)[C@H](O)c1ccc([N+](=O)[O-])cc1|O=C(C(Cl)Cl)N(O)[C@H](CO)[C@H](O)c1ccc([N+](=O)[O-])cc1|O=C(N[C@H](CO)[C@H](OS(=O)(=O)O)c1ccc([N+](=O)[O-])cc1)C(Cl)Cl|O=C(N[C@H](COS(=O)(=O)O)[C@H](O)c1ccc([N+](=O)[O-])cc1)C(Cl)Cl
O=C(O)CCC(=O)OC[C@@H](NC(=O)C(Cl)Cl)[C@H](O)c1ccc([N+](=O)[O-])cc1,O=C(O)CCC(=O)OC[C@@H](NC(=O)C(Cl)Cl)[C@H](OS(=O)(=O)O)c1ccc([N+](=O)[O-])cc1|N[C@H](COC(=O)CCC(=O)O)[C@H](O)c1ccc([N+](=O)[O-])cc1|O=C(O)CCC(=O)OC[C@H]([C@H](O)c1ccc([N+](=O)[O-])cc1)N(O)C(=O)C(Cl)Cl|O=C(O)CCC(=O)OCC(=NC(=O)C(Cl)Cl)[C@H](O)c1ccc([N+](=O)[O-])cc1|O=C(O)CCC(=O)OCC(=[NH+]C(=O)C(Cl)Cl)[C@H](O)c1ccc([N+](=O)[O-])cc1|O=C(O)CCC(=O)OCC(NC(=O)C(Cl)Cl)=C(O)c1ccc([N+](=O)[O-])cc1|O=C(O)CCC(=O)OC=C(NC(=O)C(Cl)Cl)[C@H](O)c1ccc([N+](=O)[O-])cc1|O=C(O)CCC(=O)OC[C@@H](NC(=O)C(Cl)Cl)[C@H](O)c1ccc([N+](=O)[O-])cc1O|O=COC[C@@H](NC(=O)C(Cl)Cl)[C@H](O)c1ccc([N+](=O)[O-])cc1|O=C(O)C(=O)OC[C@@H](NC(=O)C(Cl)Cl)[C@H](O)c1ccc([N+](=O)[O-])cc1|O=C(O)C=CC(=O)OC[C@@H](NC(=O)C(Cl)Cl)[C@H](O)c1ccc([N+](=O)[O-])cc1|O=C(CC(O)C(=O)O)OC[C@@H](NC(=O)C(Cl)Cl)[C@H](O)c1ccc([N+](=O)[O-])cc1|O=C(O)CCC(=O)OCC(=O)[C@H](O)c1ccc([N+](=O)[O-])cc1|O=C(O)CCC(=O)OC[C@@H](NC(=O)C(=O)Cl)[C@H](O)c1ccc([N+](=O)[O-])cc1|O=C(O)CCC(=O)OC[C@@H](NC(=O)C(O)(Cl)Cl)[C@H](O)c1ccc([N+](=O)[O-])cc1|O=C(O)CCC(=O)OC[C@@H](NC(=O)C(O)Cl)[C@H](O)c1ccc([N+](=O)[O-])cc1|C=CC(=O)OC[C@@H](NC(=O)C(Cl)Cl)[C@H](O)c1ccc([N+](=O)[O-])cc1|O=C(O)CCC(=O)OC[C@@H](NC(=O)C(Cl)Cl)[C@H](O)c1ccc([N+](=O)[O-])c(O)c1|Nc1ccc([C@@H](O)[C@@H](COC(=O)CCC(=O)O)NC(=O)C(Cl)Cl)cc1|O=C(O)CCC(=O)OC[C@@H](NC(=O)C(Cl)Cl)[C@H](OC1OC(C(=O)O)C(O)C(O)C1O)c1ccc([N+](=O)[O-])cc1|O=C(O)CCC(=O)OC[C@@H](NC(=O)C(Cl)Cl)C(O)(O)c1ccc([N+](=O)[O-])cc1|O=C(O)CCC(=O)OCC(=Cc1ccc([N+](=O)[O-])cc1)NC(=O)C(Cl)Cl|O=C(O)CCC(=O)OC[C@@H](NC(=O)C(Cl)Cl)C(=O)c1ccc([N+](=O)[O-])cc1|O=C(O)CCC(=O)OC[C@@](O)(NC(=O)C(Cl)Cl)[C@H](O)c1ccc([N+](=O)[O-])cc1|O=C(O)CCC(=O)OC(O)[C@@H](NC(=O)C(Cl)Cl)[C@H](O)c1ccc([N+](=O)[O-])cc1|O=C(O)CNC(=O)CCC(=O)OC[C@@H](NC(=O)C(Cl)Cl)[C@H](O)c1ccc([N+](=O)[O-])cc1|O=C(N[C@H](CO)[C@H](O)c1ccc([N+](=O)[O-])cc1)C(Cl)Cl|O=C(O)CC(O)C(=O)OC[C@@H](NC(=O)C(Cl)Cl)[C@H](O)c1ccc([N+](=O)[O-])cc1|O=C(CCC(=O)OC1OC(C(=O)O)C(O)C(O)C1O)OC[C@@H](NC(=O)C(Cl)Cl)[C@H](O)c1ccc([N+](=O)[O-])cc1,O=C(N[C@H](CO)[C@H](O)c1ccc([N+](=O)[O-])cc1)C(Cl)Cl,O=C(O)CCC(=O)OC[C@@H](NC(=O)C(Cl)Cl)[C@H](OS(=O)(=O)O)c1ccc([N+](=O)[O-])cc1|N[C@H](COC(=O)CCC(=O)O)[C@H](O)c1ccc([N+](=O)[O-])cc1|O=C(O)CCC(=O)OC[C@H]([C@H](O)c1ccc([N+](=O)[O-])cc1)N(O)C(=O)C(Cl)Cl|O=C(O)CCC(=O)OCC(=NC(=O)C(Cl)Cl)[C@H](O)c1ccc([N+](=O)[O-])cc1|O=C(O)CCC(=O)OCC(=[NH+]C(=O)C(Cl)Cl)[C@H](O)c1ccc([N+](=O)[O-])cc1
O=C(O)c1cc(O)c2c(c1)C(C1c3cc(C(=O)O)cc(O)c3C(=O)c3c(OC4OC(CO)C(O)C(O)C4O)cccc31)c1cccc(OC3OC(CO)C(O)C(O)C3O)c1C2=O,COc1cc(C(=O)O)cc2c1C(=O)c1c(OC3OC(CO)C(O)C(O)C3O)cccc1C2C1c2cc(C(=O)O)cc(O)c2C(=O)c2c(OC3OC(CO)C(O)C(O)C3O)cccc21|O=C(O)c1cc(O)c2c(c1)C(C1c3cccc(OC4OC(CO)C(O)C(O)C4O)c3C(=O)c3c(OC4OC(C(=O)O)C(O)C(O)C4O)cc(C(=O)O)cc31)c1cccc(OC3OC(CO)C(O)C(O)C3O)c1C2=O|O=C(O)c1cc(O)c2c(c1)C(C1c3cc(C(=O)O)cc(O)c3C(=O)c3c(OC4OC(O)(CO)C(O)C(O)C4O)cccc31)c1cccc(OC3OC(CO)C(O)C(O)C3O)c1C2=O|O=C(O)c1cc(O)c2c(c1)C(C1c3cc(C(=O)O)cc(O)c3C(=O)c3c(OC4OC(CO)C(O)C(O)(O)C4O)cccc31)c1cccc(OC3OC(CO)C(O)C(O)C3O)c1C2=O|O=C(O)c1cc(O)c2c(c1)C(C1c3cc(C(=O)O)cc(O)c3C(=O)c3c(OC4OC(CO)C(O)C(O)C4O)cccc31)c1cccc(OC3OC(CO)=C(O)C(O)C3O)c1C2=O|O=C(O)c1cc(O)c2c(c1)C(C1c3cc(C(=O)O)cc(O)c3C(=O)c3c(OC4OC(CO)C(O)C(O)C4O)cccc31)c1cccc(OC3OC(CO)C(=O)C(O)C3O)c1C2=O|O=C(O)c1cc(O)c2c(c1)C(C1c3cc(C(=O)O)cc(O)c3C(=O)c3c(OC4OC(CO)C(O)(O)C(O)C4O)cccc31)c1cccc(OC3OC(CO)C(O)C(O)C3O)c1C2=O|O=C(O)c1cc(O)c2c(c1)C(C1c3cc(C(=O)O)cc(O)c3C(=O)c3c(OC4OC(CO)C(O)C(O)C4O)cccc31)c1cccc(OC3OC(CO)C(O)C(=O)C3O)c1C2=O|O=C(O)c1cc(O)c2c(c1)C(C1c3cc(C(=O)O)cc(O)c3C(=O)c3c(OC4OC(CO)C(O)C(O)C4O)cccc31)c1cccc(OC3OC(CO)C(O)=C(O)C3O)c1C2=O|O=C(O)c1cc(O)c2c(c1)C(C1c3cc(C(=O)O)cc(O)c3C(=O)c3c(OC4OC(CO)C(O)C(O)C4O)cccc31)c1cccc(OC3OC(=CO)C(O)C(O)C3O)c1C2=O|O=C(O)c1cc(O)c2c(c1)C(C1c3cc(C(=O)O)cc(O)c3C(=O)c3c(OC4OC(CO)C(O)C(O)C4O)cccc31)c1cccc(OC3OC(CO)C(O)C(O)=C3O)c1C2=O|O=C(O)c1cc(O)c2c(c1)C(C1c3cc(C(=O)O)cc(O)c3C(=O)c3c(OC4OC(C(=O)O)C(O)C(O)C4O)cccc31)c1cccc(OC3OC(CO)C(O)C(O)C3O)c1C2=O|O=CC1OC(Oc2cccc3c2C(=O)c2c(O)cc(C(=O)O)cc2C3C2c3cc(C(=O)O)cc(O)c3C(=O)c3c(OC4OC(CO)C(O)C(O)C4O)cccc32)C(O)C(O)C1O|O=C(O)c1cc(O)c2c(c1)C(C1c3cc(C(=O)O)cc(O)c3C(=O)c3c(OC4OC(C(O)O)C(O)C(O)C4O)cccc31)c1cccc(OC3OC(CO)C(O)C(O)C3O)c1C2=O|O=C(O)c1cc(O)c2c(c1)C(=C1c3cc(C(=O)O)cc(O)c3C(=O)c3c(OC4OC(CO)C(O)C(O)C4O)cccc31)c1cccc(OC3OC(CO)C(O)C(O)C3O)c1C2=O|O=C(O)c1cc(O)c2c(c1)C(C1c3cc(C(=O)O)cc(O)c3C(=O)c3c(OC4OC(CO)C(O)C(O)C4(O)O)cccc31)c1cccc(OC3OC(CO)C(O)C(O)C3O)c1C2=O|O=C(O)c1cc(O)c2c(c1)C(C1c3cc(C(=O)O)cc(O)c3C(=O)c3c(OC4OC(CO)C(O)C(O)C4O)cccc31)c1cccc(OC3OC(CO)C(O)C(O)C3=O)c1C2=O|O=C(O)C1=CC(=O)C2=C(C1=O)C(C1c3cc(C(=O)O)cc(O)c3C(=O)c3c(OC4OC(CO)C(O)C(O)C4O)cccc31)c1cccc(OC3OC(CO)C(O)C(O)C3O)c1C2=O|O=C(O)c1cc(O)c2c(c1)C(C1c3cc(C(=O)O)cc(O)c3C(=O)c3c(OC4OC(CO)C(O)C(O)C4O)ccc(O)c31)c1cccc(OC3OC(CO)C(O)C(O)C3O)c1C2=O|O=C(O)c1cc(O)c2c(c1)C(C1c3cc(C(=O)O)cc(O)c3C(=O)c3c(OC4OC(CO)C(O)C(O)C4O)cc(O)cc31)c1cccc(OC3OC(CO)C(O)C(O)C3O)c1C2=O|O=C(O)c1cc(O)c2c(c1)C(C1c3cc(C(=O)O)cc(O)c3C(=O)c3c(OC4OC(COC5OC(C(=O)O)C(O)C(O)C5O)C(O)C(O)C4O)cccc31)c1cccc(OC3OC(CO)C(O)C(O)C3O)c1C2=O|O=C(O)c1cc(O)c2c(c1)C(C1c3cc(C(=O)O)cc(O)c3C(O)c3c(OC4OC(CO)C(O)C(O)C4O)cccc31)c1cccc(OC3OC(CO)C(O)C(O)C3O)c1C2=O|O=C1OC(CO)C(O)C(O)C1O|O=C(O)c1cc(O)c2c(c1)C(C1c3cc(C(=O)O)cc(O)c3C(=O)c3c(OC4OC(CO)C(O)C(O)C4O)cccc31)c1cccc(O)c1C2=O|O=C(O)c1cc(O)c2c(c1)C(C1c3cc(C(=O)O)cc(O)c3C(=O)c3c(OC4OC(CO)C(O)C(O)C4O)cccc31)c1cccc(OC(O)C(O)C(O)C(O)C(=O)CO)c1C2=O|O=C(O)c1cc(O)c2c(c1)C(C1c3cc(C(=O)O)cc(O)c3C(=O)c3c(OC4(O)OC(CO)C(O)C(O)C4O)cccc31)c1cccc(OC3OC(CO)C(O)C(O)C3O)c1C2=O|O=C(O)c1cc(O)c2c(c1)C(C1c3cc(C(=O)O)cc(O)c3C(=O)c3c(OC4OC(CO)C(O)C(O)C4O)cccc31)c1cccc(OC(=O)C(O)C(O)C(O)C(O)CO)c1C2=O|OCC1OC(O)C(O)C(O)C1O|O=C1C=CC(=O)C2=C1C(=O)c1c(O)cc(C(=O)O)cc1C2C1c2cc(C(=O)O)cc(O)c2C(=O)c2c(OC3OC(CO)C(O)C(O)C3O)cccc21|OCC1OCC(O)C(O)C1O|O=C(O)c1cc(O)c2c(c1)C(C1c3cc(C(=O)O)cc(O)c3C(=O)c3c(OC4OC(CO)C(O)C(O)C4O)cccc31)c1cccc(OC3=C(O)C(O)C(O)C(CO)O3)c1C2=O|O=C(O)CNC(=O)c1cc(O)c2c(c1)C(C1c3cc(C(=O)O)cc(O)c3C(=O)c3c(OC4OC(CO)C(O)C(O)C4O)cccc31)c1cccc(OC3OC(CO)C(O)C(O)C3O)c1C2=O|O=C(O)c1cc(O)c2c(c1)C(C1c3cccc(O)c3C(=O)c3c(OC4OC(CO)C(O)C(O)C4O)cccc31)c1cccc(OC3OC(CO)C(O)C(O)C3O)c1C2=O|O=C(O)c1cc(O)c2c(c1)C(C1c3cc(C(=O)O)cc(O)c3C(=O)c3c1ccc(O)c3OC1OC(CO)C(O)C(O)C1O)c1cccc(OC3OC(CO)C(O)C(O)C3O)c1C2=O|O=C(O)c1cc(O)c2c(c1)C(C1(O)c3cc(C(=O)O)cc(O)c3C(=O)c3c(OC4OC(CO)C(O)C(O)C4O)cccc31)c1cccc(OC3OC(CO)C(O)C(O)C3O)c1C2=O|O=C(O)c1cc(O)c2c(c1)C(C1c3cccc(OC4OC(CO)C(O)C(O)C4O)c3C(=O)c3c1cc(C(=O)O)c(O)c3O)c1cccc(OC3OC(CO)C(O)C(O)C3O)c1C2=O|O=C(O)c1cc(O)c2c(c1)C(C1c3cccc(OC4OC(CO)C(O)C(O)C4O)c3C(=O)c3c(O)cc(C(=O)O)c(O)c31)c1cccc(OC3OC(CO)C(O)C(O)C3O)c1C2=O|O=C(O)c1cc(O)c2c(c1)C(C1c3cccc(OC4OC(CO)C(O)C(O)C4O)c3C(=O)c3c(OS(=O)(=O)O)cc(C(=O)O)cc31)c1cccc(OC3OC(CO)C(O)C(O)C3O)c1C2=O|O=C(O)c1cc(O)c2c(c1)C(C1c3cc(C(=O)O)cc(O)c3C(=O)c3c(OC4OC(COS(=O)(=O)O)C(O)C(O)C4O)cccc31)c1cccc(OC3OC(CO)C(O)C(O)C3O)c1C2=O|O=C(O)c1cc(O)c2c(c1)C(C1c3cc(C(=O)OC4OC(C(=O)O)C(O)C(O)C4O)cc(O)c3C(=O)c3c(OC4OC(CO)C(O)C(O)C4O)cccc31)c1cccc(OC3OC(CO)C(O)C(O)C3O)c1C2=O,O=C(O)c1cc(O)c2c(c1)C(C1c3cccc(O)c3C(=O)c3c(O)cc(C(=O)O)cc31)c1cccc(O)c1C2=O,COc1cc(C(=O)O)cc2c1C(=O)c1c(OC3OC(CO)C(O)C(O)C3O)cccc1C2C1c2cc(C(=O)O)cc(O)c2C(=O)c2c(OC3OC(CO)C(O)C(O)C3O)cccc21|O=C(O)c1cc(O)c2c(c1)C(C1c3cccc(OC4OC(CO)C(O)C(O)C4O)c3C(=O)c3c(OC4OC(C(=O)O)C(O)C(O)C4O)cc(C(=O)O)cc31)c1cccc(OC3OC(CO)C(O)C(O)C3O)c1C2=O|O=C(O)c1cc(O)c2c(c1)C(C1c3cc(C(=O)O)cc(O)c3C(=O)c3c(OC4OC(O)(CO)C(O)C(O)C4O)cccc31)c1cccc(OC3OC(CO)C(O)C(O)C3O)c1C2=O|O=C(O)c1cc(O)c2c(c1)C(C1c3cc(C(=O)O)cc(O)c3C(=O)c3c(OC4OC(CO)C(O)C(O)(O)C4O)cccc31)c1cccc(OC3OC(CO)C(O)C(O)C3O)c1C2=O|O=C(O)c1cc(O)c2c(c1)C(C1c3cc(C(=O)O)cc(O)c3C(=O)c3c(OC4OC(CO)C(O)C(O)C4O)cccc31)c1cccc(OC3OC(CO)=C(O)C(O)C3O)c1C2=O
O=C1CN=C(c2ccccc2)c2cc(Cl)ccc2N1,NC(CCC(=O)NC(CSc1ccc2c(c1)C(c1ccccc1)=NCC(=O)N2)C(=O)NCC(=O)O)C(=O)O|[H]N=C(c1ccccc1)c1cc(Cl)ccc1NC(=O)C=O|O=C1C[N+]([O-])=C(c2ccccc2)c2cc(Cl)ccc2N1|O=C1Nc2ccc(Cl)cc2C(c2ccccc2)=NC1O|O=C1CN=C(c2ccccc2)c2cc(Cl)cc(O)c2N1|O=C1CN=C(c2ccccc2)c2cc(Cl)c(O)cc2N1|O=C1CN=C(c2ccccc2)c2cc(O)ccc2N1|O=C1CN=C(c2ccccc2O)c2cc(Cl)ccc2N1|O=C1CN=C(c2ccccc2)c2c(ccc(Cl)c2O)N1|O=C1C2N=C(c3ccccc3)c3cc(Cl)ccc3N12|O=C(O)C1OC(N2C(=O)CN=C(c3ccccc3)c3cc(Cl)ccc32)C(O)C(O)C1O|NCC(=O)Nc1ccc(Cl)cc1C(=O)c1ccccc1|Nc1ccc(Cl)cc1C(=NCC(=O)O)c1ccccc1|O=C1CN=C(c2ccccc2)c2cc(Cl)ccc2N1O|COc1cc(C2=NCC(=O)Nc3ccc(Cl)cc32)ccc1O|O=C1CN=C(c2cccc(O)c2)c2cc(Cl)ccc2N1|O=C1CN=C(c2ccc(O)cc2)c2cc(Cl)ccc2N1,O=C(O)[C@H]1OC(OC2CN=C(c3ccccc3)c3cc(Cl)ccc3N2)[C@H](O)[C@@H](O)[C@@H]1O|O=C1Nc2ccc(Cl)cc2C(c2ccccc2)=NC1O,NC(CCC(=O)NC(CSc1ccc2c(c1)C(c1ccccc1)=NCC(=O)N2)C(=O)NCC(=O)O)C(=O)O|[H]N=C(c1ccccc1)c1cc(Cl)ccc1NC(=O)C=O|O=C1C[N+]([O-])=C(c2ccccc2)c2cc(Cl)ccc2N1|O=C1Nc2ccc(Cl)cc2C(c2ccccc2)=NC1O|O=C1CN=C(c2ccccc2)c2cc(Cl)cc(O)c2N1
O=C1Nc2ccc(Cl)cc2C(c2ccccc2)=NC1O,O=C1Nc2ccc(Cl)cc2C(c2ccccc2)=[N+]([O-])C1O|O=C1Nc2ccc(Cl)cc2C(c2ccccc2)=NC1(O)O|O=c1nc(-c2ccccc2)c2cc(Cl)ccc2[nH]c1=O|[H]N=C(c1ccccc1)c1cc(Cl)ccc1NC(=O)C(=O)O|O=C1Nc2c(O)cc(Cl)cc2C(c2ccccc2)=NC1O|O=C1Nc2cc(O)c(Cl)cc2C(c2ccccc2)=NC1O|O=C1Nc2ccc(Cl)cc2C(c2cccc(O)c2)=NC1O|O=C1Nc2ccc(Cl)cc2C(c2ccc(O)cc2)=NC1O|COc1cc(C2=NC(O)C(=O)Nc3ccc(Cl)cc32)ccc1O|O=C1Nc2ccc(O)cc2C(c2ccccc2)=NC1O|O=C1Nc2ccc(Cl)cc2C(c2ccccc2)=NC1OS(=O)(=O)O|O=C1Nc2ccc(Cl)cc2C(c2ccccc2O)=NC1O|O=C(O)C1OC(N2C(=O)C(O)N=C(c3ccccc3)c3cc(Cl)ccc32)C(O)C(O)C1O|O=C1Nc2ccc(Cl)c(O)c2C(c2ccccc2)=NC1O|O=C1N2c3ccc(Cl)cc3C(c3ccccc3)=NC12O|NC(O)C(=O)Nc1ccc(Cl)cc1C(=O)c1ccccc1|NC(CCC(=O)NC(CSc1ccc2c(c1)C(c1ccccc1)=NC(O)C(=O)N2)C(=O)NCC(=O)O)C(=O)O|Nc1ccc(Cl)cc1C(=NC(O)C(=O)O)c1ccccc1|O=C1C(O)N=C(c2ccccc2)c2cc(Cl)ccc2N1O|O=C1Nc2ccc(Cl)cc2C(c2ccccc2)=NC1OC1OC(C(=O)O)C(O)C(O)C1O,O=C(O)[C@H]1O[C@@H](OC2N=C(c3ccccc3)c3cc(Cl)ccc3N=C2O)[C@H](O)[C@@H](O)[C@@H]1O,O=C1Nc2ccc(Cl)cc2C(c2ccccc2)=[N+]([O-])C1O|O=C1Nc2ccc(Cl)cc2C(c2ccccc2)=NC1(O)O|O=c1nc(-c2ccccc2)c2cc(Cl)ccc2[nH]c1=O|[H]N=C(c1ccccc1)c1cc(Cl)ccc1NC(=O)C(=O)O|O=C1Nc2c(O)cc(Cl)cc2C(c2ccccc2)=NC1O
O=P1(NCCCl)OCCCN1CCCl,OCCCl|O=P1(NCCCl)OCCCN1C(O)CCl|O=CCCl|O=P1(NCCCl)NCCCO1|O=P1(NCCCl)OC=CCN1CCCl|O=P1(NCCCl)OCCCN1CCO|O=CCN1CCCOP1(=O)NCCCl|O=P1(NCCCl)OCCCN1CC(O)Cl|O=CCNP1(=O)OCCCN1CCCl|O=P1(NCCO)OCCCN1CCCl|O=P1(NCC(O)Cl)OCCCN1CCCl|O=P1(NCCCl)OC(O)CCN1CCCl|O=P(O)(NCCCl)N(CCCl)CCCO|O=P1(NC=CCl)OCCCN1CCCl|O=P1([NH+]=CCCl)OCCCN1CCCl|O=P1(N=CCCl)OCCCN1CCCl|O=P1(NCCCl)OCCC[N+]1=CCCl|O=P1(NCCCl)OCCCN1C=CCl|O=P1(NCCCl)OCC=CN1CCCl|O=P1(NCCCl)OCCC=[N+]1CCCl|NC(CCC(=O)NC(CSCCN1CCCOP1(=O)NCCCl)C(=O)NCC(=O)O)C(=O)O|NC(CCC(=O)NC(CSCCNP1(=O)OCCCN1CCCl)C(=O)NCC(=O)O)C(=O)O|O=P1(O)OCCCN1CCCl|NP1(=O)OCCCN1CCCl|O=P1(N(O)CCCl)OCCCN1CCCl|O=P1(NC(O)CCl)OCCCN1CCCl|NCCCl|O=P1(NCCCl)OCCC(O)N1CCCl|O=C1CCOP(=O)(NCCCl)N1CCCl|O=P(O)(NCCCl)OCCCNCCCl|O=P1(NCCCl)OCC(O)CN1CCCl|O=P1(NCCCl)OCCC[N+]1([O-])CCCl|O=CCCOP(=O)(NCCCl)NCCCl,O=CCCl|NP1(=O)OCCCN1CCCl|O=P1(NCCCl)OCCC(O)N1CCCl|O=P1(NCCCl)NCCCO1,OCCCl|O=P1(NCCCl)OCCCN1C(O)CCl|O=CCCl|O=P1(NCCCl)NCCCO1|O=P1(NCCCl)OC=CCN1CCCl
OCCOCCN1CCN(C(c2ccccc2)c2ccc(Cl)cc2)CC1,Clc1ccc(C(c2ccccc2)N2CCNCC2)cc1|OCCOCCNCCNC(c1ccccc1)c1ccc(Cl)cc1|OCCOCCO|O=CCOCCO|OCCOCC(O)N1CCN(C(c2ccccc2)c2ccc(Cl)cc2)CC1|[O-][N+]1(CCOCCO)CCN(C(c2ccccc2)c2ccc(Cl)cc2)CC1|OCCOCCN1CCN(C(c2ccccc2)c2ccc(O)cc2)CC1|OCCOCCN1CC=[N+](C(c2ccccc2)c2ccc(Cl)cc2)CC1|OCCOCCN1C=CN(C(c2ccccc2)c2ccc(Cl)cc2)CC1|OCCOCC[N+]1=CCN(C(c2ccccc2)c2ccc(Cl)cc2)CC1|NC(CCC(=O)NC(CSc1ccc(C(c2ccccc2)N2CCN(CCOCCO)CC2)cc1)C(=O)NCC(=O)O)C(=O)O|OCCOCCN1CCN(C(c2ccc(Cl)cc2)c2ccccc2O)CC1|OCCOCCN1CCN(C(c2ccccc2)c2ccc(O)c(Cl)c2)CC1|OCCOCCN1CC[N+](=C(c2ccccc2)c2ccc(Cl)cc2)CC1|OCCOCCN1CCN(C(c2ccccc2)c2ccc(Cl)cc2O)CC1|OCCOC(O)CN1CCN(C(c2ccccc2)c2ccc(Cl)cc2)CC1|OCCOC=CN1CCN(C(c2ccccc2)c2ccc(Cl)cc2)CC1|OCCOCC=[N+]1CCN(C(c2ccccc2)c2ccc(Cl)cc2)CC1|O=CCN(CCNC(c1ccccc1)c1ccc(Cl)cc1)CCOCCO|OC=COCCN1CCN(C(c2ccccc2)c2ccc(Cl)cc2)CC1|O=C(O)COCCN1CCN(C(c2ccccc2)c2ccc(Cl)cc2)CC1|OCCN1CCN(C(c2ccccc2)c2ccc(Cl)cc2)CC1|OCC(O)OCCN1CCN(C(c2ccccc2)c2ccc(Cl)cc2)CC1|O=CCN1CCN(C(c2ccccc2)c2ccc(Cl)cc2)CC1|O=C1CN(CCOCCO)CCN1C(c1ccccc1)c1ccc(Cl)cc1|OCCOCCN1CCN(C(c2ccccc2)c2ccc(Cl)cc2)CC1O|OCCOCCN1CCN(C(c2ccccc2)c2ccc(Cl)cc2)C(O)C1|O=CCN(CCNCCOCCO)C(c1ccccc1)c1ccc(Cl)cc1|O=C1CN(C(c2ccccc2)c2ccc(Cl)cc2)CCN1CCOCCO|OC(O)COCCN1CCN(C(c2ccccc2)c2ccc(Cl)cc2)CC1|O=CCOCCN1CCN(C(c2ccccc2)c2ccc(Cl)cc2)CC1|O=C(O)C1OC(OCCOCCN2CCN(C(c3ccccc3)c3ccc(Cl)cc3)CC2)C(O)C(O)C1O|O=C(c1ccccc1)c1ccc(Cl)cc1|COc1cc(C(c2ccc(Cl)cc2)N2CCN(CCOCCO)CC2)ccc1O|OCCOCCN1CCNCC1|OCCOCCN1CCN(C(O)(c2ccccc2)c2ccc(Cl)cc2)CC1|[O-][N+]1(C(c2ccccc2)c2ccc(Cl)cc2)CCN(CCOCCO)CC1|OCCOCCN1CCN(C(c2ccccc2)c2ccc(Cl)c(O)c2)CC1|OCCOCCN1CCN(C(c2ccc(O)cc2)c2ccc(Cl)cc2)CC1|OCCOCCN1CCN(C(c2ccc(Cl)cc2)c2cccc(O)c2)CC1|O=S(=O)(O)OCCOCCN1CCN(C(c2ccccc2)c2ccc(Cl)cc2)CC1,O=C(O)COCCN1CCN(C(c2ccccc2)c2ccc(Cl)cc2)CC1,Clc1ccc(C(c2ccccc2)N2CCNCC2)cc1|OCCOCCNCCNC(c1ccccc1)c1ccc(Cl)cc1|OCCOCCO|O=CCOCCO|OCCOCC(O)N1CCN(C(c2ccccc2)c2ccc(Cl)cc2)CC1
