SMILES,SMILES
C#CC1(OC(C)=O)CCC2C3CCC4=CC(=NO)CCC4C3CCC21CC,C#C[C@]1(OC(C)=O)CC[C@H]2[C@@H]3CCC4=C/C(=N/O)CC[C@@H]4[C@H]3CC[C@@]21CC
C#CC1(OC(C)=O)CCC2C3CCC4=CC(=NOC5OC(C(=O)O)C(O)C(O)C5O)CCC4C3CCC21CC,
C#CC1(OC(C)=O)CCC2C3CCC4=CC(=O)CCC4C3CCC21CC,
C#CC1(O)CCC2C3CCC4=CC(=NO)CCC4C3CCC21CC,
C#CC1(OC(=O)C(=O)O)CCC2C3CCC4=CC(=NO)CCC4C3CCC21CC,
C#CC1(OC(=O)CO)CCC2C3CCC4=CC(=NO)CCC4C3CCC21CC,
C#CC1(OC(C)=O)CCC2C3CCC45OC4C(=NO)CCC5C3CCC21CC,
C#CC1(OC(C)=O)CCC2C3CCC4=CC(=NO)C(O)CC4C3CCC21CC,
C#CC1(OC(C)=O)C(O)CC2C3CCC4=CC(=NO)CCC4C3CCC21CC,
C#CC1(OC(C)=O)CCC2C3CC(O)C4=CC(=NO)CCC4C3CCC21CC,
C#CC1(OC(C)=O)CCC2C3CCC4=CC(=NO)CCC4C3CCC21CC(=O)O,
C#CC1(OC(C)=O)CCC2C3CCC4=CC(=NO)CCC4C3CCC21C(C)O,
C#CC1(OC(C)=O)CCC2C3CCC4=CC(=NO)CCC4C3CCC21CCO,
C#CC1(OC(C)=O)CCC2C3CCC4=CC(=NO)CCC4(O)C3CCC21CC,
C#CC1(OC(C)=O)CCC2C3CCC4=CC(=NO)CC(O)C4C3CCC21CC,
C#CC1(OC(C)=O)CCC2C3C(O)CC4=CC(=NO)CCC4C3CCC21CC,
C#CC1(OC(C)=O)CCC2C3CCC4=C(CCC(=NO)C4O)C3CCC21CC,
C#CC1(OC(C)=O)CCC2C3CC=C4C(O)C(=NO)CCC4C3CCC21CC,
C#CC1(OC(C)=O)CCC2C3C=CC4=CC(=NO)CCC4C3CCC21CC,
C#CC1(OC(C)=O)CCC2C3CCC4=CC(=NO)CCC4C3CCC21C=C,
C#CC1(OC(C)=O)CCC2C3CCC4=CC(=NO)C=CC4C3CCC21CC,
C#CC1(OC(C)=O)CCC2C3CCC4=CC(=NO)CC=C4C3CCC21CC,
C#CC1(OC(C)=O)CCC2C3CCC4=CC(=NO)CCC4C3(O)CCC21CC,
C#CC1(OC(C)=O)CC(O)C2C3CCC4=CC(=NO)CCC4C3CCC21CC,
C#CC1(OC(C)=O)CCC2C3CCC4=CC(=NO)CCC4=C3CCC21CC,
C#CC1(OC(C)=O)C=CC2C3CCC4=CC(=NO)CCC4C3CCC21CC,
C#CC1(OC(C)=O)CCC2C3=CCC4=CC(=NO)CCC4C3CCC21CC,
C#CC1(OC(C)=O)CCC2C3CCC4=CC(=NO)CCC4C3=CCC21CC,
C#CC1(OC(C)=O)CC=C2C3CCC4=CC(=NO)CCC4C3CCC21CC,
C#CC1(OC(C)=O)CCC2C3=C(CCC21CC)C1CCC(=NO)C=C1CC3,
C#CC1(OC(C)=O)CCC2C3CCC4=CC(=NO)CCC4C3C=CC21CC,
C#CC1(OC(C)=O)CCC2C3CCC4=CC(=NO)CCC4C3C(O)CC21CC,
C#CC1(OC(C)=O)CCC2C3CCC4=CC(=NO)CCC4C3CC(O)C21CC,
C#CC1(OC(C)=O)CCC2=C3CCC4=CC(=NO)CCC4C3CCC21CC,
C#CC1(OC(C)=O)CCC2(O)C3CCC4=CC(=NO)CCC4C3CCC12CC,
C#CC1(OC(C)=O)CCC2C3(O)CCC4=CC(=NO)CCC4C3CCC21CC,
C=CCC1(CC(C)C)C(=O)NC(=O)NC1=O,C=CCC1(CC(C)C)C(=O)NC(=O)NC1=O
C=CCC1(CC(C)(C)O)C(=O)NC(=O)NC1=O,
C=CCC1(CC(C)C(=O)O)C(=O)NC(=O)NC1=O,
C=CCC1(CC(C)CO)C(=O)NC(=O)NC1=O,
CC(C)CC1(CC2CO2)C(=O)NC(=O)NC1=O,
CC(C)CC1(CC(O)CO)C(=O)NC(=O)NC1=O,
C=CC(O)C1(CC(C)C)C(=O)NC(=O)NC1=O,
C=CCC1(CC(C)C)C(=O)NC(=O)N(C2OC(C(=O)O)C(O)C(O)C2O)C1=O,
C=CCC(CC(C)C)(C(=O)O)C(=O)NC(N)=O,
C=CCC(CC(C)C)(C(N)=O)C(=O)NC(=O)O,
C=CCC1(CC(C)C)C(=O)NC(=O)N(O)C1=O,
C=CCC1(C(O)C(C)C)C(=O)NC(=O)NC1=O,
C=CCC1(CC(=C)C)C(=O)NC(=O)NC1=O,
CC(C)CC1(C=CCO)C(=O)NC(=O)NC1=O,
C=C=CC1(CC(C)C)C(=O)NC(=O)NC1=O,
C=CCC1(C=C(C)C)C(=O)NC(=O)NC1=O,
C=CCC(CC(C)C)(C(N)=O)C(=O)NC=O,
CC(=O)Nc1ccc(O)cc1,CC(=O)Nc1ccc(O)cc1
CC(=O)Nc1ccc(OC2OC(C(=O)O)C(O)C(O)C2O)cc1,
CC(=O)Nc1ccc(OS(=O)(=O)O)cc1,
CC(=O)N=C1C=CC(=O)C=C1,
CC(=O)Nc1ccc(O)c(O)c1,
CC(=O)Nc1ccc(O)cc1O,
Nc1ccc(O)cc1,
CC(=O)N(O)c1ccc(O)cc1,
O=C(O)C(=O)Nc1ccc(O)cc1,
O=C(CO)Nc1ccc(O)cc1,
COc1ccc(NC(C)=O)cc1,
O=C1C=CC(=O)C=C1,
CC(N)=O,
CC(=O)N(c1ccc(O)cc1)C1OC(C(=O)O)C(O)C(O)C1O,
CC(C(=O)O)c1ccc(CC2CCCC2=O)cc1,CC(C(=O)O)c1ccc(CC2CCCC2=O)cc1
CC(C(=O)OC1OC(C(=O)O)C(O)C(O)C1O)c1ccc(CC2CCCC2=O)cc1,
CC(C(=O)O)c1ccc(CC2CCC(O)C2=O)cc1,
CC(C(=O)O)c1ccc(C=C2CCCC2=O)cc1,
CC(C(=O)O)c1ccc(CC2CCCC2O)cc1,
CC(C(=O)O)c1ccc(CC2(O)CCCC2=O)cc1,
CCc1ccc(CC2CCCC2=O)cc1,
C=C(C(=O)O)c1ccc(CC2CCCC2=O)cc1,
CC(O)(C(=O)O)c1ccc(CC2CCCC2=O)cc1,
O=C1CCCC1Cc1ccc(C(C(=O)O)C(=O)O)cc1,
O=C1CCCC1Cc1ccc(C(CO)C(=O)O)cc1,
CC(C(=O)NCC(=O)O)c1ccc(CC2CCCC2=O)cc1,
CC(C(=O)O)c1ccc(C=CCCCC=O)cc1,
CC(C(=O)O)c1ccc(CC=CCCC=O)cc1,
C=CCC(C=O)Cc1ccc(C(C)C(=O)O)cc1,
CC(C(=O)O)c1ccc(CC2CC(O)CC2=O)cc1,
CC(C(=O)O)c1ccc(C(O)C2CCCC2=O)cc1,
O=CO,
C=Cc1ccc(CC2CCCC2=O)cc1,
CC(C(=O)O)c1ccc(CC2C(=O)CCC2O)cc1,
CC(C(=O)O)c1ccc(CC2CCCC2=O)c(O)c1,
CC(C(=O)O)c1ccc(CC2CCCC2=O)cc1O,
CC(C(=O)O)c1ccc(CC2CC=CC2=O)cc1,
CC(C(=O)O)c1ccc(CC2=CCCC2=O)cc1,
CC(C(=O)O)c1ccc(CC2C=CCC2=O)cc1,
CC(C)(N)Cc1ccccc1,CC(C)(N)Cc1ccccc1
CC(=O)NC(C)(C)Cc1ccccc1,
CC(C)(Cc1ccccc1)NO,
COc1cc(CC(C)(C)N)ccc1O,
CC(C)(N)Cc1cccc(O)c1,
CC(C)(N)Cc1ccc(O)cc1,
CC(C)(Cc1ccccc1)NC1OC(C(=O)O)C(O)C(O)C1O,
CC(C)(N)C(O)c1ccccc1,
CC(N)(CO)Cc1ccccc1,
CC(N)(Cc1ccccc1)C(=O)O,
CC(C)(N)Cc1ccccc1O,
CC(C)(O)c1ccccc1CCC(SCC1(CC(=O)O)CC1)c1cccc(C=Cc2ccc3ccc(Cl)cc3n2)c1,CC(C)(O)c1ccccc1CC[C@@H](SCC1(CC(=O)O)CC1)c1cccc(/C=C/c2ccc3ccc(Cl)cc3n2)c1
CC(C)(OC1OC(C(=O)O)C(O)C(O)C1O)c1ccccc1CCC(SCC1(CC(=O)O)CC1)c1cccc(C=Cc2ccc3ccc(Cl)cc3n2)c1,
CC(C)(O)c1ccccc1CCC(SCC1(CC(=O)OC2OC(C(=O)O)C(O)C(O)C2O)CC1)c1cccc(C=Cc2ccc3ccc(Cl)cc3n2)c1,
CC(C)(OS(=O)(=O)O)c1ccccc1CCC(SCC1(CC(=O)O)CC1)c1cccc(C=Cc2ccc3ccc(Cl)cc3n2)c1,
CC(C)(O)c1cc(O)ccc1CCC(SCC1(CC(=O)O)CC1)c1cccc(C=Cc2ccc3ccc(Cl)cc3n2)c1,
CC(C)(O)c1ccc(O)cc1CCC(SCC1(CC(=O)O)CC1)c1cccc(C=Cc2ccc3ccc(Cl)cc3n2)c1,
CC(O)(C(=O)O)c1ccccc1CCC(SCC1(CC(=O)O)CC1)c1cccc(C=Cc2ccc3ccc(Cl)cc3n2)c1,
C=C(C)c1ccccc1CCC(SCC1(CC(=O)O)CC1)c1cccc(C=Cc2ccc3ccc(Cl)cc3n2)c1,
CC(O)(CO)c1ccccc1CCC(SCC1(CC(=O)O)CC1)c1cccc(C=Cc2ccc3ccc(Cl)cc3n2)c1,
CC(C)(O)c1ccccc1CCC(=O)c1cccc(C=Cc2ccc3ccc(Cl)cc3n2)c1,
CC(C)(O)c1ccccc1CCC(c1cccc(C=Cc2ccc3ccc(Cl)cc3n2)c1)S(=O)CC1(CC(=O)O)CC1,
CC(C)(O)c1ccccc1CCC(S)c1cccc(C=Cc2ccc3ccc(Cl)cc3n2)c1,
O=CC1(CC(=O)O)CC1,
O=C(O)CC1(CS)CC1,
CC(C)(O)c1ccccc1C(O)CC(SCC1(CC(=O)O)CC1)c1cccc(C=Cc2ccc3ccc(Cl)cc3n2)c1,
CC(C)(O)c1ccccc1CCC(SCC1(CC(=O)O)CC1)c1cccc(C=Cc2ccc3cc(O)c(Cl)cc3n2)c1,
CC(C)(O)c1ccccc1CCC(SCC1(CC(=O)O)CC1)c1cccc(C=Cc2ccc3ccc(Cl)c(O)c3n2)c1,
CC(C)(O)c1ccccc1CCC(SCC1(C(O)C(=O)O)CC1)c1cccc(C=Cc2ccc3ccc(Cl)cc3n2)c1,
CC(C)(O)c1ccccc1CCC(SCC1(CC(=O)NCC(=O)O)CC1)c1cccc(C=Cc2ccc3ccc(Cl)cc3n2)c1,
CC(C)(O)c1ccccc1CCC(SCC1(CC(=O)O)CC1)c1cccc(C2OC2c2ccc3ccc(Cl)cc3n2)c1,
CC(C)(O)c1ccccc1C=CC(SCC1(CC(=O)O)CC1)c1cccc(C=Cc2ccc3ccc(Cl)cc3n2)c1,
CC(C)(O)c1ccccc1CCC(SCC1(CC(=O)O)CC1)c1cccc(C=Cc2ccc3c(O)cc(Cl)cc3n2)c1,
CC(C)(O)c1cccc(O)c1CCC(SCC1(CC(=O)O)CC1)c1cccc(C=Cc2ccc3ccc(Cl)cc3n2)c1,
CC(C)(O)c1ccccc1CCC(SCC1(CC(=O)O)CC1)c1cccc(C=Cc2ccc3ccc(Cl)cc3n2)c1O,
CC(C)(O)c1ccccc1CCC(SCC1(CC(=O)O)CC1)c1cc(O)cc(C=Cc2ccc3ccc(Cl)cc3n2)c1,
CC(C)(O)c1ccccc1CCC(SCC1(CC(=O)O)CC1)c1cc(C=Cc2ccc3ccc(Cl)cc3n2)ccc1O,
CC(C)(O)c1ccccc1CCC(SCC1(CC(=O)O)CC1)c1cccc(C=Cc2ccc3ccc(Cl)cc3[n+]2[O-])c1,
CC(C)(O)c1ccccc1CCC(SCC1(CC(=O)O)CC1)c1cccc(C=Cc2nc3cc(Cl)ccc3cc2O)c1,
CC(C)(O)c1ccccc1CCC(SC(O)C1(CC(=O)O)CC1)c1cccc(C=Cc2ccc3ccc(Cl)cc3n2)c1,
CC(C)(O)c1ccccc1CCC(SCC1(CC(=O)O)CC1O)c1cccc(C=Cc2ccc3ccc(Cl)cc3n2)c1,
CC(C)(O)c1ccccc1CCC(SCC1(CC(=O)O)CC1)c1cccc(C=Cc2ccc3ccc(Cl)cc3[n+]2C2OC(C(=O)O)C(O)C(O)C2O)c1,
CC(C)(O)c1ccccc1CCC(SCC1(CC(=O)O)CC1)c1ccc(O)c(C=Cc2ccc3ccc(Cl)cc3n2)c1,
CC(C)(O)c1ccccc1CCC(O)(SCC1(CC(=O)O)CC1)c1cccc(C=Cc2ccc3ccc(Cl)cc3n2)c1,
CC(C)(O)c1c(O)cccc1CCC(SCC1(CC(=O)O)CC1)c1cccc(C=Cc2ccc3ccc(Cl)cc3n2)c1,
CC(C)(O)c1ccccc1CCC(SCC1(CC(=O)O)CC1)c1cccc(C=Cc2cc(O)c3ccc(Cl)cc3n2)c1,
CC(C)(O)c1ccccc1CCC(SCC(=CC(=O)O)CCO)c1cccc(C=Cc2ccc3ccc(Cl)cc3n2)c1,
CC(C)(O)c1ccccc1CC(O)C(SCC1(CC(=O)O)CC1)c1cccc(C=Cc2ccc3ccc(Cl)cc3n2)c1,
CC(C)(O)c1ccccc1CCC(SCC1(CC(=O)O)CC1)c1cccc(C=Cc2ccc3ccc(O)cc3n2)c1,
CC(C)(O)c1ccccc1CCC(SCC1(CC(=O)O)CC1)c1cccc(C=Cc2ccc3ccc(SCC(NC(=O)CCC(N)C(=O)O)C(=O)NCC(=O)O)cc3n2)c1,
CC(C)(O)c1ccccc1CCC(SC=C(CCO)CC(=O)O)c1cccc(C=Cc2ccc3ccc(Cl)cc3n2)c1,
CC(C)(O)c1ccccc1CCC(SCC1(CC(=O)O)C=C1)c1cccc(C=Cc2ccc3ccc(Cl)cc3n2)c1,
CC(C)(O)c1ccccc1CC=C(SCC1(CC(=O)O)CC1)c1cccc(C=Cc2ccc3ccc(Cl)cc3n2)c1,
CC(C)CNCc1ccc(-c2ccccc2S(=O)(=O)N2CCCC2)cc1,CC(C)CNCc1ccc(-c2ccccc2S(=O)(=O)N2CCCC2)cc1
CC(C)CNCc1ccc(-c2ccccc2S(=O)(=O)[N+]2([O-])CCCC2)cc1,
CC(C)CNCc1ccc(-c2ccccc2S(=O)(=O)N2CCC(O)C2)cc1,
CC(C)CNCc1ccc(-c2ccccc2S(=O)(=O)NCCCC=O)cc1,
CC(C)CNCc1ccc(-c2ccccc2S(=O)(=O)N2CCCC2O)cc1,
CC(C)CNCc1ccc(-c2ccccc2S(=O)(=O)N2CCCC2=O)cc1,
O=S(=O)(c1ccccc1-c1ccc(CO)cc1)N1CCCC1,
CC(C)CN(O)Cc1ccc(-c2ccccc2S(=O)(=O)N2CCCC2)cc1,
CC(C)C=O,
CC(C)CN,
CC(C)CO,
CC(C)C(O)NCc1ccc(-c2ccccc2S(=O)(=O)N2CCCC2)cc1,
NCc1ccc(-c2ccccc2S(=O)(=O)N2CCCC2)cc1,
O=Cc1ccc(-c2ccccc2S(=O)(=O)N2CCCC2)cc1,
CC(C)CNC(O)c1ccc(-c2ccccc2S(=O)(=O)N2CCCC2)cc1,
CC(C)(O)CNCc1ccc(-c2ccccc2S(=O)(=O)N2CCCC2)cc1,
CC(CNCc1ccc(-c2ccccc2S(=O)(=O)N2CCCC2)cc1)C(=O)O,
CC(CO)CNCc1ccc(-c2ccccc2S(=O)(=O)N2CCCC2)cc1,
CC(C)CNCc1ccc(-c2ccccc2S(=O)(=O)N2C=CCC2)cc1,
CC(C)CNCc1ccc(-c2ccccc2S(=O)(=O)[N+]2=CCCC2)cc1,
CC(C)C=[NH+]Cc1ccc(-c2ccccc2S(=O)(=O)N2CCCC2)cc1,
CC(C)=CNCc1ccc(-c2ccccc2S(=O)(=O)N2CCCC2)cc1,
CC(C)C=NCc1ccc(-c2ccccc2S(=O)(=O)N2CCCC2)cc1,
CC(C)CNCc1ccc(-c2cc(O)ccc2S(=O)(=O)N2CCCC2)cc1,
CC(C)CNCc1ccc(-c2cccc(O)c2S(=O)(=O)N2CCCC2)cc1,
CC(C)CNCc1ccc(-c2ccc(O)cc2S(=O)(=O)N2CCCC2)cc1,
CC(C)CN=Cc1ccc(-c2ccccc2S(=O)(=O)N2CCCC2)cc1,
CC(C)C[NH+]=Cc1ccc(-c2ccccc2S(=O)(=O)N2CCCC2)cc1,
C=C(C)CNCc1ccc(-c2ccccc2S(=O)(=O)N2CCCC2)cc1,
CC(C)CNCc1ccc(-c2c(O)cccc2S(=O)(=O)N2CCCC2)cc1,
CC(C)CNCc1ccc(-c2ccccc2S(=O)(=O)N2CC=CC2)cc1,
CC(C)CNCc1ccc(-c2ccccc2S(=O)(=O)N2CCCC2)cc1O,
CC(C)CNCc1ccc(-c2ccccc2S(=O)(=O)N2CCCC2)c(O)c1,
CC(C)NCC(O)COc1ccc(CC(N)=O)cc1,CC(C)NCC(O)COc1ccc(CC(N)=O)cc1
CC(C)NCC(COc1ccc(CC(N)=O)cc1)OC1OC(C(=O)O)C(O)C(O)C1O,
CC(C)NCC(COc1ccc(CC(N)=O)cc1)OS(=O)(=O)O,
CC(C)NCC(O)COc1ccc(CC(=O)O)cc1,
CC(C)NCC(O)COc1ccc(C(O)C(N)=O)cc1,
CC(C)NCC(O)COc1ccc(CC(=O)NO)cc1,
CC(C)NCC(O)COc1ccc(CC(=O)NC2OC(C(=O)O)C(O)C(O)C2O)cc1,
CC(C)N,
CC(C)NC(O)C(O)COc1ccc(CC(N)=O)cc1,
CC(C)N(O)CC(O)COc1ccc(CC(N)=O)cc1,
NC(=O)Cc1ccc(OCC(O)C=O)cc1,
NC(=O)Cc1ccc(OCC(O)CO)cc1,
CC(C)NCC(=O)COc1ccc(CC(N)=O)cc1,
CC(C)NCC(O)(O)COc1ccc(CC(N)=O)cc1,
CC(C)=O,
NCC(O)COc1ccc(CC(N)=O)cc1,
CC(C)(O)NCC(O)COc1ccc(CC(N)=O)cc1,
CC(C)NCC(O)COc1ccc(CC(N)=O)c(O)c1,
CC(C)NCC(O)COc1ccc(CC(N)=O)cc1O,
CC(O)CNC(C)C,
NC(=O)CC1(O)C=CC(=O)C=C1,
CC(C)N=CC(O)COc1ccc(CC(N)=O)cc1,
CC(C)NC=C(O)COc1ccc(CC(N)=O)cc1,
CC(C)[NH+]=CC(O)COc1ccc(CC(N)=O)cc1,
CC(C)NCC(O)=COc1ccc(CC(N)=O)cc1,
CC(C)=[NH+]CC(O)COc1ccc(CC(N)=O)cc1,
CC(C)=NCC(O)COc1ccc(CC(N)=O)cc1,
C=C(C)NCC(O)COc1ccc(CC(N)=O)cc1,
CC(C)NCC(O)CO,
CC(C)NCC(O)C=O,
NC(=O)Cc1ccc(O)cc1,
CC(CO)NCC(O)COc1ccc(CC(N)=O)cc1,
CC(C)NCC(O)C(O)Oc1ccc(CC(N)=O)cc1,
CC(C)OC(=O)CCCC=CCC1C(O)CC(O)C1C=CC(O)COc1cccc(C(F)(F)F)c1,CC(C)OC(=O)CCC/C=C\C[C@H]1[C@@H](O)C[C@@H](O)[C@@H]1/C=C/[C@@H](O)COc1cccc(C(F)(F)F)c1
CC(C)OC(=O)CCCC=CCC1C(O)CC(O)C1C=CC(COc1cccc(C(F)(F)F)c1)OC1OC(C(=O)O)C(O)C(O)C1O,
CC(C)OC(=O)CCCC=CCC1C(O)CC(O)C1C=CC(COc1cccc(C(F)(F)F)c1)OS(=O)(=O)O,
CC(C)(O)OC(=O)CCCC=CCC1C(O)CC(O)C1C=CC(O)COc1cccc(C(F)(F)F)c1,
O=C(O)CCCC=CCC1C(O)CC(O)C1C=CC(O)COc1cccc(C(F)(F)F)c1,
CC(C)O,
CC(C)=O,
CC(C)OC(=O)C(O)CCC=CCC1C(O)CC(O)C1C=CC(O)COc1cccc(C(F)(F)F)c1,
CC(C)OC(=O)CCCC=CCC1C(O)CC(O)C1C=CC=COc1cccc(C(F)(F)F)c1,
Oc1cccc(C(F)(F)F)c1,
CC(C)OC(=O)CCCC=CCC1C(O)CC(O)C1C=CC(O)CO,
CC(C)OC(=O)CCCC=CCC1C(O)CC(O)C1C=CC(O)C=O,
CC(C)OC(=O)CCCC=CCC1C(O)CC(O)C1C=CC(O)C(O)Oc1cccc(C(F)(F)F)c1,
CC(C)OC(=O)CCCC=CCC1C(O)CC(O)C1C=CC(=O)COc1cccc(C(F)(F)F)c1,
CC(C)OC(=O)CCCC=CCC1C(O)CC(OS(=O)(=O)O)C1C=CC(O)COc1cccc(C(F)(F)F)c1,
CC(C)OC(=O)CCCC=CCC1C(OS(=O)(=O)O)CC(O)C1C=CC(O)COc1cccc(C(F)(F)F)c1,
CC(C)OC(=O)CCCC=CCC1C(O)CC(O)C1C=CC(O)COc1ccc(O)c(C(F)(F)F)c1,
CC(C)OC(=O)CCCC=CCC1C(O)CC(O)C1C=CC(O)COc1cccc(C(F)(F)F)c1O,
CC(C)OC(=O)CCCC=CCC1C(OC2OC(C(=O)O)C(O)C(O)C2O)CC(O)C1C=CC(O)COc1cccc(C(F)(F)F)c1,
CC(C)OC(=O)CCCC=CCC1C(O)CC(O)C1C=CC(O)COc1cc(O)cc(C(F)(F)F)c1,
CC(C)OC(=O)CCCC=CCC1C(O)CC(O)C1C=CC(O)COc1cc(C(F)(F)F)ccc1O,
CC(C)OC(=O)CCCC=CCC1C(O)CC(OC2OC(C(=O)O)C(O)C(O)C2O)C1C=CC(O)COc1cccc(C(F)(F)F)c1,
C=C(C)OC(=O)CCCC=CCC1C(O)CC(O)C1C=CC(O)COc1cccc(C(F)(F)F)c1,
CC(CO)OC(=O)CCCC=CCC1C(O)CC(O)C1C=CC(O)COc1cccc(C(F)(F)F)c1,
CC(C)OC(=O)CCCC=CCC1C(O)CC(O)C1C=CC(O)(O)COc1cccc(C(F)(F)F)c1,
CC(C)OC(=O)CCCC=CCC1C(O)CC(O)C1CCC(O)COc1cccc(C(F)(F)F)c1,
CC(C)OC=O,
C=CCC=CCC1C(O)CC(O)C1C=CC(O)COc1cccc(C(F)(F)F)c1,
CC(C)OC(=O)CCC(O)C=CCC1C(O)CC(O)C1C=CC(O)COc1cccc(C(F)(F)F)c1,
CC(C)OC(=O)CCCC1OC1CC1C(O)CC(O)C1C=CC(O)COc1cccc(C(F)(F)F)c1,
O=C1C=CC(=O)C(C(F)(F)F)=C1,
CC(C)OC(=O)CCCC=CCC1C(O)CC(O)C1C=CC(O)=COc1cccc(C(F)(F)F)c1,
CC(O)C=CC1C(O)CC(O)C1CC=CCCCC(=O)OC(C)C,
CC(C)OC(=O)CCCC=CCC1C(O)CC(=O)C1C=CC(O)COc1cccc(C(F)(F)F)c1,
CC(C)OC(=O)CCCC=CCC1C(C=CC(O)COc2cccc(C(F)(F)F)c2)=CCC1O,
CC(C)OC(=O)CCCC=CCC1C(O)CC(O)C1(O)C=CC(O)COc1cccc(C(F)(F)F)c1,
CC(C)OC(=O)CCCC=CCC1C(O)CC(O)C1C1OC1C(O)COc1cccc(C(F)(F)F)c1,
CC(C)OC(=O)CCCC=CCC1C(O)CC(O)(O)C1C=CC(O)COc1cccc(C(F)(F)F)c1,
CC(C)OC(=O)CCCC=CC(O)C1C(O)CC(O)C1C=CC(O)COc1cccc(C(F)(F)F)c1,
CC(C)OC(=O)CCCC=CCC1C(=O)CC(O)C1C=CC(O)COc1cccc(C(F)(F)F)c1,
CC(C)OC(=O)CCCC=CCC1C(O)C(O)C(O)C1C=CC(O)COc1cccc(C(F)(F)F)c1,
CC(C)OC(=O)CCCC=CCC1C(O)CC(O)C1C=C=C(O)COc1cccc(C(F)(F)F)c1,
CC(C)OC(=O)CCCC=CCC1C(O)CC(O)C1C(O)C=C(O)COc1cccc(C(F)(F)F)c1,
CC(C)OC(=O)CCCC=CCC1(O)C(O)CC(O)C1C=CC(O)COc1cccc(C(F)(F)F)c1,
CC(C)OC(=O)CCCC=CCC1C(C=CC(O)COc2cccc(C(F)(F)F)c2)C(O)CC1(O)O,
CC(C)OC(=O)CC(O)CC=CCC1C(O)CC(O)C1C=CC(O)COc1cccc(C(F)(F)F)c1,
CC(C)OC(=O)CCC=CC(O)CC1C(O)CC(O)C1C=CC(O)COc1cccc(C(F)(F)F)c1,
CC(C)OC(=O)CCC=C=CCC1C(O)CC(O)C1C=CC(O)COc1cccc(C(F)(F)F)c1,
CC(C)OC(=O)CCCC(O)C=CC1C(O)CC(O)C1C=CC(O)COc1cccc(C(F)(F)F)c1,
CC(C)OC(=O)CC=CC=CCC1C(O)CC(O)C1C=CC(O)COc1cccc(C(F)(F)F)c1,
CC(C)OC(=O)CCCC=CCC1C(O)C=C(O)C1C=CC(O)COc1cccc(C(F)(F)F)c1,
CC(C)OC(=O)CCCC=CCC1C(C=CC(O)COc2cccc(C(F)(F)F)c2)=C(O)CC1O,
CC(C)OC(=O)CCCC=CCC1C(=CC(O)C(O)COc2cccc(C(F)(F)F)c2)C(O)CC1O,
CC(C)OC(=O)CCCC=CCC1C(=C=CC(O)COc2cccc(C(F)(F)F)c2)C(O)CC1O,
CC(C)OC(=O)CCCC=C=CC1C(O)CC(O)C1C=CC(O)COc1cccc(C(F)(F)F)c1,
CC(C)OC(=O)C=CCC=CCC1C(O)CC(O)C1C=CC(O)COc1cccc(C(F)(F)F)c1,
CC(C)OC(=O)CCCC=CCC1C(O)=CC(O)C1C=CC(O)COc1cccc(C(F)(F)F)c1,
CC(C)OC(=O)CCCC=CCC1=C(O)CC(O)C1C=CC(O)COc1cccc(C(F)(F)F)c1,
CC(C)OC(=O)CCCC=CCC1=C(C=CC(O)COc2cccc(C(F)(F)F)c2)C(O)CC1O,
CC(C)OC(=O)CCCC=CC=C1C(O)CC(O)C1C=CC(O)COc1cccc(C(F)(F)F)c1,
CC(CN1c2ccccc2Sc2ccccc21)N(C)C,CC(CN1c2ccccc2Sc2ccccc21)N(C)C
CC(CN1c2ccccc2Sc2ccccc21)[N+](C)(C)[O-],
CC(CN1c2ccccc2Sc2ccccc21)N(C)CO,
CNC(C)CN1c2ccccc2Sc2ccccc21,
CNC,
CC(=O)CN1c2ccccc2Sc2ccccc21,
CN(C)C(C)(O)CN1c2ccccc2Sc2ccccc21,
CC(CN1c2ccccc2S(=O)c2ccccc21)N(C)C,
CC(CN1c2ccccc2Sc2cccc(O)c21)N(C)C,
CC(CN1c2ccccc2Sc2cc(O)ccc21)N(C)C,
C=[N+](C)C(C)CN1c2ccccc2Sc2ccccc21,
CC(CN1c2ccccc2Sc2ccccc21)=[N+](C)C,
CC(C=O)N(C)C,
c1ccc2c(c1)Nc1ccccc1S2,
CC(C(O)N1c2ccccc2Sc2ccccc21)N(C)C,
CC(C[N+]1([O-])c2ccccc2Sc2ccccc21)N(C)C,
CC(CO)N(C)C,
CN(C)C(CO)CN1c2ccccc2Sc2ccccc21,
CC(CN1c2ccccc2Sc2c(O)cccc21)N(C)C,
C=C(CN1c2ccccc2Sc2ccccc21)N(C)C,
CC(=CN1c2ccccc2Sc2ccccc21)N(C)C,
CC(CN1c2ccccc2Sc2ccc(O)cc21)N(C)C,
CC(C=[N+]1c2ccccc2Sc2ccccc21)N(C)C,
CC1(C)CCC(CN2CCN(c3ccc(C(=O)NS(=O)(=O)c4ccc(NCC5CCOCC5)c([N+](=O)[O-])c4)c(Oc4cnc5[nH]ccc5c4)c3)CC2)=C(c2ccc(Cl)cc2)C1,CC1(C)CCC(CN2CCN(c3ccc(C(=O)NS(=O)(=O)c4ccc(NCC5CCOCC5)c([N+](=O)[O-])c4)c(Oc4cnc5[nH]ccc5c4)c3)CC2)=C(c2ccc(Cl)cc2)C1
CC1(C)CCC(CN2CCN(c3ccc(C(=O)NS(=O)(=O)c4ccc(NCC(CC=O)CCO)c([N+](=O)[O-])c4)c(Oc4cnc5[nH]ccc5c4)c3)CC2)=C(c2ccc(Cl)cc2)C1,
CC1(C)CCC(CN2CCN(c3ccc(C(=O)NS(=O)(=O)c4ccc(NCC(CCO)CCO)c([N+](=O)[O-])c4)c(Oc4cnc5[nH]ccc5c4)c3)CC2)=C(c2ccc(Cl)cc2)C1,
CC1(C)CCC(CN2CCN(c3ccc(C(=O)NS(=O)(=O)c4ccc(NCC5CCOC(O)C5)c([N+](=O)[O-])c4)c(Oc4cnc5[nH]ccc5c4)c3)CC2)=C(c2ccc(Cl)cc2)C1,
CC1(C)CCC(CN2CCN(c3ccc(C(=O)NS(=O)(=O)c4ccc(NCC5CCOCC5)c([N+](=O)[O-])c4O)c(Oc4cnc5[nH]ccc5c4)c3)CC2)=C(c2ccc(Cl)cc2)C1,
CC1(C)CCC(CN2CCN(c3ccc(C(=O)NS(=O)(=O)c4cc([N+](=O)[O-])c(NCC5CCOCC5)cc4O)c(Oc4cnc5[nH]ccc5c4)c3)CC2)=C(c2ccc(Cl)cc2)C1,
CC1(C)CCC(CN2CCN(c3ccc(C(=O)NS(=O)(=O)c4ccc(NCC5CCOCC5)c(N)c4)c(Oc4cnc5[nH]ccc5c4)c3)CC2)=C(c2ccc(Cl)cc2)C1,
CC1(C)CCC(CN2CCN(c3ccc(C(=O)NS(=O)(=O)c4ccc(N(O)CC5CCOCC5)c([N+](=O)[O-])c4)c(Oc4cnc5[nH]ccc5c4)c3)CC2)=C(c2ccc(Cl)cc2)C1,
OCC1CCOCC1,
O=CC1CCOCC1,
CC1(C)CCC(CN2CCN(c3ccc(C(=O)NS(=O)(=O)c4ccc(N)c([N+](=O)[O-])c4)c(Oc4cnc5[nH]ccc5c4)c3)CC2)=C(c2ccc(Cl)cc2)C1,
CC1(C)CCC(CN2CCN(c3ccc(C(=O)NS(=O)(=O)c4ccc(NC(O)C5CCOCC5)c([N+](=O)[O-])c4)c(Oc4cnc5[nH]ccc5c4)c3)CC2)=C(c2ccc(Cl)cc2)C1,
CC1(C)CCC(CN2CCN(c3ccc(C(=O)NS(=O)(=O)c4ccc(NCC5CCOCC5)c([N+](=O)[O-])c4)c(Oc4cnc5[nH]c(O)cc5c4)c3)CC2)=C(c2ccc(Cl)cc2)C1,
CC1(C)CCC(CN2CCN(c3ccc(C(=O)N(O)S(=O)(=O)c4ccc(NCC5CCOCC5)c([N+](=O)[O-])c4)c(Oc4cnc5[nH]ccc5c4)c3)CC2)=C(c2ccc(Cl)cc2)C1,
CC1(C)CCC(CN2CCN(c3ccc(C(=O)O)c(Oc4cnc5[nH]ccc5c4)c3)CC2)=C(c2ccc(Cl)cc2)C1,
NS(=O)(=O)c1ccc(NCC2CCOCC2)c([N+](=O)[O-])c1,
CC1(C)CCC(CN2CCN(c3ccc(C(=O)NS(=O)(=O)c4ccc(NCC5CCOCC5)c([N+](=O)[O-])c4)c(Oc4cnc5[nH]ccc5c4)c3)CC2)=C(c2ccc(Cl)cc2)C1O,
CC1(C)CCC(CNCCNc2ccc(C(=O)NS(=O)(=O)c3ccc(NCC4CCOCC4)c([N+](=O)[O-])c3)c(Oc3cnc4[nH]ccc4c3)c2)=C(c2ccc(Cl)cc2)C1,
CC1(C)CCC(C[N+]2([O-])CCN(c3ccc(C(=O)NS(=O)(=O)c4ccc(NCC5CCOCC5)c([N+](=O)[O-])c4)c(Oc4cnc5[nH]ccc5c4)c3)CC2)=C(c2ccc(Cl)cc2)C1,
CC1(C)CCC(C=O)=C(c2ccc(Cl)cc2)C1,
CC1(C)CCC(C(O)N2CCN(c3ccc(C(=O)NS(=O)(=O)c4ccc(NCC5CCOCC5)c([N+](=O)[O-])c4)c(Oc4cnc5[nH]ccc5c4)c3)CC2)=C(c2ccc(Cl)cc2)C1,
O=C(NS(=O)(=O)c1ccc(NCC2CCOCC2)c([N+](=O)[O-])c1)c1ccc(N2CCNCC2)cc1Oc1cnc2[nH]ccc2c1,
CC1(C)CCC(CO)=C(c2ccc(Cl)cc2)C1,
CC1(C)CCC(CN2CCN(c3ccc(C(=O)NS(=O)(=O)c4ccc(NCC5CCOCC5O)c([N+](=O)[O-])c4)c(Oc4cnc5[nH]ccc5c4)c3)CC2)=C(c2ccc(Cl)cc2)C1,
CC1(C)CCC(CN2CCN(c3ccc(C(=O)NS(=O)(=O)c4ccc(NCC5CCOCC5)c([N+](=O)[O-])c4)c(Oc4cnc5[nH]ccc5c4)c3O)CC2)=C(c2ccc(Cl)cc2)C1,
CC1(C)CCC(CN2CCN(c3ccc(C(=O)NS(=O)(=O)c4ccc(NCC5CCOCC5)c([N+](=O)[O-])c4)c(Oc4cnc5[nH]ccc5c4)c3)C(O)C2)=C(c2ccc(Cl)cc2)C1,
CC1(C)CCC(CN(CC=O)CCNc2ccc(C(=O)NS(=O)(=O)c3ccc(NCC4CCOCC4)c([N+](=O)[O-])c3)c(Oc3cnc4[nH]ccc4c3)c2)=C(c2ccc(Cl)cc2)C1,
CC1(C)CCC(CN2CC[N+]([O-])(c3ccc(C(=O)NS(=O)(=O)c4ccc(NCC5CCOCC5)c([N+](=O)[O-])c4)c(Oc4cnc5[nH]ccc5c4)c3)CC2)=C(c2ccc(Cl)cc2)C1,
CC1(C)CCC(CN2CCN(c3ccc(C(=O)NS(=O)(=O)c4ccc(NCC5CCOCC5)c([N+](=O)[O-])c4)c(Oc4cnc5[nH]ccc5c4)c3)C(=O)C2)=C(c2ccc(Cl)cc2)C1,
CC1(C)CC(c2ccc(Cl)cc2)=C(CN2CCN(c3ccc(C(=O)NS(=O)(=O)c4ccc(NCC5CCOCC5)c([N+](=O)[O-])c4)c(Oc4cnc5[nH]ccc5c4)c3)CC2)CC1O,
CC1(CO)CCC(CN2CCN(c3ccc(C(=O)NS(=O)(=O)c4ccc(NCC5CCOCC5)c([N+](=O)[O-])c4)c(Oc4cnc5[nH]ccc5c4)c3)CC2)=C(c2ccc(Cl)cc2)C1,
CC1(C)CCC(CN2CCN(c3ccc(C(=O)NS(=O)(=O)c4ccc(NCC5(O)CCOCC5)c([N+](=O)[O-])c4)c(Oc4cnc5[nH]ccc5c4)c3)CC2)=C(c2ccc(Cl)cc2)C1,
CC1(C)CCC(CN2CCN(c3ccc(C(=O)NS(=O)(=O)c4cc(O)c(NCC5CCOCC5)c([N+](=O)[O-])c4)c(Oc4cnc5[nH]ccc5c4)c3)CC2)=C(c2ccc(Cl)cc2)C1,
CC1(C)CCC(CN2CCN(c3ccc(C(=O)NS(=O)(=O)c4ccc(NCC5CCOCC5)c([N+](=O)[O-])c4)c(Oc4cnc5c(ccn5C5OC(C(=O)O)C(O)C(O)C5O)c4)c3)CC2)=C(c2ccc(Cl)cc2)C1,
CC1(C)CCC(CN2CCN(c3ccc(C(=O)NS(=O)(=O)c4ccc(N(CC5CCOCC5)C5OC(C(=O)O)C(O)C(O)C5O)c([N+](=O)[O-])c4)c(Oc4cnc5[nH]ccc5c4)c3)CC2)=C(c2ccc(Cl)cc2)C1,
CC1(C)CCC(CN2CCN(c3ccc(C(=O)NS(=O)(=O)c4ccc(NCC5CCOCC5)c([N+](=O)[O-])c4)c(Oc4cnc5[nH]cc(O)c5c4)c3)CC2)=C(c2ccc(Cl)cc2)C1,
CC1(C)CCC(CN2CCN(c3ccc(C(=O)NS(=O)(=O)c4ccc(NCC5CCOCC5)c([N+](=O)[O-])c4)c(Oc4cc5cc[nH]c5nc4O)c3)CC2)=C(c2ccc(Cl)cc2)C1,
CC1(C)CCC(CN2CCN(c3ccc(C(=O)NS(=O)(=O)c4ccc(NCC5CCOCC5)c([N+](=O)[O-])c4)c(Oc4cnc5[nH]ccc5c4O)c3)CC2)=C(c2ccc(Cl)cc2)C1,
CC1(C)CCC(CN2CCN(c3ccc(C(=O)NS(=O)(=O)c4ccc(NCC5CCOCC5)c([N+](=O)[O-])c4)c(Oc4cnc5[nH]ccc5c4)c3)CC2)=C(c2ccc(O)c(Cl)c2)C1,
CC1(C)CCC(CN2CCN(c3ccc(C(=O)NS(=O)(=O)c4ccc(NCC5CCOCC5)c([N+](=O)[O-])c4)c(Oc4cnc5[nH]ccc5c4)c3)CC2)=C(c2ccc(Cl)c(O)c2)C1,
CC1(C)CC(c2ccc(Cl)cc2)=C(CN2CCN(c3ccc(C(=O)NS(=O)(=O)c4ccc(NCC5CCOCC5)c([N+](=O)[O-])c4)c(Oc4cnc5[nH]ccc5c4)c3)CC2)C(O)C1,
CC1(C)CCC2(CN3CCN(c4ccc(C(=O)NS(=O)(=O)c5ccc(NCC6CCOCC6)c([N+](=O)[O-])c5)c(Oc5cnc6[nH]ccc6c5)c4)CC3)OC2(c2ccc(Cl)cc2)C1,
CC1(C)CCC(CN2CCN(c3cc(Oc4cnc5[nH]ccc5c4)c(C(=O)NS(=O)(=O)c4ccc(NCC5CCOCC5)c([N+](=O)[O-])c4)cc3O)CC2)=C(c2ccc(Cl)cc2)C1,
CC1(C)CCC(CNCCN(CC=O)c2ccc(C(=O)NS(=O)(=O)c3ccc(NCC4CCOCC4)c([N+](=O)[O-])c3)c(Oc3cnc4[nH]ccc4c3)c2)=C(c2ccc(Cl)cc2)C1,
CC1(C)CCC(CN2CCN(c3ccc(C(=O)NS(=O)(=O)c4ccc(NCC5CCOCC5)c([N+](=O)[O-])c4)c(Oc4cnc5[nH]ccc5c4)c3)CC2O)=C(c2ccc(Cl)cc2)C1,
CC1(C)CCC(CN2CCN(c3ccc(C(=O)NS(=O)(=O)c4ccc(NCC5CCOCC5)c([N+](=O)[O-])c4)c(Oc4cnc5[nH]ccc5c4)c3)CC2=O)=C(c2ccc(Cl)cc2)C1,
CC1(C)CCC(CN2CCN(c3ccc(C(=O)NS(=O)(=O)c4ccc(NCC5C=COCC5)c([N+](=O)[O-])c4)c(Oc4cnc5[nH]ccc5c4)c3)CC2)=C(c2ccc(Cl)cc2)C1,
CC1(C)CCC(CN2CCN(c3ccc(C(=O)NS(=O)(=O)c4ccc(NCC5CCOCC5)c([N+](=O)[O-])c4)c(Oc4cc5cc[nH]c5[n+](C5OC(C(=O)O)C(O)C(O)C5O)c4)c3)CC2)=C(c2ccc(Cl)cc2)C1,
CC1(C)CCC(CN2CCN(c3ccc(C(=O)NS(=O)(=O)c4ccc(NCC5CCOCC5)c([N+](=O)[O-])c4)c(Oc4cc5cc[nH]c5[n+]([O-])c4)c3)CC2)=C(c2ccc(Cl)cc2)C1,
CC1(C)CCC(CN2CCN(c3ccc(C(=O)NS(=O)(=O)c4ccc(NCC5CCOCC5)c([N+](=O)[O-])c4)c(Oc4cnc5[nH]ccc5c4)c3)CC2)=C(c2ccc(SCC(NC(=O)CCC(N)C(=O)O)C(=O)NCC(=O)O)cc2)C1,
CC1(C)CCC(CN2CCN(c3ccc(C(=O)NS(=O)(=O)c4ccc(NC=C5CCOCC5)c([N+](=O)[O-])c4)c(Oc4cnc5[nH]ccc5c4)c3)CC2)=C(c2ccc(Cl)cc2)C1,
CC1(C)CCC(CN2CCN(c3ccc(C(=O)NS(=O)(=O)c4ccc(N=CC5CCOCC5)c([N+](=O)[O-])c4)c(Oc4cnc5[nH]ccc5c4)c3)CC2)=C(c2ccc(Cl)cc2)C1,
CC1(C)CCC(CN2CCN(c3ccc(C(=O)NS(=O)(=O)c4ccc([NH+]=CC5CCOCC5)c([N+](=O)[O-])c4)c(Oc4cnc5[nH]ccc5c4)c3)CC2)=C(c2ccc(Cl)cc2)C1,
CC1(C)C=C(c2ccc(Cl)cc2)C(O)(CN2CCN(c3ccc(C(=O)NS(=O)(=O)c4ccc(NCC5CCOCC5)c([N+](=O)[O-])c4)c(Oc4cnc5[nH]ccc5c4)c3)CC2)CC1,
CC1(C)CCC(C=[N+]2CCN(c3ccc(C(=O)NS(=O)(=O)c4ccc(NCC5CCOCC5)c([N+](=O)[O-])c4)c(Oc4cnc5[nH]ccc5c4)c3)CC2)=C(c2ccc(Cl)cc2)C1,
CC1(C)CCC(=CN2CCN(c3ccc(C(=O)NS(=O)(=O)c4ccc(NCC5CCOCC5)c([N+](=O)[O-])c4)c(Oc4cnc5[nH]ccc5c4)c3)CC2)C(O)(c2ccc(Cl)cc2)C1,
CC1(C)CCC(CN2CCN(c3ccc(C(=O)NS(=O)(=O)c4ccc(NCC5CCOCC5)c([N+](=O)[O-])c4)c(Oc4cnc5[nH]ccc5c4)c3)CC2)=C(c2ccc(Cl)cc2O)C1,
CC1(C)CCC(CN2CCN(c3ccc(C(=O)NS(=O)(=O)c4ccc(NCC5=CCOCC5)c([N+](=O)[O-])c4)c(Oc4cnc5[nH]ccc5c4)c3)CC2)=C(c2ccc(Cl)cc2)C1,
CC1(C)CCC(CN2CC=[N+](c3ccc(C(=O)NS(=O)(=O)c4ccc(NCC5CCOCC5)c([N+](=O)[O-])c4)c(Oc4cnc5[nH]ccc5c4)c3)CC2)=C(c2ccc(Cl)cc2)C1,
CC1(C)CCC(CN2CCN(c3ccc(C(=O)NS(=O)(=O)c4ccc(NCC5CCOCC5)c([N+](=O)[O-])c4)c(Oc4cnc5[nH]ccc5c4)c3)CC2)=C(c2ccc(O)cc2)C1,
CC1(C)C=CC(CN2CCN(c3ccc(C(=O)NS(=O)(=O)c4ccc(NCC5CCOCC5)c([N+](=O)[O-])c4)c(Oc4cnc5[nH]ccc5c4)c3)CC2)=C(c2ccc(Cl)cc2)C1,
CC1(C)CC=C(CN2CCN(c3ccc(C(=O)NS(=O)(=O)c4ccc(NCC5CCOCC5)c([N+](=O)[O-])c4)c(Oc4cnc5[nH]ccc5c4)c3)CC2)C(O)(c2ccc(Cl)cc2)C1,
CC1(C)CCC(CN2CCN(C3=CC(=O)C(C(=O)NS(=O)(=O)c4ccc(NCC5CCOCC5)c([N+](=O)[O-])c4)=CC3)CC2)=C(c2ccc(Cl)cc2)C1,
Oc1cnc2[nH]ccc2c1,
CC1(C)CCC(CN2C=CN(c3ccc(C(=O)NS(=O)(=O)c4ccc(NCC5CCOCC5)c([N+](=O)[O-])c4)c(Oc4cnc5[nH]ccc5c4)c3)CC2)=C(c2ccc(Cl)cc2)C1,
CC1(C)CCC(C[N+]2=CCN(c3ccc(C(=O)NS(=O)(=O)c4ccc(NCC5CCOCC5)c([N+](=O)[O-])c4)c(Oc4cnc5[nH]ccc5c4)c3)CC2)=C(c2ccc(Cl)cc2)C1,
CC1(C)CCC(CN2CCN(c3cc(O)c(C(=O)NS(=O)(=O)c4ccc(NCC5CCOCC5)c([N+](=O)[O-])c4)c(Oc4cnc5[nH]ccc5c4)c3)CC2)=C(c2ccc(Cl)cc2)C1,
CC1(C)OC2COC3(COS(N)(=O)=O)OC(C)(C)OC3C2O1,CC1(C)O[C@@H]2CO[C@@]3(COS(N)(=O)=O)OC(C)(C)O[C@H]3[C@@H]2O1
CC(=O)NS(=O)(=O)OCC12OCC3OC(C)(C)OC3C1OC(C)(C)O2,
CC1(C)OC2C3OC(C)(C(=O)O)OC3COC2(COS(N)(=O)=O)O1,
CC(C)(O)OC1COC2(COS(N)(=O)=O)OC(C)(C)OC2C1=O,
CC(C)(O)OC1C(=O)COC2(COS(N)(=O)=O)OC(C)(C)OC12,
CC1(C)OC2C3OC(C)(CO)OC3COC2(COS(N)(=O)=O)O1,
CC1(C)OC2COC3(COS(N)(=O)=O)OC(C)(CO)OC3C2O1,
CC1(C)OC2COC3(COS(N)(=O)=O)OC(C)(C)OC3(O)C2O1,
CC(C)(O)OC1C2OC(C)(C)OC2COC1(O)COS(N)(=O)=O,
CC(C)(O)OC1(COS(N)(=O)=O)OCC2OC(C)(C)OC2C1=O,
CC1(C)OC2COC3(COS(N)(=O)=O)OC(C)(C(=O)O)OC3C2O1,
CC1(C)OC2COC3(C(O)OS(N)(=O)=O)OC(C)(C)OC3C2O1,
CC1(C)OC(C=O)C(C2OC(C)(C)OC2(O)COS(N)(=O)=O)O1,
CC1(C)OC2C(O)OC3(COS(N)(=O)=O)OC(C)(C)OC3C2O1,
CC1(C)OC2C(COS(N)(=O)=O)(OCC3OC(C)(C)OC32O)O1,
CC1(C)OC2C3OC(C)(C)OC3(COS(N)(=O)=O)OCC2(O)O1,
CC1(C)OC2=C3OC(C)(C)OC3(COS(N)(=O)=O)OCC2O1,
CC1(C)OC2=COC3(COS(N)(=O)=O)OC(C)(C)OC3C2O1,
CC1(C)OC2=C(O1)C1OC(C)(C)OC1(COS(N)(=O)=O)OC2,
CC1(C)SC2C(NC(=O)C(N)c3ccc(O)cc3)C(=O)N2C1C(=O)O,CC1(C)S[C@@H]2[C@H](NC(=O)[C@H](N)c3ccc(O)cc3)C(=O)N2[C@H]1C(=O)O
CC1(C)SC2C(NC(=O)C(N)c3ccc(OC4OC(C(=O)O)C(O)C(O)C4O)cc3)C(=O)N2C1C(=O)O,
CC1(C)SC2C(NC(=O)C(N)c3ccc(OS(=O)(=O)O)cc3)C(=O)N2C1C(=O)O,
CC1(C)SC2C(NC(=O)C(N)c3ccc(O)cc3)C(=O)N2C1C(=O)OC1OC(C(=O)O)C(O)C(O)C1O,
CC(=O)NC(C(=O)NC1C(=O)N2C1SC(C)(C)C2C(=O)O)c1ccc(O)cc1,
NC(C(=O)O)c1ccc(O)cc1,
CC1(C)SC2C(N)C(=O)N2C1C(=O)O,
CC1(C)SC2C(N(O)C(=O)C(N)c3ccc(O)cc3)C(=O)N2C1C(=O)O,
CC1(C)SC2C(NC(=O)C(N)c3ccc(O)c(O)c3)C(=O)N2C1C(=O)O,
CC1(C)SC2C(NC(=O)C(NC3OC(C(=O)O)C(O)C(O)C3O)c3ccc(O)cc3)C(=O)N2C1C(=O)O,
CC1(C)CN2C(=O)C(NC(=O)C(N)c3ccc(O)cc3)C2S1,
CC1(C)SC2C(NC(=O)C(N)c3ccc(O)cc3)C(=O)[N+]2([O-])C1C(=O)O,
CC1(C)SC2N(C(=O)C2(O)NC(=O)C(N)c2ccc(O)cc2)C1C(=O)O,
CC1(C)SC(C(NC(=O)C(N)c2ccc(O)cc2)C(=O)O)NC1C(=O)O,
CC1(C)SC2C(NC(=O)C(N)c3ccc(O)cc3)C(=O)N2C1(O)C(=O)O,
CC1(C)SC2N(C(=O)C23NC(=O)C(c2ccc(O)cc2)N3)C1C(=O)O,
CC1(C)SC2C(NC(=O)C(N)C3(O)C=CC(=O)C=C3)C(=O)N2C1C(=O)O,
CC1(C)SC2C(NC(=O)C(N)(O)c3ccc(O)cc3)C(=O)N2C1C(=O)O,
CC1(C)SC2C(NC(=O)C(=O)c3ccc(O)cc3)C(=O)N2C1C(=O)O,
COc1ccc(C(N)C(=O)NC2C(=O)N3C2SC(C)(C)C3C(=O)O)cc1,
CC1(C)SC2C(NC(=O)C(NO)c3ccc(O)cc3)C(=O)N2C1C(=O)O,
CC1(CO)SC2C(NC(=O)C(N)c3ccc(O)cc3)C(=O)N2C1C(=O)O,
CC1(C(=O)O)SC2C(NC(=O)C(N)c3ccc(O)cc3)C(=O)N2C1C(=O)O,
CC(C)(SC1NC(=O)C1NC(=O)C(N)c1ccc(O)cc1)C(=O)C(=O)O,
CC1(C)SC(=O)C(NC(=O)C(N)c2ccc(O)cc2)C(=O)NC1C(=O)O,
CC1(C)SC23C(C(=O)N2C1C(=O)O)N3C(=O)C(N)c1ccc(O)cc1,
CC1(C)SC2C3C(=O)N2C1(C(=O)O)N3C(=O)C(N)c1ccc(O)cc1,
CC1(C)SC(=CNC(=O)C(N)c2ccc(O)cc2)N(C=O)C1C(=O)O,
CC(C)(S)C(C(=O)O)N1C(=O)C(NC(=O)C(N)c2ccc(O)cc2)C1=O,
CC1(C)SC2(O)C(NC(=O)C(N)c3ccc(O)cc3)C(=O)N2C1C(=O)O,
CC1(C)C(C(=O)O)N2C(=O)C(NC(=O)C(N)c3ccc(O)cc3)C2S1=O,
CC1(C)SC2C(NC(=O)C(N)c3ccc(O)cc3O)C(=O)N2C1C(=O)O,
CC1(C)SC2C(=O)C(=O)N2C1C(=O)O,
NC(=O)C(N)c1ccc(O)cc1,
[H]N=C(C(=O)NC1C(=O)N2C1SC(C)(C)C2C(=O)O)c1ccc(O)cc1,
CC1(C)SC2C(NC(=O)C(=[NH2+])c3ccc(O)cc3)C(=O)N2C1C(=O)O,
CC1(C)SC2C(NC(=O)C(N)c3ccc(O)cc3)C(=O)[N+]2=C1C(=O)O,
CC1(C)SC2=[N+](C(=O)C2NC(=O)C(N)c2ccc(O)cc2)C1C(=O)O,
CC1(C)SC2=C(NC(=O)C(N)c3ccc(O)cc3)C(=O)N2C1C(=O)O,
CC1(C)SC2C(=[NH+]C(=O)C(N)c3ccc(O)cc3)C(=O)N2C1C(=O)O,
CC1(C)SC2C(=NC(=O)C(N)c3ccc(O)cc3)C(=O)N2C1C(=O)O,
CCC1(c2ccccc2)C(=O)NC(=O)NC1=O,CCC1(c2ccccc2)C(=O)NC(=O)NC1=O
CCC1(c2ccccc2)C(=O)NC(=O)N(C2OC(C(=O)O)C(O)C(O)C2O)C1=O,
CCC1(c2ccc(O)c(OC)c2)C(=O)NC(=O)NC1=O,
CCC1(c2cccc(O)c2)C(=O)NC(=O)NC1=O,
CCC1(c2ccc(O)cc2)C(=O)NC(=O)NC1=O,
CC(O)C1(c2ccccc2)C(=O)NC(=O)NC1=O,
O=C1NC(=O)C(CCO)(c2ccccc2)C(=O)N1,
O=C(O)CC1(c2ccccc2)C(=O)NC(=O)NC1=O,
CCC(C(=O)O)(C(=O)NC(N)=O)c1ccccc1,
CCC1(c2ccccc2)C(=O)NC(=O)N(O)C1=O,
CCC(C(N)=O)(C(=O)NC(=O)O)c1ccccc1,
C=CC1(c2ccccc2)C(=O)NC(=O)NC1=O,
CCC1(c2ccccc2O)C(=O)NC(=O)NC1=O,
CCC(C(N)=O)(C(=O)NC=O)c1ccccc1,
CCC1Oc2ccccc2C1C(=O)c1cc(Br)c(O)c(Br)c1,CCC1Oc2ccccc2C1C(=O)c1cc(Br)c(O)c(Br)c1
CCC1Oc2ccccc2C1C(=O)c1cc(Br)c(OC2OC(C(=O)O)C(O)C(O)C2O)c(Br)c1,
CCC1Oc2ccccc2C1C(=O)c1cc(Br)c(OS(=O)(=O)O)c(Br)c1,
CCC1Oc2ccccc2C1C(=O)c1cc(Br)c(OC)c(Br)c1,
CCC1Oc2c(O)cccc2C1C(=O)c1cc(Br)c(O)c(Br)c1,
CCC1Oc2ccc(O)cc2C1C(=O)c1cc(Br)c(O)c(Br)c1,
CCC1Oc2cc(O)ccc2C1C(=O)c1cc(Br)c(O)c(Br)c1,
CCC1Oc2ccccc2C1C(=O)c1cc(Br)c(O)c(SCC(NC(=O)CCC(N)C(=O)O)C(=O)NCC(=O)O)c1,
CCC1Oc2ccccc2C1C(O)c1cc(Br)c(O)c(Br)c1,
O=C(O)CC1Oc2ccccc2C1C(=O)c1cc(Br)c(O)c(Br)c1,
CC(O)C1Oc2ccccc2C1C(=O)c1cc(Br)c(O)c(Br)c1,
O=C(c1cc(Br)c(O)c(Br)c1)C1c2ccccc2OC1CCO,
CCC(=O)C(C(=O)c1cc(Br)c(O)c(Br)c1)c1ccccc1O,
CCC1(O)Oc2ccccc2C1C(=O)c1cc(Br)c(O)c(Br)c1,
CCC(O)C(C(=O)c1cc(Br)c(O)c(Br)c1)c1ccccc1O,
CCC1Oc2ccccc2C1(O)C(=O)c1cc(Br)c(O)c(Br)c1,
CCC1Oc2ccccc2C1C(=O)C1(O)C=C(Br)C(=O)C(Br)=C1,
CCC1Oc2ccccc2C1C(=O)c1cc(O)c(O)c(Br)c1,
CCCC(C(=O)c1cc(Br)c(O)c(Br)c1)C1=CC(=O)C=CC1=O,
C=CC1Oc2ccccc2C1C(=O)c1cc(Br)c(O)c(Br)c1,
CCc1oc2ccccc2c1C(=O)c1cc(Br)c(O)c(Br)c1,
O=Cc1cc(Br)c(O)c(Br)c1,
CCc1cc2ccccc2o1,
CC=C1Oc2ccccc2C1C(=O)c1cc(Br)c(O)c(Br)c1,
CCC1Oc2cccc(O)c2C1C(=O)c1cc(Br)c(O)c(Br)c1,
CCC1Oc2ccccc2C1C(=O)c1cc(Br)c(O)c(Br)c1O,
CCCCCCCCc1ccc(CCC(N)(CO)CO)cc1,CCCCCCCCc1ccc(CCC(N)(CO)CO)cc1
CCCCCCCCc1ccc(CCC(CO)(CO)NC(C)=O)cc1,
NC(CO)(CO)CCc1ccc(CCCCCCCCO)cc1,
NC(CO)(CO)CCc1ccc(CCCCCCCC(=O)O)cc1,
CC(O)CCCCCCc1ccc(CCC(N)(CO)CO)cc1,
CCCCCCCCc1ccc(CCC(N)(CO)COS(=O)(=O)O)cc1,
CCCCCCCC(O)c1ccc(CCC(N)(CO)CO)cc1,
CCCCCCCCc1ccc(CCC(N)(CO)COC2OC(C(=O)O)C(O)C(O)C2O)cc1,
CCCCCCCCc1ccc(CCC(CO)(CO)NC2OC(C(=O)O)C(O)C(O)C2O)cc1,
C=CCCCCCCc1ccc(CCC(N)(CO)CO)cc1,
CCCCCCC=Cc1ccc(CCC(N)(CO)CO)cc1,
CCCCCCCCc1ccc(C(O)CC(N)(CO)CO)cc1,
CC=CCCCCCc1ccc(CCC(N)(CO)CO)cc1,
CCCC(O)CCCCc1ccc(CCC(N)(CO)CO)cc1,
CCCCCCC(O)Cc1ccc(CCC(N)(CO)CO)cc1,
CCCCCCCCc1ccc(CCC(N)(C=O)CO)cc1,
CCCCCCCCc1ccc(CCC(N)(CO)C(O)O)cc1,
CCCCCCCCc1ccc(CCC(N)(CO)C(=O)O)cc1,
CCC(O)CCCCCc1ccc(CCC(N)(CO)CO)cc1,
CCCCCCCCc1ccc(CC(O)C(N)(CO)CO)cc1,
CCCCCCCCc1ccc(CCC(CO)(CO)NO)cc1,
CCCCCCCCc1ccc(C=CC(N)(CO)CO)cc1,
CCCCCC(O)CCc1ccc(CCC(N)(CO)CO)cc1,
CCCCCC=CCc1ccc(CCC(N)(CO)CO)cc1,
CCCC=CCCCc1ccc(CCC(N)(CO)CO)cc1,
CCC=CCCCCc1ccc(CCC(N)(CO)CO)cc1,
CCCCC(O)CCCc1ccc(CCC(N)(CO)CO)cc1,
CCCCCCCCc1ccc(CCC(N)(CO)CO)cc1O,
CCCCCCCCc1ccc(CCC(N)(CO)CO)c(O)c1,
CCCCC=CCCc1ccc(CCC(N)(CO)CO)cc1,
CCCCNc1ccc(C(=O)OCCOCCOCCOCCOCCOCCOCCOCCOCCOC)cc1,CCCCNc1ccc(C(=O)OCCOCCOCCOCCOCCOCCOCCOCCOCCOC)cc1
CCCCNc1ccc(C(=O)OCCOCCOCCOCCOCCOCCOCCOCCOCCO)cc1,
CCCCNc1ccc(C(=O)OCCOCCOCCOCCOCCOCCOCCOCCOCC=O)cc1,
CCCCNc1ccc(C(=O)OCCOCCOCCOCCOCCOCCOCCOCCOCCOCO)cc1,
CCCCN(O)c1ccc(C(=O)OCCOCCOCCOCCOCCOCCOCCOCCOCCOC)cc1,
CCCC(O)Nc1ccc(C(=O)OCCOCCOCCOCCOCCOCCOCCOCCOCCOC)cc1,
COCCOCCOCCOCCOCCOCCOCCOCCOCCOC(=O)c1ccc(N)cc1,
CCCCO,
CCCC=O,
COCCOCCOCCOCCOCCOCCOCCOCCOCCO,
COCCOCCOCCOCCOCCOCCOCCOCCOCC=O,
CCCCNc1ccc(C(=O)O)cc1,
CCCCNc1ccc(C(=O)OCCOCCOCCOCCOCCOCCOCCOCCOCC(O)OC)cc1,
CCCCN(c1ccc(C(=O)OCCOCCOCCOCCOCCOCCOCCOCCOCCOC)cc1)C1OC(C(=O)O)C(O)C(O)C1O,
CCCCNc1ccc(C(=O)OCCOCCOCCOCCOCCOCCOCCOCC=O)cc1,
COCCO,
COCC=O,
CCCCNc1ccc(C(=O)OCCOCCOCCOCCOCCOCCOCCOCCOC(O)COC)cc1,
CCCCNc1ccc(C(=O)OCCOCCOCCOCCOCCOCCOCCOCCO)cc1,
COCCOCCOCCOCCOCCOCCOCCOCCOCCOC(=O)c1ccc(NCCCCO)cc1,
COCCOCCOCCOCCOCCOCCOCCOCCOCCOC(=O)c1ccc(NCCCC(=O)O)cc1,
COCCOCCOCCOCCOCCOCCOCCOCCOCCOC(=O)c1ccc(NCCC(C)O)cc1,
COCCOCCOCCO,
CCCCNc1ccc(C(=O)OCCOCCOCCOCCOCCOCC=O)cc1,
CCCCNc1ccc(C(=O)OCCOCCOCCOCCOCCOCC(O)OCCOCCOCCOC)cc1,
CCCCNc1ccc(C(=O)OCCOCCOCCOCCOCCOCCO)cc1,
COCCOCCOCC=O,
CCCCNc1ccc(C(=O)OCCOCCO)cc1,
CCCCNc1ccc(C(=O)OCCOCC=O)cc1,
COCCOCCOCCOCCOCCOCCOCC=O,
COCCOCCOCCOCCOCCOCCOCCO,
CCCCNc1ccc(C(=O)OCCOCCOC(O)COCCOCCOCCOCCOCCOCCOC)cc1,
COCCOCCO,
CCCCNc1ccc(C(=O)OCCOCCOCCOCCOCCOCCOCCO)cc1,
CCCCNc1ccc(C(=O)OCCOCCOCCOCCOCCOCCOCC=O)cc1,
CCCCNc1ccc(C(=O)OCCOCCOCCOCCOCCOCCOCCOC(O)COCCOC)cc1,
COCCOCC=O,
CCCCNc1ccc(C(=O)OCCOCCOCCOCCOCC=O)cc1,
CCCCNc1ccc(C(=O)OCCOCCOCCOCCOCCO)cc1,
COCCOCCOCCOCCOCCO,
CCCCNc1ccc(C(=O)OCCOCCOCCOCC=O)cc1,
CCCCNc1ccc(C(=O)OCCOCCOCCOCCO)cc1,
COCCOCCOCCOCC=O,
CCCCNc1ccc(C(=O)OCCOCCOCCOCCOCC(O)OCCOCCOCCOCCOC)cc1,
CCCCNc1ccc(C(=O)OCCOCCOCCOCC(O)OCCOCCOCCOCCOCCOC)cc1,
COCCOCCOCCOCCOCC=O,
COCCOCCOCCOCCO,
CCCCNc1ccc(C(=O)OCCOCCOCCOCCOCCOCCOC(O)COCCOCCOC)cc1,
CCC(O)CNc1ccc(C(=O)OCCOCCOCCOCCOCCOCCOCCOCCOCCOC)cc1,
CCCCNc1ccc(C(=O)OCC(O)OCCOCCOCCOCCOCCOCCOCCOCCOC)cc1,
CCCCNc1ccc(C(=O)OCCOC(O)COCCOCCOCCOCCOCCOCCOCCOC)cc1,
COCCOCCOCCOCCOCCOCCOCCOCC=O,
COCCOCCOCCOCCOCCOCCOCCOCCO,
CCCCNc1ccc(C(=O)OCC=O)cc1,
CCCCNc1ccc(C(=O)OCCO)cc1,
CCCCNc1ccc(C(=O)OCCOCCOCCOCCOCCOC(O)COCCOCCOCCOC)cc1,
CCCCNc1ccc(C(=O)OCCOCCOCCOCCOCCOCCOCC(O)OCCOCCOC)cc1,
CCCCNc1ccc(C(=O)OCCOCCOCCOCCOCCOCCOCCOCC(O)OCCOC)cc1,
CCCCNc1ccc(C(=O)OCCOCCOCCO)cc1,
COCCOCCOCCOCCOCCOCC=O,
COCCOCCOCCOCCOCCOCCO,
CCCCNc1ccc(C(=O)OCCOCCOCCOCCOCCOCCOCCOCCOCCOC)cc1O,
CCCCNc1ccc(C(=O)OCCOCCOCC(O)OCCOCCOCCOCCOCCOCCOC)cc1,
CCCCNc1ccc(C(=O)OCCOCCOCC=O)cc1,
CCCCNc1ccc(C(=O)OCCOCC(O)OCCOCCOCCOCCOCCOCCOCCOC)cc1,
CCCCNc1ccc(C(=O)OCCOCCOCCOC(O)COCCOCCOCCOCCOCCOC)cc1,
CCCCNc1ccc(C(=O)OCCOCCOCCOCCOC(O)COCCOCCOCCOCCOC)cc1,
CCCCNc1ccc(C(=O)OC(O)COCCOCCOCCOCCOCCOCCOCCOCCOC)cc1,
CCC=CNc1ccc(C(=O)OCCOCCOCCOCCOCCOCCOCCOCCOCCOC)cc1,
CCCC=[NH+]c1ccc(C(=O)OCCOCCOCCOCCOCCOCCOCCOCCOCCOC)cc1,
CCCC=Nc1ccc(C(=O)OCCOCCOCCOCCOCCOCCOCCOCCOCCOC)cc1,
CCCCNc1ccc(C(=O)OCCOCCOCCOCCOCCOCCOCCOCCOC=COC)cc1,
CC=CCNc1ccc(C(=O)OCCOCCOCCOCCOCCOCCOCCOCCOCCOC)cc1,
C=CCCNc1ccc(C(=O)OCCOCCOCCOCCOCCOCCOCCOCCOCCOC)cc1,
CCCCNc1ccc(C(=O)OCCOCCOCCOCCOCCOC=COCCOCCOCCOC)cc1,
CCCCNc1ccc(C(=O)OCCOCCOC=COCCOCCOCCOCCOCCOCCOC)cc1,
CCCCNc1ccc(C(=O)OCCOCCOCCOCCOCCOCCOCCOC=COCCOC)cc1,
CCCCNc1ccc(C(=O)OCCOCCOCCOCCOC=COCCOCCOCCOCCOC)cc1,
CCCCNc1ccc(C(=O)OCCOCCOCCOC=COCCOCCOCCOCCOCCOC)cc1,
CCCCNc1ccc(C(=O)OCCOCCOCCOCCOCCOCCOC=COCCOCCOC)cc1,
CCCCNc1ccc(C(=O)OCCOC=COCCOCCOCCOCCOCCOCCOCCOC)cc1,
CCCCNc1ccc(C(=O)OC=COCCOCCOCCOCCOCCOCCOCCOCCOC)cc1,
CCCCNc1ccc(C(=O)OCCOCCOCCOCCOCCOCCOCCOCCOCCOC)c(O)c1,
CCCCc1oc2ccccc2c1C(=O)c1cc(I)c(OCCN(CC)CC)c(I)c1,CCCCc1oc2ccccc2c1C(=O)c1cc(I)c(OCCN(CC)CC)c(I)c1
CCN(CC)CCOc1c(I)cc(C(=O)c2c(CCCC(=O)O)oc3ccccc23)cc1I,
CCN(CC)CCOc1c(I)cc(C(=O)c2c(CCCCO)oc3ccccc23)cc1I,
CCN(CC)CCOc1c(I)cc(C(=O)c2c(CCC(C)O)oc3ccccc23)cc1I,
CCCCc1oc2ccccc2c1C(=O)c1cc(I)c(OCCN(CC)C(C)O)c(I)c1,
CCO,
CCCCc1oc2ccccc2c1C(=O)c1cc(I)c(OCCNCC)c(I)c1,
CC=O,
CCCCc1oc2ccccc2c1C(=O)c1cc(I)c(OCC[N+]([O-])(CC)CC)c(I)c1,
CCN(CC)CCO,
CCCCc1oc2ccccc2c1C(=O)c1cc(I)c(OC(O)CN(CC)CC)c(I)c1,
CCCCc1oc2ccccc2c1C(=O)c1cc(I)c(O)c(I)c1,
CCN(CC)CC=O,
CCNCC,
CCCCc1oc2ccccc2c1C(=O)c1cc(I)c(OCC=O)c(I)c1,
CCCCc1oc2ccccc2c1C(=O)c1cc(I)c(OCCO)c(I)c1,
CCCCc1oc2ccccc2c1C(=O)c1cc(I)c(OCC(O)N(CC)CC)c(I)c1,
CCCCc1oc2ccc(O)cc2c1C(=O)c1cc(I)c(OCCN(CC)CC)c(I)c1,
CCCCc1oc2c(O)cccc2c1C(=O)c1cc(I)c(OCCN(CC)CC)c(I)c1,
CCCCc1oc2cc(O)ccc2c1C(=O)c1cc(I)c(OCCN(CC)CC)c(I)c1,
C=CCCc1oc2ccccc2c1C(=O)c1cc(I)c(OCCN(CC)CC)c(I)c1,
CC=CCc1oc2ccccc2c1C(=O)c1cc(I)c(OCCN(CC)CC)c(I)c1,
CC=[N+](CC)CCOc1c(I)cc(C(=O)c2c(CCCC)oc3ccccc23)cc1I,
C=CN(CC)CCOc1c(I)cc(C(=O)c2c(CCCC)oc3ccccc23)cc1I,
CCCCc1oc2ccccc2c1C(=O)c1cc(I)c(OC=CN(CC)CC)c(I)c1,
CCCCc1oc2ccccc2c1C(=O)C1(O)C=C(I)C(=O)C(I)=C1,
CCN(CC)CC,
CCCCc1oc2ccccc2c1C(=O)c1cc(I)c(OCC=[N+](CC)CC)c(I)c1,
CCC(O)Cc1oc2ccccc2c1C(=O)c1cc(I)c(OCCN(CC)CC)c(I)c1,
CCCC(O)c1oc2ccccc2c1C(=O)c1cc(I)c(OCCN(CC)CC)c(I)c1,
CCCCc1oc2ccccc2c1C(=O)c1cc(I)c(OCCN(CC)CCO)c(I)c1,
CCCCc1oc2ccccc2c1C(O)c1cc(I)c(OCCN(CC)CC)c(I)c1,
CCCCc1oc2cccc(O)c2c1C(=O)c1cc(I)c(OCCN(CC)CC)c(I)c1,
CCC=Cc1oc2ccccc2c1C(=O)c1cc(I)c(OCCN(CC)CC)c(I)c1,
CCCCc1oc2ccccc2c1C(=O)c1ccc(OCCN(CC)CC)c(I)c1,
CCCCc1oc2ccccc2c1C(=O)c1cc(I)c(OCCN(CC)CC)c(SCC(NC(=O)CCC(N)C(=O)O)C(=O)NCC(=O)O)c1,
CCCCc1oc2ccccc2c1C(=O)c1cc(O)c(OCCN(CC)CC)c(I)c1,
CCCCc1oc2ccccc2c1C(=O)c1cc(I)c(OCCN(CC)CC)c(I)c1O,
CCCSc1nc(NC2CC2c2ccc(F)c(F)c2)c2nnn(C3CC(OCCO)C(O)C3O)c2n1,CCCSc1nc(N[C@@H]2C[C@H]2c2ccc(F)c(F)c2)c2nnn([C@@H]3C[C@H](OCCO)[C@@H](O)[C@H]3O)c2n1
CCCSc1nc(NC2CC2c2ccc(F)c(F)c2)c2nnn(C3CC(OCCOS(=O)(=O)O)C(O)C3O)c2n1,
CCCSc1nc(NC2CC2c2ccc(F)c(F)c2)c2nnn(C3CC(OCCOC4OC(C(=O)O)C(O)C(O)C4O)C(O)C3O)c2n1,
CCCSc1nc(NC2CC2c2ccc(F)c(F)c2)c2nnn(C3CC(OCCO)C(OC4OC(C(=O)O)C(O)C(O)C4O)C3O)c2n1,
CCCSc1nc(NC2CC2c2ccc(F)c(F)c2)c2nnn(C3CC(OCC=O)C(O)C3O)c2n1,
CCCSc1nc(NC2CC2c2ccc(F)c(F)c2)c2nnn(C3CC(OCC(=O)O)C(O)C3O)c2n1,
CCCSc1nc(NC2CC2c2ccc(F)c(F)c2)c2nnn(C3CC(OCC(O)O)C(O)C3O)c2n1,
CCCSc1nc(NC2CC2c2ccc(F)c(F)c2)c2nnn(C3CC(=O)C(O)C3O)c2n1,
CCCSc1nc(NC2CC2c2ccc(F)c(F)c2)c2nnn(C3CC(OC(O)CO)C(O)C3O)c2n1,
O=CCO,
OCCO,
CCCSc1nc(NC2CC2c2ccc(F)c(F)c2)c2nnn(C3CC(O)C(O)C3O)c2n1,
O=C1CC1c1ccc(F)c(F)c1,
CCCSc1nc(N)c2nnn(C3CC(OCCO)C(O)C3O)c2n1,
CCCSc1nc(NC2(O)CC2c2ccc(F)c(F)c2)c2nnn(C3CC(OCCO)C(O)C3O)c2n1,
CCCSc1nc(N(O)C2CC2c2ccc(F)c(F)c2)c2nnn(C3CC(OCCO)C(O)C3O)c2n1,
CCCSc1nc(NC2CC2c2ccc(F)c(F)c2)c2nnn(C3CC(OCCO)C(O)C3OC3OC(C(=O)O)C(O)C(O)C3O)c2n1,
CCCS(=O)c1nc(NC2CC2c2ccc(F)c(F)c2)c2nnn(C3CC(OCCO)C(O)C3O)c2n1,
CCCO,
OCCOC1CC(n2nnc3c(NC4CC4c4ccc(F)c(F)c4)nc(S)nc32)C(O)C1O,
OCCCSc1nc(NC2CC2c2ccc(F)c(F)c2)c2nnn(C3CC(OCCO)C(O)C3O)c2n1,
CC(O)CSc1nc(NC2CC2c2ccc(F)c(F)c2)c2nnn(C3CC(OCCO)C(O)C3O)c2n1,
CCC(O)Sc1nc(NC2CC2c2ccc(F)c(F)c2)c2nnn(C3CC(OCCO)C(O)C3O)c2n1,
O=C(O)CCSc1nc(NC2CC2c2ccc(F)c(F)c2)c2nnn(C3CC(OCCO)C(O)C3O)c2n1,
CCCSc1nc(NC2CC2c2ccc(F)c(F)c2)c2nnn(C3CC(OC=CO)C(O)C3O)c2n1,
CCCSc1nc(NC2CC2c2cc(O)c(F)c(F)c2)c2nnn(C3CC(OCCO)C(O)C3O)c2n1,
CCCSc1nc(NC2=C(c3ccc(F)c(F)c3)C2)c2nnn(C3CC(OCCO)C(O)C3O)c2n1,
CCCSc1nc(NC2=CC2c2ccc(F)c(F)c2)c2nnn(C3CC(OCCO)C(O)C3O)c2n1,
CCCSc1nc(N=C2CC2c2ccc(F)c(F)c2)c2nnn(C3CC(OCCO)C(O)C3O)c2n1,
CCCSc1nc([NH+]=C2CC2c2ccc(F)c(F)c2)c2nnn(C3CC(OCCO)C(O)C3O)c2n1,
CCCSc1nc(NC2CC2(O)c2ccc(F)c(F)c2)c2nnn(C3CC(OCCO)C(O)C3O)c2n1,
CCCSc1nc(N(C2CC2c2ccc(F)c(F)c2)C2OC(C(=O)O)C(O)C(O)C2O)c2nnn(C3CC(OCCO)C(O)C3O)c2n1,
CCCSc1nc(NC2C(O)C2c2ccc(F)c(F)c2)c2nnn(C3CC(OCCO)C(O)C3O)c2n1,
NC1CC1c1ccc(F)c(F)c1,
CCCSc1nc2c(nnn2C2CC(OCCO)C(O)C2O)c(=O)[nH]1,
CCCSc1nc(NC2CC2c2ccc(F)c(F)c2)c2c(n1)n(C1CC(OCCO)C(O)C1O)n[n+]2[O-],
CCCSc1nc(NC2CC2c2cc(F)c(F)cc2O)c2nnn(C3CC(OCCO)C(O)C3O)c2n1,
CCCSc1nc(NC2CC2c2ccc(F)c(F)c2O)c2nnn(C3CC(OCCO)C(O)C3O)c2n1,
CCCSc1nc(NC2CC2c2ccc(F)c(F)c2)c2nnn(C3CC(OCCO)C(O)C3O)c2[n+]1[O-],
CCCSc1nc(NC2CC2c2ccc(F)c(F)c2)c2nn[nH]c2n1,
O=C1CC(OCCO)C(O)C1O,
CCCSc1nc(NC2CC2c2ccc(F)c(F)c2)c2c(n1)[N+]([O-])(C1CC(OCCO)C(O)C1O)N=N2,
CCCSc1nc(NC2CC2c2ccc(F)c(F)c2)c2nnn(C3CC(OCCO)C(O)C3O)c2[n+]1C1OC(C(=O)O)C(O)C(O)C1O,
CCCSc1nc2c(nnn2C2CC(OCCO)C(O)C2O)c(NC2CC2c2ccc(F)c(F)c2)[n+]1[O-],
CCCSc1nc(NC2CC2c2ccc(F)c(F)c2)c2n[n+](C3OC(C(=O)O)C(O)C(O)C3O)n(C3CC(OCCO)C(O)C3O)c2n1,
CCCSc1nc(NC2CC2c2ccc(F)c(F)c2)c2nnn(C3CC(OCCO)C(=O)C3O)c2n1,
CCCSc1nc(NC2CC2c2ccc(F)c(F)c2)c2nnn(C3CC(OCCO)C(O)(O)C3O)c2n1,
CC=CSc1nc(NC2CC2c2ccc(F)c(F)c2)c2nnn(C3CC(OCCO)C(O)C3O)c2n1,
CCCSc1nc2c(nnn2C2CC(OCCO)C(O)C2O)c(NC2CC2c2ccc(F)c(F)c2)[n+]1C1OC(C(=O)O)C(O)C(O)C1O,
CCCSc1nc(NC2CC2c2ccc(O)c(F)c2)c2nnn(C3CC(OCCO)C(O)C3O)c2n1,
C=CCSc1nc(NC2CC2c2ccc(F)c(F)c2)c2nnn(C3CC(OCCO)C(O)C3O)c2n1,
CCCSc1nc(NC2CC2c2ccc(F)c(F)c2)c2nnn(C3CC(O)(OCCO)C(O)C3O)c2n1,
CCCSc1nc(NC2CC2c2ccc(F)c(F)c2)c2c(n1)n(C1CC(OCCO)C(O)C1O)n[n+]2C1OC(C(=O)O)C(O)C(O)C1O,
CCCSc1nc(NC2CC2c2ccc(F)c(F)c2)c2nnn(C3C(O)C(O)C(OCCO)C3O)c2n1,
CCCSc1nc(NC2C=C2c2ccc(F)c(F)c2)c2nnn(C3CC(OCCO)C(O)C3O)c2n1,
CCCSc1nc(NC2CC2c2ccc(F)c(F)c2)c2nnn(C3CC(OCCO)C(O)C3=O)c2n1,
CCCSc1nc(NC2CC2c2ccc(F)c(F)c2)c2nnn(C3=CC(O)C(OCCO)C3)c2n1,
CCCSc1nc(NC2CC2c2ccc(F)c(F)c2)c2nnn(C3CC(OCCO)C(O)C3(O)O)c2n1,
CCCSc1nc(NC2CC2c2ccc(F)c(F)c2)c2nnn(C3(O)CC(OCCO)C(O)C3O)c2n1,
CCCSc1nc(NC2CC2c2ccc(F)c(F)c2)c2nnn(C3CC(OCCO)C(O)=C3O)c2n1,
CCCSc1nc(NC2CC2c2ccc(F)c(F)c2)c2nnn(C3CC(OCCO)=C(O)C3O)c2n1,
CCCSc1nc(NC2CC2c2ccc(F)c(O)c2)c2nnn(C3CC(OCCO)C(O)C3O)c2n1,
CCCSc1nc(NC2CC2c2ccc(F)c(F)c2)c2nnn(C3C=C(OCCO)C(O)C3O)c2n1,
CCCSc1nc(NC2CC2c2ccc(F)c(F)c2)c2nnn(C3=C(O)C(O)C(OCCO)C3)c2n1,
CCCSc1nc(NC2CC2c2ccc(F)c(F)c2)c2nnn(C3=CC(OCCO)C(O)C3O)c2n1,
CCCC1CC(C(=O)NC(C(C)Cl)C2OC(SC)C(O)C(O)C2O)N(C)C1,CCC[C@@H]1C[C@@H](C(=O)NC(C(C)Cl)[C@H]2O[C@H](SC)[C@H](O)[C@@H](O)[C@H]2O)N(C)C1
CCCC1CC(C(=O)NC(C(C)Cl)C2OC(SC)C(O)C(O)C2O)[N+](C)(C2OC(C(=O)O)C(O)C(O)C2O)C1,
CCCC1CC(C(=O)NC(C(C)Cl)C2OC(SCO)C(O)C(O)C2O)N(C)C1,
CCCC1CC(C(=O)NC(C(C)Cl)C2OC(S)C(O)C(O)C2O)N(C)C1,
CCCC1CC(C(=O)NC(C(C)Cl)C2OC(=O)C(O)C(O)C2O)N(C)C1,
CCCC1CC(C(=O)NC(C(C)Cl)C2OC(S(C)=O)C(O)C(O)C2O)N(C)C1,
CSC1OC(C(NC(=O)C2CC(CC(C)O)CN2C)C(C)Cl)C(O)C(O)C1O,
CSC1OC(C(NC(=O)C2CC(CCC(=O)O)CN2C)C(C)Cl)C(O)C(O)C1O,
CSC1OC(C(NC(=O)C2CC(CCCO)CN2C)C(C)Cl)C(O)C(O)C1O,
CCCC1CC(C(=O)NC(C(C)Cl)C2OC(SC)C(O)C(O)C2O)N(C)C1O,
CCCC1CC(C(=O)NC(C(C)Cl)C2OC(SC)C(O)C(O)C2O)[N+](C)([O-])C1,
CCCC1CC(C(=O)NC(C(C)Cl)C2OC(SC)C(O)C(O)C2O)N(CO)C1,
CCCC1CNC(C(=O)NC(C(C)Cl)C2OC(SC)C(O)C(O)C2O)C1,
CCCC(C=O)CC(NC)C(=O)NC(C(C)Cl)C1OC(SC)C(O)C(O)C1O,
CSC1OC(C(N)C(C)Cl)C(O)C(O)C1O,
CCCC1CC(C(=O)N(O)C(C(C)Cl)C2OC(SC)C(O)C(O)C2O)N(C)C1,
CCCC1CC(C(=O)O)N(C)C1,
CCCC1CN(C)C(O)(C(=O)NC(C(C)Cl)C2OC(SC)C(O)C(O)C2O)C1,
CCCC1CC(C(=O)NC(C(C)Cl)C2OC(SC)C(=O)C(O)C2O)N(C)C1,
CCCC1CC(C(=O)NC(C(C)Cl)C2OC(SC)C(O)(O)C(O)C2O)N(C)C1,
CCCC1CC(C(=O)NC(C(Cl)CO)C2OC(SC)C(O)C(O)C2O)N(C)C1,
CCCC1CC(C(=O)NC(C(C)=O)C2OC(SC)C(O)C(O)C2O)N(C)C1,
CCCC1CC(C(=O)NC(C(C)O)C2OC(SC)C(O)C(O)C2O)N(C)C1,
CCCC1CC(C(=O)NC(C(C)Cl)C(O)C(O)C(O)C(O)C(=O)SC)N(C)C1,
CCCC1CC(C(=O)NC(C(=O)C(O)C(O)C(O)C(O)SC)C(C)Cl)N(C)C1,
CCCC1CC(C(=O)NC(O)(C(C)Cl)C2OC(SC)C(O)C(O)C2O)N(C)C1,
CCCC1CC(C(=O)NC(C2OC(SC)C(O)C(O)C2O)C(C)(O)Cl)N(C)C1,
CCCC(CNC)CC(=O)C(=O)NC(C(C)Cl)C1OC(SC)C(O)C(O)C1O,
CCCC1CC(C(=O)NC(C(C)Cl)C2OC(O)(SC)C(O)C(O)C2O)N(C)C1,
CCCC1CC(C(=O)NC(C(C)Cl)C2OC(SC)C(O)C(=O)C2O)N(C)C1,
CCCC1(O)CC(C(=O)NC(C(C)Cl)C2OC(SC)C(O)C(O)C2O)N(C)C1,
C=CCC1CC(C(=O)NC(C(C)Cl)C2OC(SC)C(O)C(O)C2O)N(C)C1,
CCCC1CC(C(=O)NC(C(C)Cl)C2OC(SC)C(O)C(O)C2(O)O)N(C)C1,
CCCC1CC(C(=O)NC(C(C)Cl)C2OC(SC)C(O)C(O)C2=O)N(C)C1,
CCC(O)C1CC(C(=O)NC(C(C)Cl)C2OC(SC)C(O)C(O)C2O)N(C)C1,
CC=CC1CC(C(=O)NC(C(C)Cl)C2OC(SC)C(O)C(O)C2O)N(C)C1,
CCCC1CC(C(=O)NC(C(C)Cl)C2OC(SC)C(O)C(O)(O)C2O)N(C)C1,
CSC1OC(C(=O)C(C)Cl)C(O)C(O)C1O,
CCCC1CC(C(N)=O)N(C)C1,
CCCC1CC(C(=O)NC(C(C)Cl)C2(O)OC(SC)C(O)C(O)C2O)N(C)C1,
CCCC1CC2C(=O)N(C(C(C)Cl)C3OC(SC)C(O)C(O)C3O)C1N2C,
CCCC1C=[N+](C)C(C(=O)NC(C(C)Cl)C2OC(SC)C(O)C(O)C2O)C1,
CCCC1CC2C(=O)N(C(C(C)Cl)C3OC(SC)C(O)C(O)C3O)CN2C1,
CCCC1=CN(C)C(C(=O)NC(C(C)Cl)C2OC(SC)C(O)C(O)C2O)C1,
C=[N+]1CC(CCC)CC1C(=O)NC(C(C)Cl)C1OC(SC)C(O)C(O)C1O,
CSC1OC(C(NC=O)C(C)Cl)C(O)C(O)C1O,
CCCC1C=CN(C)C1,
CCCC1CC(C(=O)NC(C(C)Cl)C2OC(SC)=C(O)C(O)C2O)N(C)C1,
CCCC1CC(C(=O)NC(C(C)Cl)C2OC(SC)C(O)=C(O)C2O)N(C)C1,
CCCC1CN(C)C(C(=O)NC(C(C)Cl)C2OC(SC)C(O)C(O)C2O)C1O,
C=C(Cl)C(NC(=O)C1CC(CCC)CN1C)C1OC(SC)C(O)C(O)C1O,
CCCC1CC(C(=O)NC(=C(C)Cl)C2OC(SC)C(O)C(O)C2O)N(C)C1,
CCCC1CC(C(=O)NC(C(C)Cl)C2OC(SC)C(O)C(O)C2O)=[N+](C)C1,
CCC=C1CC(C(=O)NC(C(C)Cl)C2OC(SC)C(O)C(O)C2O)N(C)C1,
CCCC1=CC(C(=O)NC(C(C)Cl)C2OC(SC)C(O)C(O)C2O)N(C)C1,
CCCC1CC(C(=O)NC(C2=C(O)C(O)C(O)C(SC)O2)C(C)Cl)N(C)C1,
CCCC1CC(C(=O)NC(C(C)Cl)C2OC(SC)C(O)C(O)=C2O)N(C)C1,
CCCC1C=C(C(=O)NC(C(C)Cl)C2OC(SC)C(O)C(O)C2O)N(C)C1,
CCCC1CC(C(=O)N=C(C(C)Cl)C2OC(SC)C(O)C(O)C2O)N(C)C1,
CCCC1CC(C(=O)[NH+]=C(C(C)Cl)C2OC(SC)C(O)C(O)C2O)N(C)C1,
CCCC1CC(C(=O)NC(=C2OC(SC)C(O)C(O)C2O)C(C)Cl)N(C)C1,
CCN(CC)CCNC(=O)c1cc(Cl)c(N)cc1OC,CCN(CC)CCNC(=O)c1cc(Cl)c(N)cc1OC
CCN(CC)CCNC(=O)c1cc(Cl)c(NC(C)=O)cc1OC,
CCNCCNC(=O)c1cc(Cl)c(N)cc1OC,
CCO,
CCN(CCNC(=O)c1cc(Cl)c(N)cc1OC)C(C)O,
CC[N+]([O-])(CC)CCNC(=O)c1cc(Cl)c(N)cc1OC,
CC=O,
CCN(CC)CCNC(=O)c1cc(Cl)c(NC2OC(C(=O)O)C(O)C(O)C2O)cc1OC,
CCN(CC)CCNC(=O)c1cc(Cl)c(NS(=O)(=O)O)cc1OC,
CCN(CC)CCNC(=O)c1cc(Cl)c(NO)cc1OC,
CCN(CC)CCNC(=O)c1cc(Cl)c(N)c(O)c1OC,
COc1cc(N)c(Cl)cc1C(N)=O,
CCNCC,
CCN(CC)C(O)CNC(=O)c1cc(Cl)c(N)cc1OC,
CCN(CC)CCO,
COc1cc(N)c(Cl)cc1C(=O)NCCO,
COc1cc(N)c(Cl)cc1C(=O)NCC=O,
CCN(CC)CCNC(=O)c1c(OC)cc(N)c(Cl)c1O,
CC=[N+](CC)CCNC(=O)c1cc(Cl)c(N)cc1OC,
C=CN(CC)CCNC(=O)c1cc(Cl)c(N)cc1OC,
CCN1CCN(C(=O)c2cc(Cl)c(N)cc2OC)C1C,
CCN(CC)CCNC(=O)c1cc(SCC(NC(=O)CCC(N)C(=O)O)C(=O)NCC(=O)O)c(N)cc1OC,
CCN(C=CNC(=O)c1cc(Cl)c(N)cc1OC)CC,
CC[N+](=CCNC(=O)c1cc(Cl)c(N)cc1OC)CC,
CCN(CC)CCNC(=O)C1=CC(=O)C(N)=CC1=O,
COc1cc(N)c(Cl)cc1C(=O)O,
CCN(CC)CCN(O)C(=O)c1cc(Cl)c(N)cc1OC,
CCN(CC)CCN,
CCN(CC)CCNC(=O)c1cc(Cl)c(N)cc1O,
CCN(CC)CCNC(=O)c1cc(Cl)c(N)cc1OCO,
CCN(CCO)CCNC(=O)c1cc(Cl)c(N)cc1OC,
CCN(CC)CC=O,
CCN(CC)CC(O)NC(=O)c1cc(Cl)c(N)cc1OC,
CCN(CC)CCNC(=O)c1cc(O)c(N)cc1OC,
CCN(CC)CC=[NH+]C(=O)c1cc(Cl)c(N)cc1OC,
CCN(CC)CC=NC(=O)c1cc(Cl)c(N)cc1OC,
CCN(CC)CCOC(=O)c1ccc(N)cc1,CCN(CC)CCOC(=O)c1ccc(N)cc1
CCN(CC)CCOC(=O)c1ccc(NC(C)=O)cc1,
CCN(CC)CCOC(=O)c1ccc(NS(=O)(=O)O)cc1,
CCN(CC)CCOC(=O)c1ccc(NC2OC(C(=O)O)C(O)C(O)C2O)cc1,
Nc1ccc(C(=O)OCCO)cc1,
Nc1ccc(C(=O)OCC=O)cc1,
CCN(CC)C(O)COC(=O)c1ccc(N)cc1,
CCNCC,
CC[N+]([O-])(CC)CCOC(=O)c1ccc(N)cc1,
Nc1ccc(C(=O)O)cc1,
CCN(CC)CC=O,
CCNCCOC(=O)c1ccc(N)cc1,
CCN(CCOC(=O)c1ccc(N)cc1)C(C)O,
CC=O,
CCO,
CCN(CC)CCO,
CCN(CC)CC(O)OC(=O)c1ccc(N)cc1,
CCN(CC)CCOC(=O)c1ccc(NO)cc1,
CCN(CC)CCOC(=O)c1ccc(N)c(O)c1,
CCN(CC)CCOC(=O)c1ccc([N+](=O)[O-])cc1,
CC[N+](=CCOC(=O)c1ccc(N)cc1)CC,
CCN(C=COC(=O)c1ccc(N)cc1)CC,
CCN(CC)CCOC(=O)c1ccc(N)cc1O,
CC=[N+](CC)CCOC(=O)c1ccc(N)cc1,
C=CN(CC)CCOC(=O)c1ccc(N)cc1,
CCN(CCO)CCOC(=O)c1ccc(N)cc1,
CCN(c1cc(-c2ccc(CN3CCOCC3)cc2)cc(C(=O)NCc2c(C)cc(C)[nH]c2=O)c1C)C1CCOCC1,CCN(c1cc(-c2ccc(CN3CCOCC3)cc2)cc(C(=O)NCc2c(C)cc(C)[nH]c2=O)c1C)C1CCOCC1
CCN(c1cc(-c2ccc(CO)cc2)cc(C(=O)NCc2c(C)cc(C)[nH]c2=O)c1C)C1CCOCC1,
CCN(c1cc(-c2ccc(C=O)cc2)cc(C(=O)NCc2c(C)cc(C)[nH]c2=O)c1C)C1CCOCC1,
C1COCCN1,
CCN(c1cc(-c2ccc(C[N+]3([O-])CCOCC3)cc2)cc(C(=O)NCc2c(C)cc(C)[nH]c2=O)c1C)C1CCOCC1,
CCN(c1cc(-c2ccc(C(O)N3CCOCC3)cc2)cc(C(=O)NCc2c(C)cc(C)[nH]c2=O)c1C)C1CCOCC1,
CCN(c1cc(-c2ccc(CN3CCOCC3=O)cc2)cc(C(=O)NCc2c(C)cc(C)[nH]c2=O)c1C)C1CCOCC1,
CCN(c1cc(-c2ccc(CNCCO)cc2)cc(C(=O)NCc2c(C)cc(C)[nH]c2=O)c1C)C1CCOCC1,
CCN(c1cc(-c2ccc(CN3CCOCC3O)cc2)cc(C(=O)NCc2c(C)cc(C)[nH]c2=O)c1C)C1CCOCC1,
CCN(c1cc(-c2ccc(CNCCOCC=O)cc2)cc(C(=O)NCc2c(C)cc(C)[nH]c2=O)c1C)C1CCOCC1,
CCN(c1cc(-c2ccc(CN(CCO)CCO)cc2)cc(C(=O)NCc2c(C)cc(C)[nH]c2=O)c1C)C1CCOCC1,
CCN(c1cc(-c2ccc(CN3CCOC(O)C3)cc2)cc(C(=O)NCc2c(C)cc(C)[nH]c2=O)c1C)C1CCOCC1,
CCN(c1cc(-c2ccc(CN(CC=O)CCO)cc2)cc(C(=O)NCc2c(C)cc(C)[nH]c2=O)c1C)C1CCOCC1,
CCN(c1cc(-c2ccc(CN3CCOCC3)cc2)c(O)c(C(=O)NCc2c(C)cc(C)[nH]c2=O)c1C)C1CCOCC1,
Cc1cc(C)c(CNC(=O)c2cc(-c3ccc(CN4CCOCC4)cc3)cc(NC3CCOCC3)c2C)c(=O)[nH]1,
CCN(c1cc(-c2ccc(CN3CCOCC3)cc2)cc(C(=O)NCc2c(C)cc(C)[nH]c2=O)c1C)C1CCOCC1O,
CCNc1cc(-c2ccc(CN3CCOCC3)cc2)cc(C(=O)NCc2c(C)cc(C)[nH]c2=O)c1C,
CCO,
CCN(c1cc(-c2ccc(CN3CCOCC3)cc2)cc(C(=O)NCc2c(C)cc(C)[nH]c2=O)c1C)C1(O)CCOCC1,
CC[N+]([O-])(c1cc(-c2ccc(CN3CCOCC3)cc2)cc(C(=O)NCc2c(C)cc(C)[nH]c2=O)c1C)C1CCOCC1,
O=C1CCOCC1,
CC=O,
CCN(c1cc(-c2ccc(CN3CCOCC3)cc2)cc(C(=O)N(O)Cc2c(C)cc(C)[nH]c2=O)c1C)C1CCOCC1,
Cc1cc(C)c(CO)c(=O)[nH]1,
Cc1cc(C)c(CN)c(=O)[nH]1,
CCN(c1cc(-c2ccc(CN3CCOCC3)cc2)cc(C(N)=O)c1C)C1CCOCC1,
CCN(c1c(C)c(C(=O)NCc2c(C)cc(C)[nH]c2=O)cc(-c2ccc(CN3CCOCC3)cc2)c1O)C1CCOCC1,
CCN(c1cc(-c2ccc(CN3CCOCC3)cc2)cc(C(=O)O)c1C)C1CCOCC1,
CCN(c1cc(-c2ccc(CN3CCOCC3)cc2)cc(C(=O)NCc2c(C)cc(C(=O)O)[nH]c2=O)c1C)C1CCOCC1,
CCN(c1cc(-c2ccc(CN3CCOCC3)cc2)cc(C(=O)NCc2c(C)cc(CO)[nH]c2=O)c1C)C1CCOCC1,
CCN(c1cc(-c2ccc(CN3CCOCC3)cc2)cc(C(=O)NCc2c(C)c(O)c(C)[nH]c2=O)c1C)C1CCOCC1,
Cc1cc(C)c(CNC(=O)c2cc(-c3ccc(CN4CCOCC4)cc3)cc(N(C(C)O)C3CCOCC3)c2C)c(=O)[nH]1,
CCN(c1cc(-c2ccc(CN3CCOCC3)cc2)cc(C(=O)NCc2c(C)cc(C)[nH]c2=O)c1C)C(CCO)CCO,
CCN(c1cc(-c2ccc(CN3CCOCC3)cc2)cc(C(=O)NCc2c(C)cc(C)[nH]c2=O)c1C)C(CC=O)CCO,
CCN(c1cc(-c2ccc(CN3CCOCC3)cc2)cc(C(=O)NCc2c(C)cc(C)[nH]c2=O)c1C)C1CCOC(O)C1,
CCN(c1cc(-c2ccc(CN3CCOCC3)cc2)cc(C(=O)NC(O)c2c(C)cc(C)[nH]c2=O)c1C)C1CCOCC1,
Cc1cc(C)c(C=O)c(=O)[nH]1,
CCN(c1cc(-c2ccc(CN3CCOCC3)cc2)cc(C(=O)NCc2c(CO)cc(C)[nH]c2=O)c1C)C1CCOCC1,
CCN(c1cc(-c2ccc(CN3CCOCC3)cc2)cc(C(=O)NCc2c(C(=O)O)cc(C)[nH]c2=O)c1C)C1CCOCC1,
CCN(c1cc(-c2ccc(C=[N+]3CCOCC3)cc2)cc(C(=O)NCc2c(C)cc(C)[nH]c2=O)c1C)C1CCOCC1,
CCN(c1cc(-c2ccc(CN3CCOCC3)cc2)cc(C(=O)NCc2c(C)cc(C)n(C3OC(C(=O)O)C(O)C(O)C3O)c2=O)c1C)C1CCOCC1,
CCN(c1cc(-c2ccc(C[N+]3=CCOCC3)cc2)cc(C(=O)NCc2c(C)cc(C)[nH]c2=O)c1C)C1CCOCC1,
CCN(c1cc(-c2ccc(CN3C=COCC3)cc2)cc(C(=O)NCc2c(C)cc(C)[nH]c2=O)c1C)C1CCOCC1,
CCN(c1cc(-c2ccc(CN3CCOCC3)cc2)cc(C(=O)NCc2c(C)cc(C)[nH]c2=O)c1CO)C1CCOCC1,
CCN(c1cc(-c2ccc(CN3CCOCC3)cc2)cc(C(=O)NCc2c(C)cc(C)[nH]c2=O)c1C(=O)O)C1CCOCC1,
CC[N+](=C1CCOCC1)c1cc(-c2ccc(CN3CCOCC3)cc2)cc(C(=O)NCc2c(C)cc(C)[nH]c2=O)c1C,
CC=[N+](c1cc(-c2ccc(CN3CCOCC3)cc2)cc(C(=O)NCc2c(C)cc(C)[nH]c2=O)c1C)C1CCOCC1,
C=CN(c1cc(-c2ccc(CN3CCOCC3)cc2)cc(C(=O)NCc2c(C)cc(C)[nH]c2=O)c1C)C1CCOCC1,
CCN(c1cc(-c2ccc(CN3CCOCC3)cc2)cc(C(=O)NCc2c(C)cc(C)[nH]c2=O)c1C)C1C=COCC1,
CCN(c1cc(-c2ccc(CN3CCOCC3)cc2)cc(C(=O)N=Cc2c(C)cc(C)[nH]c2=O)c1C)C1CCOCC1,
CCN(c1cc(-c2ccc(CN3CCOCC3)cc2)cc(C(=O)[NH+]=Cc2c(C)cc(C)[nH]c2=O)c1C)C1CCOCC1,
CCN(C1=CCOCC1)c1cc(-c2ccc(CN3CCOCC3)cc2)cc(C(=O)NCc2c(C)cc(C)[nH]c2=O)c1C,
CCN(c1cc(-c2ccc(CN3CCOCC3)cc2O)cc(C(=O)NCc2c(C)cc(C)[nH]c2=O)c1C)C1CCOCC1,
Cc1cc(C)c(CNC(=O)c2cc(-c3ccc(CN4CCOCC4)cc3)cc(N(CCO)C3CCOCC3)c2C)c(=O)[nH]1,
CCN(c1cc(-c2ccc(CN3CCOCC3)c(O)c2)cc(C(=O)NCc2c(C)cc(C)[nH]c2=O)c1C)C1CCOCC1,
CCNC1CC(C)S(=O)(=O)c2sc(S(N)(=O)=O)cc21,CCN[C@H]1C[C@H](C)S(=O)(=O)c2sc(S(N)(=O)=O)cc21
CCNC1CC(C)S(=O)(=O)c2sc(S(=O)(=O)NC(C)=O)cc21,
CC(O)NC1CC(C)S(=O)(=O)c2sc(S(N)(=O)=O)cc21,
CC1CC(N)c2cc(S(N)(=O)=O)sc2S1(=O)=O,
CC=O,
CCN(O)C1CC(C)S(=O)(=O)c2sc(S(N)(=O)=O)cc21,
CCO,
CCNC1CC(CO)S(=O)(=O)c2sc(S(N)(=O)=O)cc21,
CC1CC(=O)c2cc(S(N)(=O)=O)sc2S1(=O)=O,
CCN,
CCN=C1CC(C)S(=O)(=O)c2sc(S(N)(=O)=O)cc21,
CCNC1(O)CC(C)S(=O)(=O)c2sc(S(N)(=O)=O)cc21,
CCNC1CC(C)S(=O)(=O)C2=C1C=C(S(N)(=O)=O)S2=O,
CC1CC(NCCO)c2cc(S(N)(=O)=O)sc2S1(=O)=O,
CCNC1c2cc(S(N)(=O)=O)sc2S(=O)(=O)C(C)C1O,
CCNC1CC(C)S(=O)(=O)c2sc(S(N)(=O)=O)c(O)c21,
CCNC1CC(C)(O)S(=O)(=O)c2sc(S(N)(=O)=O)cc21,
CC=NC1CC(C)S(=O)(=O)c2sc(S(N)(=O)=O)cc21,
CC=[NH+]C1CC(C)S(=O)(=O)c2sc(S(N)(=O)=O)cc21,
C=CNC1CC(C)S(=O)(=O)c2sc(S(N)(=O)=O)cc21,
C=C1CC(NCC)c2cc(S(N)(=O)=O)sc2S1(=O)=O,
CC[NH+]=C1CC(C)S(=O)(=O)c2sc(S(N)(=O)=O)cc21,
CCNC1=CC(C)S(=O)(=O)c2sc(S(N)(=O)=O)cc21,
CCNC1C=C(C)S(=O)(=O)c2sc(S(N)(=O)=O)cc21,
CCOC(=O)Nc1ccc2c(c1)N(C(=O)CN(CC)CC)c1ccccc1CC2,CCOC(=O)Nc1ccc2c(c1)N(C(=O)CN(CC)CC)c1ccccc1CC2
CCO,
CCOC(=O)Nc1ccc2c(c1)N(C(=O)CN(CC)C(C)O)c1ccccc1CC2,
CC=O,
CCOC(=O)Nc1ccc2c(c1)N(C(=O)C[N+]([O-])(CC)CC)c1ccccc1CC2,
CCNCC(=O)N1c2ccccc2CCc2ccc(NC(=O)OCC)cc21,
CCOC(=O)Nc1ccc2c(c1)N(C(=O)CN(CC)CC)c1ccccc1C=C2,
CCOC(=O)Nc1ccc2c(c1)N(C(=O)CN(CC)CC)c1cc(O)ccc1CC2,
CCOC(=O)Nc1ccc2c(c1)N(C(=O)CN(CC)CC)c1ccccc1C(O)C2,
CCOC(=O)Nc1ccc2c(c1)N(C(=O)CN(CC)CC)c1ccccc1CC2O,
CCN(CC)CC(=O)N1c2ccccc2CCc2ccc(NC(=O)OC(C)O)cc21,
CCN(CC)CC(=O)N1c2ccccc2CCc2ccc(NC(=O)O)cc21,
CCN(CC)CC(=O)N1c2ccccc2CCc2ccc(N)cc21,
CCOC(=O)O,
CCOC(=O)N(O)c1ccc2c(c1)N(C(=O)CN(CC)CC)c1ccccc1CC2,
CCOC(=O)Nc1ccc2c(c1)Nc1ccccc1CC2,
CCN(CC)CC(=O)O,
CCOC(=O)Nc1ccc2c(c1)[N+]([O-])(C(=O)CN(CC)CC)c1ccccc1CC2,
CCOC(=O)Nc1ccc2c(c1)N(C(=O)CO)c1ccccc1CC2,
CCNCC,
CCOC(=O)Nc1ccc2c(c1)N(C(=O)C=O)c1ccccc1CC2,
CCN(CC)CC(=O)N1c2ccccc2CCc2ccc(NC(=O)OCCO)cc21,
CCOC(=O)Nc1ccc2c(c1)N(C(=O)CN(CC)CC)c1ccc(O)cc1CC2,
CCOC(=O)Nc1ccc2c(c1)N(C(=O)CN(CC)CC)c1c(O)cccc1CC2,
CCOC(=O)Nc1ccc2c(c1O)N(C(=O)CN(CC)CC)c1ccccc1CC2,
C=CN(CC)CC(=O)N1c2ccccc2CCc2ccc(NC(=O)OCC)cc21,
CC=[N+](CC)CC(=O)N1c2ccccc2CCc2ccc(NC(=O)OCC)cc21,
CCOC(=O)Nc1ccc2c(c1)N(C(=O)C(O)N(CC)CC)c1ccccc1CC2,
O=C=O,
C=COC(=O)Nc1ccc2c(c1)N(C(=O)CN(CC)CC)c1ccccc1CC2,
CCOC(=O)Nc1ccc2c(c1)N(C(=O)CN(CC)CCO)c1ccccc1CC2,
CCOC(=O)Nc1cc2c(cc1O)CCc1ccccc1N2C(=O)CN(CC)CC,
CCOC(=O)N(c1ccc2c(c1)N(C(=O)CN(CC)CC)c1ccccc1CC2)C1OC(C(=O)O)C(O)C(O)C1O,
CCOC(=O)Nc1cc(O)c2c(c1)N(C(=O)CN(CC)CC)c1ccccc1CC2,
CCOC(=O)Nc1ccc2c(c1)N(C(=O)C=[N+](CC)CC)c1ccccc1CC2,
CCOC(=O)Nc1ccc2c(c1)N(C(=O)CN(CC)CC)c1cccc(O)c1CC2,
CCOC(=O)[N-]c1c[n+](N2CCOCC2)no1,CCOC(=O)[N-]c1c[n+](N2CCOCC2)no1
CCOC(=O)[N-]c1c[n+](N2CCOCC2O)no1,
CCOC(=O)[N-]c1c[n+](NCCO)no1,
CCOC(=O)[N-]c1c[n+](N2CCOCC2=O)no1,
CCOC(=O)[N-]c1c[n+](N(CCO)CCO)no1,
CCOC(=O)[N-]c1c[n+](N(CC=O)CCO)no1,
CCOC(=O)[N-]c1c[n+](N2CCOC(O)C2)no1,
CCOC(=O)[N-]c1c[n+](NCCOCC=O)no1,
CCOC(=O)[N-]c1c[n+]([N+]2([O-])CCOCC2)no1,
O=C(O)[N-]c1c[n+](N2CCOCC2)no1,
CC=O,
CCO,
CC(O)OC(=O)[N-]c1c[n+](N2CCOCC2)no1,
[NH-]c1c[n+](N2CCOCC2)no1,
CCOC(=O)[NH+]([O-])c1c[n+](N2CCOCC2)no1,
CCOC(=O)O,
O=C([N-]c1c[n+](N2CCOCC2)no1)OCCO,
CCOC(=O)[N-]c1on[n+](N2CCOCC2)c1O,
CCOC(=O)[N-]c1c[n+](N2C=COCC2)no1,
CCOC(=O)[N-]c1c[n+](N2CCOCC2)[n+](C2OC(C(=O)O)C(O)C(O)C2O)o1,
CCOC(=O)[N-]c1c[n+]([N+]2=CCOCC2)no1,
O=C=O,
C=COC(=O)[N-]c1c[n+](N2CCOCC2)no1,
CCOC(=O)c1c(CSc2ccccc2)n(C)c2cc(Br)c(O)c(CN(C)C)c12,CCOC(=O)c1c(CSc2ccccc2)n(C)c2cc(Br)c(O)c(CN(C)C)c12
CCOC(=O)c1c(CSc2ccccc2)n(C)c2cc(Br)c(OS(=O)(=O)O)c(CN(C)C)c12,
CCOC(=O)c1c(CSc2ccccc2)n(C)c2cc(Br)c(OC3OC(C(=O)O)C(O)C(O)C3O)c(CN(C)C)c12,
CCOC(=O)c1c(CSc2ccccc2)n(C)c2cc(Br)c(O)c(CNC)c12,
CCOC(=O)c1c(CSc2ccccc2)n(C)c2cc(Br)c(O)c(CN(C)CO)c12,
CCOC(=O)c1c(CSc2ccccc2)n(C)c2cc(Br)c(O)c(C[N+](C)(C)[O-])c12,
CCOC(=O)c1c(CSc2ccccc2)n(C)c2cc(Br)c(OC)c(CN(C)C)c12,
CCOC(=O)c1c(CS(=O)c2ccccc2)n(C)c2cc(Br)c(O)c(CN(C)C)c12,
CCOC(=O)c1c(CO)n(C)c2cc(Br)c(O)c(CN(C)C)c12,
Sc1ccccc1,
CN(C)Cc1c(O)c(Br)cc2c1c(C(=O)O)c(CSc1ccccc1)n2C,
CC(O)OC(=O)c1c(CSc2ccccc2)n(C)c2cc(Br)c(O)c(CN(C)C)c12,
CCO,
CC=O,
CCOC(=O)c1c(CSc2ccccc2)n(C)c2cc(Br)c(O)c(CO)c12,
CNC,
CCOC(=O)c1c(CSc2ccccc2)n(C)c2cc(Br)c(O)c(C(O)N(C)C)c12,
CCOC(=O)c1c(CSc2ccccc2)n(C)c2cc(Br)c(O)c(C=O)c12,
CCOC(=O)c1c(C(O)Sc2ccccc2)n(C)c2cc(Br)c(O)c(CN(C)C)c12,
CCOC(=O)c1c(CSc2ccccc2)n(C)c2cc(SCC(NC(=O)CCC(N)C(=O)O)C(=O)NCC(=O)O)c(O)c(CN(C)C)c12,
CCOC(=O)c1c(CSc2ccc(O)cc2)n(C)c2cc(Br)c(O)c(CN(C)C)c12,
CCOC(=O)C1=C(CSc2ccccc2)[N+](C)([O-])c2cc(Br)c(O)c(CN(C)C)c21,
CCOC(=O)c1c(CSc2ccccc2)n(CO)c2cc(Br)c(O)c(CN(C)C)c12,
CCOC(=O)c1c(CSc2ccccc2)[nH]c2cc(Br)c(O)c(CN(C)C)c12,
CCOC(=O)c1c(CSc2ccccc2)n(C)c2c(O)c(Br)c(O)c(CN(C)C)c12,
CCOC(=O)c1c(CSc2ccccc2O)n(C)c2cc(Br)c(O)c(CN(C)C)c12,
C=[N+](C)Cc1c(O)c(Br)cc2c1c(C(=O)OCC)c(CSc1ccccc1)n2C,
CN(C)Cc1c(O)c(Br)cc2c1c(C(=O)OCCO)c(CSc1ccccc1)n2C,
C=COC(=O)c1c(CSc2ccccc2)n(C)c2cc(Br)c(O)c(CN(C)C)c12,
CN(C)Cc1c(O)c(Br)cc2c1c1c(n2C)C(Sc2ccccc2)OC1=O,
CCOC(=O)c1c(CSc2ccccc2)n(C)c2cc(Br)c(O)c(C=[N+](C)C)c12,
CCOC(=O)c1c(CSc2cccc(O)c2)n(C)c2cc(Br)c(O)c(CN(C)C)c12,
CCOC(=O)C(=C(CSc1ccccc1)NC)C1=C(CN(C)C)C(=O)C(Br)=CC1=O,
CCOC(=O)c1c(CSc2ccccc2)n(C)c2cc(O)c(O)c(CN(C)C)c12,
CN(C)C(=O)COC(=O)Cc1ccc(OC(=O)c2ccc(NC(=N)N)cc2)cc1,CN(C)C(=O)COC(=O)Cc1ccc(OC(=O)c2ccc(NC(=N)N)cc2)cc1
[H]N=C(N)Nc1ccc(C(=O)Oc2ccc(CC(=O)OCC(=O)[N+](C)(C)[O-])cc2)cc1,
[H]N=C(N)Nc1ccc(C(=O)Oc2ccc(CC(=O)OCC(=O)NC)cc2)cc1,
CNC,
[H]N=C(N)Nc1ccc(C(=O)Oc2ccc(CC(=O)OCC(=O)O)cc2)cc1,
[H]N=C(Nc1ccc(C(=O)Oc2ccc(CC(=O)OCC(=O)N(C)C)cc2)cc1)NC1OC(C(=O)O)C(O)C(O)C1O,
CN(C)C(=O)CO,
CN(C)C(=O)C=O,
[H]N=C(N)Nc1ccc(C(=O)Oc2ccc(C(O)C(=O)OCC(=O)N(C)C)cc2)cc1,
[H]N=C(N)Nc1ccc(C(=O)Oc2ccc(CC(=O)O)cc2)cc1,
CN(C)C(=O)COC(=O)Cc1ccc(O)cc1,
[H]N=C(N)Nc1ccc(C(=O)O)cc1,
[H]N=C(N)N(c1ccc(C(=O)Oc2ccc(CC(=O)OCC(=O)N(C)C)cc2)cc1)C1OC(C(=O)O)C(O)C(O)C1O,
[H]N=C(N)Nc1ccc(C(=O)Oc2ccc(CC(=O)OCC(=O)N(C)CO)cc2)cc1,
[H]N=C(N)Nc1ccc(C(=O)Oc2ccc(CC(=O)OC(O)C(=O)N(C)C)cc2)cc1,
[H]N=C(N)Nc1ccc(C(=O)Oc2ccc(CC(=O)OCC(=O)N(C)C)cc2)cc1O,
[H]N=C(N)N(O)c1ccc(C(=O)Oc2ccc(CC(=O)OCC(=O)N(C)C)cc2)cc1,
[H]N=C(NO)Nc1ccc(C(=O)Oc2ccc(CC(=O)OCC(=O)N(C)C)cc2)cc1,
[H]N=C(N)Nc1ccc(C(=O)Oc2ccc(CC(=O)OCC(=O)N(C)C)cc2O)cc1,
[H]N=C(N)Nc1ccc(C=O)cc1,
CN(C)C(=O)COC(=O)CC1(O)C=CC(=O)C=C1,
[H]N=C(N)Nc1ccc(C(=O)Oc2ccc(CC(=O)OCC(=O)[N+](=C)C)cc2)cc1,
[H]N=C(N)Nc1ccc(C(=O)Oc2ccc(CC(=O)OCC(=O)N(C)C)cc2)c(O)c1,
[H]N=C(N)Nc1ccc(C(=O)Oc2ccc(CC(=O)OCC(=O)N(C)C)c(O)c2)cc1,
CN(C)CCCN1c2ccccc2CCc2ccccc21,CN(C)CCCN1c2ccccc2CCc2ccccc21
C[N+](C)(CCCN1c2ccccc2CCc2ccccc21)C1OC(C(=O)O)C(O)C(O)C1O,
CN(C)CCC[N+]1([O-])c2ccccc2CCc2ccccc21,
CN(C)CCCO,
CN(C)CCC=O,
CN(C)CCC(O)N1c2ccccc2CCc2ccccc21,
c1ccc2c(c1)CCc1ccccc1N2,
C[N+](C)([O-])CCCN1c2ccccc2CCc2ccccc21,
CN(CO)CCCN1c2ccccc2CCc2ccccc21,
CNCCCN1c2ccccc2CCc2ccccc21,
CNC,
O=CCCN1c2ccccc2CCc2ccccc21,
OCCCN1c2ccccc2CCc2ccccc21,
CN(C)C(O)CCN1c2ccccc2CCc2ccccc21,
CN(C)CCCN1c2ccccc2CC(O)c2ccccc21,
CN(C)CCCN1c2ccccc2C=Cc2ccccc21,
CN(C)CCCN1c2ccccc2CCc2ccc(O)cc21,
CN(C)CCCN1c2ccccc2CCc2cccc(O)c21,
CN(C)CCCN1c2ccccc2CCc2cc(O)ccc21,
CN(C)CCC=[N+]1c2ccccc2CCc2ccccc21,
CN(C)CC=CN1c2ccccc2CCc2ccccc21,
C=[N+](C)CCCN1c2ccccc2CCc2ccccc21,
C[N+](C)=CCCN1c2ccccc2CCc2ccccc21,
CN(C)C=CCN1c2ccccc2CCc2ccccc21,
CN(C)CCCN1c2ccccc2CCc2c(O)cccc21,
CN(C)CC(O)CN1c2ccccc2CCc2ccccc21,
CN(C)c1ccc(O)c2c1CC1CC3C(N(C)C)C(O)=C(C(N)=O)C(=O)C3(O)C(O)=C1C2=O,CN(C)c1ccc(O)c2c1C[C@H]1C[C@H]3[C@H](N(C)C)C(O)=C(C(N)=O)C(=O)[C@@]3(O)C(O)=C1C2=O
CN(C)c1ccc(OC2OC(C(=O)O)C(O)C(O)C2O)c2c1CC1CC3C(N(C)C)C(O)=C(C(N)=O)C(=O)C3(O)C(O)=C1C2=O,
CN(C)c1ccc(OS(=O)(=O)O)c2c1CC1CC3C(N(C)C)C(O)=C(C(N)=O)C(=O)C3(O)C(O)=C1C2=O,
CN(C)c1ccc(O)c2c1CC1CC3C(N(C)C)C(O)=C(C(N)=O)C(=O)C3(O)C(OC3OC(C(=O)O)C(O)C(O)C3O)=C1C2=O,
CN(C)c1ccc(O)c2c1CC1CC3C(N(C)C)C(O)=C(C(N)=O)C(=O)C3(O)C(O)C1C2=O,
CN(C)c1ccc(O)c2c1CC1CC3C(N(C)C)C(O)=C(C(N)=O)C(=O)C3(O)C3(O)OC13C2=O,
CN(C)c1ccc(O)c2c1C=C1CC3C(N(C)C)C(O)=C(C(N)=O)C(=O)C3(O)C(O)=C1C2=O,
CN(C)c1ccc(O)c2c1CC1(O)CC3C(N(C)C)C(O)=C(C(N)=O)C(=O)C3(O)C(O)=C1C2=O,
CN(C)C1C(O)=C(C(N)=O)C(=O)C2(O)C(O)=C3C(=O)c4c(O)ccc([N+](C)(C)[O-])c4CC3CC12,
CNc1ccc(O)c2c1CC1CC3C(N(C)C)C(O)=C(C(N)=O)C(=O)C3(O)C(O)=C1C2=O,
COc1ccc(N(C)C)c2c1C(=O)C1=C(O)C3(O)C(=O)C(C(N)=O)=C(O)C(N(C)C)C3CC1C2,
CN(CO)c1ccc(O)c2c1CC1CC3C(N(C)C)C(O)=C(C(N)=O)C(=O)C3(O)C(O)=C1C2=O,
CN(C)c1ccc(O)c2c1CC1CC3C(N(C)C)C(OC4OC(C(=O)O)C(O)C(O)C4O)=C(C(N)=O)C(=O)C3(O)C(O)=C1C2=O,
CN(C)c1ccc(O)c2c1CC1CC3C(N(C)C)C(O)=C(C(N)=O)C(=O)C3(OC3OC(C(=O)O)C(O)C(O)C3O)C(O)=C1C2=O,
CN(C)c1ccc(O)c2c1CC1CC3C(N(C)C)C(O)=C(C(N)=O)C(O)C3(O)C(O)=C1C2=O,
CN(C)c1ccc(O)c2c1CC1CC3C(N(C)C)C(O)C(C(N)=O)C(=O)C3(O)C(O)=C1C2=O,
CN(C)c1ccc(O)c2c1CC1CC3C(N(C)C)C(O)(SCC(NC(=O)CCC(N)C(=O)O)C(=O)NCC(=O)O)C(C(N)=O)C(=O)C3(O)C(O)=C1C2=O,
CNC1C(O)=C(C(N)=O)C(=O)C2(O)C(O)=C3C(=O)c4c(O)ccc(N(C)C)c4CC3CC12,
CN(C)c1ccc(O)c2c1CC1CC3C(=O)C(O)=C(C(N)=O)C(=O)C3(O)C(O)=C1C2=O,
CN(C)c1ccc(O)c2c1CC1CC3C([N+](C)(C)[O-])C(O)=C(C(N)=O)C(=O)C3(O)C(O)=C1C2=O,
CN(C)c1ccc(O)c2c1CC1CC3C(N(C)C)C4(O)OC4(C(N)=O)C(=O)C3(O)C(O)=C1C2=O,
CN(C)c1ccc(O)c2c1CC1CC3C(O)(C(=O)C(C(N)=O)=C(O)C3(O)N(C)C)C(O)=C1C2=O,
CNC,
CN(C)c1ccc(O)c2c1CC1=C(C2=O)C(O)(O)C2(O)C(=O)C(C(N)=O)=C(O)C(N(C)C)C2C1,
CN(C)c1ccc(O)c2c1CC1CC3C(N(C)C)C(OS(=O)(=O)O)=C(C(N)=O)C(=O)C3(O)C(O)=C1C2=O,
CN(C)C1C(O)=C(C(N)=O)C(=O)C2(O)C(O)=C3C(=O)C4=C(CC3CC12)C(=O)C=CC4=O,
C=[N+](C)c1ccc(O)c2c1CC1CC3C(N(C)C)C(O)=C(C(N)=O)C(=O)C3(O)C(O)=C1C2=O,
CN(C)c1ccc(O)c2c1CC1CC3C(N(C)C)C(O)=C(C(=O)NO)C(=O)C3(O)C(O)=C1C2=O,
CN(C)c1ccc(O)c2c1CC1CC3C(N(C)CO)C(O)=C(C(N)=O)C(=O)C3(O)C(O)=C1C2=O,
CN(C)c1ccc(O)c2c1CC1CC3C(N(C)C)C(O)=C(C(=O)O)C(=O)C3(O)C(O)=C1C2=O,
CN(C)c1ccc(O)c2c1CC1CC3C(N(C)C)C(O)=C(C(N)=O)C(=O)C3(O)C(O)(SCC(NC(=O)CCC(N)C(=O)O)C(=O)NCC(=O)O)C1C2=O,
CN(C)c1ccc(O)c2c1CC1CC3C(N(C)C)C(O)=C(C(=O)NC4OC(C(=O)O)C(O)C(O)C4O)C(=O)C3(O)C(O)=C1C2=O,
CN(C)c1c(O)cc(O)c2c1CC1CC3C(N(C)C)C(O)=C(C(N)=O)C(=O)C3(O)C(O)=C1C2=O,
CN(C)c1cc(O)c(O)c2c1CC1CC3C(N(C)C)C(O)=C(C(N)=O)C(=O)C3(O)C(O)=C1C2=O,
CN(C)c1ccc(O)c2c1C(O)C1CC3C(N(C)C)C(O)=C(C(N)=O)C(=O)C3(O)C(O)=C1C2=O,
CN(C)c1ccc(O)c2c1CC1CC3=C(C(=O)C(C(N)=O)=C(O)C3N(C)C)C(O)=C1C2=O,
CN(C)C1=C2CC3Cc4c(N(C)C)ccc(O)c4C(=O)C3=C(O)C2(O)C(=O)C(C(N)=O)=C1O,
CN(C)C1=C(O)C(O)(C(N)=O)C(=O)C2(O)C(O)=C3C(=O)c4c(O)ccc(N(C)C)c4CC3CC12,
CN(C)c1ccc(O)c2c1CC1CC3C(=[N+](C)C)C(O)=C(C(N)=O)C(=O)C3(O)C(O)=C1C2=O,
C=[N+](C)C1C(O)=C(C(N)=O)C(=O)C2(O)C(O)=C3C(=O)c4c(O)ccc(N(C)C)c4CC3CC12,
CN(C)c1ccc(O)c2c1CC1C(=C(O)C3(O)C(=O)C(C(N)=O)=C(O)C(N(C)C)C3C1O)C2=O,
CN(C)c1ccc(O)c2c1CC1CC3(O)C(N(C)C)C(O)=C(C(N)=O)C(=O)C3(O)C(O)=C1C2=O,
CN(C)c1ccc(O)c2c1CC1=CC3C(N(C)C)C(O)=C(C(N)=O)C(=O)C3(O)C(O)=C1C2=O,
CN(C)c1ccc(O)c2c1CC1C=C3C(N(C)C)C(O)=C(C(N)=O)C(=O)C3(O)C(O)=C1C2=O,
CN1C(=O)C(O)N=C(c2ccccc2)c2cc(Cl)ccc21,CN1C(=O)C(O)N=C(c2ccccc2)c2cc(Cl)ccc21
CN1C(=O)C(OC2OC(C(=O)O)C(O)C(O)C2O)N=C(c2ccccc2)c2cc(Cl)ccc21,
CN1C(=O)C(OS(=O)(=O)O)N=C(c2ccccc2)c2cc(Cl)ccc21,
C[N+]1([O-])C(=O)C(O)N=C(c2ccccc2)c2cc(Cl)ccc21,
O=C1Nc2ccc(Cl)cc2C(c2ccccc2)=NC1O,
O=C1C(O)N=C(c2ccccc2)c2cc(Cl)ccc2N1CO,
CNc1ccc(Cl)cc1C(=NC(O)C(=O)O)c1ccccc1,
Cn1c(=O)c(=O)nc(-c2ccccc2)c2cc(Cl)ccc21,
CN1C(=O)C(O)[N+]([O-])=C(c2ccccc2)c2cc(Cl)ccc21,
[H]N=C(c1ccccc1)c1cc(Cl)ccc1N(C)C(=O)C(=O)O,
CN1C(=O)C(O)(O)N=C(c2ccccc2)c2cc(Cl)ccc21,
CN1C(=O)C(O)N=C(c2cccc(O)c2)c2cc(Cl)ccc21,
COc1cc(C2=NC(O)C(=O)N(C)c3ccc(Cl)cc32)ccc1O,
CN1C(=O)C(O)N=C(c2ccc(O)cc2)c2cc(Cl)ccc21,
CN1C(=O)C(O)N=C(c2ccccc2)c2cc(Cl)c(O)cc21,
CN1C(=O)C(O)N=C(c2ccccc2)c2cc(Cl)cc(O)c21,
CN1C(=O)C(O)N=C(c2ccccc2)c2cc(SCC(NC(=O)CCC(N)C(=O)O)C(=O)NCC(=O)O)ccc21,
C=[N+]1C(=O)C(O)N=C(c2ccccc2)c2cc(Cl)ccc21,
CN(C(=O)C(N)O)c1ccc(Cl)cc1C(=O)c1ccccc1,
CN1C(=O)C(O)N=C(c2ccccc2)c2c1ccc(Cl)c2O,
CN1C(=O)C(O)N=C(c2ccccc2O)c2cc(Cl)ccc21,
CN1C(=O)C(O)N=C(c2ccccc2)c2cc(O)ccc21,
CN1CCN(CCCN2c3ccccc3Sc3ccc(Cl)cc32)CC1,CN1CCN(CCCN2c3ccccc3Sc3ccc(Cl)cc32)CC1
C[N+]1(C2OC(C(=O)O)C(O)C(O)C2O)CCN(CCCN2c3ccccc3Sc3ccc(Cl)cc32)CC1,
OCN1CCN(CCCN2c3ccccc3Sc3ccc(Cl)cc32)CC1,
Clc1ccc2c(c1)N(CCCN1CCNCC1)c1ccccc1S2,
CNCCNCCCN1c2ccccc2Sc2ccc(Cl)cc21,
C[N+]1([O-])CCN(CCCN2c3ccccc3Sc3ccc(Cl)cc32)CC1,
CN1CCN(CCCN2c3ccccc3S(=O)c3ccc(Cl)cc32)CC1,
CN1CCN(CCCN2c3ccccc3Sc3ccc(Cl)c(O)c32)CC1,
CN1CCN(CCCN2c3ccccc3Sc3cc(O)c(Cl)cc32)CC1,
CN1CCN(CCCN2c3cc(Cl)ccc3Sc3cccc(O)c32)CC1,
CN1CCN(CCCN2c3ccc(O)cc3Sc3ccc(Cl)cc32)CC1,
OCCCN1c2ccccc2Sc2ccc(Cl)cc21,
CN1CCN(C(O)CCN2c3ccccc3Sc3ccc(Cl)cc32)CC1,
O=CCCN1c2ccccc2Sc2ccc(Cl)cc21,
CN1CC[N+]([O-])(CCCN2c3ccccc3Sc3ccc(Cl)cc32)CC1,
CN1CCNCC1,
CN1CCN(CCCN2c3ccccc3Sc3ccc(Cl)cc32)CC1=O,
CNCCN(CC=O)CCCN1c2ccccc2Sc2ccc(Cl)cc21,
CN1CCN(CCCN2c3ccccc3Sc3ccc(Cl)cc32)CC1O,
CN1CCN(CCCN2c3ccccc3Sc3ccc(Cl)cc32)C(O)C1,
CN1CCN(CCCN2c3ccccc3Sc3ccc(Cl)cc32)C(=O)C1,
CN(CC=O)CCNCCCN1c2ccccc2Sc2ccc(Cl)cc21,
Clc1ccc2c(c1)Nc1ccccc1S2,
CN1CCN(CCC(O)N2c3ccccc3Sc3ccc(Cl)cc32)CC1,
CN1CCN(CCC=O)CC1,
CN1CCN(CCCO)CC1,
CN1CCN(CCC[N+]2([O-])c3ccccc3Sc3ccc(Cl)cc32)CC1,
C=[N+]1CCN(CCCN2c3ccccc3Sc3ccc(Cl)cc32)CC1,
CN1CCN(CCCN2c3cc(O)ccc3Sc3ccc(Cl)cc32)CC1,
CN1CCN(CCCN2c3ccccc3Sc3ccc(SCC(NC(=O)CCC(N)C(=O)O)C(=O)NCC(=O)O)cc32)CC1,
CN1CC[N+](=CCCN2c3ccccc3Sc3ccc(Cl)cc32)CC1,
CN1CCN(C=CCN2c3ccccc3Sc3ccc(Cl)cc32)CC1,
CN1CCN(CCCN2c3ccccc3Sc3c(O)cc(Cl)cc32)CC1,
C[N+]1=CCN(CCCN2c3ccccc3Sc3ccc(Cl)cc32)CC1,
CN1CCN(CCCN2c3cc(Cl)ccc3Sc3c(O)cccc32)CC1,
CN1C=CN(CCCN2c3ccccc3Sc3ccc(Cl)cc32)CC1,
CN1CC=[N+](CCCN2c3ccccc3Sc3ccc(Cl)cc32)CC1,
CN1CCN(CCC=[N+]2c3ccccc3Sc3ccc(Cl)cc32)CC1,
CN1CCN(CC=CN2c3ccccc3Sc3ccc(Cl)cc32)CC1,
CN1CCN(CC(O)CN2c3ccccc3Sc3ccc(Cl)cc32)CC1,
CN1CCN(CCCN2c3ccccc3Sc3ccc(O)cc32)CC1,
CN1CCc2cccc3c2C1Cc1ccc(O)c(O)c1-3,CN1CCc2cccc3c2[C@H]1Cc1ccc(O)c(O)c1-3
CN1CCc2cccc3c2C1Cc1ccc(O)c(OS(=O)(=O)O)c1-3,
CN1CCc2cccc3c2C1Cc1ccc(O)c(OC2OC(C(=O)O)C(O)C(O)C2O)c1-3,
CN1CCc2cccc3c2C1Cc1ccc(OS(=O)(=O)O)c(O)c1-3,
CN1CCc2cccc3c2C1Cc1ccc(OC2OC(C(=O)O)C(O)C(O)C2O)c(O)c1-3,
C[N+]1([O-])CCc2cccc3c2C1Cc1ccc(O)c(O)c1-3,
OCN1CCc2cccc3c2C1Cc1ccc(O)c(O)c1-3,
Oc1ccc2c(c1O)-c1cccc3c1C(C2)NCC3,
COc1ccc2c(c1O)-c1cccc3c1C(C2)N(C)CC3,
CNC1Cc2ccc(O)c(O)c2-c2cccc(CC=O)c21,
CN1C(O)Cc2cccc3c2C1Cc1ccc(O)c(O)c1-3,
CN1C(=O)Cc2cccc3c2C1Cc1ccc(O)c(O)c1-3,
CN1CC(O)c2cccc3c2C1Cc1ccc(O)c(O)c1-3,
CNCCc1cccc2c1C(=O)Cc1ccc(O)c(O)c1-2,
COc1c(O)ccc2c1-c1cccc3c1C(C2)N(C)CC3,
CN1CCc2cccc3c2C1Cc1c(O)cc(O)c(O)c1-3,
CN1CCc2cccc3c2C1Cc1ccc(O)cc1-3,
CN1CCc2cccc3c2C1Cc1cccc(O)c1-3,
CN1CCc2ccc(O)c3c2C1Cc1ccc(O)c(O)c1-3,
CN1CCc2cccc3c2C1(O)Cc1ccc(O)c(O)c1-3,
CN1CCc2cccc3c2C1C(O)c1ccc(O)c(O)c1-3,
CN1CCc2cc(O)cc3c2C1Cc1ccc(O)c(O)c1-3,
C[N+]1(C2OC(C(=O)O)C(O)C(O)C2O)CCc2cccc3c2C1Cc1ccc(O)c(O)c1-3,
C=[N+]1CCc2cccc3c2C1Cc1ccc(O)c(O)c1-3,
CN1C=Cc2cccc3c2C1Cc1ccc(O)c(O)c1-3,
C[N+]1=CCc2cccc3c2C1Cc1ccc(O)c(O)c1-3,
C[N+]1=C2Cc3ccc(O)c(O)c3-c3cccc(c32)CC1,
CN1CCc2c(O)ccc3c2C1Cc1ccc(O)c(O)c1-3,
CN1CCc2cccc3c2C1Cc1cc(O)c(O)c(O)c1-3,
CN1CCc2cccc3c2C1CC1=C3C(=O)C(O)=CC1=O,
CN1CCc2cccc3c2C1CC1(O)C=CC(=O)C(O)=C31,
CN1CCc2cccc3c2c1cc1ccc(O)c(O)c13,
CN1c2ccccc2C(=O)N2CCc3c([nH]c4ccccc34)C21,CN1c2ccccc2C(=O)N2CCc3c([nH]c4ccccc34)C21
O=C1c2ccccc2NC2c3[nH]c4ccccc4c3CCN12,
C[N+]1([O-])c2ccccc2C(=O)N2CCc3c([nH]c4ccccc34)C21,
O=C1c2ccccc2N(CO)C2c3[nH]c4ccccc4c3CCN12,
CN1c2ccccc2C(=O)N2CC(O)c3c([nH]c4ccccc34)C21,
CN1c2ccccc2C(=O)N2C(O)Cc3c([nH]c4ccccc34)C12,
CN1c2ccccc2C(=O)N2C=Cc3c([nH]c4ccccc34)C21,
CN1c2ccccc2C(=O)N2C(=O)Cc3c([nH]c4ccccc34)C21,
CN1c2ccccc2C(=O)N2CCc3c([nH]c4cc(O)ccc34)C21,
CN1c2ccccc2C(=O)N2CCc3c([nH]c4ccc(O)cc34)C21,
CN1c2ccccc2C(=O)N2CCc3c([nH]c4c(O)cccc34)C21,
CN1c2c(O)cccc2C(=O)N2CCc3c([nH]c4ccccc34)C21,
CN1c2ccc(O)cc2C(=O)N2CCc3c([nH]c4ccccc34)C21,
CN1c2cc(O)ccc2C(=O)N2CCc3c([nH]c4ccccc34)C21,
C=[N+]1c2ccccc2C(=O)N2CCc3c([nH]c4ccccc34)C21,
CN1c2ccccc2C(=O)N2CCc3c(n(C4OC(C(=O)O)C(O)C(O)C4O)c4ccccc34)C21,
CNc1ccccc1C(=O)N1CCc2c([nH]c3ccccc23)C1=O,
CN(c1ccccc1C(=O)O)C1NCCc2c1[nH]c1ccccc21,
CN1c2ccccc2C(=O)N2CCc3c([nH]c4ccccc34)C21O,
CN1C(=O)c2[nH]c3ccccc3c2CCNC(=O)c2ccccc21,
CN1c2ccccc2C(=O)[N+]2([O-])CCc3c([nH]c4ccccc34)C12,
CN1c2ccccc2C(=O)NC1c1[nH]c2ccccc2c1CC=O,
CN1c2cccc(O)c2C(=O)N2CCc3c([nH]c4ccccc34)C21,
CN1c2ccccc2C(=O)N2CCc3c([nH]c4cccc(O)c34)C21,
C[n+]1c2n(c(=O)c3ccccc31)CCc1c-2[nH]c2ccccc12,
CN1c2ccccc2C(=O)[N+]2=CCc3c([nH]c4ccccc34)C12,
CNC(=O)c1ccccc1Sc1ccc2c(C=Cc3ccccn3)n[nH]c2c1,CNC(=O)c1ccccc1Sc1ccc2c(/C=C/c3ccccn3)n[nH]c2c1
CNC(=O)c1ccccc1S(=O)c1ccc2c(C=Cc3ccccn3)n[nH]c2c1,
CNC(=O)c1ccccc1Sc1ccc2c(C3OC3c3ccccn3)n[nH]c2c1,
CNC(=O)c1ccccc1Sc1ccc2c(C=Cc3cccc(O)n3)n[nH]c2c1,
CNC(=O)c1ccccc1Sc1ccc2c(C=Cc3cc(O)ccn3)n[nH]c2c1,
CNC(=O)c1ccccc1Sc1ccc2c(C=Cc3ccc(O)cn3)n[nH]c2c1,
O=C(O)c1ccccc1Sc1ccc2c(C=Cc3ccccn3)n[nH]c2c1,
O=C(NCO)c1ccccc1Sc1ccc2c(C=Cc3ccccn3)n[nH]c2c1,
CN(O)C(=O)c1ccccc1Sc1ccc2c(C=Cc3ccccn3)n[nH]c2c1,
NC(=O)c1ccccc1Sc1ccc2c(C=Cc3ccccn3)n[nH]c2c1,
CNC(=O)c1ccccc1Sc1ccc2c(C=Cc3ccccn3)nn(C3OC(C(=O)O)C(O)C(O)C3O)c2c1,
CNC(=O)c1ccccc1Sc1ccc2c(C=Cc3cccc[n+]3[O-])n[nH]c2c1,
CC(=O)N(C)C(=O)c1ccccc1Sc1ccc2c(C=Cc3ccccn3)n[nH]c2c1,
CNC(=O)c1ccc(O)cc1Sc1ccc2c(C=Cc3ccccn3)n[nH]c2c1,
CNC(=O)c1cc(O)ccc1Sc1ccc2c(C=Cc3ccccn3)n[nH]c2c1,
CNC(=O)c1cccc(O)c1Sc1ccc2c(C=Cc3ccccn3)n[nH]c2c1,
CNC(=O)c1ccccc1Sc1ccc2c(C=Cc3ncccc3O)n[nH]c2c1,
C=[NH+]C(=O)c1ccccc1Sc1ccc2c(C=Cc3ccccn3)n[nH]c2c1,
CNC(=O)c1ccccc1Sc1ccc2c(C=Cc3ccccn3)n[nH]c2c1O,
CNC(=O)c1ccccc1Sc1cc2[nH]nc(C=Cc3ccccn3)c2cc1O,
CNC(=O)c1ccccc1Sc1ccc2c(C=Cc3ccccn3)[n+]([O-])[nH]c2c1,
CNC(=O)c1ccccc1Sc1ccc2c(C=Cc3ccccn3)[n+](C3OC(C(=O)O)C(O)C(O)C3O)[nH]c2c1,
CNC(=O)c1ccccc1Sc1ccc2c(C=Cc3cccc[n+]3C3OC(C(=O)O)C(O)C(O)C3O)n[nH]c2c1,
CNC(=O)c1c(O)cccc1Sc1ccc2c(C=Cc3ccccn3)n[nH]c2c1,
CNC(=O)c1ccccc1Sc1cc(O)c2c(C=Cc3ccccn3)n[nH]c2c1,
CNCCC(Oc1ccccc1C)c1ccccc1,CNCC[C@@H](Oc1ccccc1C)c1ccccc1
CC(=O)N(C)CCC(Oc1ccccc1C)c1ccccc1,
Cc1ccccc1OC(CCO)c1ccccc1,
Cc1ccccc1OC(CCN)c1ccccc1,
Cc1ccccc1OC(CCN(C)O)c1ccccc1,
Cc1ccccc1OC(CCNCO)c1ccccc1,
Cc1ccccc1OC(CC=O)c1ccccc1,
CNCCC(Oc1ccccc1C)c1cccc(O)c1,
CNCCC(Oc1ccccc1C)c1ccc(O)cc1,
CNCCC(Oc1ccccc1C)c1ccc(O)c(OC)c1,
CNCCC(Oc1ccc(O)cc1C)c1ccccc1,
CNCCC(Oc1cc(O)ccc1C)c1ccccc1,
CNCCC(Oc1c(C)cccc1O)c1ccccc1,
CNC(O)CC(Oc1ccccc1C)c1ccccc1,
C=[NH+]CCC(Oc1ccccc1C)c1ccccc1,
CNCCC(Oc1ccccc1C(=O)O)c1ccccc1,
CNCCC(Oc1ccccc1CO)c1ccccc1,
CNCCC(Oc1cccc(O)c1C)c1ccccc1,
CNCCC(=O)c1ccccc1,
Cc1ccccc1O,
CNCCC(O)c1ccccc1,
CNCCC(O)(Oc1ccccc1C)c1ccccc1,
C[NH+]=CCC(Oc1ccccc1C)c1ccccc1,
CN=CCC(Oc1ccccc1C)c1ccccc1,
CNCC(O)C(Oc1ccccc1C)c1ccccc1,
CNCCCc1ccccc1,
CC1=CC(=O)C=CC1=O,
CNCCC(Oc1ccccc1C)c1ccccc1O,
CNC=CC(Oc1ccccc1C)c1ccccc1,
CNCC=C(Oc1ccccc1C)c1ccccc1,
CNCC(O)c1cccc(O)c1,CNC[C@H](O)c1cccc(O)c1
CC(=O)N(C)CC(O)c1cccc(O)c1,
CNCC(O)c1cccc(OS(=O)(=O)O)c1,
CN(O)CC(O)c1cccc(O)c1,
OCNCC(O)c1cccc(O)c1,
OCC(O)c1cccc(O)c1,
NCC(O)c1cccc(O)c1,
CNCC(O)c1cccc(OC2OC(C(=O)O)C(O)C(O)C2O)c1,
CNCC(O)c1cc(O)ccc1O,
CNCC(O)c1cccc(O)c1O,
CNCC(O)c1ccc(O)c(O)c1,
CNCC(O)c1cc(O)cc(O)c1,
CNCC(OC1OC(C(=O)O)C(O)C(O)C1O)c1cccc(O)c1,
CNCC(O)c1cccc(OC)c1,
CNCC(O)(O)c1cccc(O)c1,
CNC=Cc1cccc(O)c1,
CNCC(=O)c1cccc(O)c1,
C=[NH+]CC(O)c1cccc(O)c1,
CNCC(O)C1=CC(=O)C=CC1=O,
CNC(O)C(O)c1cccc(O)c1,
CNCC(OS(=O)(=O)O)c1cccc(O)c1,
O=CC(O)c1cccc(O)c1,
CNC=C(O)c1cccc(O)c1,
CN=CC(O)c1cccc(O)c1,
C[NH+]=CC(O)c1cccc(O)c1,
CNCc1cc(-c2ccccc2F)n(S(=O)(=O)c2cccnc2)c1,CNCc1cc(-c2ccccc2F)n(S(=O)(=O)c2cccnc2)c1
CC(=O)N(C)Cc1cc(-c2ccccc2F)n(S(=O)(=O)c2cccnc2)c1,
CN(O)Cc1cc(-c2ccccc2F)n(S(=O)(=O)c2cccnc2)c1,
O=S(=O)(c1cccnc1)n1cc(CNCO)cc1-c1ccccc1F,
NCc1cc(-c2ccccc2F)n(S(=O)(=O)c2cccnc2)c1,
O=S(=O)(c1cccnc1)n1cc(CO)cc1-c1ccccc1F,
CNCc1cc(-c2ccc(O)cc2F)n(S(=O)(=O)c2cccnc2)c1,
CNCc1cc(-c2cc(O)ccc2F)n(S(=O)(=O)c2cccnc2)c1,
CNCc1cc(-c2cccc(O)c2F)n(S(=O)(=O)c2cccnc2)c1,
O=Cc1cc(-c2ccccc2F)n(S(=O)(=O)c2cccnc2)c1,
CNCc1cc(-c2ccccc2F)n(S(=O)(=O)c2ccc[n+]([O-])c2)c1,
CNC(O)c1cc(-c2ccccc2F)n(S(=O)(=O)c2cccnc2)c1,
CNCc1cc(-c2ccccc2F)n(S(=O)(=O)c2ccc[n+](C3OC(C(=O)O)C(O)C(O)C3O)c2)c1,
CNCc1cn(S(=O)(=O)c2cccnc2)c(-c2ccccc2F)c1O,
CNCc1cc(-c2ccccc2F)n(S(=O)(=O)c2cncc(O)c2)c1,
CNCc1cc(-c2ccccc2F)n(S(=O)(=O)c2cccnc2)c1O,
CNCC1=C[N+]([O-])(S(=O)(=O)c2cccnc2)C(c2ccccc2F)=C1,
CNCc1cc(-c2ccccc2F)n(S(=O)(=O)c2ccc(O)nc2)c1,
CNCc1cc(-c2ccccc2F)n(S(=O)(=O)c2cccnc2O)c1,
C=[NH+]Cc1cc(-c2ccccc2F)n(S(=O)(=O)c2cccnc2)c1,
CNCc1cc(-c2ccccc2F)n(S(=O)(=O)c2cnccc2O)c1,
CNCc1cc(-c2c(O)cccc2F)n(S(=O)(=O)c2cccnc2)c1,
C[NH+]=Cc1cc(-c2ccccc2F)n(S(=O)(=O)c2cccnc2)c1,
CN=Cc1cc(-c2ccccc2F)n(S(=O)(=O)c2cccnc2)c1,
CNCc1cc(-c2ccccc2O)n(S(=O)(=O)c2cccnc2)c1,
CNC(C)C(O)c1ccccc1,CN[C@@H](C)[C@@H](O)c1ccccc1
CC(=O)N(C)C(C)C(O)c1ccccc1,
CC(N)C(O)c1ccccc1,
CC(NCO)C(O)c1ccccc1,
CC(C(O)c1ccccc1)N(C)O,
CNC(C)C(OC1OC(C(=O)O)C(O)C(O)C1O)c1ccccc1,
CNC(C)C(OS(=O)(=O)O)c1ccccc1,
C=[NH+]C(C)C(O)c1ccccc1,
CNC(C)C(=O)c1ccccc1,
CNC(C)C(O)c1ccc(O)cc1,
CNC(C)C(O)(O)c1ccccc1,
CNC(C)C(O)c1cccc(O)c1,
CNC(C)(O)C(O)c1ccccc1,
CNC(C)C(O)c1ccc(O)c(OC)c1,
CNC(C)=Cc1ccccc1,
CC(=O)C(O)c1ccccc1,
CNC(C)=C(O)c1ccccc1,
CNC(CO)C(O)c1ccccc1,
C[NH+]=C(C)C(O)c1ccccc1,
CN=C(C)C(O)c1ccccc1,
C=C(NC)C(O)c1ccccc1,
CNC(C)C(O)c1ccccc1O,
CNC(C)C(O)c1ccccc1,CN[C@@H](C)[C@H](O)c1ccccc1
CC(=O)N(C)C(C)C(O)c1ccccc1,
CC(N)C(O)c1ccccc1,
CC(NCO)C(O)c1ccccc1,
CC(C(O)c1ccccc1)N(C)O,
CNC(C)C(OC1OC(C(=O)O)C(O)C(O)C1O)c1ccccc1,
CNC(C)C(OS(=O)(=O)O)c1ccccc1,
C=[NH+]C(C)C(O)c1ccccc1,
CNC(C)C(=O)c1ccccc1,
CNC(C)C(O)c1ccc(O)cc1,
CNC(C)C(O)(O)c1ccccc1,
CNC(C)C(O)c1cccc(O)c1,
CNC(C)(O)C(O)c1ccccc1,
CNC(C)C(O)c1ccc(O)c(OC)c1,
CNC(C)=Cc1ccccc1,
CC(=O)C(O)c1ccccc1,
CNC(C)=C(O)c1ccccc1,
CNC(CO)C(O)c1ccccc1,
C[NH+]=C(C)C(O)c1ccccc1,
CN=C(C)C(O)c1ccccc1,
C=C(NC)C(O)c1ccccc1,
CNC(C)C(O)c1ccccc1O,
COc1c(-c2ccc3cc(NS(C)(=O)=O)ccc3c2)cc(-n2ccc(=O)[nH]c2=O)cc1C(C)(C)C,COc1c(-c2ccc3cc(NS(C)(=O)=O)ccc3c2)cc(-n2ccc(=O)[nH]c2=O)cc1C(C)(C)C
COc1c(-c2ccc3cc(NS(C)(=O)=O)ccc3c2)cc(-n2ccc(=O)[nH]c2=O)cc1C(C)(C)C(=O)O,
COc1c(-c2ccc3cc(NS(C)(=O)=O)ccc3c2)cc(-n2ccc(=O)[nH]c2=O)cc1C(C)(C)CO,
COc1c(-c2ccc3cc(NS(C)(=O)=O)ccc3c2)cc(-n2cc(O)c(=O)[nH]c2=O)cc1C(C)(C)C,
COc1c(-c2ccc3cc(NS(C)(=O)=O)ccc3c2)cc(N2CCC(=O)NC2=O)cc1C(C)(C)C,
COc1c(-c2ccc3cc(NS(C)(=O)=O)ccc3c2)cc(-n2ccc(=O)n(C3OC(C(=O)O)C(O)C(O)C3O)c2=O)cc1C(C)(C)C,
COc1c(-c2ccc3cc(N(C4OC(C(=O)O)C(O)C(O)C4O)S(C)(=O)=O)ccc3c2)cc(-n2ccc(=O)[nH]c2=O)cc1C(C)(C)C,
CC(C)(C)c1cc(-n2ccc(=O)[nH]c2=O)cc(-c2ccc3cc(NS(C)(=O)=O)ccc3c2)c1O,
CC(C)(C)c1cc(-n2ccc(=O)[nH]c2=O)cc(-c2ccc3cc(NS(C)(=O)=O)ccc3c2)c1OCO,
COc1c(-c2ccc3cc(NS(C)(=O)=O)ccc3c2)cc([N+]2([O-])C=CC(=O)NC2=O)cc1C(C)(C)C,
COc1c(-c2ccc3cc(NS(C)(=O)=O)ccc3c2)cc(-n2c(O)cc(=O)[nH]c2=O)cc1C(C)(C)C,
COc1c(-c2ccc3cc(NS(=O)(=O)CO)ccc3c2)cc(-n2ccc(=O)[nH]c2=O)cc1C(C)(C)C,
COc1c(C(C)(C)C)cc(-n2ccc(=O)[nH]c2=O)c(O)c1-c1ccc2cc(NS(C)(=O)=O)ccc2c1,
COc1c(-c2ccc3c(O)c(NS(C)(=O)=O)ccc3c2)cc(-n2ccc(=O)[nH]c2=O)cc1C(C)(C)C,
COc1c(-c2ccc3cc(N(O)S(C)(=O)=O)ccc3c2)cc(-n2ccc(=O)[nH]c2=O)cc1C(C)(C)C,
COc1c(-c2cc3ccc(NS(C)(=O)=O)cc3cc2O)cc(-n2ccc(=O)[nH]c2=O)cc1C(C)(C)C,
COc1c(-c2ccc3cc(NS(C)(=O)=O)ccc3c2O)cc(-n2ccc(=O)[nH]c2=O)cc1C(C)(C)C,
CC(C)(C)C1=CC(=O)C=C(c2ccc3cc(NS(C)(=O)=O)ccc3c2)C1=O,
O=c1cc[nH]c(=O)[nH]1,
COc1c(-c2ccc3cc(NS(C)(=O)=O)ccc3c2)cc(-n2ccc(=O)[nH]c2=O)c(O)c1C(C)(C)C,
COc1c(-c2ccc3cc(NS(C)(=O)=O)c(O)cc3c2)cc(-n2ccc(=O)[nH]c2=O)cc1C(C)(C)C,
COc1c(-c2cc(O)c3cc(NS(C)(=O)=O)ccc3c2)cc(-n2ccc(=O)[nH]c2=O)cc1C(C)(C)C,
COc1c(-c2ccc3cc(NS(C)(=O)=O)cc(O)c3c2)cc(-n2ccc(=O)[nH]c2=O)cc1C(C)(C)C,
COc1cc(Cc2cnc(N)nc2N)cc(OC)c1OC,COc1cc(Cc2cnc(N)nc2N)cc(OC)c1OC
COc1cc(Cc2cnc(N)nc2NC2OC(C(=O)O)C(O)C(O)C2O)cc(OC)c1OC,
COc1cc(C(O)c2cnc(N)nc2N)cc(OC)c1OC,
COc1cc(Cc2cnc(NC3OC(C(=O)O)C(O)C(O)C3O)nc2N)cc(OC)c1OC,
COc1cc(Cc2cnc(NS(=O)(=O)O)nc2N)cc(OC)c1OC,
COc1cc(Cc2cnc(NC(C)=O)nc2N)cc(OC)c1OC,
COc1cc(Cc2cnc(N)nc2NC(C)=O)cc(OC)c1OC,
COc1cc(Cc2cnc(N)nc2N)cc(OCO)c1OC,
COc1cc(Cc2cnc(N)nc2N)cc(O)c1OC,
COc1cc(Cc2cnc(=O)[nH]c2N)cc(OC)c1OC,
COc1cc(Cc2cnc(NO)nc2N)cc(OC)c1OC,
COc1cc(Cc2cnc(N)[nH]c2=O)cc(OC)c1OC,
COc1cc(Cc2c[n+]([O-])c(N)nc2N)cc(OC)c1OC,
COc1cc(Cc2cnc(N)[n+]([O-])c2N)cc(OC)c1OC,
COc1cc(Cc2cnc(N)nc2N)cc(OC)c1OCO,
COc1cc(Cc2cnc(N)nc2N)cc(OC)c1O,
COc1cc(Cc2cnc(N)nc2NS(=O)(=O)O)cc(OC)c1OC,
COc1cc(Cc2c[n+](C3OC(C(=O)O)C(O)C(O)C3O)c(N)nc2N)cc(OC)c1OC,
COc1cc(Cc2cnc(N)[n+](C3OC(C(=O)O)C(O)C(O)C3O)c2N)cc(OC)c1OC,
COc1cc(Cc2cnc(N)nc2NO)cc(OC)c1OC,
COC1=CC(O)(Cc2cnc(N)nc2N)C=C(OC)C1=O,
COC1=C(OC)C(=O)C(Cc2cnc(N)nc2N)=CC1=O,
COc1cc(Cc2c(N)nc(N)nc2O)cc(OC)c1OC,
COc1cc(Cc2cnc(N)nc2N)c(O)c(OC)c1OC,
COc1cc2nc(N3CCN(C(=O)C4CCCO4)CC3)nc(N)c2cc1OC,COc1cc2nc(N3CCN(C(=O)C4CCCO4)CC3)nc(N)c2cc1OC
COc1cc2nc(N3CCN(C(=O)C4CCCO4)CC3)nc(NC3OC(C(=O)O)C(O)C(O)C3O)c2cc1OC,
COc1cc2c(N)nc(N3CCN(C(=O)C4CCCO4)CC3)nc2cc1O,
COc1cc2c(N)nc(N3CCN(C(=O)C4CCCO4)CC3)nc2cc1OCO,
COc1cc2nc(N3CCN(C(=O)C4CCCO4)CC3)nc(NC(C)=O)c2cc1OC,
COc1cc2nc(N3CCN(C(=O)C4CCCO4)CC3)nc(N)c2cc1O,
COc1cc2nc(N3CCN(C(=O)C4CCCO4)CC3)nc(N)c2cc1OCO,
COc1cc2nc(N3CCN(C(=O)C(=O)CCCO)CC3)nc(N)c2cc1OC,
COc1cc2nc(N3CCN(C(=O)C4CCC(O)O4)CC3)nc(N)c2cc1OC,
COc1cc2nc(N3CCN(C(=O)C(O)CCC=O)CC3)nc(N)c2cc1OC,
COc1cc2nc(N3CCN(C(=O)C(O)CCCO)CC3)nc(N)c2cc1OC,
COc1cc2nc(N3CCN(C(=O)C4CC(O)CO4)CC3)nc(N)c2cc1OC,
COc1cc2nc(N3CCN(C(=O)C4CCCO4)CC3)nc(NS(=O)(=O)O)c2cc1OC,
COc1cc2nc(N3CCN(C(=O)C4CCCO4)CC3)nc(NO)c2cc1OC,
COc1cc2nc(N3CCN(C(=O)C4CCCO4)CC3)[nH]c(=O)c2cc1OC,
COc1cc2nc(NCCNC(=O)C3CCCO3)nc(N)c2cc1OC,
COc1cc2nc(N3CCNCC3)nc(N)c2cc1OC,
O=C(O)C1CCCO1,
COc1cc2nc(N3CC[N+]([O-])(C(=O)C4CCCO4)CC3)nc(N)c2cc1OC,
COc1cc2nc([N+]3([O-])CCN(C(=O)C4CCCO4)CC3)nc(N)c2cc1OC,
COc1cc2nc(N3CCN(C(=O)C4CCCO4)C(O)C3)nc(N)c2cc1OC,
COc1cc2nc(N3CCN(C(=O)C4CCCO4)CC3=O)nc(N)c2cc1OC,
COc1cc2nc(N3C=CN(C(=O)C4CCCO4)CC3)nc(N)c2cc1OC,
COc1cc2nc(N3CCN(C(=O)C4CCCO4)C(=O)C3)nc(N)c2cc1OC,
COc1cc2nc(NCCN(CC=O)C(=O)C3CCCO3)nc(N)c2cc1OC,
COc1cc2nc(N3CCN(C(=O)C4CCCO4)CC3O)nc(N)c2cc1OC,
COc1cc2nc(=O)[nH]c(N)c2cc1OC,
O=C(C1CCCO1)N1CCNCC1,
COc1cc2nc(N3CCN(C(=O)C4OCCC4O)CC3)nc(N)c2cc1OC,
COc1cc2nc(N3CCN(C(=O)C4(O)CCCO4)CC3)nc(N)c2cc1OC,
COc1cc2nc(N(CC=O)CCNC(=O)C3CCCO3)nc(N)c2cc1OC,
COc1cc2nc(N3CCN(C(=O)C4CCCO4)CC3)[n+]([O-])c(N)c2cc1OC,
COc1cc2c(N)nc(N3CCN(C(=O)C4CCCO4)CC3)[n+]([O-])c2cc1OC,
COc1cc2nc(N3CCN(C(=O)C4CC=CO4)CC3)nc(N)c2cc1OC,
COc1cc2c(N)nc(N3CCN(C(=O)C4CCCO4)CC3)nc2c(O)c1OC,
COc1cc2nc(N3CCN(C(=O)C4CCCO4)CC3)[n+](C3OC(C(=O)O)C(O)C(O)C3O)c(N)c2cc1OC,
COc1cc2nc(N3CCN(C(=O)C4CCCO4)CC3)nc(N)c2c(O)c1OC,
COc1cc2nc3nc(c2cc1OC)NC1CN(C(=O)C2CCCO2)CCN31,
C1=COCC1,
COc1cc2nc(N3CCN(C=O)CC3)nc(N)c2cc1OC,
COc1cc2nc([N+]3=CCN(C(=O)C4CCCO4)CC3)nc(N)c2cc1OC,
COc1cc2c(N)nc(N3CCN(C(=O)C4CCCO4)CC3)[n+](C3OC(C(=O)O)C(O)C(O)C3O)c2cc1OC,
COc1cc2nc(N3CCN(C(=O)C4C=CCO4)CC3)nc(N)c2cc1OC,
COc1cc2nc(N3CCN(C(=O)C4=CCCO4)CC3)nc(N)c2cc1OC,
COc1cc2nc(N3CC=[N+](C(=O)C4CCCO4)CC3)nc(N)c2cc1OC,
COc1cc2nccc(Oc3ccc(NC(=O)NC4CC4)c(Cl)c3)c2cc1C(N)=O,COc1cc2nccc(Oc3ccc(NC(=O)NC4CC4)c(Cl)c3)c2cc1C(N)=O
NC(=O)c1cc2c(Oc3ccc(NC(=O)NC4CC4)c(Cl)c3)ccnc2cc1OCO,
NC(=O)c1cc2c(Oc3ccc(NC(=O)NC4CC4)c(Cl)c3)ccnc2cc1O,
COc1cc2nccc(Oc3ccc(NC(=O)NC4CC4)c(Cl)c3)c2cc1C(=O)NC1OC(C(=O)O)C(O)C(O)C1O,
COc1cc2nccc(Oc3ccc(NC(=O)NC4CC4)c(Cl)c3)c2c(O)c1C(N)=O,
COc1cc2nccc(Oc3ccc(NC(=O)NC4CC4)c(Cl)c3)c2cc1C(=O)O,
COc1cc2nccc(Oc3ccc(NC(=O)NC4CC4)c(Cl)c3)c2cc1C(=O)NO,
O=C1CC1,
COc1cc2nccc(Oc3ccc(NC(=O)O)c(Cl)c3)c2cc1C(N)=O,
COc1cc2nccc(Oc3ccc(NC(=O)N(O)C4CC4)c(Cl)c3)c2cc1C(N)=O,
COc1cc2nccc(Oc3ccc(NC(N)=O)c(Cl)c3)c2cc1C(N)=O,
COc1cc2nccc(Oc3ccc(NC(=O)NC4(O)CC4)c(Cl)c3)c2cc1C(N)=O,
COc1cc2nccc(Oc3ccc(NC(=O)NC4CC4O)c(Cl)c3)c2cc1C(N)=O,
NC1CC1,
NC(=O)C1=CC(=O)C(N=CC=COc2ccc(NC(=O)NC3CC3)c(Cl)c2)=CC1=O,
COc1cc2c(cc1C(N)=O)c(Oc1ccc(NC(=O)NC3CC3)c(Cl)c1)cc[n+]2C1OC(C(=O)O)C(O)C(O)C1O,
COc1c(C(N)=O)cc2c(Oc3ccc(NC(=O)NC4CC4)c(Cl)c3)ccnc2c1O,
COc1cc2c(cc1C(N)=O)c(Oc1ccc(NC(=O)NC3CC3)c(Cl)c1)cc[n+]2[O-],
COc1cc2ncc(O)c(Oc3ccc(NC(=O)NC4CC4)c(Cl)c3)c2cc1C(N)=O,
COc1cc2nc(O)cc(Oc3ccc(NC(=O)NC4CC4)c(Cl)c3)c2cc1C(N)=O,
COc1cc2nccc(Oc3ccc(N(C(=O)NC4CC4)C4OC(C(=O)O)C(O)C(O)C4O)c(Cl)c3)c2cc1C(N)=O,
COc1cc2nccc(Oc3ccc(NC(=O)NC4CC4)c(SCC(NC(=O)CCC(N)C(=O)O)C(=O)NCC(=O)O)c3)c2cc1C(N)=O,
COc1cc2nccc(Oc3cc(O)c(NC(=O)NC4CC4)c(Cl)c3)c2cc1C(N)=O,
COc1cc2nccc(Oc3ccc(NC(=O)NC4CC4)c(Cl)c3O)c2cc1C(N)=O,
COc1cc2nccc(Oc3cc(Cl)c(NC(=O)NC4CC4)cc3O)c2cc1C(N)=O,
COc1cc2nccc(Oc3ccc(N)c(Cl)c3)c2cc1C(N)=O,
O=C(O)NC1CC1,
COc1cc2nccc(Oc3ccc(N(O)C(=O)NC4CC4)c(Cl)c3)c2cc1C(N)=O,
COc1cc2nccc(Oc3ccc(NC(=O)N=C4CC4)c(Cl)c3)c2cc1C(N)=O,
COc1cc2nccc(Oc3ccc(NC(=O)[NH+]=C4CC4)c(Cl)c3)c2cc1C(N)=O,
COc1cc2nccc(Oc3ccc(NC(=O)NC4=CC4)c(Cl)c3)c2cc1C(N)=O,
COc1cc2nccc(Oc3ccc(NC(=O)NC4C=C4)c(Cl)c3)c2cc1C(N)=O,
O=C1C=CC(NC(=O)NC2CC2)C(Cl)=C1,
COc1cc2nccc(O)c2cc1C(N)=O,
COc1cc2nccc(Oc3ccc(NC=O)c(Cl)c3)c2cc1C(N)=O,
O=CNC1CC1,
COc1cc2nccc(Oc3ccc(NC(=O)NC4CC4)c(O)c3)c2cc1C(N)=O,
COc1ccc(CC(C)NCC(O)c2ccc(O)c(NC=O)c2)cc1,COc1ccc(CC(C)NCC(O)c2ccc(O)c(NC=O)c2)cc1
COc1ccc(CC(C)NCC(O)c2ccc(OS(=O)(=O)O)c(NC=O)c2)cc1,
COc1ccc(CC(C)NCC(O)c2ccc(OC3OC(C(=O)O)C(O)C(O)C3O)c(NC=O)c2)cc1,
COc1ccc(CC(C)NCC(OC2OC(C(=O)O)C(O)C(O)C2O)c2ccc(O)c(NC=O)c2)cc1,
CC(Cc1ccc(O)cc1)NCC(O)c1ccc(O)c(NC=O)c1,
CC(Cc1ccc(OCO)cc1)NCC(O)c1ccc(O)c(NC=O)c1,
O=CNc1cc(C(O)CO)ccc1O,
COc1ccc(CC(C)NC(O)C(O)c2ccc(O)c(NC=O)c2)cc1,
COc1ccc(CC(C)N(O)CC(O)c2ccc(O)c(NC=O)c2)cc1,
COc1ccc(CC(C)NCC(=O)c2ccc(O)c(NC=O)c2)cc1,
COc1ccc(CC(C)NC=Cc2ccc(O)c(NC=O)c2)cc1,
O=CNc1cc(C(O)C=O)ccc1O,
COc1ccc(CC(C)N)cc1,
COc1ccc(CC(C)NCC(O)c2ccc(O)c(NC=O)c2O)cc1,
COc1ccc(CC(C)NCC(O)(O)c2ccc(O)c(NC=O)c2)cc1,
COc1ccc(CC(C)NCC(OS(=O)(=O)O)c2ccc(O)c(NC=O)c2)cc1,
COc1ccc(CC(C)NCC(O)c2ccc(O)c(NC(=O)O)c2)cc1,
O=C=O,
COc1ccc(CC(C)NCC(O)c2ccc(O)c(N)c2)cc1,
COc1ccc(CC(C)NCC(O)c2ccc(O)c(N(O)C=O)c2)cc1,
COc1ccc(CC(C)=O)cc1,
NCC(O)c1ccc(O)c(NC=O)c1,
COc1ccc(CC(C)(O)NCC(O)c2ccc(O)c(NC=O)c2)cc1,
COc1ccc(C(O)C(C)NCC(O)c2ccc(O)c(NC=O)c2)cc1,
COc1ccc(CC(C)NCC(O)c2cc(NC=O)c(O)cc2O)cc1,
COc1ccc(CC(C)NCC(O)c2cc(O)c(O)c(NC=O)c2)cc1,
COc1ccc(CC(C)NCC(O)c2ccc(OC)c(NC=O)c2)cc1,
CC(CC1(O)C=CC(=O)C=C1)NCC(O)c1ccc(O)c(NC=O)c1,
COc1ccc(CC(C)NCC(O)c2ccc(O)c(NC=O)c2)cc1O,
COc1ccc(CC(C)N=CC(O)c2ccc(O)c(NC=O)c2)cc1,
COc1ccc(CC(C)NC=C(O)c2ccc(O)c(NC=O)c2)cc1,
COc1ccc(CC(C)[NH+]=CC(O)c2ccc(O)c(NC=O)c2)cc1,
COc1ccc(CC(C)NCC(O)C2(O)C=CC(=O)C(NC=O)=C2)cc1,
COc1ccc(CC(C)NCC(O)c2ccc(O)c(N(C=O)C3OC(C(=O)O)C(O)C(O)C3O)c2)cc1,
COc1ccc(CC(C)NCC(O)c2ccc(O)c(N=C=O)c2)cc1,
COc1ccc(CC(C)NCC(O)c2ccc(O)c([NH+]=C=O)c2)cc1,
COc1ccc(CC(C)=[NH+]CC(O)c2ccc(O)c(NC=O)c2)cc1,
C=C(Cc1ccc(OC)cc1)NCC(O)c1ccc(O)c(NC=O)c1,
COc1ccc(CC(C)=NCC(O)c2ccc(O)c(NC=O)c2)cc1,
COc1ccc(C=C(C)NCC(O)c2ccc(O)c(NC=O)c2)cc1,
COc1ccc(CC(C)NCC(O)c2ccc(O)c(NC=O)c2)c(O)c1,
COc1ccc(CC(CO)NCC(O)c2ccc(O)c(NC=O)c2)cc1,
COc1ccc(S(=O)(=O)N2Cc3[nH]c4ccccc4c3CC2C(N)=O)cc1,COc1ccc(S(=O)(=O)N2Cc3[nH]c4ccccc4c3CC2C(N)=O)cc1
NC(=O)C1Cc2c([nH]c3ccccc23)CN1S(=O)(=O)c1ccc(OCO)cc1,
NC(=O)C1Cc2c([nH]c3ccccc23)CN1S(=O)(=O)c1ccc(O)cc1,
COc1ccc(S(=O)(=O)N2Cc3[nH]c4c(O)cccc4c3CC2C(N)=O)cc1,
COc1ccc(S(=O)(=O)N2Cc3[nH]c4cc(O)ccc4c3CC2C(N)=O)cc1,
COc1ccc(S(=O)(=O)N2Cc3[nH]c4ccc(O)cc4c3CC2C(N)=O)cc1,
COc1ccc(S(=O)(=O)N2Cc3[nH]c4ccccc4c3CC2C(=O)O)cc1,
COc1ccc(S(=O)(=O)N2Cc3[nH]c4ccccc4c3CC2C(=O)NO)cc1,
COc1ccc(S(=O)(=O)N2Cc3[nH]c4ccccc4c3CC2(O)C(N)=O)cc1,
COc1ccc(S(=O)(=O)NC(Cc2c(C=O)[nH]c3ccccc23)C(N)=O)cc1,
COc1ccc(S(=O)(=O)N2C(C(N)=O)Cc3c([nH]c4ccccc34)C2O)cc1,
COc1ccc(S(=O)(=O)[N+]2([O-])Cc3[nH]c4ccccc4c3CC2C(N)=O)cc1,
COc1ccc(S(=O)(=O)N2Cc3[nH]c4ccccc4c3CC2C(=O)NC2OC(C(=O)O)C(O)C(O)C2O)cc1,
COc1ccc(S(=O)(=O)N2Cc3[nH]c4ccccc4c3C(O)C2C(N)=O)cc1,
COc1ccc(S(=O)(=O)NCc2[nH]c3ccccc3c2CC(=O)C(N)=O)cc1,
COc1ccc(S(=O)(=O)N2Cc3c(c4ccccc4n3C3OC(C(=O)O)C(O)C(O)C3O)CC2C(N)=O)cc1,
NC(=O)C1Cc2c([nH]c3ccccc23)CN1[S](=O)=O,
O=C1C=CC(=O)C=C1,
COc1ccc(S(=O)(=O)N2Cc3[nH]c4ccccc4c3CC2C(N)=O)cc1O,
COc1ccc(S(=O)(=O)N2C=Cc3c([nH]c4ccccc34)C2)cc1,
NC=O,
COc1ccc(S(=O)(=O)N2C3Cc4c([nH]c5ccccc45)C2NC3=O)cc1,
COc1ccc(S(=O)(=O)[N+]2=Cc3[nH]c4ccccc4c3CC2C(N)=O)cc1,
COc1ccc(S(=O)(=O)N2Cc3[nH]c4ccccc4c3C=C2C(N)=O)cc1,
COc1ccc(S(=O)(=O)N2Cc3[nH]c4cccc(O)c4c3CC2C(N)=O)cc1,
COc1ccc(S(=O)(=O)[N+]2=C(C(N)=O)Cc3c([nH]c4ccccc34)C2)cc1,
COc1ccc(S(=O)(=O)N2Cc3[nH]c4ccccc4c3CC2C(N)=O)c(O)c1,
COc1ccc2ccc(=O)oc2c1CC=C(C)C,COc1ccc2ccc(=O)oc2c1CC=C(C)C
COc1ccc2ccc(=O)oc2c1CC=C(C)C(=O)O,
COc1ccc2ccc(=O)oc2c1CC=C(C)CO,
COc1ccc2ccc(=O)oc2c1CC1OC1(C)C,
COc1ccc2ccc(=O)oc2c1C(O)C=C(C)C,
CC(C)=CCc1c(OCO)ccc2ccc(=O)oc12,
CC(C)=CCc1c(O)ccc2ccc(=O)oc12,
COc1ccc2cc(O)c(=O)oc2c1CC=C(C)C,
C=C(C)C(O)Cc1c(OC)ccc2ccc(=O)oc12,
COc1ccc2ccc(=O)oc2c1C=CC(C)(C)O,
COc1ccc2c(O)cc(=O)oc2c1CC=C(C)C,
COc1ccc2ccc(=O)oc2c1C=C=C(C)C,
C=CC(=O)OC1=C(CC=C(C)C)C(=O)C=CC1=O,
COc1c(O)cc2ccc(=O)oc2c1CC=C(C)C,
COc1cc(O)c2ccc(=O)oc2c1CC=C(C)C,
COc1ccccc1Oc1c(NS(=O)(=O)c2ccc(C(C)(C)C)cc2)nc(-c2ncccn2)nc1OCCO,COc1ccccc1Oc1c(NS(=O)(=O)c2ccc(C(C)(C)C)cc2)nc(-c2ncccn2)nc1OCCO
COc1ccccc1Oc1c(NS(=O)(=O)c2ccc(C(C)(C)C)cc2)nc(-c2ncccn2)nc1OCCOS(=O)(=O)O,
COc1ccccc1Oc1c(NS(=O)(=O)c2ccc(C(C)(C)CO)cc2)nc(-c2ncccn2)nc1OCCO,
COc1ccccc1Oc1c(NS(=O)(=O)c2ccc(C(C)(C)C(=O)O)cc2)nc(-c2ncccn2)nc1OCCO,
COc1ccccc1Oc1c(NS(=O)(=O)c2ccc(C(C)(C)C)cc2)nc(-c2ncccn2)nc1OCCOC1OC(C(=O)O)C(O)C(O)C1O,
CC(C)(C)c1ccc(S(=O)(=O)Nc2nc(-c3ncccn3)nc(OCCO)c2Oc2ccccc2OCO)cc1,
CC(C)(C)c1ccc(S(=O)(=O)Nc2nc(-c3ncccn3)nc(OCCO)c2Oc2ccccc2O)cc1,
COc1ccccc1Oc1c(OCCO)nc(-c2ncccn2)nc1N(C1OC(C(=O)O)C(O)C(O)C1O)S(=O)(=O)c1ccc(C(C)(C)C)cc1,
COc1ccccc1Oc1c(NS(=O)(=O)c2ccc(C(C)(C)C)cc2)nc(-c2nccc(O)n2)nc1OCCO,
COc1ccccc1Oc1c(NS(=O)(=O)c2ccc(C(C)(C)C)cc2)nc(-c2ncc(O)cn2)nc1OCCO,
COc1ccccc1Oc1c(NS(=O)(=O)c2ccc(C(C)(C)C)cc2)nc(-c2ncccn2)nc1OCC(O)O,
COc1ccccc1Oc1c(NS(=O)(=O)c2ccc(C(C)(C)C)cc2)nc(-c2ncccn2)nc1OCC(=O)O,
COc1ccccc1Oc1c(NS(=O)(=O)c2ccc(C(C)(C)C)cc2)nc(-c2ncccn2)nc1OCC=O,
COc1ccccc1Oc1c(NS(=O)(=O)c2ccc(C(C)(C)C)cc2)nc(-c2nccc[n+]2[O-])nc1OCCO,
COc1c(O)cccc1Oc1c(NS(=O)(=O)c2ccc(C(C)(C)C)cc2)nc(-c2ncccn2)nc1OCCO,
COc1cc(O)ccc1Oc1c(NS(=O)(=O)c2ccc(C(C)(C)C)cc2)nc(-c2ncccn2)nc1OCCO,
COc1cccc(O)c1Oc1c(NS(=O)(=O)c2ccc(C(C)(C)C)cc2)nc(-c2ncccn2)nc1OCCO,
COc1ccc(O)cc1Oc1c(NS(=O)(=O)c2ccc(C(C)(C)C)cc2)nc(-c2ncccn2)nc1OCCO,
CC(C)(C)c1ccc(S(=O)(=O)Nc2nc(-c3ncccn3)nc(OCCO)c2OC2=CC(=O)C=CC2=O)cc1,
OCCO,
O=CCO,
COc1ccccc1Oc1c(O)nc(-c2ncccn2)nc1NS(=O)(=O)c1ccc(C(C)(C)C)cc1,
COc1ccccc1Oc1c(NS(=O)(=O)c2ccc(C(C)(C)C)cc2)nc(-c2ncccn2)nc1OC(O)CO,
COc1ccccc1Oc1c(NS(=O)(=O)c2ccc(C(C)(C)C)cc2)nc(-c2ncccn2)[n+]([O-])c1OCCO,
CC(C)(C)c1ccc(S(N)(=O)=O)cc1,
COc1ccccc1Oc1c(OCCO)nc(-c2ncccn2)[nH]c1=O,
COc1ccccc1Oc1c(NS(=O)(=O)c2ccc(C(C)(C)C)cc2)nc(-c2nccc[n+]2C2OC(C(=O)O)C(O)C(O)C2O)nc1OCCO,
COc1ccccc1Oc1c(OCCO)nc(-c2ncccn2)[n+]([O-])c1NS(=O)(=O)c1ccc(C(C)(C)C)cc1,
COc1ccccc1Oc1c(OCCO)nc(-c2ncccn2)nc1N(O)S(=O)(=O)c1ccc(C(C)(C)C)cc1,
COc1ccccc1Oc1c(NS(=O)(=O)c2ccc(C(C)(C)C)cc2)nc(-c2ncccn2)nc1OC=CO,
COc1ccccc1Oc1c(OCCO)nc(-c2ncccn2)[n+](C2OC(C(=O)O)C(O)C(O)C2O)c1NS(=O)(=O)c1ccc(C(C)(C)C)cc1,
COc1ccccc1Oc1c(NS(=O)(=O)c2ccc(C(C)(C)C)c(O)c2)nc(-c2ncccn2)nc1OCCO,
COc1ccccc1Oc1c(NS(=O)(=O)c2ccc(C(C)(C)C)cc2O)nc(-c2ncccn2)nc1OCCO,
COc1ccccc1Oc1c(NS(=O)(=O)c2ccc(C(C)(C)C)cc2)nc(-c2ncccn2)[n+](C2OC(C(=O)O)C(O)C(O)C2O)c1OCCO,
CC(C)(C)c1ccc(S(=O)(=O)Nc2nc(-c3ncccn3)nc(OCCO)c2O)cc1,
COC1=CCC=CC1=O,
CS(=O)(=O)CCNCc1ccc(-c2ccc3ncnc(Nc4ccc(OCc5cccc(F)c5)c(Cl)c4)c3c2)o1,CS(=O)(=O)CCNCc1ccc(-c2ccc3ncnc(Nc4ccc(OCc5cccc(F)c5)c(Cl)c4)c3c2)o1
CS(=O)(=O)CCNCc1ccc(-c2ccc3ncnc(Nc4ccc(OC(O)c5cccc(F)c5)c(Cl)c4)c3c2)o1,
CS(=O)(=O)CCNCc1ccc(-c2ccc3ncnc(Nc4ccc(O)c(Cl)c4)c3c2)o1,
O=Cc1cccc(F)c1,
CS(=O)(=O)CCNCc1ccc(-c2ccc3ncnc(Nc4ccc(OCc5cc(O)cc(F)c5)c(Cl)c4)c3c2)o1,
CS(=O)(=O)CCNCc1ccc(-c2ccc3ncnc(Nc4ccc(OCc5ccc(O)c(F)c5)c(Cl)c4)c3c2)o1,
OCc1cccc(F)c1,
CS(=O)(=O)CC=O,
NCc1ccc(-c2ccc3ncnc(Nc4ccc(OCc5cccc(F)c5)c(Cl)c4)c3c2)o1,
CS(=O)(=O)CCO,
CS(=O)(=O)CC(O)NCc1ccc(-c2ccc3ncnc(Nc4ccc(OCc5cccc(F)c5)c(Cl)c4)c3c2)o1,
CS(=O)(=O)CCN,
CS(=O)(=O)C(O)CNCc1ccc(-c2ccc3ncnc(Nc4ccc(OCc5cccc(F)c5)c(Cl)c4)c3c2)o1,
CS(=O)(=O)CCN(O)Cc1ccc(-c2ccc3ncnc(Nc4ccc(OCc5cccc(F)c5)c(Cl)c4)c3c2)o1,
OCc1ccc(-c2ccc3ncnc(Nc4ccc(OCc5cccc(F)c5)c(Cl)c4)c3c2)o1,
O=Cc1ccc(-c2ccc3ncnc(Nc4ccc(OCc5cccc(F)c5)c(Cl)c4)c3c2)o1,
CS(=O)(=O)CCNC(O)c1ccc(-c2ccc3ncnc(Nc4ccc(OCc5cccc(F)c5)c(Cl)c4)c3c2)o1,
CS(=O)(=O)CCNCc1ccc(-c2ccc3ncnc(Nc4ccc(OCc5cccc(F)c5)c(Cl)c4)c3c2O)o1,
CS(=O)(=O)CCNCc1cc(O)c(-c2ccc3ncnc(Nc4ccc(OCc5cccc(F)c5)c(Cl)c4)c3c2)o1,
O=C1C=CC(=O)C(Cl)=C1,
CS(=O)(=O)CCNCc1ccc(-c2ccc3ncnc(N)c3c2)o1,
Cc1cccc(F)c1,
CS(=O)(=O)CCNCc1ccc(-c2ccc3nc[nH]c(=O)c3c2)o1,
Nc1ccc(OCc2cccc(F)c2)c(Cl)c1,
CS(=O)(=O)CCNCc1ccc(-c2ccc3c(c2)c(Nc2ccc(OCc4cccc(F)c4)c(Cl)c2)nc[n+]3[O-])o1,
CS(=O)(=O)CCNCc1ccc(-c2cc(O)c3ncnc(Nc4ccc(OCc5cccc(F)c5)c(Cl)c4)c3c2)o1,
CS(=O)(=O)CCNCc1ccc(-c2ccc3nc(O)nc(Nc4ccc(OCc5cccc(F)c5)c(Cl)c4)c3c2)o1,
CS(=O)(=O)CCNCc1ccc(-c2ccc3ncnc(N(c4ccc(OCc5cccc(F)c5)c(Cl)c4)C4OC(C(=O)O)C(O)C(O)C4O)c3c2)o1,
CS(=O)(=O)CC=NCc1ccc(-c2ccc3ncnc(Nc4ccc(OCc5cccc(F)c5)c(Cl)c4)c3c2)o1,
CS(=O)(=O)CC=[NH+]Cc1ccc(-c2ccc3ncnc(Nc4ccc(OCc5cccc(F)c5)c(Cl)c4)c3c2)o1,
CS(=O)(=O)C=CNCc1ccc(-c2ccc3ncnc(Nc4ccc(OCc5cccc(F)c5)c(Cl)c4)c3c2)o1,
CS(=O)(=O)CC[NH+]=Cc1ccc(-c2ccc3ncnc(Nc4ccc(OCc5cccc(F)c5)c(Cl)c4)c3c2)o1,
CS(=O)(=O)CCN=Cc1ccc(-c2ccc3ncnc(Nc4ccc(OCc5cccc(F)c5)c(Cl)c4)c3c2)o1,
CS(=O)(=O)CCNCc1ccc(-c2ccc3ncnc(Nc4ccc(OCc5cccc(F)c5)c(Cl)c4O)c3c2)o1,
CS(=O)(=O)CCNCc1ccc(-c2ccc3ncnc(Nc4cc(Cl)c(OCc5cccc(F)c5)cc4O)c3c2)o1,
CS(=O)(=O)CCNCc1ccc(-c2ccc3ncnc(N(O)c4ccc(OCc5cccc(F)c5)c(Cl)c4)c3c2)o1,
C[SH](=O)=O,
O=[SH](=O)CCNCc1ccc(-c2ccc3ncnc(Nc4ccc(OCc5cccc(F)c5)c(Cl)c4)c3c2)o1,
O=CCNCc1ccc(-c2ccc3ncnc(Nc4ccc(OCc5cccc(F)c5)c(Cl)c4)c3c2)o1,
CS(=O)(=O)CCNCc1ccc(-c2ccc3nc[n+]([O-])c(Nc4ccc(OCc5cccc(F)c5)c(Cl)c4)c3c2)o1,
CS(=O)(=O)CCNCc1oc(-c2ccc3ncnc(Nc4ccc(OCc5cccc(F)c5)c(Cl)c4)c3c2)cc1O,
CS(=O)(=O)CCNCc1ccc(-c2ccc3c(c2)c(Nc2ccc(OCc4cccc(F)c4)c(Cl)c2)nc[n+]3C2OC(C(=O)O)C(O)C(O)C2O)o1,
O=S(=O)(CO)CCNCc1ccc(-c2ccc3ncnc(Nc4ccc(OCc5cccc(F)c5)c(Cl)c4)c3c2)o1,
CS(=O)(=O)CCNCc1ccc(-c2ccc3nc[n+](C4OC(C(=O)O)C(O)C(O)C4O)c(Nc4ccc(OCc5cccc(F)c5)c(Cl)c4)c3c2)o1,
CS(=O)(=O)CCNCc1ccc(-c2cc3c(Nc4ccc(OCc5cccc(F)c5)c(Cl)c4)ncnc3cc2O)o1,
CS(=O)(=O)CCNCc1ccc(-c2ccc3ncnc(Nc4ccc(OCc5cccc(F)c5O)c(Cl)c4)c3c2)o1,
O=C1C=CC(OCc2cccc(F)c2)C(Cl)=C1,
CS(=O)(=O)CCNCc1ccc(-c2ccc3ncnc(Nc4cc(O)c(OCc5cccc(F)c5)c(Cl)c4)c3c2)o1,
CS(=O)(=O)CCNCc1ccc(-c2ccc3ncnc(Nc4ccc(OCc5cc(F)ccc5O)c(Cl)c4)c3c2)o1,
CS(=O)(=O)CCNCc1ccc(-c2ccc3ncnc(Nc4ccc(OCc5cccc(F)c5)c(SCC(NC(=O)CCC(N)C(=O)O)C(=O)NCC(=O)O)c4)c3c2)o1,
CS(=O)(=O)CCNCc1ccc(-c2ccc3ncnc(Nc4ccc(OCc5cccc(O)c5)c(Cl)c4)c3c2)o1,
CS(=O)(=O)CCNCc1ccc(-c2ccc3ncnc(Nc4ccc(OCc5cccc(F)c5)c(O)c4)c3c2)o1,
CC(Oc1cc(-c2cnn(C3CCNCC3)c2)cnc1N)c1c(Cl)ccc(F)c1Cl,C[C@@H](Oc1cc(-c2cnn(C3CCNCC3)c2)cnc1N)c1c(Cl)ccc(F)c1Cl
CC(=O)N1CCC(n2cc(-c3cnc(N)c(OC(C)c4c(Cl)ccc(F)c4Cl)c3)cn2)CC1,
CC(=O)Nc1ncc(-c2cnn(C3CCNCC3)c2)cc1OC(C)c1c(Cl)ccc(F)c1Cl,
Nc1ncc(-c2cnn(C3CCNCC3)c2)cc1O,
CC(Oc1cc(-c2cnn(C3CCNCC3)c2)cnc1N)c1c(Cl)c(O)cc(F)c1Cl,
CC(O)(Oc1cc(-c2cnn(C3CCNCC3)c2)cnc1N)c1c(Cl)ccc(F)c1Cl,
CC(=O)c1c(Cl)ccc(F)c1Cl,
CC(Oc1cc(-c2cnn(C3CCNCC3)c2)cnc1N)c1c(Cl)cc(O)c(F)c1Cl,
CC(O)c1c(Cl)ccc(F)c1Cl,
CC(Oc1cc(-c2cnn(C3CCNCC3)c2)cnc1NC1OC(C(=O)O)C(O)C(O)C1O)c1c(Cl)ccc(F)c1Cl,
CC(Oc1cc(-c2cnn(C3CCN(O)CC3)c2)cnc1N)c1c(Cl)ccc(F)c1Cl,
CC(Oc1cc(-c2cnn(C(CC=O)CCN)c2)cnc1N)c1c(Cl)ccc(F)c1Cl,
CC(Oc1cc(-c2cnn(C3CCNC(=O)C3)c2)cnc1N)c1c(Cl)ccc(F)c1Cl,
CC(Oc1cc(-c2cnn(C3CCNC(O)C3)c2)cnc1N)c1c(Cl)ccc(F)c1Cl,
CC(Oc1cc(-c2cnn(C3CCNCC3O)c2)cnc1N)c1c(Cl)ccc(F)c1Cl,
CC(Oc1cc(-c2cnn(C3CCNCC3)c2)cnc1NS(=O)(=O)O)c1c(Cl)ccc(F)c1Cl,
CC(Oc1cc(-c2cnn(C3CCN(C4OC(C(=O)O)C(O)C(O)C4O)CC3)c2)cnc1N)c1c(Cl)ccc(F)c1Cl,
Nc1ncc(-c2cnn(C3CCNCC3)c2)cc1OC(CO)c1c(Cl)ccc(F)c1Cl,
CC(Oc1cc(-c2cn[nH]c2)cnc1N)c1c(Cl)ccc(F)c1Cl,
CC(Oc1cc(C2=C[N+]([O-])(C3CCNCC3)N=C2)cnc1N)c1c(Cl)ccc(F)c1Cl,
CC(Oc1cc(-c2cnn(C3(O)CCNCC3)c2)cnc1N)c1c(Cl)ccc(F)c1Cl,
O=C1CCNCC1,
C=C(Oc1cc(-c2cnn(C3CCNCC3)c2)cnc1N)c1c(Cl)ccc(F)c1Cl,
CC(Oc1cc(-c2cnn(C3C=CNCC3)c2)cnc1N)c1c(Cl)ccc(F)c1Cl,
CC(Oc1cc(-c2cnn(C3CC=[NH+]CC3)c2)cnc1N)c1c(Cl)ccc(F)c1Cl,
CC(Oc1cc(-c2cnn(C3CC=NCC3)c2)cnc1N)c1c(Cl)ccc(F)c1Cl,
CC(Oc1cc(-c2cnn(C3CCNCC3)c2)cnc1NO)c1c(Cl)ccc(F)c1Cl,
CC(Oc1c(N)ncc(-c2cnn(C3CCNCC3)c2)c1O)c1c(Cl)ccc(F)c1Cl,
CC(Oc1cc(-c2cnn(C3CCNCC3)c2)c(O)nc1N)c1c(Cl)ccc(F)c1Cl,
CC(Oc1cc(-c2cnn(C3CCNCC3)c2)c[nH]c1=O)c1c(Cl)ccc(F)c1Cl,
CC(Oc1cc(-c2cnn(C3CCNCC3)c2)c[n+]([O-])c1N)c1c(Cl)ccc(F)c1Cl,
CC(Oc1cc(-c2cn(C3CCNCC3)[n+](C3OC(C(=O)O)C(O)C(O)C3O)c2)cnc1N)c1c(Cl)ccc(F)c1Cl,
CC(Oc1cc(-c2cn(C3CCNCC3)nc2O)cnc1N)c1c(Cl)ccc(F)c1Cl,
CC(Oc1cc(-c2cnn(C3CCNCC3)c2)c[n+](C2OC(C(=O)O)C(O)C(O)C2O)c1N)c1c(Cl)ccc(F)c1Cl,
CC(Oc1cc(-c2cnn(C3CCNCC3)c2O)cnc1N)c1c(Cl)ccc(F)c1Cl,
CC(Oc1cc(-c2cn(C3CCNCC3)[n+]([O-])c2)cnc1N)c1c(Cl)ccc(F)c1Cl,
CC(Oc1cc(-c2cnn(C3CCNCC3)c2)cnc1N)c1c(Cl)ccc(F)c1SCC(NC(=O)CCC(N)C(=O)O)C(=O)NCC(=O)O,
CC(Oc1cc(-c2cnn(C3CCNCC3)c2)cnc1N)c1c(SCC(NC(=O)CCC(N)C(=O)O)C(=O)NCC(=O)O)ccc(F)c1Cl,
CC(Oc1cc(-c2cnn(C3=CCNCC3)c2)cnc1N)c1c(Cl)ccc(F)c1Cl,
CC(Oc1cc(-c2cnn(C3CCNCC3)c2)cnc1N)c1c(Cl)ccc(O)c1Cl,
CC(Oc1cc(-c2cnn(C3CCNCC3)c2)cnc1N)c1c(Cl)ccc(F)c1O,
CC(Oc1cc(-c2cnn(C3CCNCC3)c2)cnc1N)c1c(O)ccc(F)c1Cl,
CC1CCC2C(C)C(OC(=O)CCC(=O)O)OC3OC4(C)CCC1C32OO4,C[C@@H]1CC[C@H]2[C@@H](C)[C@H](OC(=O)CCC(=O)O)O[C@@H]3O[C@@]4(C)CC[C@@H]1[C@@]23OO4
CC1CCC2C(C)C(OC(=O)CCC(=O)OC3OC(C(=O)O)C(O)C(O)C3O)OC3OC4(C)CCC1C32OO4,
CC1CCC2C(C)C(OC(=O)C=CC(=O)O)OC3OC4(C)CCC1C32OO4,
CC1CCC2C(C)C(OC(=O)C(=O)O)OC3OC4(C)CCC1C32OO4,
CC1CCC2C(C)C(OC(=O)CC(O)C(=O)O)OC3OC4(C)CCC1C32OO4,
CC1CCC2C(C)C(OC(=O)CCC(=O)O)OC3OC4(C)OOC32C1CC4O,
CC1CCC2C(C)C(OC(=O)CCC(=O)NCC(=O)O)OC3OC4(C)CCC1C32OO4,
CC1CCC2C(C)C(OC(=O)C(O)CC(=O)O)OC3OC4(C)CCC1C32OO4,
CC1CCC2C(C)C(O)OC3OC4(C)CCC1C32OO4,
O=C(O)CCC(=O)O,
CC1CCC2C(C)C(=O)OC3OC4(C)CCC1C32OO4,
CC1C(O)CC2C(C)C(OC(=O)CCC(=O)O)OC3OC4(C)CCC1C32OO4,
CC1C(OC(=O)CCC(=O)O)OC2OC3(C)CCC4C(C(=O)O)CCC1C24OO3,
CC1C(OC(=O)CCC(=O)O)OC2OC3(C)CCC4C(CO)CCC1C24OO3,
CC1CCC2C(C)C(OC(=O)CCC(=O)O)OC3(O)OC4(C)CCC1C23OO4,
CC1CCC2C(C)C(OC(=O)CCC(=O)O)OC(=O)C23OOC(C)(O)CCC13,
CC1CCC(C(C)C(O)OC(=O)CCC(=O)O)C23OOC(C)(CCC12)OC3=O,
CC1CCC(C(C)C(=O)OC(=O)CCC(=O)O)C23OOC(C)(CCC12)OC3O,
CC1CCC2C(C)C(OC(=O)CCC(=O)O)OC(O)C23OOC(C)(O)CCC13,
CC1CCC2C(C)C(OC(=O)CCC(=O)O)OC3OC4(C(=O)O)CCC1C32OO4,
CC1CCC2C(C)C(OC(=O)CCC(=O)O)OC3OC4(CO)CCC1C32OO4,
CC1C(OC(=O)CCC(=O)O)OC2OC3(C)CCC4C(C)(O)CCC1C24OO3,
O=CO,
C=CC(=O)OC1OC2OC3(C)CCC4C(C)CCC(C1C)C24OO3,
CC1CCC2C(C)C(OC(=O)CCC(=O)O)OC3OC4(C)CC(O)C1C32OO4,
CC1CCC2C(C)C(O)(OC(=O)CCC(=O)O)OC3OC4(C)CCC1C32OO4,
CC1C(OC(=O)CCC(=O)O)OC2OC3(C)CCC4(O)C(C)CCC1C24OO3,
CC1CCC2C(C)C(OC=O)OC3OC4(C)CCC1C32OO4,
C=CC(=O)O,
C=C1CCC2C(C)C(OC(=O)CCC(=O)O)OC3OC4(C)CCC1C32OO4,
CC1CCC2(O)C(C)C(OC(=O)CCC(=O)O)OC3OC4(C)CCC1C32OO4,
CC1CC(O)C2C(C)C(OC(=O)CCC(=O)O)OC3OC4(C)CCC1C32OO4,
CC1=C2CCC3(C)OOC24C(OC(OC(=O)CCC(=O)O)C(C)C4CC1)O3,
CC1CCC2C(C(=O)O)C(OC(=O)CCC(=O)O)OC3OC4(C)CCC1C32OO4,
CC1CCC2C(CO)C(OC(=O)CCC(=O)O)OC3OC4(C)CCC1C32OO4,
CC1=CCC2C(C)C(OC(=O)CCC(=O)O)OC3OC4(C)CCC1C32OO4,
CC1CCC2C(C)C(OC(=O)CCC(=O)O)OC3OC4(C)C=CC1C32OO4,
CC1CCC2C(C)C(OC(=O)CCC(=O)O)OC3OC4(C)CC=C1C32OO4,
CC1C=CC2C(C)C(OC(=O)CCC(=O)O)OC3OC4(C)CCC1C32OO4,
CC1CCC2C(C)(O)C(OC(=O)CCC(=O)O)OC3OC4(C)CCC1C32OO4,
CC1=C(OC(=O)CCC(=O)O)OC2OC3(C)CCC4C(C)CCC1C24OO3,
CC1=C2CCC(C)C3CCC4(C)OOC23C(OC1OC(=O)CCC(=O)O)O4,
CC1CC=C2C(C)C(OC(=O)CCC(=O)O)OC3OC4(C)CCC1C23OO4,
C=C1C(OC(=O)CCC(=O)O)OC2OC3(C)CCC4C(C)CCC1C24OO3,
CC(NC(C)(C)C)C(=O)c1cccc(Cl)c1,C[C@H](NC(C)(C)C)C(=O)c1cccc(Cl)c1
CC(NC(C)(C)C)C(=O)c1ccc(O)c(Cl)c1,
CC(NC(C)(C)C)C(O)c1cccc(Cl)c1,
CC(NC(C)(C)C)C(=O)c1cc(O)cc(Cl)c1,
CC(C)(C)NC(C)(O)C(=O)c1cccc(Cl)c1,
CC(NC(C)(C)C(=O)O)C(=O)c1cccc(Cl)c1,
CC(NC(C)(C)CO)C(=O)c1cccc(Cl)c1,
CC(C)(C)NC(CO)C(=O)c1cccc(Cl)c1,
CC(NC(C)(C)C)C(=O)c1cccc(SCC(NC(=O)CCC(N)C(=O)O)C(=O)NCC(=O)O)c1,
CC(=O)C(=O)c1cccc(Cl)c1,
CC(C)(C)N,
CC(C(=O)c1cccc(Cl)c1)N(O)C(C)(C)C,
C=CNC(C)(C)C,
O=Cc1cccc(Cl)c1,
C=C(NC(C)(C)C)C(=O)c1cccc(Cl)c1,
CC(=NC(C)(C)C)C(=O)c1cccc(Cl)c1,
CC(=[NH+]C(C)(C)C)C(=O)c1cccc(Cl)c1,
CC(NC(C)(C)C)C(=O)c1cccc(Cl)c1O,
CC(NC(C)(C)C)C(=O)c1cccc(O)c1,
CC(NC(C)(C)C)C(=O)c1cc(Cl)ccc1O,
CC1CNCCCN1S(=O)(=O)c1cccc2cncc(F)c12,C[C@H]1CNCCCN1S(=O)(=O)c1cccc2cncc(F)c12
CC(=O)N1CCCN(S(=O)(=O)c2cccc3cncc(F)c23)C(C)C1,
CC1CN(C2OC(C(=O)O)C(O)C(O)C2O)CCCN1S(=O)(=O)c1cccc2cncc(F)c12,
CC1CNCC(O)CN1S(=O)(=O)c1cccc2cncc(F)c12,
CC1CNC(O)CCN1S(=O)(=O)c1cccc2cncc(F)c12,
CC1CNC(=O)CCN1S(=O)(=O)c1cccc2cncc(F)c12,
CC1CN(O)CCCN1S(=O)(=O)c1cccc2cncc(F)c12,
CC(CN)N(CCC=O)S(=O)(=O)c1cccc2cncc(F)c12,
CC(CNCCC=O)NS(=O)(=O)c1cccc2cncc(F)c12,
CC1CNCCC(=O)N1S(=O)(=O)c1cccc2cncc(F)c12,
CC1CNCCC[N+]1([O-])S(=O)(=O)c1cccc2cncc(F)c12,
CC1CNCCC(O)N1S(=O)(=O)c1cccc2cncc(F)c12,
CC1CNCCCN1S(=O)(=O)c1cccc2c[n+]([O-])cc(F)c12,
CC1CNCCCN1S(=O)(=O)c1cccc2cnc(O)c(F)c12,
CC(C=O)N(CCCN)S(=O)(=O)c1cccc2cncc(F)c12,
CC1C(O)NCCCN1S(=O)(=O)c1cccc2cncc(F)c12,
CC1(O)CNCCCN1S(=O)(=O)c1cccc2cncc(F)c12,
CC1CNCCCN1S(=O)(=O)c1cccc2c[n+](C3OC(C(=O)O)C(O)C(O)C3O)cc(F)c12,
O=S(=O)(c1cccc2cncc(F)c12)N1CCCNCC1CO,
CC1CNCCCN1S(=O)(=O)c1cccc2c(O)ncc(F)c12,
CC1CNCCCN1S(=O)(=O)c1c(O)ccc2cncc(F)c12,
CC(=O)CNCCCNS(=O)(=O)c1cccc2cncc(F)c12,
CC1CNCCCN1S(=O)(=O)c1cc(O)cc2cncc(F)c12,
CC1CNCCCN1S(=O)(=O)c1ccc(O)c2cncc(F)c12,
CC1C[NH+]=CCCN1S(=O)(=O)c1cccc2cncc(F)c12,
CC1CN=CCCN1S(=O)(=O)c1cccc2cncc(F)c12,
CC1CNC=CCN1S(=O)(=O)c1cccc2cncc(F)c12,
CC12CN1CCCN2S(=O)(=O)c1cccc2cncc(F)c12,
CC1CNCCC=[N+]1S(=O)(=O)c1cccc2cncc(F)c12,
CC1CN2CCC2N1S(=O)(=O)c1cccc2cncc(F)c12,
CC1CNCC=CN1S(=O)(=O)c1cccc2cncc(F)c12,
CC1C=[NH+]CCCN1S(=O)(=O)c1cccc2cncc(F)c12,
CC1C=NCCCN1S(=O)(=O)c1cccc2cncc(F)c12,
CC1=CNCCCN1S(=O)(=O)c1cccc2cncc(F)c12,
C=C1CNCCCN1S(=O)(=O)c1cccc2cncc(F)c12,
CC1=[N+](S(=O)(=O)c2cccc3cncc(F)c23)CCCNC1,
CC1COc2c(N3CCN(C)CC3)c(F)cc3c(=O)c(C(=O)O)cn1c23,C[C@H]1COc2c(N3CCN(C)CC3)c(F)cc3c(=O)c(C(=O)O)cn1c23
CC1COc2c(N3CCN(C)CC3)c(F)cc3c(=O)c(C(=O)OC4OC(C(=O)O)C(O)C(O)C4O)cn1c23,
CC1COc2c(N3CCNCC3)c(F)cc3c(=O)c(C(=O)O)cn1c23,
CNCCNc1c(F)cc2c(=O)c(C(=O)O)cn3c2c1OCC3C,
CC1COc2c(N3CC[N+](C)([O-])CC3)c(F)cc3c(=O)c(C(=O)O)cn1c23,
CC1COc2c(N3CCN(CO)CC3)c(F)cc3c(=O)c(C(=O)O)cn1c23,
CNCCN(CC=O)c1c(F)cc2c(=O)c(C(=O)O)cn3c2c1OCC3C,
CC1COc2c(N3CCN(C)C(=O)C3)c(F)cc3c(=O)c(C(=O)O)cn1c23,
CC1COc2c(N3CCN(C)C(O)C3)c(F)cc3c(=O)c(C(=O)O)cn1c23,
CC1COc2c(N3CCN(C)CC3)c(F)cc3c(=O)ccn1c23,
C=[N+]1CCN(c2c(F)cc3c(=O)c(C(=O)O)cn4c3c2OCC4C)CC1,
CC1COc2c(N3CC[N+](C)(C4OC(C(=O)O)C(O)C(O)C4O)CC3)c(F)cc3c(=O)c(C(=O)O)cn1c23,
CC1COc2c(N3CC=[N+](C)CC3)c(F)cc3c(=O)c(C(=O)O)cn1c23,
CC1COc2c(N3CCN(C)CC3)c(F)cc3c(=O)c(C(=O)NCC(=O)O)cn1c23,
CC1COc2c(N3CCN(C)CC3)c(F)cc3c2[N+]1([O-])C=C(C(=O)O)C3=O,
CC1COc2c(N3CCN(C)CC3)c(F)cc3c2N1CC(C(=O)O)C3=O,
CC1COc2c(N3CCN(C)CC3)c(F)cc3c(=O)c(C(=O)O)c(O)n1c23,
CC1COc2c([N+]3([O-])CCN(C)CC3)c(F)cc3c(=O)c(C(=O)O)cn1c23,
CC(=O)COc1c(N2CCN(C)CC2)c(F)cc2c(=O)c(C(=O)O)c[nH]c12,
CC1COc2c(N3CCN(C)CC3=O)c(F)cc3c(=O)c(C(=O)O)cn1c23,
CC1COc2c(NCCN(C)CC=O)c(F)cc3c(=O)c(C(=O)O)cn1c23,
CC1COc2c(N3CCN(C)CC3O)c(F)cc3c(=O)c(C(=O)O)cn1c23,
CN1CCN(c2c(F)cc3c(=O)c(C(=O)O)cn4c3c2OCC4(C)O)CC1,
CC1C(O)Oc2c(N3CCN(C)CC3)c(F)cc3c(=O)c(C(=O)O)cn1c23,
CC(C=O)n1cc(C(=O)O)c(=O)c2cc(F)c(N3CCN(C)CC3)c(O)c21,
CC(CO)n1cc(C(=O)O)c(=O)c2cc(F)c(N3CCN(C)CC3)c(O)c21,
CN1CCN(c2c(F)cc3c(=O)c(C(=O)O)cn4c3c2OCC4CO)CC1,
CC1COc2c(N3CCN(C)CC3)c(F)c(O)c3c(=O)c(C(=O)O)cn1c23,
CC1COc2c([N+]3=CCN(C)CC3)c(F)cc3c(=O)c(C(=O)O)cn1c23,
C=C1COc2c(N3CCN(C)CC3)c(F)cc3c(=O)c(C(=O)O)cn1c23,
CC1=COc2c(N3CCN(C)CC3)c(F)cc3c(=O)c(C(=O)O)cn1c23,
CC1COc2c(N3C=CN(C)CC3)c(F)cc3c(=O)c(C(=O)O)cn1c23,
CC(C)n1cc(C(=O)O)c(=O)c2c1C(=O)C(N1CCN(C)CC1)=C(F)C2=O,
CC1COc2c(N3CCN(C)CC3)c(O)cc3c(=O)c(C(=O)O)cn1c23,
CC1CC2C3CCC4=CC(=O)C=CC4(C)C3(F)C(O)CC2(C)C1(O)C(=O)COP(=O)(O)O,C[C@H]1C[C@H]2[C@@H]3CCC4=CC(=O)C=C[C@]4(C)[C@@]3(F)[C@@H](O)C[C@]2(C)[C@@]1(O)C(=O)COP(=O)(O)O
CC1CC2C3CCC4=CC(=O)CC(SCC(NC(=O)CCC(N)C(=O)O)C(=O)NCC(=O)O)C4(C)C3(F)C(O)CC2(C)C1(O)C(=O)COP(=O)(O)O,
CC1CC2C3CC(O)C4=CC(=O)C=CC4(C)C3(F)C(O)CC2(C)C1(O)C(=O)COP(=O)(O)O,
CC1CC2C3CCC4=CC(=O)C=CC4(C)C3(F)C(OS(=O)(=O)O)CC2(C)C1(O)C(=O)COP(=O)(O)O,
CC1CC2C3CCC4=CC(=O)C=CC4(C)C3(F)C(OC3OC(C(=O)O)C(O)C(O)C3O)CC2(C)C1(O)C(=O)COP(=O)(O)O,
CC1CC2C3CCC4=CC(=O)C=CC4(C)C3(F)C(O)CC2(C)C1(O)C(=O)CO,
O=P(O)(O)O,
CC1CC2C3CCC4=CC(=O)C=CC4(C)C3(F)C(O)CC2(C)C1(OS(=O)(=O)O)C(=O)COP(=O)(O)O,
CC1CC2C3CCC4=CC(=O)C=CC4(C)C3(F)C(O)CC2(C)C1(OC1OC(C(=O)O)C(O)C(O)C1O)C(=O)COP(=O)(O)O,
CC1CC2C3CCC4(SCC(NC(=O)CCC(N)C(=O)O)C(=O)NCC(=O)O)CC(=O)C=CC4(C)C3(F)C(O)CC2(C)C1(O)C(=O)COP(=O)(O)O,
O=CCOP(=O)(O)O,
CC1CC2C3CCC4=CC(=O)C=CC4(C)C3(F)C(O)CC2(C)C1=O,
CC1CC2C3CCC4=CC(=O)C=CC4(C)C3(F)C(O)CC2(C)C1(O)C(O)COP(=O)(O)O,
CC1CC2C3C(O)CC4=CC(=O)C=CC4(C)C3(F)C(O)CC2(C)C1(O)C(=O)COP(=O)(O)O,
CC1CC2C3Cc4oc5cc4C(C)(C=C5)C3(F)C(O)CC2(C)C1(O)C(=O)COP(=O)(O)O,
CC1CC2C3C=CC4=CC(=O)C=CC4(C)C3(F)C(O)CC2(C)C1(O)C(=O)COP(=O)(O)O,
CC1CC2C3CCC4=CC(=O)C=CC4(C)C3(F)C(O)CC2(C)C1(O)C(=O)C(O)OP(=O)(O)O,
CC1CC2C3CCC4CC(=O)C=CC4(C)C3(F)C(O)CC2(C)C1(O)C(=O)COP(=O)(O)O,
CC1CC2C3CCC4=CC(=O)CCC4(C)C3(F)C(O)CC2(C)C1(O)C(=O)COP(=O)(O)O,
CC12C=CC(=O)C=C1CCC1C3CC(C(=O)O)C(O)(C(=O)COP(=O)(O)O)C3(C)CC(O)C12F,
CC12C=CC(=O)C=C1CCC1C3CC(CO)C(O)(C(=O)COP(=O)(O)O)C3(C)CC(O)C12F,
CC1=C(C(=O)COP(=O)(O)O)C2(C)CC(O)C3(F)C(CCC4=CC(=O)C=CC43C)C2C1,
CC1CC2C3=CCC4=CC(=O)C=CC4(C)C3(F)C(O)CC2(C)C1(O)C(=O)COP(=O)(O)O,
CC1(O)CC2C3CCC4=CC(=O)C=CC4(C)C3(F)C(O)CC2(C)C1(O)C(=O)COP(=O)(O)O,
CC1CC2C3CCC4=CC(=O)C5OC5C4(C)C3(F)C(O)CC2(C)C1(O)C(=O)COP(=O)(O)O,
CC1CC2C3CCC4=CC(=O)C=CC4(C)C3(F)C(=O)CC2(C)C1(O)C(=O)COP(=O)(O)O,
CC1CC2C3CCC4=CC(=O)C=CC4(CO)C3(F)C(O)CC2(C)C1(O)C(=O)COP(=O)(O)O,
CC1CC2C3CCC4=CC(=O)C=CC4(C)C3(F)C(O)(O)CC2(C)C1(O)C(=O)COP(=O)(O)O,
C=C1CC2C3CCC4=CC(=O)C=CC4(C)C3(F)C(O)CC2(C)C1(O)C(=O)COP(=O)(O)O,
CC1=CC2C3CCC4=CC(=O)C=CC4(C)C3(F)C(O)CC2(C)C1(O)C(=O)COP(=O)(O)O,
CC1CC2C3CCC4=CC(=O)C=CC4(C)C3(F)C(O)=CC2(C)C1(O)C(=O)COP(=O)(O)O,
CC1CC2C3CCC4=CC(=O)C=CC4(C)C3(F)C(O)C(O)C2(C)C1(O)C(=O)COP(=O)(O)O,
CC1CC2C3CCC4=CC(=O)C=CC4(C)C3(F)C(O)CC2(CO)C1(O)C(=O)COP(=O)(O)O,
CC1CC2(O)C3CCC4=CC(=O)C=CC4(C)C3(F)C(O)CC2(C)C1(O)C(=O)COP(=O)(O)O,
CC1CC2C(C)(CC(O)C3(F)C4(C)C=CC(=O)C=C4CCC23O)C1(O)C(=O)COP(=O)(O)O,
CC1CC2=C3CCC4=CC(=O)C=CC4(C)C3(F)C(O)CC2(C)C1(O)C(=O)COP(=O)(O)O,
CC1C=C2C3CCC4=CC(=O)C=CC4(C)C3(F)C(O)CC2(C)C1(O)C(=O)COP(=O)(O)O,
CC1C(O)C2C3CCC4=CC(=O)C=CC4(C)C3(F)C(O)CC2(C)C1(O)C(=O)COP(=O)(O)O,
CC1CC2C3CCC45OC4C(=O)C=CC5(C)C3(F)C(O)CC2(C)C1(O)C(=O)COP(=O)(O)O,
CC12C=CC(=O)C(Cl)=C1CCC1C2CCC2(C)C1CCC2(C)O,C[C@]12C=CC(=O)C(Cl)=C1CC[C@H]1[C@H]2CC[C@]2(C)[C@@H]1CC[C@]2(C)O
CC12C=CC(=O)C(Cl)=C1CCC1C2CCC2(C)C1CCC2(C)OS(=O)(=O)O,
CC12C=CC(=O)C(Cl)=C1CCC1C2CCC2(C)C1CCC2(C)OC1OC(C(=O)O)C(O)C(O)C1O,
CC12C(=C(Cl)C(=O)CC1SCC(NC(=O)CCC(N)C(=O)O)C(=O)NCC(=O)O)CCC1C2CCC2(C)C1CCC2(C)O,
CC12C=CC(=O)C(Cl)=C1CC(O)C1C2CCC2(C)C1CCC2(C)O,
CC12C=CC(=O)C(Cl)=C1C(O)CC1C2CCC2(C)C1CCC2(C)O,
CC12CCC(=O)C(Cl)=C1CCC1C2CCC2(C)C1CCC2(C)O,
CC12C(=C(Cl)C(=O)C3OC31)CCC1C2CCC2(C)C1CCC2(C)O,
CC12C=CC(=O)C(Cl)=C1CCC1C2CCC2(C)C1CC(O)C2(C)O,
CC12C=CC(=O)C(Cl)=C1CCC1C2CCC2(C)C(=O)CCC12,
CC12C=CC(=O)C(Cl)=C1CCC1C2CCC2(C)C1CCC2(O)C(=O)O,
CC12C=CC(=O)C(Cl)=C1CCC1C2CCC2(C)C1CCC2(O)CO,
CC12C=CC(=O)C(Cl)C1CCC1C2CCC2(C)C1CCC2(C)O,
CC1(O)CCC2C3CCC45OC4(Cl)C(=O)C=CC5(C)C3CCC21C,
CC1(O)CCC2C3CCC4(SCC(NC(=O)CCC(N)C(=O)O)C(=O)NCC(=O)O)C(Cl)C(=O)C=CC4(C)C3CCC21C,
CC12C=CC(=O)C(Cl)=C1C=CC1C2CCC2(C)C1CCC2(C)O,
CC12C=CC(=O)C(Cl)=C1CC=C1C2CCC2(C)C1CCC2(C)O,
CC12C=CC(=O)C(SCC(NC(=O)CCC(N)C(=O)O)C(=O)NCC(=O)O)=C1CCC1C2CCC2(C)C1CCC2(C)O,
CC12C=Cc3oc(c1c3Cl)CC1C2CCC2(C)C1CCC2(C)O,
CC12C=CC(=O)C(Cl)=C1CCC1C2CCC2(C)C1C=CC2(C)O,
CC1(O)CCC2C3CCC4=C(Cl)C(=O)C=CC4(C)C3(O)CCC21C,
CC1(O)CCC2C3CCC4=C(Cl)C(=O)C=CC4(CO)C3CCC21C,
CC12C=CC(=O)C(Cl)=C1CCC1C2CC(O)C2(C)C1CCC2(C)O,
CC12C=CC(=O)C(Cl)=C1CCC1C2CCC2(CO)C1CCC2(C)O,
CC12C=CC(=O)C(Cl)=C1CCC1C2C(O)CC2(C)C1CCC2(C)O,
CC12C=CC(=O)C(Cl)=C1CCC1(O)C2CCC2(C)C1CCC2(C)O,
CC12C=CC(=O)C(Cl)=C1CCC1=C2CCC2(C)C1CCC2(C)O,
CC12C=CC(=O)C(Cl)=C1CCC1C2=CCC2(C)C1CCC2(C)O,
CC12C=CC(=O)C(Cl)=C1CCC1C2C=CC2(C)C1CCC2(C)O,
CC12C=CC(=O)C(Cl)=C1CCC1C2CCC2(C)C1C(O)CC2(C)O,
CC12C=CC(=O)C(Cl)=C1CCC1=C3CCC(C)(O)C3(C)CCC12,
CC12C=CC(=O)C(Cl)=C1CCC1C3=CCC(C)(O)C3(C)CCC12,
CC12C=CC(=O)C(Cl)=C1CCC1C2CCC2(C)C(C)(O)CCC12O,
Cc1cc(N2CCN(C3CNC(C(=O)N4CCSC4)C3)CC2)n(-c2ccccc2)n1,Cc1cc(N2CCN([C@H]3CN[C@H](C(=O)N4CCSC4)C3)CC2)n(-c2ccccc2)n1
CC(=O)N1CC(N2CCN(c3cc(C)nn3-c3ccccc3)CC2)CC1C(=O)N1CCSC1,
Cc1cc(N2CCN(C3CC(C(=O)N4CCSC4)N(C4OC(C(=O)O)C(O)C(O)C4O)C3)CC2)n(-c2ccccc2)n1,
Cc1cc(N2CC[N+]([O-])(C3CNC(C(=O)N4CCSC4)C3)CC2)n(-c2ccccc2)n1,
Cc1cc(N2CCNCC2)n(-c2ccccc2)n1,
Cc1cc(N2CCN(C3CC(C(=O)N4CCSC4)NC3O)CC2)n(-c2ccccc2)n1,
Cc1cc(NCCNC2CNC(C(=O)N3CCSC3)C2)n(-c2ccccc2)n1,
Cc1cc(N2CCN(C3(O)CNC(C(=O)N4CCSC4)C3)CC2)n(-c2ccccc2)n1,
O=C1CNC(C(=O)N2CCSC2)C1,
Cc1cc(N2CCN(C3CNC(C(=O)N4CCSC4)C3)CC2)n(-c2ccc(O)cc2)n1,
Cc1cc(N2CCN(C3CNC(C(=O)N4CCSC4)C3)CC2)n(-c2ccccc2O)n1,
Cc1cc(N2CCN(C3CNC(C(=O)[N+]4([O-])CCSC4)C3)CC2)n(-c2ccccc2)n1,
C1CSCN1,
Cc1cc(N2CCN(C3CNC(O)(C(=O)N4CCSC4)C3)CC2)n(-c2ccccc2)n1,
Cc1cc(N2CCN(C3CNC(C(=O)O)C3)CC2)n(-c2ccccc2)n1,
Cc1cc(N2CCN(C3CNC(C(=O)N4CSCC4O)C3)CC2)n(-c2ccccc2)n1,
Cc1cc(N2CCN(C3CNC(C(=O)N4CSCC4=O)C3)CC2)n(-c2ccccc2)n1,
Cc1cc(N2CCN(C3CNC(C(=O)NCSCC=O)C3)CC2)n(-c2ccccc2)n1,
O=C(C1CC(N2CCN(c3cc(CO)nn3-c3ccccc3)CC2)CN1)N1CCSC1,
O=C(O)c1cc(N2CCN(C3CNC(C(=O)N4CCSC4)C3)CC2)n(-c2ccccc2)n1,
Cc1cc(N2CCN(C3CNC(C(=O)N4CCSC4)C3)CC2)n(-c2ccccc2)[n+]1[O-],
Cc1cc(N2CCN(C3CNC(C(=O)N4CCS(=O)C4)C3)CC2)n(-c2ccccc2)n1,
Cc1cc(N2CCN(C3CNC(C(=O)N(C=O)CCS)C3)CC2)n(-c2ccccc2)n1,
Cc1cc(N2CCN(C3CNC(C(=O)NCCSC=O)C3)CC2)n(-c2ccccc2)n1,
Cc1cc(N2CCN(C3CNC(C(=O)N(CS)CC=O)C3)CC2)n(-c2ccccc2)n1,
Cc1cc(N2CCN(C3CNC(C(=O)N4CCSC4O)C3)CC2)n(-c2ccccc2)n1,
Cc1cc(N2CCN(C3CNC(C(=O)N4CCSC4)C3)CC2=O)n(-c2ccccc2)n1,
Cc1cc(N2CCN(C3CNC(C(=O)N4CCSC4)C3)C(O)C2)n(-c2ccccc2)n1,
Cc1cc(N2CCN(C3CNC(C(=O)N4CCSC4)C3)CC2O)n(-c2ccccc2)n1,
Cc1cc(N(CC=O)CCNC2CNC(C(=O)N3CCSC3)C2)n(-c2ccccc2)n1,
Cc1cc(N2CCN(C3CNC(C(=O)N4CCSC4)C3)C(=O)C2)n(-c2ccccc2)n1,
Cc1nn(-c2ccccc2)c(N2CCN(C3CNC(C(=O)N4CCSC4)C3)CC2)c1O,
Cc1cc(NCCN(CC=O)C2CNC(C(=O)N3CCSC3)C2)n(-c2ccccc2)n1,
Cc1cc([N+]2([O-])CCN(C3CNC(C(=O)N4CCSC4)C3)CC2)n(-c2ccccc2)n1,
Cc1cc(N2CCN(C(C=O)CC(N)C(=O)N3CCSC3)CC2)n(-c2ccccc2)n1,
Cc1cc(N2CCN(C3CC(C(=O)N4CCSC4)N(O)C3)CC2)n(-c2ccccc2)n1,
CC1=N[N+]([O-])(c2ccccc2)C(N2CCN(C3CNC(C(=O)N4CCSC4)C3)CC2)=C1,
Cc1cc(N2CCN3C4CC(C(=O)N5CCSC5)N(C4)C3C2)n(-c2ccccc2)n1,
Cc1cc(N2CCN(C3=CC(C(=O)N4CCSC4)NC3)CC2)n(-c2ccccc2)n1,
Cc1cc(N2CCN(C3=CNC(C(=O)N4CCSC4)C3)CC2)n(-c2ccccc2)n1,
Cc1cc(N2CC[N+](=C3CNC(C(=O)N4CCSC4)C3)CC2)n(-c2ccccc2)n1,
Cc1cc(N2CCN(C3CC4C(=O)N5CSCC5N4C3)CC2)n(-c2ccccc2)n1,
Cc1cc(N2CCN(C3CC4C(=O)N5CCSC5N4C3)CC2)n(-c2ccccc2)n1,
Cc1cc(N2CCN(C3C=CNC3)CC2)n(-c2ccccc2)n1,
O=CN1CCSC1,
Cc1cc(N2CCN(C3CNC(C(=O)N4CSC(O)C4)C3)CC2)n(-c2ccccc2)n1,
Cc1cc(N2CCN(C(CN)CC(=O)C(=O)N3CCSC3)CC2)n(-c2ccccc2)n1,
Cc1cc(N2CCN(C3CNC(C(=O)N4C=CSC4)C3)CC2)n(-c2ccccc2)n1,
Cc1cc(N2CCN(C3CNC(C(=O)[N+]4=CCSC4)C3)CC2)n(-c2ccccc2)n1,
Cc1cc(N2CCN(C3CNC(C(=O)[N+]4=CSCC4)C3)CC2)n(-c2ccccc2)n1,
Cc1cc(N2CC=[N+](C3CNC(C(=O)N4CCSC4)C3)CC2)n(-c2ccccc2)n1,
Cc1cc(N2C=CN(C3CNC(C(=O)N4CCSC4)C3)CC2)n(-c2ccccc2)n1,
Cc1cc(N2CCN(C3CNC(C(=O)N4CCSC4)C3)CC2)n(-c2cccc(O)c2)n1,
Cc1cc([N+]2=CCN(C3CNC(C(=O)N4CCSC4)C3)CC2)n(-c2ccccc2)n1,
Cc1cc(N2CCN(C3CNC(C(=O)N4CCSC4)C3)CC2)n(-c2ccccc2)[n+]1C1OC(C(=O)O)C(O)C(O)C1O,
Cc1cc(N2CCN(C3C=[NH+]C(C(=O)N4CCSC4)C3)CC2)n(-c2ccccc2)n1,
Cc1cc(N2CCN(C3C=NC(C(=O)N4CCSC4)C3)CC2)n(-c2ccccc2)n1,
Cc1cc(N2CCN(C3CN=C(C(=O)N4CCSC4)C3)CC2)n(-c2ccccc2)n1,
Cc1cc(N2CCN(C3C[NH+]=C(C(=O)N4CCSC4)C3)CC2)n(-c2ccccc2)n1,
Cc1cc(N2CCN(C3C=C(C(=O)N4CCSC4)NC3)CC2)n(-c2ccccc2)n1,
Cc1cc(N2CCN(C3CNC(C(=O)N4CCSC4)C3O)CC2)n(-c2ccccc2)n1,
Cc1cc2c(s1)Nc1ccccc1N=C2N1CCN(C)CC1,Cc1cc2c(s1)Nc1ccccc1N=C2N1CCN(C)CC1
Cc1cc2c(s1)Nc1ccccc1N=C2N1CC[N+](C)(C2OC(C(=O)O)C(O)C(O)C2O)CC1,
Cc1cc2c(s1)Nc1ccccc1N=C2N1CCN(CO)CC1,
Cc1cc2c(s1)Nc1ccccc1N=C2N1CCNCC1,
CNCCNC1=Nc2ccccc2Nc2sc(C)cc21,
Cc1cc2c(s1)Nc1ccccc1N=C2N1CC[N+](C)([O-])CC1,
CNCCN(CC=O)C1=Nc2ccccc2Nc2sc(C)cc21,
Cc1cc2c(s1)Nc1ccccc1N=C2N1CCN(C)C(O)C1,
Cc1cc2c(s1)Nc1ccccc1N=C2N1CCN(C)C(=O)C1,
Cc1cc2c(s1)Nc1ccccc1N=C2N1CCN(C)CC1=O,
Cc1cc2c(s1)Nc1ccccc1N=C2N1CCN(C)CC1O,
Cc1cc2c(s1)Nc1ccc(O)cc1N=C2N1CCN(C)CC1,
Cc1cc2c(s1)Nc1cccc(O)c1N=C2N1CCN(C)CC1,
Cc1cc2c(s1)Nc1cc(O)ccc1N=C2N1CCN(C)CC1,
Cc1cc2c(s1)Nc1c(O)cccc1N=C2N1CCN(C)CC1,
CC1=CC2=C(Nc3ccccc3N=C2N2CCN(C)CC2)S1=O,
CN1CCN(C2=Nc3ccccc3Nc3sc(C(=O)O)cc32)CC1,
CN1CCN(C2=Nc3ccccc3Nc3sc(CO)cc32)CC1,
Cc1cc2c(s1)Nc1ccccc1N=C2[N+]1([O-])CCN(C)CC1,
Cc1cc2c(s1)Nc1ccccc1N=C2NCCN(C)CC=O,
C=[N+]1CCN(C2=Nc3ccccc3Nc3sc(C)cc32)CC1,
Cc1cc2c(s1)N(O)c1ccccc1N=C2N1CCN(C)CC1,
CN1CCNCC1,
Cc1cc2c(s1)Nc1ccccc1NC2=O,
Cc1cc2c(s1)N(C1OC(C(=O)O)C(O)C(O)C1O)c1ccccc1N=C2N1CCN(C)CC1,
Cc1cc2c(s1)Nc1ccccc1N=C2N1CC=[N+](C)CC1,
Cc1sc2c(c1O)C(N1CCN(C)CC1)=Nc1ccccc1N2,
Cc1cc2c(s1)Nc1ccccc1[N+]([O-])=C2N1CCN(C)CC1,
Cc1cc2c(s1)Nc1ccccc1N=C2N1C=CN(C)CC1,
Cc1cc2c(s1)N1c3ccccc3N=C2N2CCN(C)CC21,
Cc1cc2c(s1)Nc1ccccc1N=C2[N+]1=CCN(C)CC1,
Cc1ccc(-n2nccn2)c(C(=O)N2CCN(c3nc4cc(Cl)ccc4o3)CCC2C)c1,Cc1ccc(-n2nccn2)c(C(=O)N2CCN(c3nc4cc(Cl)ccc4o3)CCC2C)c1
CC1CCN(c2nc3cc(Cl)ccc3o2)CCN1C(=O)c1cc(C(=O)O)ccc1-n1nccn1,
CC1CCN(c2nc3cc(Cl)ccc3o2)CCN1C(=O)c1cc(CO)ccc1-n1nccn1,
Cc1ccc(-n2nccn2)c(C(=O)N2CCN(c3nc4cc(Cl)ccc4o3)CCC2C)c1O,
Cc1ccc(-n2ncc(O)n2)c(C(=O)N2CCN(c3nc4cc(Cl)ccc4o3)CCC2C)c1,
Cc1ccc(-n2ncc[n+]2[O-])c(C(=O)N2CCN(c3nc4cc(Cl)ccc4o3)CCC2C)c1,
Cc1ccc(-n2nccn2)c(C(=O)N2CCN(c3nc4cc(Cl)ccc4o3)CC(O)C2C)c1,
Cc1ccc(-n2nccn2)c(C(=O)N2CC[N+]([O-])(c3nc4cc(Cl)ccc4o3)CCC2C)c1,
Cc1ccc(-n2nccn2)c(C(=O)N(CCNc2nc3cc(Cl)ccc3o2)C(C)CC=O)c1,
Cc1ccc(-n2nccn2)c(C(=O)N2CCN(c3nc4cc(Cl)ccc4o3)C(=O)CC2C)c1,
Cc1ccc(-n2nccn2)c(C(=O)N2CCN(c3nc4cc(Cl)ccc4o3)C(O)CC2C)c1,
Cc1ccc(-n2nccn2)c(C(=O)N2CCN(c3nc4cc(Cl)cc(O)c4o3)CCC2C)c1,
Cc1ccc(-n2nccn2)c(C(=O)N2CCN(c3nc4cc(Cl)c(O)cc4o3)CCC2C)c1,
Cc1ccc(-n2nccn2)c(C(=O)N2CCN(c3nc4c(O)c(Cl)ccc4o3)CCC2C)c1,
Cc1ccc(-n2nccn2)c(C(=O)N2CC(=O)N(c3nc4cc(Cl)ccc4o3)CCC2C)c1,
Cc1ccc(-n2nccn2)c(C(=O)N(CC=O)C(C)CCNc2nc3cc(Cl)ccc3o2)c1,
Cc1ccc(-n2nccn2)c(C(=O)N2CC(O)N(c3nc4cc(Cl)ccc4o3)CCC2C)c1,
Cc1ccc(-n2nccn2)c(C(=O)N2C=CN(c3nc4cc(Cl)ccc4o3)CCC2C)c1,
Cc1ccc(-n2nccn2)c(C(=O)N2C(C)CCN(c3nc4cc(Cl)ccc4o3)CC2O)c1,
Cc1ccc(-n2nccn2)c(C(=O)N2C(=O)CN(c3nc4cc(Cl)ccc4o3)CCC2C)c1,
Cc1ccc(-n2nccn2)c(C(=O)N2CCNCCC2C)c1,
O=c1[nH]c2cc(Cl)ccc2o1,
Cc1ccc(-n2nccn2)c(C(=O)N2CCN(c3oc4ccc(Cl)cc4[n+]3[O-])CCC2C)c1,
Cc1ccc([N+]2([O-])N=CC=N2)c(C(=O)N2CCN(c3nc4cc(Cl)ccc4o3)CCC2C)c1,
Cc1cc(O)c(-n2nccn2)c(C(=O)N2CCN(c3nc4cc(Cl)ccc4o3)CCC2C)c1,
Cc1cc(C(=O)N2CCN(c3nc4cc(Cl)ccc4o3)CCC2C)c(-n2nccn2)cc1O,
Cc1ccc(-n2nccn2)c(C(=O)[N+]2([O-])CCN(c3nc4cc(Cl)ccc4o3)CCC2C)c1,
CC1CCN(c2nc3cc(Cl)ccc3o2)CCN1,
Cc1ccc(-n2nccn2)c(C(=O)O)c1,
Cc1ccc(-n2ncc[n+]2C2OC(C(=O)O)C(O)C(O)C2O)c(C(=O)N2CCN(c3nc4cc(Cl)ccc4o3)CCC2C)c1,
Cc1ccc(-n2nccn2)c(C(=O)NC(C)CCN(CC=O)c2nc3cc(Cl)ccc3o2)c1,
Cc1ccc(-n2nccn2)c(C(=O)N2CCN(c3nc4cc(Cl)ccc4o3)CCC2(C)O)c1,
CC(=O)CCN(CCNC(=O)c1cc(C)ccc1-n1nccn1)c1nc2cc(Cl)ccc2o1,
Cc1ccc(-n2nccn2)c(C(=O)N2CCN(c3nc4cc(SCC(NC(=O)CCC(N)C(=O)O)C(=O)NCC(=O)O)ccc4o3)CCC2C)c1,
Cc1ccc(-n2nccn2)c(C(=O)N2CC[N+](c3nc4cc(Cl)ccc4o3)=CCC2C)c1,
Cc1ccc(-n2nccn2)c(C(=O)N2CCN(c3nc4cc(Cl)ccc4o3)C=CC2C)c1,
Cc1ccc(-n2nccn2)c(C(=O)N2CCN(c3oc4ccc(Cl)cc4[n+]3C3OC(C(=O)O)C(O)C(O)C3O)CCC2C)c1,
Cc1ccc(-n2nccn2)c(C(=O)N2CCN(c3nc4cc(Cl)ccc4o3)CCC2CO)c1,
Cc1ccc(-n2nccn2)c(C(=O)N2CC=[N+](c3nc4cc(Cl)ccc4o3)CCC2C)c1,
Cc1ccc(-n2nccn2)c(C(=O)N2CCN(c3nc4cc(O)ccc4o3)CCC2C)c1,
Cc1ccc(-n2nccn2)c(C(=O)[N+]2=CCN(c3nc4cc(Cl)ccc4o3)CCC2C)c1,
CC1=CCN(c2nc3cc(Cl)ccc3o2)CCN1C(=O)c1cc(C)ccc1-n1nccn1,
CC1=[N+](C(=O)c2cc(C)ccc2-n2nccn2)CCN(c2nc3cc(Cl)ccc3o2)CC1,
C=C1CCN(c2nc3cc(Cl)ccc3o2)CCN1C(=O)c1cc(C)ccc1-n1nccn1,
Cc1ccc(S(=O)(=O)Nc2ccc(C(=O)C=Cc3ccc(O)cc3)cc2)cc1,Cc1ccc(S(=O)(=O)Nc2ccc(C(=O)/C=C/c3ccc(O)cc3)cc2)cc1
Cc1ccc(S(=O)(=O)Nc2ccc(C(=O)C=Cc3ccc(OS(=O)(=O)O)cc3)cc2)cc1,
Cc1ccc(S(=O)(=O)Nc2ccc(C(=O)C=Cc3ccc(OC4OC(C(=O)O)C(O)C(O)C4O)cc3)cc2)cc1,
Cc1ccc(S(=O)(=O)Nc2ccc(C(=O)CC(SCC(NC(=O)CCC(N)C(=O)O)C(=O)NCC(=O)O)c3ccc(O)cc3)cc2)cc1,
O=C(C=Cc1ccc(O)cc1)c1ccc(NS(=O)(=O)c2ccc(CO)cc2)cc1,
O=C(O)c1ccc(S(=O)(=O)Nc2ccc(C(=O)C=Cc3ccc(O)cc3)cc2)cc1,
Cc1cc(S(=O)(=O)Nc2ccc(C(=O)C=Cc3ccc(O)cc3)cc2)ccc1O,
Cc1ccc(S(=O)(=O)Nc2ccc(C(=O)C=Cc3ccc(O)cc3)cc2)c(O)c1,
Cc1ccc(S(=O)(=O)Nc2ccc(C(=O)C3OC3c3ccc(O)cc3)cc2)cc1,
Cc1ccc(S(=O)(=O)Nc2ccc(C(=O)CCc3ccc(O)cc3)cc2)cc1,
COc1ccc(C=CC(=O)c2ccc(NS(=O)(=O)c3ccc(C)cc3)cc2)cc1,
Cc1ccc(S(=O)(=O)Nc2ccc(C(=O)C=Cc3ccc(O)c(O)c3)cc2)cc1,
Cc1ccc(S(=O)(=O)N(c2ccc(C(=O)C=Cc3ccc(O)cc3)cc2)C2OC(C(=O)O)C(O)C(O)C2O)cc1,
Cc1ccc(S(=O)(=O)Nc2ccc(C(=O)C=Cc3ccc(O)cc3)cc2)cc1O,
Cc1ccc(S(=O)(=O)N(O)c2ccc(C(=O)C=Cc3ccc(O)cc3)cc2)cc1,
Cc1ccc(S(=O)(=O)Nc2ccc(C(=O)C=Cc3ccc(O)cc3)cc2O)cc1,
Cc1ccc(S(=O)(=O)Nc2ccc(C(=O)C=CC3(O)C=CC(=O)C=C3)cc2)cc1,
Cc1ccc(S(=O)(=O)Nc2ccc(C(=O)C=Cc3ccc(O)cc3O)cc2)cc1,
Cc1ccc(S(=O)(=O)Nc2ccc(C(=O)C=Cc3ccc(O)cc3)c(O)c2)cc1,
Cc1ccc2c(Cl)cc(Cl)c(O)c2n1,Cc1ccc2c(Cl)cc(Cl)c(O)c2n1
Cc1ccc2c(Cl)cc(Cl)c(OS(=O)(=O)O)c2n1,
Cc1ccc2c(Cl)cc(Cl)c(OC3OC(C(=O)O)C(O)C(O)C3O)c2n1,
OCc1ccc2c(Cl)cc(Cl)c(O)c2n1,
O=C(O)c1ccc2c(Cl)cc(Cl)c(O)c2n1,
Cc1ccc2c(SCC(NC(=O)CCC(N)C(=O)O)C(=O)NCC(=O)O)cc(Cl)c(O)c2n1,
COc1c(Cl)cc(Cl)c2ccc(C)nc12,
Cc1ccc2c(Cl)cc(SCC(NC(=O)CCC(N)C(=O)O)C(=O)NCC(=O)O)c(O)c2n1,
Cc1ccc2c(Cl)c(O)c(Cl)c(O)c2n1,
Cc1ccc2c(Cl)cc(Cl)c(O)c2[n+]1[O-],
Cc1nc2c(O)c(Cl)cc(Cl)c2cc1O,
Cc1ccc2c(Cl)cc(Cl)c(O)c2[n+]1C1OC(C(=O)O)C(O)C(O)C1O,
Cc1cc(O)c2c(Cl)cc(Cl)c(O)c2n1,
Cc1ccc2c(Cl)cc(O)c(O)c2n1,
Cc1ccc2c(O)cc(Cl)c(O)c2n1,
Cc1cccc(C)c1OCC(=O)NC(Cc1ccccc1)C(O)CC(Cc1ccccc1)NC(=O)C(C(C)C)N1CCCNC1=O,Cc1cccc(C)c1OCC(=O)N[C@@H](Cc1ccccc1)[C@@H](O)C[C@H](Cc1ccccc1)NC(=O)[C@H](C(C)C)N1CCCNC1=O
Cc1cccc(C)c1OCC(=O)NC(Cc1ccccc1)C(CC(Cc1ccccc1)NC(=O)C(C(C)C)N1CCCNC1=O)OC1OC(C(=O)O)C(O)C(O)C1O,
CC(C)C(C(=O)NC(Cc1ccccc1)CC(O)C(Cc1ccccc1)NC(=O)C=O)N1CCCNC1=O,
CC(C)C(C(=O)NC(Cc1ccccc1)CC(O)C(Cc1ccccc1)NC(=O)CO)N1CCCNC1=O,
Cc1cccc(C)c1OC(O)C(=O)NC(Cc1ccccc1)C(O)CC(Cc1ccccc1)NC(=O)C(C(C)C)N1CCCNC1=O,
Cc1cccc(C)c1O,
Cc1cccc(C)c1OCC(=O)NC(Cc1ccccc1)C(O)CC(Cc1ccc(O)cc1)NC(=O)C(C(C)C)N1CCCNC1=O,
COc1cc(CC(CC(O)C(Cc2ccccc2)NC(=O)COc2c(C)cccc2C)NC(=O)C(C(C)C)N2CCCNC2=O)ccc1O,
Cc1cccc(C)c1OCC(=O)NC(Cc1ccccc1)C(O)CC(Cc1cccc(O)c1)NC(=O)C(C(C)C)N1CCCNC1=O,
Cc1ccc(O)c(C)c1OCC(=O)NC(Cc1ccccc1)C(O)CC(Cc1ccccc1)NC(=O)C(C(C)C)N1CCCNC1=O,
Cc1cc(O)cc(C)c1OCC(=O)NC(Cc1ccccc1)C(O)CC(Cc1ccccc1)NC(=O)C(C(C)C)N1CCCNC1=O,
Cc1cccc(C)c1OCC(=O)NC(Cc1ccccc1)C(CC(Cc1ccccc1)NC(=O)C(C(C)C)N1CCCNC1=O)OS(=O)(=O)O,
CC1=CC(=O)C=C(C)C1=O,
CC(=O)NC(Cc1ccccc1)C(O)CC(Cc1ccccc1)NC(=O)C(C(C)C)N1CCCNC1=O,
Cc1cccc(CO)c1OCC(=O)NC(Cc1ccccc1)C(O)CC(Cc1ccccc1)NC(=O)C(C(C)C)N1CCCNC1=O,
Cc1cccc(C(=O)O)c1OCC(=O)NC(Cc1ccccc1)C(O)CC(Cc1ccccc1)NC(=O)C(C(C)C)N1CCCNC1=O,
CC(C)C(C(=O)NC(Cc1ccccc1)CC(O)C(N)Cc1ccccc1)N1CCCNC1=O,
Cc1cccc(C)c1OCC(=O)O,
Cc1cccc(C)c1OCC(=O)N(O)C(Cc1ccccc1)C(O)CC(Cc1ccccc1)NC(=O)C(C(C)C)N1CCCNC1=O,
Cc1cccc(C)c1OCC(=O)NC(Cc1ccccc1)C(O)CC(Cc1ccccc1)NC(=O)C(C(C)C)N(CCCN)C(=O)O,
Cc1cccc(C)c1OCC(=O)NC(Cc1ccccc1)C(O)CC(Cc1ccccc1)NC(=O)C(C(C)C)N1CCC(O)NC1=O,
Cc1cccc(C)c1OCC(=O)NC(Cc1ccccc1)C(O)CC(Cc1ccccc1)NC(=O)C(C(C)C)N(CCC=O)C(N)=O,
Cc1cccc(C)c1OCC(=O)NC(Cc1ccccc1)C(O)CC(Cc1ccccc1)NC(=O)C(C(C)C)N1CCCN(O)C1=O,
Cc1cccc(C)c1OCC(=O)NC(Cc1ccccc1)C(O)CC(Cc1ccccc1)NC(=O)C(C(C)C)N1CCC(=O)NC1=O,
Cc1cccc(C)c1OCC(=O)NC(Cc1ccccc1)C(O)CC(Cc1ccccc1)NC(=O)C(C(C)C)N1CC(O)CNC1=O,
Cc1cccc(C)c1OCC(=O)NC(Cc1ccccc1)C(O)CC(Cc1ccccc1)NC(=O)C(C(C)C)N1CCCN(C2OC(C(=O)O)C(O)C(O)C2O)C1=O,
COc1cc(CC(NC(=O)COc2c(C)cccc2C)C(O)CC(Cc2ccccc2)NC(=O)C(C(C)C)N2CCCNC2=O)ccc1O,
Cc1cccc(C)c1OCC(=O)NC(Cc1cccc(O)c1)C(O)CC(Cc1ccccc1)NC(=O)C(C(C)C)N1CCCNC1=O,
Cc1cccc(C)c1OCC(=O)NC(Cc1ccc(O)cc1)C(O)CC(Cc1ccccc1)NC(=O)C(C(C)C)N1CCCNC1=O,
Cc1cccc(C)c1OCC(=O)NC(Cc1ccccc1)C(O)CC(Cc1ccccc1)NC(=O)C(NCCCNC(=O)O)C(C)C,
Cc1cccc(C)c1OCC(=O)NC(Cc1ccccc1)C(O)CC(Cc1ccccc1)NC(=O)C(=O)C(C)C,
Cc1cccc(C)c1OCC(=O)NC(Cc1ccccc1)C(O)CC(Cc1ccccc1)NC(=O)C(O)(C(C)C)N1CCCNC1=O,
O=C1NCCCN1,
Cc1cccc(C)c1OCC(=O)NC(Cc1ccccc1)C(O)CC(Cc1ccccc1)NC(=O)C(C(C)C)[N+]1([O-])CCCNC1=O,
Cc1cccc(C)c1OCC(=O)NC(Cc1ccccc1)C(O)C(O)C(Cc1ccccc1)NC(=O)C(C(C)C)N1CCCNC1=O,
Cc1cccc(C)c1OCC(=O)NC(Cc1ccccc1)C(O)CC(O)(Cc1ccccc1)NC(=O)C(C(C)C)N1CCCNC1=O,
Cc1cccc(C)c1OCC(=O)NC(Cc1ccccc1)C(O)CC(NC(=O)C(C(C)C)N1CCCNC1=O)C(O)c1ccccc1,
Cc1cccc(C)c1OCC(=O)NC(Cc1ccccc1)C(=O)CC(Cc1ccccc1)NC(=O)C(C(C)C)N1CCCNC1=O,
CC(C)C(C(=O)O)N1CCCNC1=O,
Cc1cccc(C)c1OCC(=O)NC(Cc1ccccc1)C(O)CC(Cc1ccccc1)N(O)C(=O)C(C(C)C)N1CCCNC1=O,
Cc1cccc(C)c1OCC(=O)NC(Cc1ccccc1)C(O)CC(N)Cc1ccccc1,
Cc1cccc(C)c1OCC(=O)NC(Cc1ccccc1)C(O)CC(Cc1ccccc1)NC(=O)C(NC(=O)NCCC=O)C(C)C,
Cc1cccc(C)c1OCC(=O)NC(Cc1ccccc1)C(O)CC(Cc1ccccc1)NC(=O)C(C(C)C)N1C(=O)CCNC1=O,
Cc1cccc(C)c1OCC(=O)NC(Cc1ccccc1)C(O)CC(Cc1ccccc1)NC(=O)C(C(C)C)N1C(=O)NCCC1O,
Cc1cccc(C)c1OCC(=O)NC(Cc1ccccc1)C(O)CC(Cc1ccccc1)NC(=O)C(C(C)C(=O)O)N1CCCNC1=O,
Cc1cccc(C)c1OCC(=O)NC(Cc1ccccc1)C(O)CC(Cc1ccccc1)NC(=O)C(N1CCCNC1=O)C(C)(C)O,
Cc1cccc(C)c1OCC(=O)NC(Cc1ccccc1)C(O)CC(Cc1ccccc1)NC(=O)C(C(C)CO)N1CCCNC1=O,
Cc1cccc(C)c1OCC(=O)NC(=CCC(Cc1ccccc1)NC(=O)C(C(C)C)N1CCCNC1=O)Cc1ccccc1,
Cc1cccc(C)c1OCC(=O)NC(O)(Cc1ccccc1)C(O)CC(Cc1ccccc1)NC(=O)C(C(C)C)N1CCCNC1=O,
Cc1cccc(C)c1OCC(=O)NC(Cc1ccccc1)C(O)(O)CC(Cc1ccccc1)NC(=O)C(C(C)C)N1CCCNC1=O,
Cc1cccc(C)c1OCC(N)=O,
Cc1cccc(C)c1OCC(=O)NC(C(O)CC(Cc1ccccc1)NC(=O)C(C(C)C)N1CCCNC1=O)C(O)c1ccccc1,
CC(C)C(C(=O)NC(Cc1ccccc1)CC(O)C(=O)Cc1ccccc1)N1CCCNC1=O,
Cc1cccc(C)c1OCC(=O)NC(Cc1ccccc1)C(O)CC(=O)Cc1ccccc1,
CC(C)C(C(N)=O)N1CCCNC1=O,
Cc1cccc(C)c1OCC(=O)NC(Cc1ccccc1)C(O)CC(Cc1ccccc1)NC(=O)C(C(C)C)N1CC=CNC1=O,
Cc1cccc(C)c1OCC(=O)NC(Cc1ccccc1)C(O)CC(Cc1ccccc1)NC(=O)C1(C(C)C)N2CCCN1C2=O,
Cc1cccc(C)c1OCC(=O)NC(Cc1ccccc1)C(O)CC(Cc1ccccc1)NC(=O)C(C(C)C)N1CCC=NC1=O,
Cc1cccc(C)c1OCC(=O)NC(Cc1ccccc1)C(O)CC(Cc1ccccc1)NC(=O)C(C(C)C)N1CCC=[NH+]C1=O,
Cc1cccc(C)c1OCC(=O)NC(Cc1ccccc1)C(O)CC(Cc1ccccc1O)NC(=O)C(C(C)C)N1CCCNC1=O,
Cc1cccc(C)c1OCC(=O)NC(Cc1ccccc1)C(O)CC(Cc1ccccc1)NC=O,
Cc1cccc(C)c1OCC(=O)NC(Cc1ccccc1)C(O)CC(Cc1ccccc1)NC(=O)C(C(C)C)=[N+]1CCCNC1=O,
Cc1cccc(C)c1OCC(=O)NC(Cc1ccccc1)C(O)CC(Cc1ccccc1)N1C(=O)C(C(C)C)N2C(=O)NCCC12,
CC(C)=CN1CCCNC1=O,
CC(C)=C(C(=O)NC(Cc1ccccc1)CC(O)C(Cc1ccccc1)NC(=O)COc1c(C)cccc1C)N1CCCNC1=O,
Cc1cccc(C)c1OCC(=O)NC(Cc1ccccc1)C(O)C=C(Cc1ccccc1)NC(=O)C(C(C)C)N1CCCNC1=O,
Cc1cccc(C)c1OCC(=O)NC(Cc1ccccc1)C(O)=CC(Cc1ccccc1)NC(=O)C(C(C)C)N1CCCNC1=O,
Cc1cccc(C)c1OCC(=O)NC(Cc1ccccc1)C(O)CC(=Cc1ccccc1)NC(=O)C(C(C)C)N1CCCNC1=O,
Cc1cccc(C)c1OCC(=O)NC(Cc1ccccc1)C(O)CC(Cc1ccccc1)NC(=O)C(C(C)C)[N+]1=CCCNC1=O,
Cc1cccc(C)c1OCC(=O)NC(Cc1ccccc1)C(O)CC(Cc1ccccc1)NC(=O)C(C(C)C)N1C=CCNC1=O,
Cc1cccc(C)c1OCC(=O)NC(Cc1ccccc1O)C(O)CC(Cc1ccccc1)NC(=O)C(C(C)C)N1CCCNC1=O,
C=C(C)C(C(=O)NC(Cc1ccccc1)CC(O)C(Cc1ccccc1)NC(=O)COc1c(C)cccc1C)N1CCCNC1=O,
Cc1cccc(C)c1OCC(=O)NC(Cc1ccccc1)C(O)CC(Cc1ccccc1)NC(=O)C(NCCCNC=O)C(C)C,
Cc1cccc(C)c1OCC(=O)NC(Cc1ccccc1)C(O)CC(Cc1ccccc1)NC(=O)C(C(C)C)N(C=O)CCCN,
Cc1cccc(C)c1OCC(=O)NC(Cc1ccccc1)=C(O)CC(Cc1ccccc1)NC(=O)C(C(C)C)N1CCCNC1=O,
Cc1cccc(C)c1OCC(=O)NC(=Cc1ccccc1)C(O)CC(Cc1ccccc1)NC(=O)C(C(C)C)N1CCCNC1=O,
Cc1cccc(C)c1OCC(=O)N=C(Cc1ccccc1)C(O)CC(Cc1ccccc1)NC(=O)C(C(C)C)N1CCCNC1=O,
Cc1cccc(C)c1OCC(=O)[NH+]=C(Cc1ccccc1)C(O)CC(Cc1ccccc1)NC(=O)C(C(C)C)N1CCCNC1=O,
Cc1cccc(C)c1OCC(=O)NC(Cc1ccccc1)C(O)CC(Cc1ccccc1)=NC(=O)C(C(C)C)N1CCCNC1=O,
Cc1cccc(C)c1OCC(=O)NC(Cc1ccccc1)C(O)CC(Cc1ccccc1)=[NH+]C(=O)C(C(C)C)N1CCCNC1=O,
Cc1cccc(CN2CCN(C(c3ccccc3)c3ccc(Cl)cc3)CC2)c1,Cc1cccc(CN2CCN(C(c3ccccc3)c3ccc(Cl)cc3)CC2)c1
Cc1cccc(C=O)c1,
Cc1cccc(C[N+]2([O-])CCN(C(c3ccccc3)c3ccc(Cl)cc3)CC2)c1,
Clc1ccc(C(c2ccccc2)N2CCNCC2)cc1,
Cc1cccc(CN2CCN(C(c3ccccc3)c3ccc(Cl)cc3)CC2)c1O,
Cc1cccc(CO)c1,
Cc1cccc(C(O)N2CCN(C(c3ccccc3)c3ccc(Cl)cc3)CC2)c1,
Cc1cc(CN2CCN(C(c3ccccc3)c3ccc(Cl)cc3)CC2)ccc1O,
Cc1cccc(CNCCNC(c2ccccc2)c2ccc(Cl)cc2)c1,
Cc1cc(O)cc(CN2CCN(C(c3ccccc3)c3ccc(Cl)cc3)CC2)c1,
Cc1ccc(O)c(CN2CCN(C(c3ccccc3)c3ccc(Cl)cc3)CC2)c1,
OCc1cccc(CN2CCN(C(c3ccccc3)c3ccc(Cl)cc3)CC2)c1,
O=C(O)c1cccc(CN2CCN(C(c3ccccc3)c3ccc(Cl)cc3)CC2)c1,
Cc1cccc(CN2CCN(C(c3ccccc3)c3ccc(Cl)c(O)c3)CC2)c1,
Cc1cccc(CN2CCN(C(O)(c3ccccc3)c3ccc(Cl)cc3)CC2)c1,
Cc1cccc(CN2CCN(C(c3ccc(Cl)cc3)c3cccc(O)c3)CC2)c1,
O=C(c1ccccc1)c1ccc(Cl)cc1,
Cc1cccc(CN2CCN(C(c3ccc(O)cc3)c3ccc(Cl)cc3)CC2)c1,
Cc1cccc(CN2CCNCC2)c1,
Cc1cccc(CN2CC[N+]([O-])(C(c3ccccc3)c3ccc(Cl)cc3)CC2)c1,
COc1cc(C(c2ccc(Cl)cc2)N2CCN(Cc3cccc(C)c3)CC2)ccc1O,
Cc1cccc(CN2CCN(C(c3ccccc3)c3ccc(Cl)cc3)C(=O)C2)c1,
Cc1cccc(CN2CCN(C(c3ccccc3)c3ccc(Cl)cc3)C(O)C2)c1,
Cc1cccc(CN(CC=O)CCNC(c2ccccc2)c2ccc(Cl)cc2)c1,
Cc1cccc(CN2CCN(C(c3ccccc3)c3ccc(Cl)cc3)CC2=O)c1,
Cc1cccc(CN2CCN(C(c3ccccc3)c3ccc(Cl)cc3)CC2O)c1,
Cc1cccc(CNCCN(CC=O)C(c2ccccc2)c2ccc(Cl)cc2)c1,
Cc1cccc(C=[N+]2CCN(C(c3ccccc3)c3ccc(Cl)cc3)CC2)c1,
Cc1cccc(CN2CCN(C(c3ccccc3)c3ccc(O)c(Cl)c3)CC2)c1,
Cc1cccc(CN2CC[N+](=C(c3ccccc3)c3ccc(Cl)cc3)CC2)c1,
Cc1cccc(CN2CC=[N+](C(c3ccccc3)c3ccc(Cl)cc3)CC2)c1,
Cc1cccc(CN2C=CN(C(c3ccccc3)c3ccc(Cl)cc3)CC2)c1,
Cc1cccc(C[N+]2=CCN(C(c3ccccc3)c3ccc(Cl)cc3)CC2)c1,
Cc1cccc(CN2CCN(C(c3ccccc3)c3ccc(SCC(NC(=O)CCC(N)C(=O)O)C(=O)NCC(=O)O)cc3)CC2)c1,
Cc1cccc(CN2CCN(C(c3ccc(Cl)cc3)c3ccccc3O)CC2)c1,
Cc1cccc(CN2CCN(C(c3ccccc3)c3ccc(Cl)cc3O)CC2)c1,
Cc1cccc(CN2CCN(C(c3ccccc3)c3ccc(O)cc3)CC2)c1,
Clc1ccc(CCCOCCCN2CCCCC2)cc1,Clc1ccc(CCCOCCCN2CCCCC2)cc1
OC(COCCCN1CCCCC1)Cc1ccc(Cl)cc1,
OC(CCOCCCN1CCCCC1)c1ccc(Cl)cc1,
[O-][N+]1(CCCOCCCc2ccc(Cl)cc2)CCCCC1,
OC1CCCCN1CCCOCCCc1ccc(Cl)cc1,
O=C1CCCCN1CCCOCCCc1ccc(Cl)cc1,
O=CCCCCNCCCOCCCc1ccc(Cl)cc1,
OC1CCCN(CCCOCCCc2ccc(Cl)cc2)C1,
OCCCOCCCc1ccc(Cl)cc1,
C1CCNCC1,
O=CCCOCCCc1ccc(Cl)cc1,
OC(CCOCCCc1ccc(Cl)cc1)N1CCCCC1,
OC1CCN(CCCOCCCc2ccc(Cl)cc2)CC1,
OCCCN1CCCCC1,
OC(CCc1ccc(Cl)cc1)OCCCN1CCCCC1,
O=CCCN1CCCCC1,
OCCCc1ccc(Cl)cc1,
O=CCCc1ccc(Cl)cc1,
OC(CCN1CCCCC1)OCCCc1ccc(Cl)cc1,
Oc1cc(CCCOCCCN2CCCCC2)ccc1Cl,
Oc1cc(Cl)ccc1CCCOCCCN1CCCCC1,
Clc1ccc(C=CCOCCCN2CCCCC2)cc1,
Clc1ccc(CC=COCCCN2CCCCC2)cc1,
Oc1ccc(CCCOCCCN2CCCCC2)cc1Cl,
Clc1ccc(CCCOCCC[N+]2=CCCCC2)cc1,
Clc1ccc(CCCOCCCN2C=CCCC2)cc1,
NC(CCC(=O)NC(CSc1ccc(CCCOCCCN2CCCCC2)cc1)C(=O)NCC(=O)O)C(=O)O,
Clc1ccc(CCCOCCC=[N+]2CCCCC2)cc1,
Clc1ccc(CCCOCC=CN2CCCCC2)cc1,
Clc1ccc(CCCOCCCN2CC=CCC2)cc1,
Clc1ccc(CCCOC=CCN2CCCCC2)cc1,
OC(COCCCc1ccc(Cl)cc1)CN1CCCCC1,
Oc1ccc(CCCOCCCN2CCCCC2)cc1,
Clc1ccccc1CN1CCc2sccc2C1,Clc1ccccc1CN1CCc2sccc2C1
[O-][N+]1(Cc2ccccc2Cl)CCc2sccc2C1,
Oc1cccc(CN2CCc3sccc3C2)c1Cl,
O=Cc1ccccc1Cl,
c1cc2c(s1)CCNC2,
Oc1ccc(CN2CCc3sccc3C2)c(Cl)c1,
OC(c1ccccc1Cl)N1CCc2sccc2C1,
Oc1ccc(Cl)c(CN2CCc3sccc3C2)c1,
OCc1ccccc1Cl,
Oc1cc2c(s1)CCN(Cc1ccccc1Cl)C2,
O=S1C=CC2=C1CCN(Cc1ccccc1Cl)C2,
OC1c2ccsc2CCN1Cc1ccccc1Cl,
O=Cc1ccsc1CCNCc1ccccc1Cl,
OC1Cc2sccc2CN1Cc1ccccc1Cl,
O=CCc1sccc1CNCc1ccccc1Cl,
O=C1Cc2sccc2CN1Cc1ccccc1Cl,
OC1CN(Cc2ccccc2Cl)Cc2ccsc21,
Oc1csc2c1CN(Cc1ccccc1Cl)CC2,
NC(CCC(=O)NC(CSc1ccccc1CN1CCc2sccc2C1)C(=O)NCC(=O)O)C(=O)O,
Clc1ccccc1C=[N+]1CCc2sccc2C1,
Clc1ccccc1C[N+]1=Cc2ccsc2CC1,
Clc1ccccc1C[N+]1=CCc2sccc2C1,
Clc1ccccc1CN1C=Cc2sccc2C1,
Oc1cccc(Cl)c1CN1CCc2sccc2C1,
Oc1ccccc1CN1CCc2sccc2C1,
Cn1c(=O)c2c(ncn2C)n(C)c1=O,Cn1c(=O)c2c(ncn2C)n(C)c1=O
Cn1cnc2c1c(=O)n(CO)c(=O)n2C,
CN1C(=O)[N+](C)([O-])C(=O)c2c1ncn2C,
Cn1cnc2c1c(=O)[nH]c(=O)n2C,
Cn1c2c(c(=O)n(C)c1=O)[N+](C)([O-])C=N2,
Cn1c(=O)c2c([nH]c(=O)n2C)n(C)c1=O,
Cn1c(=O)c2c(n(C)c1=O)[n+]([O-])cn2C,
Cn1c(=O)c2c(ncn2C)n(CO)c1=O,
CN1C(=O)c2c(ncn2C)[N+](C)([O-])C1=O,
Cn1c(=O)[nH]c2ncn(C)c2c1=O,
Cn1c(=O)c2c(ncn2CO)n(C)c1=O,
Cn1c(=O)c2[nH]cnc2n(C)c1=O,
Cn1c(=O)c2c(n(C)c1=O)[n+](C1OC(C(=O)O)C(O)C(O)C1O)cn2C,
Cn1cc(S(C)=O)c(=O)c2ccc(F)cc21,Cn1cc(S(C)=O)c(=O)c2ccc(F)cc21
CS(=O)c1c[nH]c2cc(F)ccc2c1=O,
CS(=O)c1cn(CO)c2cc(F)ccc2c1=O,
CS(=O)C1=C[N+](C)([O-])c2cc(F)ccc2C1=O,
Cn1c(O)c(S(C)=O)c(=O)c2ccc(F)cc21,
CN1CC(S(C)=O)C(=O)c2ccc(F)cc21,
Cn1cc(S(C)(=O)=O)c(=O)c2ccc(F)cc21,
CSc1cn(C)c2cc(F)ccc2c1=O,
Cn1cc(S(C)=O)c(=O)c2ccc(F)c(O)c21,
Cn1cc(S(C)=O)c(=O)c2cc(O)c(F)cc21,
Cn1cc(S(=O)CO)c(=O)c2ccc(F)cc21,
Cn1cc(S(C)=O)c(=O)c2c(O)cc(F)cc21,
Cn1cc(S(C)=O)c(=O)c2ccc(O)cc21,
Cn1nnc(-c2ccc(-c3ccc(N4CC(CO)OC4=O)cc3F)cn2)n1,Cn1nnc(-c2ccc(-c3ccc(N4C[C@H](CO)OC4=O)cc3F)cn2)n1
Cn1nnc(-c2ccc(-c3ccc(N4CC(COS(=O)(=O)O)OC4=O)cc3F)cn2)n1,
Cn1nnc(-c2ccc(-c3ccc(N4CC(COC5OC(C(=O)O)C(O)C(O)C5O)OC4=O)cc3F)cn2)n1,
O=C1OC(CO)CN1c1ccc(-c2ccc(-c3nnn(CO)n3)nc2)c(F)c1,
O=C1OC(CO)CN1c1ccc(-c2ccc(-c3nn[nH]n3)nc2)c(F)c1,
C[N+]1([O-])N=NC(c2ccc(-c3ccc(N4CC(CO)OC4=O)cc3F)cn2)=N1,
Cn1nnc(-c2ccc(-c3ccc(N4CC(C=O)OC4=O)cc3F)cn2)n1,
Cn1nnc(-c2ccc(-c3ccc(N4CC(C(O)O)OC4=O)cc3F)cn2)n1,
Cn1nnc(-c2ccc(-c3ccc(N4CC(C(=O)O)OC4=O)cc3F)cn2)n1,
Cn1nnc(-c2ccc(-c3ccc(N4CC(CO)OC4=O)cc3F)c[n+]2C2OC(C(=O)O)C(O)C(O)C2O)n1,
Cn1nnc(-c2ccc(-c3ccc([N+]4([O-])CC(CO)OC4=O)cc3F)cn2)n1,
Cn1nnc(-c2ccc(-c3ccc(N(CC(=O)CO)C(=O)O)cc3F)cn2)n1,
Cn1nnc(-c2ccc(-c3ccc(NCC(CO)OC(=O)O)cc3F)cn2)n1,
Cn1nnc(-c2ccc(-c3ccc(N(CC(O)CO)C(=O)O)cc3F)cn2)n1,
Cn1nnc(-c2ccc(-c3ccc(N4CC(CO)OC4=O)cc3F)cn2)[n+]1[O-],
Cn1nnc(-c2ccc(-c3ccc(N4CC(COP(=O)(O)O)OC4=O)cc3F)cn2)n1,
Cn1nnc(-c2ccc(-c3ccc(N4C(=O)OC(CO)C4O)cc3F)cn2)n1,
Cn1nnc(-c2ccc(-c3ccc(N4CC(O)(CO)OC4=O)cc3F)cn2)n1,
Cn1nnc(-c2ccc(-c3ccc(N4CC(CO)OC4=O)c(O)c3F)cn2)n1,
Cn1nnc(-c2ccc(-c3ccc(NC(=O)OC(C=O)CO)cc3F)cn2)n1,
Cn1nnc(-c2ccc(-c3cc(O)c(N4CC(CO)OC4=O)cc3F)cn2)n1,
Cn1nnc(-c2ccc(-c3ccc(N4CC(CO)OC4=O)cc3F)c(O)n2)n1,
Cn1nnc(-c2ccc(-c3ccc(N4CC(CO)OC4=O)cc3F)c[n+]2[O-])n1,
Cn1nc(-c2ccc(-c3ccc(N4CC(CO)OC4=O)cc3F)cn2)[n+]([O-])n1,
Cn1nc(-c2ccc(-c3ccc(N4CC(CO)OC4=O)cc3F)cn2)[n+](C2OC(C(=O)O)C(O)C(O)C2O)n1,
Cn1nc(-c2ccc(-c3ccc(N4CC(CO)OC4=O)cc3F)cn2)n[n+]1C1OC(C(=O)O)C(O)C(O)C1O,
Cn1nnc(-c2ccc(-c3ccc(N4CC(=CO)OC4=O)cc3F)cn2)n1,
Cn1nnc(-c2ccc(-c3ccc(N4CC(CO)OC4=O)cc3F)cn2)[n+]1C1OC(C(=O)O)C(O)C(O)C1O,
O=C=O,
Cn1nnc(-c2ccc(-c3ccc(NCC(O)CO)cc3F)cn2)n1,
Cn1nnc(-c2ccc(-c3ccc(-n4cc(CO)oc4=O)cc3F)cn2)n1,
Cn1nnc(-c2ccc(-c3ccc([N+]4=CC(CO)OC4=O)cc3F)cn2)n1,
Cn1nnc(-c2ncc(-c3ccc(N4CC(CO)OC4=O)cc3F)cc2O)n1,
Cn1nnc(-c2ccc(-c3c(O)cc(N4CC(CO)OC4=O)cc3F)cn2)n1,
Cn1nnc(-c2cc(O)c(-c3ccc(N4CC(CO)OC4=O)cc3F)cn2)n1,
Cn1nnc(-c2ccc(-c3ccc(N4CC(CO)OC4=O)cc3O)cn2)n1,
NC(=O)c1cn(Cc2c(F)cccc2F)nn1,NC(=O)c1cn(Cc2c(F)cccc2F)nn1
O=C(NO)c1cn(Cc2c(F)cccc2F)nn1,
O=C(O)c1cn(Cc2c(F)cccc2F)nn1,
O=C(NC1OC(C(=O)O)C(O)C(O)C1O)c1cn(Cc2c(F)cccc2F)nn1,
NC(=O)c1cn(Cc2c(F)cc(O)cc2F)nn1,
NC(=O)c1cn(Cc2c(F)ccc(O)c2F)nn1,
NC(=O)c1nnn(Cc2c(F)cccc2F)c1O,
NC(=O)C1=C[N+]([O-])(Cc2c(F)cccc2F)N=N1,
O=Cc1c(F)cccc1F,
OCc1c(F)cccc1F,
NC(=O)c1cn(C(O)c2c(F)cccc2F)nn1,
NC(=O)c1c[nH]nn1,
NC(=O)c1cn(Cc2c(F)cccc2F)n[n+]1C1OC(C(=O)O)C(O)C(O)C1O,
NC(=O)c1cn(Cc2c(F)cccc2F)n[n+]1[O-],
NC(=O)c1cn(Cc2c(F)cccc2F)[n+](C2OC(C(=O)O)C(O)C(O)C2O)n1,
NC(=O)c1cn(Cc2c(O)cccc2F)nn1,
NC(=O)c1nc(F)cnc1O,NC(=O)c1nc(F)cnc1O
NC(=O)c1nc(F)cnc1OC1OC(C(=O)O)C(O)C(O)C1O,
NC(=O)c1nc(F)cnc1OS(=O)(=O)O,
COc1ncc(F)nc1C(N)=O,
NC(=O)c1nc(F)c(O)nc1O,
NC(=O)c1nc(F)c[n+]([O-])c1O,
NC(=O)c1c(O)ncc(F)[n+]1[O-],
O=C(NC1OC(C(=O)O)C(O)C(O)C1O)c1nc(F)cnc1O,
O=C(O)c1nc(F)cnc1O,
O=C(NO)c1nc(F)cnc1O,
NC(=O)c1c(O)ncc(F)[n+]1C1OC(C(=O)O)C(O)C(O)C1O,
NC(=O)c1nc(F)c[n+](C2OC(C(=O)O)C(O)C(O)C2O)c1O,
NC(N)=Nc1nc(CSCCC(N)=NS(N)(=O)=O)cs1,NC(N)=Nc1nc(CSCCC(N)=NS(N)(=O)=O)cs1
CC(=O)NS(=O)(=O)N=C(N)CCSCc1csc(N=C(N)N)n1,
NC(N)=Nc1nc(CS)cs1,
NC(CC=O)=NS(N)(=O)=O,
NC(CCS)=NS(N)(=O)=O,
NC(N)=Nc1nc(C=O)cs1,
NC(N)=Nc1nc(CS(=O)CCC(N)=NS(N)(=O)=O)cs1,
NC(N)=Nc1nc(CSCCC(=NS(N)(=O)=O)NC2OC(C(=O)O)C(O)C(O)C2O)cs1,
NC(CCSCc1csc(N=C(N)NC2OC(C(=O)O)C(O)C(O)C2O)n1)=NS(N)(=O)=O,
NC(N)=NC1=NC(CSCCC(N)=NS(N)(=O)=O)=CS1=O,
NC(N)=Nc1nc(C(O)SCCC(N)=NS(N)(=O)=O)cs1,
NC(N)=Nc1nc(CSC(O)CC(N)=NS(N)(=O)=O)cs1,
NC(N)=Nc1nc(CSCC(O)C(N)=NS(N)(=O)=O)cs1,
NC(N)=Nc1nc(CSCCC(=NS(N)(=O)=O)NO)cs1,
NC(CCSCc1csc(N=C(N)NO)n1)=NS(N)(=O)=O,
NC(CCSCc1csc([N+]([O-])=C(N)N)n1)=NS(N)(=O)=O,
NC(CCSCc1csc(=O)[nH]1)=NS(N)(=O)=O,
N=C(N)N,
NC(N)=Nc1scc(CSCCC(N)=NS(N)(=O)=O)[n+]1[O-],
NC(N)=Nc1nc(CSCCC(N)=NS(N)(=O)=O)c(O)s1,
NC(N)=Nc1scc(CSCCC(N)=NS(N)(=O)=O)[n+]1C1OC(C(=O)O)C(O)C(O)C1O,
NC(N)=Nc1nc(CSC=CC(N)=NS(N)(=O)=O)cs1,
NC(Cc1cc(O)c(O)cc1F)C(=O)O,N[C@@H](Cc1cc(O)c(O)cc1[18F])C(=O)O
NC(Cc1cc(O)c(O)cc1F)C(=O)OC1OC(C(=O)O)C(O)C(O)C1O,
CC(=O)NC(Cc1cc(O)c(O)cc1F)C(=O)O,
NC(Cc1cc(OS(=O)(=O)O)c(O)cc1F)C(=O)O,
NC(Cc1cc(OC2OC(C(=O)O)C(O)C(O)C2O)c(O)cc1F)C(=O)O,
NC(Cc1cc(O)c(OC2OC(C(=O)O)C(O)C(O)C2O)cc1F)C(=O)O,
COc1cc(CC(N)C(=O)O)c(F)cc1O,
O=C(O)C(Cc1cc(O)c(O)cc1F)NC1OC(C(=O)O)C(O)C(O)C1O,
NC(Cc1cc(O)ccc1F)C(=O)O,
NC(Cc1cc(O)c(O)c(O)c1F)C(=O)O,
COc1cc(F)c(CC(N)C(=O)O)cc1O,
NC(Cc1cc(O)c(OS(=O)(=O)O)cc1F)C(=O)O,
NCCc1cc(O)c(O)cc1F,
O=C(O)C(=O)Cc1cc(O)c(O)cc1F,
NC(O)(Cc1cc(O)c(O)cc1F)C(=O)O,
NC(Cc1c(F)cc(O)c(O)c1O)C(=O)O,
NC(Cc1ccc(O)cc1F)C(=O)O,
NC(C(=O)O)C(O)c1cc(O)c(O)cc1F,
O=C(O)C(Cc1cc(O)c(O)cc1F)NO,
NC(CC1(O)C=C(O)C(=O)C=C1F)C(=O)O,
NC(CC1=CC(=O)C(O)=CC1=O)C(=O)O,
O=CO,
NC=Cc1cc(O)c(O)cc1F,
[NH2+]=C(Cc1cc(O)c(O)cc1F)C(=O)O,
NC(=Cc1cc(O)c(O)cc1F)C(=O)O,
[H]N=C(Cc1cc(O)c(O)cc1F)C(=O)O,
NC(Cc1cc(O)c(O)cc1O)C(=O)O,
Nc1ccncc1N,Nc1ccncc1N
Nc1ccncc1NS(=O)(=O)O,
CC(=O)Nc1cnccc1N,
Nc1cnccc1NS(=O)(=O)O,
CC(=O)Nc1ccncc1N,
Nc1cnccc1NC1OC(C(=O)O)C(O)C(O)C1O,
Nc1ccncc1NC1OC(C(=O)O)C(O)C(O)C1O,
Nc1cncc(O)c1N,
Nc1cc[n+]([O-])cc1N,
Nc1cnc(O)cc1N,
Nc1ccnc(O)c1N,
Nc1cc[n+](C2OC(C(=O)O)C(O)C(O)C2O)cc1N,
Nc1cnccc1NO,
Nc1ccncc1NO,
Nc1nnc(-c2cccc(Cl)c2Cl)c(N)n1,Nc1nnc(-c2cccc(Cl)c2Cl)c(N)n1
Nc1nnc(-c2cccc(Cl)c2Cl)c(NC2OC(C(=O)O)C(O)C(O)C2O)n1,
Nc1nc(NS(=O)(=O)O)nnc1-c1cccc(Cl)c1Cl,
CC(=O)Nc1nnc(-c2cccc(Cl)c2Cl)c(N)n1,
Nc1nnc(-c2cccc(SCC(NC(=O)CCC(N)C(=O)O)C(=O)NCC(=O)O)c2Cl)c(N)n1,
CC(=O)Nc1nc(N)nnc1-c1cccc(Cl)c1Cl,
Nc1nnc(-c2cccc(Cl)c2Cl)c(NS(=O)(=O)O)n1,
Nc1nc(=O)[nH]nc1-c1cccc(Cl)c1Cl,
Nc1nc(N)[n+]([O-])nc1-c1cccc(Cl)c1Cl,
Nc1nnc(-c2cccc(Cl)c2Cl)c(=O)[nH]1,
Nc1nnc(-c2ccc(O)c(Cl)c2Cl)c(N)n1,
Nc1nnc(-c2cc(O)cc(Cl)c2Cl)c(N)n1,
Nc1nc(N)[n+](C2OC(C(=O)O)C(O)C(O)C2O)nc1-c1cccc(Cl)c1Cl,
Nc1nc(NC2OC(C(=O)O)C(O)C(O)C2O)nnc1-c1cccc(Cl)c1Cl,
Nc1nc(NO)nnc1-c1cccc(Cl)c1Cl,
Nc1nnc(-c2c(O)ccc(Cl)c2Cl)c(N)n1,
Nc1nnc(-c2cccc(Cl)c2SCC(NC(=O)CCC(N)C(=O)O)C(=O)NCC(=O)O)c(N)n1,
Nc1nnc(-c2cccc(Cl)c2Cl)c(NO)n1,
Nc1nnc(-c2cccc(Cl)c2Cl)c(N)[n+]1C1OC(C(=O)O)C(O)C(O)C1O,
Nc1nc(N)c(-c2cccc(Cl)c2Cl)[n+]([O-])n1,
Nc1nnc(-c2cccc(Cl)c2Cl)c(N)[n+]1[O-],
Nc1nc(N)c(-c2cccc(Cl)c2Cl)[n+](C2OC(C(=O)O)C(O)C(O)C2O)n1,
Nc1nnc(-c2cccc(O)c2Cl)c(N)n1,
Nc1nnc(-c2cccc(Cl)c2O)c(N)n1,
O=C(NOCCO)c1ccc2cncn2c1Nc1ccc(I)cc1F,O=C(NOCCO)c1ccc2cncn2c1Nc1ccc(I)cc1F
O=C(NOCCOS(=O)(=O)O)c1ccc2cncn2c1Nc1ccc(I)cc1F,
O=C(NOCCOC1OC(C(=O)O)C(O)C(O)C1O)c1ccc2cncn2c1Nc1ccc(I)cc1F,
O=C(O)CONC(=O)c1ccc2cncn2c1Nc1ccc(I)cc1F,
O=C(NOC(O)CO)c1ccc2cncn2c1Nc1ccc(I)cc1F,
O=C(NOCCO)c1ccc2c[n+](C3OC(C(=O)O)C(O)C(O)C3O)cn2c1Nc1ccc(I)cc1F,
O=C(NOCCO)c1ccc2cncn2c1Nc1ccc(I)c(O)c1F,
O=C(NOCCO)c1ccc2cncn2c1Nc1c(O)cc(I)cc1F,
O=C(NOC=CO)c1ccc2cncn2c1Nc1ccc(I)cc1F,
O=CCONC(=O)c1ccc2cncn2c1Nc1ccc(I)cc1F,
O=C(NOCCO)c1ccc2cncn2c1Nc1cc(O)c(I)cc1F,
O=C(O)c1ccc2cncn2c1Nc1ccc(I)cc1F,
NOCCO,
O=C(c1ccc2cncn2c1Nc1ccc(I)cc1F)N(O)OCCO,
O=C(NOCCO)c1ccc2cncn2c1Nc1ccccc1F,
O=C(NOCCO)c1ccc2c[n+]([O-])cn2c1Nc1ccc(I)cc1F,
O=C(NOCCO)c1ccc2c[nH]c(=O)n2c1Nc1ccc(I)cc1F,
O=C(NOCCO)c1ccc2cncn2c1N(c1ccc(I)cc1F)C1OC(C(=O)O)C(O)C(O)C1O,
O=C(NOCCO)c1ccc2cncn2c1N(O)c1ccc(I)cc1F,
O=C(NOCCO)c1cc(O)c2cncn2c1Nc1ccc(I)cc1F,
O=C(NOCCO)C1=C(Nc2ccc(I)cc2F)[N+]2([O-])C=NC=C2C=C1,
O=C(NOCCO)c1c(O)cc2cncn2c1Nc1ccc(I)cc1F,
O=C(NOCCO)c1ccc2c(O)ncn2c1Nc1ccc(I)cc1F,
NC(CCC(=O)NC(CSc1ccc(Nc2c(C(=O)NOCCO)ccc3cncn23)c(F)c1)C(=O)NCC(=O)O)C(=O)O,
O=C(NOCC(O)O)c1ccc2cncn2c1Nc1ccc(I)cc1F,
Nc1c(C(=O)NOCCO)ccc2cncn12,
O=C1C=CC(I)C=C1F,
NC(=O)c1ccc2cncn2c1Nc1ccc(I)cc1F,
OCCO,
O=C(NOCCO)c1ccc2cncn2c1Nc1ccc(O)cc1F,
O=C(NOCCO)c1ccc2cncn2c1Nc1ccc(I)cc1O,
O=C(NC(CO)C(O)c1ccc([N+](=O)[O-])cc1)C(Cl)Cl,O=C(N[C@H](CO)[C@H](O)c1ccc([N+](=O)[O-])cc1)C(Cl)Cl
O=C(NC(CO)C(OC1OC(C(=O)O)C(O)C(O)C1O)c1ccc([N+](=O)[O-])cc1)C(Cl)Cl,
O=C(NC(COC1OC(C(=O)O)C(O)C(O)C1O)C(O)c1ccc([N+](=O)[O-])cc1)C(Cl)Cl,
O=C(NC(CO)C(O)c1ccc([N+](=O)[O-])cc1)C(O)Cl,
O=C(NC(CO)C(O)c1ccc([N+](=O)[O-])cc1)C(O)(Cl)Cl,
O=C(Cl)C(=O)NC(CO)C(O)c1ccc([N+](=O)[O-])cc1,
O=C(NC(COS(=O)(=O)O)C(O)c1ccc([N+](=O)[O-])cc1)C(Cl)Cl,
O=C(NC(CO)C(OS(=O)(=O)O)c1ccc([N+](=O)[O-])cc1)C(Cl)Cl,
O=C(C(Cl)Cl)N(O)C(CO)C(O)c1ccc([N+](=O)[O-])cc1,
NC(CO)C(O)c1ccc([N+](=O)[O-])cc1,
O=C(O)C(Cl)Cl,
O=C(NC(=Cc1ccc([N+](=O)[O-])cc1)CO)C(Cl)Cl,
O=C(NC(CO)C(O)c1ccc([N+](=O)[O-])c(O)c1)C(Cl)Cl,
O=C(NC(CO)C(=O)c1ccc([N+](=O)[O-])cc1)C(Cl)Cl,
O=C(NC(CO)C(O)(O)c1ccc([N+](=O)[O-])cc1)C(Cl)Cl,
O=C(NC(O)(CO)C(O)c1ccc([N+](=O)[O-])cc1)C(Cl)Cl,
Nc1ccc(C(O)C(CO)NC(=O)C(Cl)Cl)cc1,
C=C(NC(=O)C(Cl)Cl)C(O)c1ccc([N+](=O)[O-])cc1,
O=C(NC(C(=O)O)C(O)c1ccc([N+](=O)[O-])cc1)C(Cl)Cl,
O=CC(NC(=O)C(Cl)Cl)C(O)c1ccc([N+](=O)[O-])cc1,
O=C(NC(C(O)O)C(O)c1ccc([N+](=O)[O-])cc1)C(Cl)Cl,
NC(=O)C(Cl)Cl,
O=C(CO)C(O)c1ccc([N+](=O)[O-])cc1,
O=C(NC(CO)=C(O)c1ccc([N+](=O)[O-])cc1)C(Cl)Cl,
O=C(NC(CO)C(O)c1ccc([N+](=O)[O-])cc1O)C(Cl)Cl,
O=C(NC(=CO)C(O)c1ccc([N+](=O)[O-])cc1)C(Cl)Cl,
O=C([NH+]=C(CO)C(O)c1ccc([N+](=O)[O-])cc1)C(Cl)Cl,
O=C(N=C(CO)C(O)c1ccc([N+](=O)[O-])cc1)C(Cl)Cl,
O=C(O)CCC(=O)OCC(NC(=O)C(Cl)Cl)C(O)c1ccc([N+](=O)[O-])cc1,O=C(O)CCC(=O)OC[C@@H](NC(=O)C(Cl)Cl)[C@H](O)c1ccc([N+](=O)[O-])cc1
O=C(CCC(=O)OC1OC(C(=O)O)C(O)C(O)C1O)OCC(NC(=O)C(Cl)Cl)C(O)c1ccc([N+](=O)[O-])cc1,
O=C(O)CCC(=O)OCC(NC(=O)C(Cl)Cl)C(OC1OC(C(=O)O)C(O)C(O)C1O)c1ccc([N+](=O)[O-])cc1,
O=C(CC(O)C(=O)O)OCC(NC(=O)C(Cl)Cl)C(O)c1ccc([N+](=O)[O-])cc1,
O=C(O)C=CC(=O)OCC(NC(=O)C(Cl)Cl)C(O)c1ccc([N+](=O)[O-])cc1,
O=C(O)C(=O)OCC(NC(=O)C(Cl)Cl)C(O)c1ccc([N+](=O)[O-])cc1,
O=C(O)CCC(=O)OCC(C(O)c1ccc([N+](=O)[O-])cc1)N(O)C(=O)C(Cl)Cl,
O=C(O)C(Cl)Cl,
NC(COC(=O)CCC(=O)O)C(O)c1ccc([N+](=O)[O-])cc1,
O=C(O)CCC(=O)OCC(NC(=O)C(Cl)Cl)C(OS(=O)(=O)O)c1ccc([N+](=O)[O-])cc1,
O=CC(NC(=O)C(Cl)Cl)C(O)c1ccc([N+](=O)[O-])cc1,
O=C(O)CCC(=O)O,
O=C(O)CC(O)C(=O)OCC(NC(=O)C(Cl)Cl)C(O)c1ccc([N+](=O)[O-])cc1,
O=C(NC(CO)C(O)c1ccc([N+](=O)[O-])cc1)C(Cl)Cl,
O=C(O)CNC(=O)CCC(=O)OCC(NC(=O)C(Cl)Cl)C(O)c1ccc([N+](=O)[O-])cc1,
O=C(O)CCC(=O)OC(O)C(NC(=O)C(Cl)Cl)C(O)c1ccc([N+](=O)[O-])cc1,
O=C(O)CCC(=O)OCC(O)(NC(=O)C(Cl)Cl)C(O)c1ccc([N+](=O)[O-])cc1,
O=C(O)CCC(=O)OCC(NC(=O)C(Cl)Cl)C(=O)c1ccc([N+](=O)[O-])cc1,
O=C(O)CCC(=O)OCC(NC(=O)C(Cl)Cl)C(O)(O)c1ccc([N+](=O)[O-])cc1,
O=C(O)CCC(=O)OCC(=Cc1ccc([N+](=O)[O-])cc1)NC(=O)C(Cl)Cl,
O=C(O)CCC(=O)OCC(NC(=O)C(Cl)Cl)C(O)c1ccc([N+](=O)[O-])c(O)c1,
Nc1ccc(C(O)C(COC(=O)CCC(=O)O)NC(=O)C(Cl)Cl)cc1,
O=CO,
C=CC(=O)OCC(NC(=O)C(Cl)Cl)C(O)c1ccc([N+](=O)[O-])cc1,
O=C(O)CCC(=O)OCC(NC(=O)C(O)Cl)C(O)c1ccc([N+](=O)[O-])cc1,
O=C(O)CCC(=O)OCC(NC(=O)C(=O)Cl)C(O)c1ccc([N+](=O)[O-])cc1,
O=C(O)CCC(=O)OCC(NC(=O)C(O)(Cl)Cl)C(O)c1ccc([N+](=O)[O-])cc1,
O=C(O)CCC(=O)OCC(=O)C(O)c1ccc([N+](=O)[O-])cc1,
NC(=O)C(Cl)Cl,
C=CC(=O)O,
O=COCC(NC(=O)C(Cl)Cl)C(O)c1ccc([N+](=O)[O-])cc1,
O=C(O)CCC(=O)OCC(NC(=O)C(Cl)Cl)C(O)c1ccc([N+](=O)[O-])cc1O,
O=C(O)CCC(=O)OC=C(NC(=O)C(Cl)Cl)C(O)c1ccc([N+](=O)[O-])cc1,
O=C(O)CCC(=O)OCC(NC(=O)C(Cl)Cl)=C(O)c1ccc([N+](=O)[O-])cc1,
O=C(O)CCC(=O)OCC(=[NH+]C(=O)C(Cl)Cl)C(O)c1ccc([N+](=O)[O-])cc1,
O=C(O)CCC(=O)OCC(=NC(=O)C(Cl)Cl)C(O)c1ccc([N+](=O)[O-])cc1,
O=C(O)c1cc(O)c2c(c1)C(C1c3cc(C(=O)O)cc(O)c3C(=O)c3c(OC4OC(CO)C(O)C(O)C4O)cccc31)c1cccc(OC3OC(CO)C(O)C(O)C3O)c1C2=O,O=C(O)c1cc(O)c2c(c1)C(C1c3cc(C(=O)O)cc(O)c3C(=O)c3c(OC4OC(CO)C(O)C(O)C4O)cccc31)c1cccc(OC3OC(CO)C(O)C(O)C3O)c1C2=O
O=C(O)c1cc(O)c2c(c1)C(C1c3cc(C(=O)OC4OC(C(=O)O)C(O)C(O)C4O)cc(O)c3C(=O)c3c(OC4OC(CO)C(O)C(O)C4O)cccc31)c1cccc(OC3OC(CO)C(O)C(O)C3O)c1C2=O,
O=C1OC(CO)C(O)C(O)C1O,
O=C(O)c1cc(O)c2c(c1)C(C1c3cc(C(=O)O)cc(O)c3C(=O)c3c(OC4OC(CO)C(O)C(O)C4O)cccc31)c1cccc(OC(O)C(O)C(O)C(O)C(=O)CO)c1C2=O,
O=C(O)c1cc(O)c2c(c1)C(C1c3cc(C(=O)O)cc(O)c3C(=O)c3c(OC4(O)OC(CO)C(O)C(O)C4O)cccc31)c1cccc(OC3OC(CO)C(O)C(O)C3O)c1C2=O,
O=C(O)c1cc(O)c2c(c1)C(C1c3cc(C(=O)O)cc(O)c3C(=O)c3c(OC4OC(CO)C(O)C(O)C4O)cccc31)c1cccc(O)c1C2=O,
OCC1OC(O)C(O)C(O)C1O,
O=C(O)c1cc(O)c2c(c1)C(C1c3cc(C(=O)O)cc(O)c3C(=O)c3c(OC4OC(CO)C(O)C(O)C4O)cccc31)c1cccc(OC(=O)C(O)C(O)C(O)C(O)CO)c1C2=O,
O=C(O)c1cc(O)c2c(c1)C(C1c3cccc(OC4OC(CO)C(O)C(O)C4O)c3C(=O)c3c(OC4OC(C(=O)O)C(O)C(O)C4O)cc(C(=O)O)cc31)c1cccc(OC3OC(CO)C(O)C(O)C3O)c1C2=O,
COc1cc(C(=O)O)cc2c1C(=O)c1c(OC3OC(CO)C(O)C(O)C3O)cccc1C2C1c2cc(C(=O)O)cc(O)c2C(=O)c2c(OC3OC(CO)C(O)C(O)C3O)cccc21,
O=C(O)c1cc(O)c2c(c1)C(C1c3cc(C(=O)O)cc(O)c3C(=O)c3c(OC4OC(COS(=O)(=O)O)C(O)C(O)C4O)cccc31)c1cccc(OC3OC(CO)C(O)C(O)C3O)c1C2=O,
O=C(O)c1cc(O)c2c(c1)C(C1c3cccc(OC4OC(CO)C(O)C(O)C4O)c3C(=O)c3c(OS(=O)(=O)O)cc(C(=O)O)cc31)c1cccc(OC3OC(CO)C(O)C(O)C3O)c1C2=O,
O=C(O)c1cc(O)c2c(c1)C(C1c3cccc(OC4OC(CO)C(O)C(O)C4O)c3C(=O)c3c(O)cc(C(=O)O)c(O)c31)c1cccc(OC3OC(CO)C(O)C(O)C3O)c1C2=O,
O=C(O)c1cc(O)c2c(c1)C(C1c3cccc(OC4OC(CO)C(O)C(O)C4O)c3C(=O)c3c1cc(C(=O)O)c(O)c3O)c1cccc(OC3OC(CO)C(O)C(O)C3O)c1C2=O,
O=C(O)c1cc(O)c2c(c1)C(C1(O)c3cc(C(=O)O)cc(O)c3C(=O)c3c(OC4OC(CO)C(O)C(O)C4O)cccc31)c1cccc(OC3OC(CO)C(O)C(O)C3O)c1C2=O,
O=C(O)c1cc(O)c2c(c1)C(C1c3cc(C(=O)O)cc(O)c3C(=O)c3c1ccc(O)c3OC1OC(CO)C(O)C(O)C1O)c1cccc(OC3OC(CO)C(O)C(O)C3O)c1C2=O,
O=C(O)c1cc(O)c2c(c1)C(C1c3cccc(O)c3C(=O)c3c(OC4OC(CO)C(O)C(O)C4O)cccc31)c1cccc(OC3OC(CO)C(O)C(O)C3O)c1C2=O,
O=C(O)CNC(=O)c1cc(O)c2c(c1)C(C1c3cc(C(=O)O)cc(O)c3C(=O)c3c(OC4OC(CO)C(O)C(O)C4O)cccc31)c1cccc(OC3OC(CO)C(O)C(O)C3O)c1C2=O,
OCC1OCC(O)C(O)C1O,
O=C1C=CC(=O)C2=C1C(=O)c1c(O)cc(C(=O)O)cc1C2C1c2cc(C(=O)O)cc(O)c2C(=O)c2c(OC3OC(CO)C(O)C(O)C3O)cccc21,
O=C(O)c1cc(O)c2c(c1)C(C1c3cc(C(=O)O)cc(O)c3C(=O)c3c(OC4OC(CO)C(O)C(O)C4O)cccc31)c1cccc(OC3=C(O)C(O)C(O)C(CO)O3)c1C2=O,
O=C(O)c1cc(O)c2c(c1)C(C1c3cc(C(=O)O)cc(O)c3C(O)c3c(OC4OC(CO)C(O)C(O)C4O)cccc31)c1cccc(OC3OC(CO)C(O)C(O)C3O)c1C2=O,
O=C(O)c1cc(O)c2c(c1)C(C1c3cc(C(=O)O)cc(O)c3C(=O)c3c(OC4OC(CO)C(O)C(O)C4O)cc(O)cc31)c1cccc(OC3OC(CO)C(O)C(O)C3O)c1C2=O,
O=C(O)c1cc(O)c2c(c1)C(C1c3cc(C(=O)O)cc(O)c3C(=O)c3c(OC4OC(COC5OC(C(=O)O)C(O)C(O)C5O)C(O)C(O)C4O)cccc31)c1cccc(OC3OC(CO)C(O)C(O)C3O)c1C2=O,
O=C(O)c1cc(O)c2c(c1)C(C1c3cc(C(=O)O)cc(O)c3C(=O)c3c(OC4OC(CO)C(O)C(O)C4O)ccc(O)c31)c1cccc(OC3OC(CO)C(O)C(O)C3O)c1C2=O,
O=C(O)C1=CC(=O)C2=C(C1=O)C(C1c3cc(C(=O)O)cc(O)c3C(=O)c3c(OC4OC(CO)C(O)C(O)C4O)cccc31)c1cccc(OC3OC(CO)C(O)C(O)C3O)c1C2=O,
O=C(O)c1cc(O)c2c(c1)C(C1c3cc(C(=O)O)cc(O)c3C(=O)c3c(OC4OC(CO)C(O)C(O)C4O)cccc31)c1cccc(OC3OC(CO)C(O)C(O)C3=O)c1C2=O,
O=C(O)c1cc(O)c2c(c1)C(C1c3cc(C(=O)O)cc(O)c3C(=O)c3c(OC4OC(CO)C(O)C(O)C4(O)O)cccc31)c1cccc(OC3OC(CO)C(O)C(O)C3O)c1C2=O,
O=C(O)c1cc(O)c2c(c1)C(=C1c3cc(C(=O)O)cc(O)c3C(=O)c3c(OC4OC(CO)C(O)C(O)C4O)cccc31)c1cccc(OC3OC(CO)C(O)C(O)C3O)c1C2=O,
O=C(O)c1cc(O)c2c(c1)C(C1c3cc(C(=O)O)cc(O)c3C(=O)c3c(OC4OC(C(O)O)C(O)C(O)C4O)cccc31)c1cccc(OC3OC(CO)C(O)C(O)C3O)c1C2=O,
O=CC1OC(Oc2cccc3c2C(=O)c2c(O)cc(C(=O)O)cc2C3C2c3cc(C(=O)O)cc(O)c3C(=O)c3c(OC4OC(CO)C(O)C(O)C4O)cccc32)C(O)C(O)C1O,
O=C(O)c1cc(O)c2c(c1)C(C1c3cc(C(=O)O)cc(O)c3C(=O)c3c(OC4OC(C(=O)O)C(O)C(O)C4O)cccc31)c1cccc(OC3OC(CO)C(O)C(O)C3O)c1C2=O,
O=C(O)c1cc(O)c2c(c1)C(C1c3cc(C(=O)O)cc(O)c3C(=O)c3c(OC4OC(CO)C(O)C(O)C4O)cccc31)c1cccc(OC3OC(CO)C(O)C(O)=C3O)c1C2=O,
O=C(O)c1cc(O)c2c(c1)C(C1c3cc(C(=O)O)cc(O)c3C(=O)c3c(OC4OC(CO)C(O)C(O)C4O)cccc31)c1cccc(OC3OC(=CO)C(O)C(O)C3O)c1C2=O,
O=C(O)c1cc(O)c2c(c1)C(C1c3cc(C(=O)O)cc(O)c3C(=O)c3c(OC4OC(CO)C(O)C(O)(O)C4O)cccc31)c1cccc(OC3OC(CO)C(O)C(O)C3O)c1C2=O,
O=C(O)c1cc(O)c2c(c1)C(C1c3cc(C(=O)O)cc(O)c3C(=O)c3c(OC4OC(CO)C(O)C(O)C4O)cccc31)c1cccc(OC3OC(CO)C(O)=C(O)C3O)c1C2=O,
O=C(O)c1cc(O)c2c(c1)C(C1c3cc(C(=O)O)cc(O)c3C(=O)c3c(OC4OC(CO)C(O)C(O)C4O)cccc31)c1cccc(OC3OC(CO)C(O)C(=O)C3O)c1C2=O,
O=C(O)c1cc(O)c2c(c1)C(C1c3cc(C(=O)O)cc(O)c3C(=O)c3c(OC4OC(CO)C(O)(O)C(O)C4O)cccc31)c1cccc(OC3OC(CO)C(O)C(O)C3O)c1C2=O,
O=C(O)c1cc(O)c2c(c1)C(C1c3cc(C(=O)O)cc(O)c3C(=O)c3c(OC4OC(CO)C(O)C(O)C4O)cccc31)c1cccc(OC3OC(CO)C(=O)C(O)C3O)c1C2=O,
O=C(O)c1cc(O)c2c(c1)C(C1c3cc(C(=O)O)cc(O)c3C(=O)c3c(OC4OC(CO)C(O)C(O)C4O)cccc31)c1cccc(OC3OC(CO)=C(O)C(O)C3O)c1C2=O,
O=C(O)c1cc(O)c2c(c1)C(C1c3cc(C(=O)O)cc(O)c3C(=O)c3c(OC4OC(O)(CO)C(O)C(O)C4O)cccc31)c1cccc(OC3OC(CO)C(O)C(O)C3O)c1C2=O,
O=C(O)c1cn(C2CC2)c2cc(N3CCNCC3)c(F)cc2c1=O,O=C(O)c1cn(C2CC2)c2cc(N3CCNCC3)c(F)cc2c1=O
O=C(OC1OC(C(=O)O)C(O)C(O)C1O)c1cn(C2CC2)c2cc(N3CCNCC3)c(F)cc2c1=O,
CC(=O)N1CCN(c2cc3c(cc2F)c(=O)c(C(=O)O)cn3C2CC2)CC1,
O=C(O)c1cn(C2CC2)c2cc(N3CCNC(O)C3)c(F)cc2c1=O,
O=C1CN(c2cc3c(cc2F)c(=O)c(C(=O)O)cn3C2CC2)CCN1,
NCCN(CC=O)c1cc2c(cc1F)c(=O)c(C(=O)O)cn2C1CC1,
O=C(O)c1cn(C2CC2)c2cc(N3CCN(O)CC3)c(F)cc2c1=O,
NCCNc1cc2c(cc1F)c(=O)c(C(=O)O)cn2C1CC1,
O=C(O)c1cn(C2CC2)c2cc(N3CCNCC3O)c(F)cc2c1=O,
O=C(O)c1cn(C2CC2)c2cc(N3CCNCC3=O)c(F)cc2c1=O,
O=C(O)c1cn(C2CC2)c2cc(N3CCN(C4OC(C(=O)O)C(O)C(O)C4O)CC3)c(F)cc2c1=O,
O=CCNCCNc1cc2c(cc1F)c(=O)c(C(=O)O)cn2C1CC1,
O=C(O)c1cn(C2CC2)c2cc([N+]3([O-])CCNCC3)c(F)cc2c1=O,
O=c1ccn(C2CC2)c2cc(N3CCNCC3)c(F)cc12,
O=C(O)c1cn(C2CC2)c2cc(N3CCN4CC43)c(F)cc2c1=O,
O=C(O)c1cn(C2CC2)c2cc(N3CC=NCC3)c(F)cc2c1=O,
O=C(O)c1cn(C2CC2)c2cc(N3CC=[NH+]CC3)c(F)cc2c1=O,
O=C(O)c1c(O)n(C2CC2)c2cc(N3CCNCC3)c(F)cc2c1=O,
O=C(O)C1=C[N+]([O-])(C2CC2)c2cc(N3CCNCC3)c(F)cc2C1=O,
O=C(O)C1CN(C2CC2)c2cc(N3CCNCC3)c(F)cc2C1=O,
O=C(O)CNC(=O)c1cn(C2CC2)c2cc(N3CCNCC3)c(F)cc2c1=O,
O=C(O)c1cn(C2CC2O)c2cc(N3CCNCC3)c(F)cc2c1=O,
O=C1CC1,
O=C(O)c1c[nH]c2cc(N3CCNCC3)c(F)cc2c1=O,
O=C(O)c1cn(C2(O)CC2)c2cc(N3CCNCC3)c(F)cc2c1=O,
O=C(O)c1cn(C2CC2)c2c(O)c(N3CCNCC3)c(F)cc2c1=O,
O=C(O)c1cn(C2CC2)c2cc(N3C=CNCC3)c(F)cc2c1=O,
O=C(O)c1cn(C2CC2)c2cc([N+]3=CCNCC3)c(F)cc2c1=O,
O=C(O)c1cn(C2CC2)c2cc(N3CCNCC3)c(F)c(O)c2c1=O,
O=C(O)c1cn(C2=CC2)c2cc(N3CCNCC3)c(F)cc2c1=O,
O=C(O)c1cn(C2C=C2)c2cc(N3CCNCC3)c(F)cc2c1=O,
O=C(O)c1cn(C2CC2)c2cc(N3CCNCC3)c(O)cc2c1=O,
O=C(c1ccc(OCCN2CCCCC2)cc1)c1c(-c2ccc(O)cc2)sc2cc(O)ccc12,O=C(c1ccc(OCCN2CCCCC2)cc1)c1c(-c2ccc(O)cc2)sc2cc(O)ccc12
O=C(c1ccc(OCCN2CCCCC2)cc1)c1c(-c2ccc(OS(=O)(=O)O)cc2)sc2cc(O)ccc12,
O=C(c1ccc(OCCN2CCCCC2)cc1)c1c(-c2ccc(OC3OC(C(=O)O)C(O)C(O)C3O)cc2)sc2cc(O)ccc12,
O=C(c1ccc(OCCN2CCCCC2)cc1)c1c(-c2ccc(O)cc2)sc2cc(OC3OC(C(=O)O)C(O)C(O)C3O)ccc12,
O=C(c1ccc(OCCN2CCCCC2)cc1)c1c(-c2ccc(O)cc2)sc2cc(OS(=O)(=O)O)ccc12,
O=C(c1ccc(OCC[N+]2([O-])CCCCC2)cc1)c1c(-c2ccc(O)cc2)sc2cc(O)ccc12,
O=C(c1ccc(OCCN2CCCCC2O)cc1)c1c(-c2ccc(O)cc2)sc2cc(O)ccc12,
O=CCCCCNCCOc1ccc(C(=O)c2c(-c3ccc(O)cc3)sc3cc(O)ccc23)cc1,
O=C(c1ccc(OCCN2CCCC(O)C2)cc1)c1c(-c2ccc(O)cc2)sc2cc(O)ccc12,
O=C(c1ccc(OCCN2CCCCC2=O)cc1)c1c(-c2ccc(O)cc2)sc2cc(O)ccc12,
O=C(c1ccc(OCCN2CCCCC2)cc1)c1c(-c2ccc(O)cc2)sc2c(O)c(O)ccc12,
O=C(c1ccc(OCCN2CCCCC2)cc1)c1c(-c2ccc(O)c(O)c2)sc2cc(O)ccc12,
O=C(c1ccc(OCCN2CCCCC2)cc1)c1c(-c2ccc(O)cc2)sc2cc(O)c(O)cc12,
O=C(c1ccc(OCCN2CCCCC2)c(O)c1)c1c(-c2ccc(O)cc2)sc2cc(O)ccc12,
COc1ccc2c(C(=O)c3ccc(OCCN4CCCCC4)cc3)c(-c3ccc(O)cc3)sc2c1,
COc1ccc(-c2sc3cc(O)ccc3c2C(=O)c2ccc(OCCN3CCCCC3)cc2)cc1,
O=C(c1ccc(OCCN2C=CCCC2)cc1)c1c(-c2ccc(O)cc2)sc2cc(O)ccc12,
O=C(c1ccc(OCC[N+]2=CCCCC2)cc1)c1c(-c2ccc(O)cc2)sc2cc(O)ccc12,
O=C1C=CC(=O)C(SC(=CC(=O)c2ccc(OCCN3CCCCC3)cc2)c2ccc(O)cc2)=C1,
O=C(C1=C(c2ccc(O)cc2)S(=O)c2cc(O)ccc21)c1ccc(OCCN2CCCCC2)cc1,
O=C(c1ccc(OCCN2CCCCC2)cc1)c1csc2cc(O)ccc12,
O=C1C=CC(=O)C=C1,
Oc1ccc(-c2sc3cc(O)ccc3c2C(O)c2ccc(OCCN3CCCCC3)cc2)cc1,
O=C1C=CC(O)(C(=O)c2c(-c3ccc(O)cc3)sc3cc(O)ccc23)C=C1,
CCN1CCCCC1,
O=C(c1ccc(OCCO)cc1)c1c(-c2ccc(O)cc2)sc2cc(O)ccc12,
O=CCOc1ccc(C(=O)c2c(-c3ccc(O)cc3)sc3cc(O)ccc23)cc1,
C1CCNCC1,
O=C(c1ccc(OCCN2CCCCC2)cc1)c1c(-c2ccc(O)cc2)sc2cc(O)cc(O)c12,
O=C(c1ccc(OCC(O)N2CCCCC2)cc1)c1c(-c2ccc(O)cc2)sc2cc(O)ccc12,
O=C(c1ccc(OCC=[N+]2CCCCC2)cc1)c1c(-c2ccc(O)cc2)sc2cc(O)ccc12,
OCCN1CCCCC1,
O=C(c1ccc(O)cc1)c1c(-c2ccc(O)cc2)sc2cc(O)ccc12,
O=CCN1CCCCC1,
O=C(c1ccc(OCCN2CCC(O)CC2)cc1)c1c(-c2ccc(O)cc2)sc2cc(O)ccc12,
O=C(c1ccc(OC=CN2CCCCC2)cc1)c1c(-c2ccc(O)cc2)sc2cc(O)ccc12,
O=C(c1ccc(OCCN2CC=CCC2)cc1)c1c(-c2ccc(O)cc2)sc2cc(O)ccc12,
O=C(c1ccc(OCCN2CCCCC2)cc1)c1c(-c2ccc(O)cc2O)sc2cc(O)ccc12,
O=C(c1ccc(OC(O)CN2CCCCC2)cc1)c1c(-c2ccc(O)cc2)sc2cc(O)ccc12,
O=C(c1ccc(OCCN2CCCCC2)cc1O)c1c(-c2ccc(O)cc2)sc2cc(O)ccc12,
O=C1CN=C(c2ccccc2)c2cc(Cl)ccc2N1,O=C1CN=C(c2ccccc2)c2cc(Cl)ccc2N1
O=C1CN=C(c2ccc(O)cc2)c2cc(Cl)ccc2N1,
O=C1CN=C(c2cccc(O)c2)c2cc(Cl)ccc2N1,
COc1cc(C2=NCC(=O)Nc3ccc(Cl)cc32)ccc1O,
O=C1CN=C(c2ccccc2)c2cc(Cl)cc(O)c2N1,
O=C1CN=C(c2ccccc2)c2cc(Cl)c(O)cc2N1,
O=C1Nc2ccc(Cl)cc2C(c2ccccc2)=NC1O,
[H]N=C(c1ccccc1)c1cc(Cl)ccc1NC(=O)C=O,
O=C1C[N+]([O-])=C(c2ccccc2)c2cc(Cl)ccc2N1,
NC(CCC(=O)NC(CSc1ccc2c(c1)C(c1ccccc1)=NCC(=O)N2)C(=O)NCC(=O)O)C(=O)O,
Nc1ccc(Cl)cc1C(=NCC(=O)O)c1ccccc1,
O=C1CN=C(c2ccccc2)c2cc(Cl)ccc2N1O,
NCC(=O)Nc1ccc(Cl)cc1C(=O)c1ccccc1,
O=C(O)C1OC(N2C(=O)CN=C(c3ccccc3)c3cc(Cl)ccc32)C(O)C(O)C1O,
O=C1C2N=C(c3ccccc3)c3cc(Cl)ccc3N12,
O=C1CN=C(c2ccccc2)c2c(ccc(Cl)c2O)N1,
O=C1CN=C(c2ccccc2O)c2cc(Cl)ccc2N1,
O=C1CN=C(c2ccccc2)c2cc(O)ccc2N1,
O=C1Nc2ccc(Cl)cc2C(c2ccccc2)=NC1O,O=C1Nc2ccc(Cl)cc2C(c2ccccc2)=NC1O
O=C1Nc2ccc(Cl)cc2C(c2ccccc2)=NC1OC1OC(C(=O)O)C(O)C(O)C1O,
O=C1Nc2ccc(Cl)cc2C(c2ccccc2)=NC1OS(=O)(=O)O,
O=C1Nc2ccc(Cl)cc2C(c2cccc(O)c2)=NC1O,
O=C1Nc2ccc(Cl)cc2C(c2ccc(O)cc2)=NC1O,
COc1cc(C2=NC(O)C(=O)Nc3ccc(Cl)cc32)ccc1O,
O=C1Nc2c(O)cc(Cl)cc2C(c2ccccc2)=NC1O,
O=C1Nc2cc(O)c(Cl)cc2C(c2ccccc2)=NC1O,
O=c1nc(-c2ccccc2)c2cc(Cl)ccc2[nH]c1=O,
[H]N=C(c1ccccc1)c1cc(Cl)ccc1NC(=O)C(=O)O,
O=C1Nc2ccc(Cl)cc2C(c2ccccc2)=NC1(O)O,
O=C1Nc2ccc(Cl)cc2C(c2ccccc2)=[N+]([O-])C1O,
Nc1ccc(Cl)cc1C(=NC(O)C(=O)O)c1ccccc1,
O=C1C(O)N=C(c2ccccc2)c2cc(Cl)ccc2N1O,
NC(CCC(=O)NC(CSc1ccc2c(c1)C(c1ccccc1)=NC(O)C(=O)N2)C(=O)NCC(=O)O)C(=O)O,
NC(O)C(=O)Nc1ccc(Cl)cc1C(=O)c1ccccc1,
O=C1N2c3ccc(Cl)cc3C(c3ccccc3)=NC12O,
O=C1Nc2ccc(Cl)c(O)c2C(c2ccccc2)=NC1O,
O=C(O)C1OC(N2C(=O)C(O)N=C(c3ccccc3)c3cc(Cl)ccc32)C(O)C(O)C1O,
O=C1Nc2ccc(Cl)cc2C(c2ccccc2O)=NC1O,
O=C1Nc2ccc(O)cc2C(c2ccccc2)=NC1O,
O=P1(NCCCl)OCCCN1CCCl,O=P1(NCCCl)OCCCN1CCCl
O=CCCOP(=O)(NCCCl)NCCCl,
O=P1(NCCCl)OCCC(O)N1CCCl,
O=P1(NCCCl)OCCC[N+]1([O-])CCCl,
O=P1(NCCCl)OCC(O)CN1CCCl,
O=P(O)(NCCCl)OCCCNCCCl,
O=C1CCOP(=O)(NCCCl)N1CCCl,
O=P1(NCCCl)OCCCN1C(O)CCl,
O=CCCl,
O=P1(NCCCl)NCCCO1,
OCCCl,
NCCCl,
O=P1(NC(O)CCl)OCCCN1CCCl,
O=P1(N(O)CCCl)OCCCN1CCCl,
NP1(=O)OCCCN1CCCl,
O=P1(O)OCCCN1CCCl,
NC(CCC(=O)NC(CSCCNP1(=O)OCCCN1CCCl)C(=O)NCC(=O)O)C(=O)O,
NC(CCC(=O)NC(CSCCN1CCCOP1(=O)NCCCl)C(=O)NCC(=O)O)C(=O)O,
O=P1(NCCCl)OCC=CN1CCCl,
O=P1(NCCCl)OCCC=[N+]1CCCl,
O=P1(NCCCl)OCCCN1C=CCl,
O=P1(NCCCl)OCCC[N+]1=CCCl,
O=P1(N=CCCl)OCCCN1CCCl,
O=P1([NH+]=CCCl)OCCCN1CCCl,
O=P1(NC=CCl)OCCCN1CCCl,
O=P(O)(NCCCl)N(CCCl)CCCO,
O=P1(NCCCl)OC(O)CCN1CCCl,
O=CCNP1(=O)OCCCN1CCCl,
O=P1(NCCO)OCCCN1CCCl,
O=P1(NCC(O)Cl)OCCCN1CCCl,
O=P1(NCCCl)OCCCN1CC(O)Cl,
O=CCN1CCCOP1(=O)NCCCl,
O=P1(NCCCl)OCCCN1CCO,
O=P1(NCCCl)OC=CCN1CCCl,
OCCOCCN1CCN(C(c2ccccc2)c2ccc(Cl)cc2)CC1,OCCOCCN1CCN(C(c2ccccc2)c2ccc(Cl)cc2)CC1
O=S(=O)(O)OCCOCCN1CCN(C(c2ccccc2)c2ccc(Cl)cc2)CC1,
O=C(O)C1OC(OCCOCCN2CCN(C(c3ccccc3)c3ccc(Cl)cc3)CC2)C(O)C(O)C1O,
OCCO,
OCCN1CCN(C(c2ccccc2)c2ccc(Cl)cc2)CC1,
OCC(O)OCCN1CCN(C(c2ccccc2)c2ccc(Cl)cc2)CC1,
O=CCN1CCN(C(c2ccccc2)c2ccc(Cl)cc2)CC1,
O=CCO,
O=C(O)COCCN1CCN(C(c2ccccc2)c2ccc(Cl)cc2)CC1,
OCCOCCNCCNC(c1ccccc1)c1ccc(Cl)cc1,
Clc1ccc(C(c2ccccc2)N2CCNCC2)cc1,
[O-][N+]1(CCOCCO)CCN(C(c2ccccc2)c2ccc(Cl)cc2)CC1,
OCCOCC(O)N1CCN(C(c2ccccc2)c2ccc(Cl)cc2)CC1,
O=CCOCCO,
OCCOCCO,
OCCOCCN1CCN(C(c2ccc(Cl)cc2)c2cccc(O)c2)CC1,
OCCOCCN1CCN(C(c2ccc(O)cc2)c2ccc(Cl)cc2)CC1,
OCCOCCN1CCN(C(c2ccccc2)c2ccc(Cl)c(O)c2)CC1,
[O-][N+]1(C(c2ccccc2)c2ccc(Cl)cc2)CCN(CCOCCO)CC1,
OCCOCCN1CCN(C(O)(c2ccccc2)c2ccc(Cl)cc2)CC1,
O=C(c1ccccc1)c1ccc(Cl)cc1,
OCCOCCN1CCNCC1,
COc1cc(C(c2ccc(Cl)cc2)N2CCN(CCOCCO)CC2)ccc1O,
O=CCOCCN1CCN(C(c2ccccc2)c2ccc(Cl)cc2)CC1,
OC(O)COCCN1CCN(C(c2ccccc2)c2ccc(Cl)cc2)CC1,
O=C1CN(C(c2ccccc2)c2ccc(Cl)cc2)CCN1CCOCCO,
O=CCN(CCNCCOCCO)C(c1ccccc1)c1ccc(Cl)cc1,
OCCOCCN1CCN(C(c2ccccc2)c2ccc(Cl)cc2)CC1O,
OCCOCCN1CCN(C(c2ccccc2)c2ccc(Cl)cc2)C(O)C1,
O=C1CN(CCOCCO)CCN1C(c1ccccc1)c1ccc(Cl)cc1,
OC=COCCN1CCN(C(c2ccccc2)c2ccc(Cl)cc2)CC1,
O=CCN(CCNC(c1ccccc1)c1ccc(Cl)cc1)CCOCCO,
OCCOCC=[N+]1CCN(C(c2ccccc2)c2ccc(Cl)cc2)CC1,
OCCOC=CN1CCN(C(c2ccccc2)c2ccc(Cl)cc2)CC1,
OCCOC(O)CN1CCN(C(c2ccccc2)c2ccc(Cl)cc2)CC1,
OCCOCCN1CCN(C(c2ccccc2)c2ccc(Cl)cc2O)CC1,
OCCOCCN1CC[N+](=C(c2ccccc2)c2ccc(Cl)cc2)CC1,
OCCOCCN1CCN(C(c2ccc(Cl)cc2)c2ccccc2O)CC1,
OCCOCCN1CCN(C(c2ccccc2)c2ccc(O)c(Cl)c2)CC1,
NC(CCC(=O)NC(CSc1ccc(C(c2ccccc2)N2CCN(CCOCCO)CC2)cc1)C(=O)NCC(=O)O)C(=O)O,
OCCOCC[N+]1=CCN(C(c2ccccc2)c2ccc(Cl)cc2)CC1,
OCCOCCN1C=CN(C(c2ccccc2)c2ccc(Cl)cc2)CC1,
OCCOCCN1CC=[N+](C(c2ccccc2)c2ccc(Cl)cc2)CC1,
OCCOCCN1CCN(C(c2ccccc2)c2ccc(O)cc2)CC1,
