,substrate,Enzyme,truth,site_truth,site_predict
0,CC(C)(C)c1cc(C(C)(C)C)c(NC(=O)c2c[nH]c3ccccc3c2=O)cc1O,CYP3A4,CC(C)(C)c1cc(C(C)(C)C(=O)O)c(O)cc1NC(=O)c1c[nH]c2ccccc2c1=O,CC(C)(C)c1cc(C(C)(C)[CH3:1])c(O)cc1NC(=O)c1c[nH]c2ccccc2c1=O,CC(C)(C)c1cc(C(C)(C)[CH3:1])c(NC(=O)c2c[nH]c3ccccc3c2=O)cc1O|CC(C)(C)c1cc(C(C)(C)[CH3:1])c(O)cc1NC(=O)c1c[nH]c2ccccc2c1=O|CC(C)(C)c1cc(C(C)(C)C)c(NC(=O)c2c[nH]c3cc[cH:1]cc3c2=O)cc1O|CC(C)(C)c1cc(C(C)(C)C)c(NC(=O)c2c[nH]c3c[cH:1]ccc3c2=O)cc1O|CC(C)(C)c1cc(C(C)(C)C)c(NC(=O)c2c[nH]c3c(ccc[cH:1]3)c2=O)cc1O|CC(C)(C)c1cc(C(C)(C)[CH3:1])c([OH:1])cc1NC(=O)c1c[nH]c2ccccc2c1=O|CC(C)(C)c1cc(C(C)(C)C)c(NC(=O)c2c[nH][c:1]3[cH:1][cH:1][cH:1][cH:1][c:1]3c2=O)cc1O|CC(C)(c1cc(C(C)(C)[CH3:1])c(NC(=O)c2c[nH]c3ccccc3c2=O)cc1O)[CH3:1]|CC(C)(C)c1cc(C(C)(C)C)c([OH:1])cc1NC(=O)c1c[nH]c2ccccc2c1=O|CC(C)(C)c1cc(C(C)(C)[CH3:1])c(NC(=O)c2c[nH:1]c3ccccc3c2=O)cc1O|CC(C)(C)c1cc(C(C)(C)[CH3:1])c(NC(=O)c2c[nH]c3ccccc3c2=O)cc1[OH:1]|CC(C)(C)c1cc(C(C)(C)C)c(NC(=O)c2c[nH][c:1]3[cH:1][cH:1][cH:1][cH:1][c:1]3c2=O)cc1O|CC(C)(C)c1c(O)cc(NC(=O)c2c[nH]c3ccccc3c2=O)c(C(C)(C)C)[cH:1]1|CC(C)(C)c1cc(C(C)(C)C)c(NC(=O)[c:1]2[cH:1][nH:1][c:1]3cccc[c:1]3[c:1]2=O)cc1O|CC(C)(C)c1cc(C(C)(C)C)c(NC(=O)c2c[nH]c3ccccc3c2=O)[cH:1]c1O|CC(C)(C)c1cc([C:1](C)(C)C)c(O)cc1NC(=O)c1c[nH]c2ccccc2c1=O|CC(C)(C)c1c(O)cc(NC(=O)c2c[nH]c3ccccc3c2=O)c(C(C)(C)[CH3:1])[cH:1]1|CC(C)(C)c1cc(C(C)(C)[CH3:1])c([NH:1]C(=O)c2c[nH]c3ccccc3c2=O)cc1O|CC(C)(C)c1cc(C(C)(C)C)c(NC(=O)c2c[nH]c3ccc[cH:1]c3c2=O)cc1O|CC(C)(C)[c:1]1[cH:1][c:1](C(C)(C)C)[c:1]([OH:1])[cH:1][c:1]1NC(=O)c1c[nH]c2ccccc2c1=O
1,CC(C)(C)c1cc(NC(=O)Nc2ccc(-c3cn4c(n3)sc3cc(OCCN5CCOCC5)ccc34)cc2)no1,CYP3A4,CC(C)(CO)c1cc(NC(=O)Nc2ccc(-c3cn4c(n3)sc3cc(OCCN5CCOCC5)ccc34)cc2)no1,CC(C)(c1cc(NC(=O)Nc2ccc(-c3cn4c(n3)sc3cc(OCCN5CCOCC5)ccc34)cc2)no1)[CH3:1],CC(C)(c1cc(NC(=O)Nc2ccc(-c3cn4c(n3)sc3cc(OCCN5CCOCC5)ccc34)cc2)no1)[CH3:1]|CC(C)(C)c1cc(NC(=O)Nc2ccc(-c3cn4c(n3)sc3cc(OCCN5CCOC[CH2:1]5)ccc34)cc2)no1|CC(C)(C)c1cc(NC(=O)Nc2ccc(-c3cn4c(n3)sc3cc(OCC[N:1]5CC[O:1][CH2:1][CH2:1]5)ccc34)cc2)no1|CC(C)(C)c1cc(NC(=O)Nc2ccc(-c3cn4c(n3)sc3cc(OCCN5CC[O:1][CH2:1]C5)ccc34)cc2)no1|CC(C)(C)c1cc(NC(=O)Nc2ccc(-c3cn4c(n3)sc3cc(OCCN5CC[O:1][CH2:1]C5)ccc34)cc2)no1|CC(C)(C)c1cc(NC(=O)Nc2ccc(-c3cn4c(n3)sc3cc(OC[CH2:1]N5CC[O:1]CC5)ccc34)cc2)no1|CC(C)(C)c1cc(NC(=O)Nc2ccc(-c3cn4c(n3)sc3cc(OCC[N:1]5CCOCC5)ccc34)cc2)no1|CC(C)(C)c1cc(NC(=O)Nc2ccc(-c3cn4c(n3)sc3cc(OC[CH2:1]N5CC[O:1]CC5)ccc34)cc2)no1|CC(C)(C)c1cc(NC(=O)Nc2ccc(-c3cn4c(n3)sc3cc([O:1]CCN5CCOCC5)ccc34)cc2)no1|CC(C)(C)[c:1]1[cH:1][c:1](NC(=O)Nc2ccc(-c3cn4c(n3)sc3cc(OCCN5CCOCC5)ccc34)cc2)[n:1][o:1]1|CC(C)(C)c1cc(NC(=O)Nc2ccc(-c3cn4c(n3)sc3cc(OCCN5CCO[CH2:1]C5)ccc34)cc2)no1|CC(C)(C)c1cc(NC(=O)Nc2ccc(-c3c[n:1]4[c:1](n3)[s:1][c:1]3cc(OCCN5CCOCC5)cc[c:1]34)cc2)no1|CC(C)(C)[c:1]1[cH:1][c:1](NC(=O)Nc2ccc(-c3cn4c(n3)sc3cc(OCCN5CCOCC5)ccc34)cc2)[n:1][o:1]1|CC(C)(C)[c:1]1[cH:1][c:1](NC(=O)Nc2ccc(-c3cn4c(n3)sc3cc(OCCN5CCOCC5)ccc34)cc2)[n:1][o:1]1|CC(C)(C)c1cc(NC(=O)Nc2ccc(-c3cn4c(n3)sc3cc(OCCN5CCOCC5)ccc34)c[cH:1]2)no1|CC(C)(C)c1cc(NC(=O)Nc2ccc(-c3cn4c(n3)sc3cc(OCCN5CCOCC5)c[cH:1]c34)cc2)no1|CC(C)(C)c1cc(NC(=O)Nc2ccc(-c3cn4c(n3)sc3cc(OCCN5CCOCC5)[cH:1]cc34)cc2)no1|CC(C)(C)c1onc(NC(=O)Nc2ccc(-c3cn4c(n3)sc3cc(OCCN5CCOCC5)ccc34)cc2)[cH:1]1|CC(C)(C)c1cc(NC(=O)Nc2ccc(-c3cn4c(n3)sc3cc(OCCN5CCOCC5)ccc34)[cH:1]c2)no1|CC(C)(C)c1cc(NC(=O)Nc2ccc(-c3cn4c5ccc(OCCN6CCOCC6)cc5[s:1]c4n3)cc2)no1
2,CC1(C)CC(=O)N(CCCCN2CCN(c3ncccn3)CC2)C(=O)C1,CYP3A4,CC1(C)CC(=O)N(CCCCN2CCN(c3ncccn3)CC2)C(=O)C1O|c1cnc(N2CCNCC2)nc1,CC1(C)CC(=O)N(CCCCN2CCN(c3ncccn3)CC2)C(=O)[CH2:1]1|CC1(C)CC(=O)N(CCCC[N:1]2CCN(c3ncccn3)CC2)C(=O)C1,CC1(C)CC(=O)N(CCCC[N:1]2CCN(c3ncccn3)CC2)C(=O)C1|CC1(C)CC(=O)N(CCCCN2CCN(c3nc[cH:1]cn3)CC2)C(=O)C1|CC1([CH3:1])CC(=O)N(CCCC[N:1]2CCN(c3ncccn3)CC2)C(=O)C1|CC1(C)CC(=O)N(CCCC[N:1]2CCN(c3ncccn3)CC2)C(=O)C1|CC1(C)CC(=O)N(CCCCN2CCN(c3ncccn3)CC2)C(=O)[CH2:1]1|CC1([CH3:1])CC(=O)N(CCCCN2CCN(c3ncccn3)CC2)C(=O)C1|CC1(C)CC(=O)N(CCCCN2CC[N:1](c3ncccn3)CC2)C(=O)C1|CC1(C)CC(=O)N(CCCCN2CCN(c3ncc[cH:1]n3)CC2)C(=O)C1|CC1(C)CC(=O)N(CCCCN2CCN(c3ncccn3)C[CH2:1]2)C(=O)C1|CC1(C)CC(=O)N(CCC[CH2:1]N2CCN(c3ncccn3)CC2)C(=O)C1|CC1(C)CC(=O)N(CCC[CH2:1]N2CCN(c3ncccn3)CC2)C(=O)C1|CC1(C)CC(=O)N(CCCCN2CCN(c3ncccn3)[CH2:1]C2)C(=O)C1|CC1(C)CC(=O)N(CCCCN2CC[N:1](c3ncccn3)CC2)C(=O)C1|CC1(C)CC(=O)N(CCCCN2CCN(c3ncc[cH:1]n3)CC2)C(=O)C1|CC1(C)CC(=O)N(CCCCN2CCN(c3ncccn3)CC2)C(=O)[CH2:1]1|CC1(C)CC(=O)N(CCCCN2CCN(c3nccc[n:1]3)CC2)C(=O)C1|CC1(C)CC(=O)N(CCC[CH2:1]N2CCN(c3ncccn3)CC2)C(=O)C1|CC1(C)CC(=O)N(CCCC[N:1]2CCN(c3ncccn3)C[CH2:1]2)C(=O)C1|CC1(C)CC(=O)N(CCC[CH2:1]N2CCN(c3ncccn3)CC2)C(=O)C1|CC1(C)CC(=O)N(CCCCN2CCN(c3ncc[cH:1]n3)CC2)C(=O)C1
3,CC1=C(/C=C/C(C)=C/C=C/C(C)=C/C(=O)O)C(C)(C)CCC1,CYP2C9,CC1=C(/C=C/C(C)=C\C=C\C(C)=C\C(=O)O)C(C)(C)CCC1,CC1=C(/C=C/C(C)=C/C=C/C(C)=C/C(=O)O)C(C)(C)CCC1,CC(/C=C/C1=C([CH3:1])CCCC1(C)C)=C\C=C\C(C)=C\C(=O)O|CC1=C(/C=C/C(C)=C/C=C/C(C)=C/C(=O)O)C(C)(C)CC[CH2:1]1|CC(/C=C/[C:1]1=[C:1](C)CCCC1(C)C)=C\C=C\C(C)=C\C(=O)O|CC1=C(/C=C/C(C)=C/C=C/C(C)=C/C(=O)O)C(C)(C)C[CH2:1]C1|CC1=C(/C=C/C(C)=C/C=C/C(C)=C/C(=O)O)C(C)(C)CC[CH2:1]1|CC1=C(/C=C/C(C)=C/C=C/C(C)=C/C(=O)O)C(C)(C)[CH2:1]CC1|CC1=C(/C=C/C(C)=C/C=C/C(C)=C/C(=O)O)C(C)(C)C[CH2:1]C1|CC1=C(/C=C/C(C)=C/C=C/C(C)=C/C(=O)O)C(C)(C)CCC1|CC(/C=C/[CH:1]=[C:1](C)/[CH:1]=[CH:1]/[C:1]1=[C:1](C)CCCC1(C)C)=C\C(=O)O|CC1=C(/[CH:1]=C/C(C)=C/C=C/C(C)=C/C(=O)O)C(C)(C)CCC1|CC(/C=C/[CH:1]=[C:1](C)/[CH:1]=[CH:1]/[C:1]1=[C:1](C)CCCC1(C)C)=C\C(=O)O|CC(/C=C/[CH:1]=[C:1](C)/[CH:1]=[CH:1]/[C:1]1=[C:1](C)CCCC1(C)C)=C\C(=O)O|CC1=C(/C=C/C(C)=[CH:1]/C=C/C(C)=C/C(=O)O)C(C)(C)CCC1|CC1=C(/C=C/C(=C/C=C/C(C)=C/C(=O)O)[CH3:1])C(C)(C)CCC1|CC1=C(/C=C/C(C)=C/C=C/C(C)=C/C(=O)O)C(C)(C)[CH2:1]CC1|CC1=C(/C=C/C(C)=C/C=C/C(C)=C/C(=O)O)C(C)([CH3:1])CCC1|CC(/C=C/[C:1]1=[C:1](C)CCCC1(C)C)=C\C=C\C(C)=C\C(=O)O|CC1=C(/C=C/[C:1](C)=[CH:1]/C=C/C(C)=C/C(=O)O)C(C)(C)CCC1|CC(/C=C/[CH:1]=[C:1](C)/[CH:1]=[CH:1]/[C:1]1=[C:1](C)CCCC1(C)C)=C\C(=O)O|CC(/C=C/[C:1]1=[C:1](C)CCCC1(C)C)=C\C=C\C(C)=C\C(=O)O|CC(/C=C/C1=C([CH3:1])CCCC1(C)C)=C\C=C\C(C)=C\C(=O)O|CC1=C(/C=C/C(C)=C/C=C/C(C)=C/C(=O)O)C(C)(C)CC[CH2:1]1|CC(/C=C/[C:1]1=[C:1](C)CCCC1(C)C)=C\C=C\C(C)=C\C(=O)O|CC1=C(/C=C/C(C)=C/C=C/C(C)=C/C(=O)O)C(C)(C)C[CH2:1]C1|CC1=C(/C=C/C(C)=C/C=C/C(C)=C/C(=O)O)C(C)(C)CC[CH2:1]1|CC1=C(/C=C/C(C)=C/C=C/C(C)=C/C(=O)O)C(C)(C)[CH2:1]CC1|CC1=C(/C=C/C(C)=C/C=C/C(C)=C/C(=O)O)C(C)(C)C[CH2:1]C1|CC(/C=C/[CH:1]=[C:1](C)/[CH:1]=[CH:1]/[C:1]1=[C:1](C)CCCC1(C)C)=C\C(=O)O|CC1=C(/C=C/C(C)=C/C=C/C(C)=C/C(=O)O)C(C)(C)CCC1|CC1=C(/C=C/C(=C/C=C/C(C)=C/C(=O)O)[CH3:1])C(C)(C)CCC1|CC1=C(/[CH:1]=C/C(C)=C/C=C/C(C)=C/C(=O)O)C(C)(C)CCC1|CC1=C(/C=C/C(C)=C/C=C/C(C)=C/C(=O)O)C(C)(C)[CH2:1]CC1|CC1=C(/C=C/C(C)=C/C=C/C(C)=C/C(=O)O)C(C)([CH3:1])CCC1|CC1=C(/C=C/[C:1](C)=[CH:1]/C=C/C(C)=C/C(=O)O)C(C)(C)CCC1|CC(/C=C/[CH:1]=[C:1](C)/[CH:1]=[CH:1]/[C:1]1=[C:1](C)CCCC1(C)C)=C\C(=O)O|CC1=C(/C=C/C(C)=[CH:1]/C=C/C(C)=C/C(=O)O)C(C)(C)CCC1|CC(/C=C/[C:1]1=[C:1](C)CCCC1(C)C)=C\C=C\C(C)=C\C(=O)O|CC1=C(/C=C/C(C)=C/C=C/C(=C/C(=O)O)[CH3:1])C(C)(C)CCC1|CC1=C(/C=C/C(C)=C/C=C/C(C)=C/C(=O)O)C(C)(C)C[CH2:1][CH2:1]1|CC(/C=C/[C:1]1=[C:1](C)CCCC1(C)C)=C\C=C\C(C)=C\C(=O)O
4,CC1=C(/C=C/C(C)=C/C=C/C(C)=C/C(=O)O)C(C)(C)CCC1,CYP3A4,CC1=C(/C=C/C(C)=C/C=C/C(C)=C\C(=O)O)C(C)(C)CCC1|CC1=C(/C=C/C(C)=C\C=C\C(C)=C\C(=O)O)C(C)(C)CCC1,CC1=C(/C=C/C(C)=C/C=C/C(C)=C/C(=O)O)C(C)(C)CCC1,CC(/C=C/C1=C([CH3:1])CCCC1(C)C)=C\C=C\C(C)=C\C(=O)O|CC1=C(/C=C/C(C)=C/C=C/C(C)=C/C(=O)O)C(C)(C)CC[CH2:1]1|CC(/C=C/[C:1]1=[C:1](C)CCCC1(C)C)=C\C=C\C(C)=C\C(=O)O|CC1=C(/C=C/C(C)=C/C=C/C(C)=C/C(=O)O)C(C)(C)C[CH2:1]C1|CC1=C(/C=C/C(C)=C/C=C/C(C)=C/C(=O)O)C(C)(C)CC[CH2:1]1|CC1=C(/C=C/C(C)=C/C=C/C(C)=C/C(=O)O)C(C)(C)[CH2:1]CC1|CC1=C(/C=C/C(C)=C/C=C/C(C)=C/C(=O)O)C(C)(C)C[CH2:1]C1|CC1=C(/C=C/C(C)=C/C=C/C(C)=C/C(=O)O)C(C)(C)CCC1|CC(/C=C/[CH:1]=[C:1](C)/[CH:1]=[CH:1]/[C:1]1=[C:1](C)CCCC1(C)C)=C\C(=O)O|CC1=C(/[CH:1]=C/C(C)=C/C=C/C(C)=C/C(=O)O)C(C)(C)CCC1|CC(/C=C/[CH:1]=[C:1](C)/[CH:1]=[CH:1]/[C:1]1=[C:1](C)CCCC1(C)C)=C\C(=O)O|CC(/C=C/[CH:1]=[C:1](C)/[CH:1]=[CH:1]/[C:1]1=[C:1](C)CCCC1(C)C)=C\C(=O)O|CC1=C(/C=C/C(C)=[CH:1]/C=C/C(C)=C/C(=O)O)C(C)(C)CCC1|CC1=C(/C=C/C(=C/C=C/C(C)=C/C(=O)O)[CH3:1])C(C)(C)CCC1|CC1=C(/C=C/C(C)=C/C=C/C(C)=C/C(=O)O)C(C)(C)[CH2:1]CC1|CC1=C(/C=C/C(C)=C/C=C/C(C)=C/C(=O)O)C(C)([CH3:1])CCC1|CC(/C=C/[C:1]1=[C:1](C)CCCC1(C)C)=C\C=C\C(C)=C\C(=O)O|CC1=C(/C=C/[C:1](C)=[CH:1]/C=C/C(C)=C/C(=O)O)C(C)(C)CCC1|CC(/C=C/[CH:1]=[C:1](C)/[CH:1]=[CH:1]/[C:1]1=[C:1](C)CCCC1(C)C)=C\C(=O)O|CC(/C=C/[C:1]1=[C:1](C)CCCC1(C)C)=C\C=C\C(C)=C\C(=O)O|CC(/C=C/C1=C([CH3:1])CCCC1(C)C)=C\C=C\C(C)=C\C(=O)O|CC1=C(/C=C/C(C)=C/C=C/C(C)=C/C(=O)O)C(C)(C)CC[CH2:1]1|CC(/C=C/[C:1]1=[C:1](C)CCCC1(C)C)=C\C=C\C(C)=C\C(=O)O|CC1=C(/C=C/C(C)=C/C=C/C(C)=C/C(=O)O)C(C)(C)C[CH2:1]C1|CC1=C(/C=C/C(C)=C/C=C/C(C)=C/C(=O)O)C(C)(C)CC[CH2:1]1|CC1=C(/C=C/C(C)=C/C=C/C(C)=C/C(=O)O)C(C)(C)[CH2:1]CC1|CC1=C(/C=C/C(C)=C/C=C/C(C)=C/C(=O)O)C(C)(C)C[CH2:1]C1|CC(/C=C/[CH:1]=[C:1](C)/[CH:1]=[CH:1]/[C:1]1=[C:1](C)CCCC1(C)C)=C\C(=O)O|CC1=C(/C=C/C(C)=C/C=C/C(C)=C/C(=O)O)C(C)(C)CCC1|CC1=C(/C=C/C(=C/C=C/C(C)=C/C(=O)O)[CH3:1])C(C)(C)CCC1|CC1=C(/[CH:1]=C/C(C)=C/C=C/C(C)=C/C(=O)O)C(C)(C)CCC1|CC1=C(/C=C/C(C)=C/C=C/C(C)=C/C(=O)O)C(C)(C)[CH2:1]CC1|CC1=C(/C=C/C(C)=C/C=C/C(C)=C/C(=O)O)C(C)([CH3:1])CCC1|CC1=C(/C=C/[C:1](C)=[CH:1]/C=C/C(C)=C/C(=O)O)C(C)(C)CCC1|CC(/C=C/[CH:1]=[C:1](C)/[CH:1]=[CH:1]/[C:1]1=[C:1](C)CCCC1(C)C)=C\C(=O)O|CC1=C(/C=C/C(C)=[CH:1]/C=C/C(C)=C/C(=O)O)C(C)(C)CCC1|CC(/C=C/[C:1]1=[C:1](C)CCCC1(C)C)=C\C=C\C(C)=C\C(=O)O|CC1=C(/C=C/C(C)=C/C=C/C(=C/C(=O)O)[CH3:1])C(C)(C)CCC1|CC1=C(/C=C/C(C)=C/C=C/C(C)=C/C(=O)O)C(C)(C)C[CH2:1][CH2:1]1|CC(/C=C/[C:1]1=[C:1](C)CCCC1(C)C)=C\C=C\C(C)=C\C(=O)O
5,CCC(=O)N1CC[C@H](Nc2ncnc3c2CN(c2cnc(OC)c(C(F)(F)F)c2)CC3)C1,CYP1A2,CCC(=O)N1CC[C@H](Nc2ncnc3c2CN(c2cnc(OC)c(C(F)(F)F)c2)CC3)C1,CCC(=O)N1CC[C@H](Nc2ncnc3c2CN(c2cnc(OC)c(C(F)(F)F)c2)CC3)C1,CCC(=O)N1CC[C@H](Nc2ncnc3c2CN(c2cnc([O:1]C)c(C(F)(F)F)c2)CC3)C1|CCC(=O)[N:1]1CC[C@H](Nc2ncnc3c2CN(c2cnc(OC)c(C(F)(F)F)c2)CC3)C1|CCC(=O)N1CC[C@H](Nc2ncnc3c2CN(c2cn[c:1]([O:1]C)c(C(F)(F)F)c2)[CH2:1][CH2:1]3)C1|CCC(=O)N1CC[C@H](Nc2ncnc3c2CN([c:1]2[cH:1][n:1][c:1]([O:1]C)[c:1](C(F)(F)F)[cH:1]2)CC3)C1|CCC(=O)N1CC[C@H]([NH:1]c2ncnc3c2CN(c2cnc(OC)c(C(F)(F)F)c2)CC3)C1|CCC(=O)N1CC[C@H](Nc2ncnc3c2CN([c:1]2[cH:1][n:1][c:1]([O:1]C)[c:1](C(F)(F)F)[cH:1]2)CC3)C1|COc1ncc(N2CCc3ncnc(N[C@H]4CCN(C(=O)C[CH3:1])C4)c3C2)cc1C(F)(F)F|CCC(=O)N1CC[C@H](Nc2ncnc3c2CN(c2cnc(OC)c(C(F)(F)F)c2)C[CH2:1]3)C1|CCC(=O)N1CC[C@H](Nc2ncnc3c2CN(c2cn[c:1]([O:1]C)c(C(F)(F)F)c2)CC3)C1|COc1ncc(N2CCc3ncnc(N[C@H]4CCN(C(=O)[CH2:1]C)C4)c3C2)cc1C(F)(F)F|CCC(=O)N1CC[C@H](Nc2ncnc3c2CN(c2cnc(OC)c(C(F)(F)F)c2)[CH2:1]C3)C1|CCC(=O)N1CC[C@H](Nc2ncnc3c2CN(c2cnc(OC)c(C(F)(F)F)c2)[CH2:1][CH2:1]3)C1|CCC(=O)N1CC[C@H](Nc2ncnc3c2CN(c2cnc(OC)c(C(F)(F)F)c2)CC3)[CH2:1]1|CCC(=O)N1CC[C@H](Nc2ncnc3c2C[N:1](c2cnc(OC)c(C(F)(F)F)c2)[CH2:1]C3)C1|CCC(=O)N1CC[C@H](Nc2ncnc3c2CN(c2cnc(OC)c([C:1](F)(F)F)c2)CC3)C1|COc1ncc(N2CCc3ncnc(N[C@H]4CCN(C(=O)C[CH3:1])C4)c3C2)cc1C(F)(F)F|CCC(=O)[N:1]1CC[C@H](Nc2ncnc3c2CN(c2cnc(OC)c(C(F)(F)F)c2)CC3)[CH2:1]1|CCC(=O)N1CC[C@H](Nc2ncnc3c2CN(c2cc(C(F)(F)F)c(OC)[n:1]c2)CC3)C1|CCC(=O)[N:1]1CC[C@H](Nc2ncnc3c2CN(c2cnc(OC)c(C(F)(F)F)c2)CC3)C1|CCC(=O)N1CC[C@H]([NH:1][c:1]2ncn[c:1]3c2CN(c2cnc(OC)c(C(F)(F)F)c2)C[CH2:1]3)C1|CCC(=O)N1CC[C@H](Nc2ncnc3c2CN(c2cnc([O:1]C)c(C(F)(F)F)c2)CC3)C1|CCC(=O)[N:1]1CC[C@H](Nc2ncnc3c2CN(c2cnc(OC)c(C(F)(F)F)c2)CC3)C1|CCC(=O)N1CC[C@H](Nc2ncnc3c2CN(c2cn[c:1]([O:1]C)c(C(F)(F)F)c2)[CH2:1][CH2:1]3)C1|CCC(=O)N1CC[C@H](Nc2ncnc3c2CN([c:1]2[cH:1][n:1][c:1]([O:1]C)[c:1](C(F)(F)F)[cH:1]2)CC3)C1|CCC(=O)N1CC[C@H]([NH:1]c2ncnc3c2CN(c2cnc(OC)c(C(F)(F)F)c2)CC3)C1|CCC(=O)N1CC[C@H](Nc2ncnc3c2CN([c:1]2[cH:1][n:1][c:1]([O:1]C)[c:1](C(F)(F)F)[cH:1]2)CC3)C1|COc1ncc(N2CCc3ncnc(N[C@H]4CCN(C(=O)C[CH3:1])C4)c3C2)cc1C(F)(F)F|CCC(=O)N1CC[C@H](Nc2ncnc3c2CN(c2cn[c:1]([O:1]C)c(C(F)(F)F)c2)CC3)C1|CCC(=O)N1CC[C@H](Nc2ncnc3c2CN(c2cnc(OC)c(C(F)(F)F)c2)C[CH2:1]3)C1|COc1ncc(N2CCc3ncnc(N[C@H]4CCN(C(=O)[CH2:1]C)C4)c3C2)cc1C(F)(F)F|CCC(=O)N1CC[C@H](Nc2ncnc3c2CN(c2cnc(OC)c(C(F)(F)F)c2)[CH2:1][CH2:1]3)C1|CCC(=O)N1CC[C@H](Nc2ncnc3c2CN(c2cnc(OC)c(C(F)(F)F)c2)[CH2:1]C3)C1|CCC(=O)N1CC[C@H](Nc2ncnc3c2CN(c2cnc(OC)c(C(F)(F)F)c2)CC3)[CH2:1]1|CCC(=O)N1CC[C@H](Nc2ncnc3c2C[N:1](c2cnc(OC)c(C(F)(F)F)c2)[CH2:1]C3)C1|CCC(=O)N1CC[C@H](Nc2ncnc3c2CN(c2cnc(OC)c([C:1](F)(F)F)c2)CC3)C1|COc1ncc(N2CCc3ncnc(N[C@H]4CCN(C(=O)C[CH3:1])C4)c3C2)cc1C(F)(F)F|CCC(=O)[N:1]1CC[C@H](Nc2ncnc3c2CN(c2cnc(OC)c(C(F)(F)F)c2)CC3)[CH2:1]1|CCC(=O)N1CC[C@H](Nc2ncnc3c2CN(c2cc(C(F)(F)F)c(OC)[n:1]c2)CC3)C1|CCC(=O)[N:1]1CC[C@H](Nc2ncnc3c2CN(c2cnc(OC)c(C(F)(F)F)c2)CC3)C1|CCC(=O)N1CC[C@H]([NH:1][c:1]2ncn[c:1]3c2CN(c2cnc(OC)c(C(F)(F)F)c2)C[CH2:1]3)C1|CCC(=O)N1CC[C@H](Nc2ncnc3c2CN(c2cnc([O:1]C)c(C(F)(F)F)c2)CC3)C1|CCC(=O)[N:1]1CC[C@H](Nc2ncnc3c2CN(c2cnc(OC)c(C(F)(F)F)c2)CC3)C1|CCC(=O)N1CC[C@H](Nc2ncnc3c2CN(c2cn[c:1]([O:1]C)c(C(F)(F)F)c2)[CH2:1][CH2:1]3)C1|CCC(=O)N1CC[C@H]([NH:1]c2ncnc3c2CN(c2cnc(OC)c(C(F)(F)F)c2)CC3)C1|CCC(=O)N1CC[C@H](Nc2ncnc3c2CN([c:1]2[cH:1][n:1][c:1]([O:1]C)[c:1](C(F)(F)F)[cH:1]2)CC3)C1|COc1ncc(N2CCc3ncnc(N[C@H]4CCN(C(=O)C[CH3:1])C4)c3C2)cc1C(F)(F)F|CCC(=O)N1CC[C@H](Nc2ncnc3c2CN(c2cnc(OC)c(C(F)(F)F)c2)C[CH2:1]3)C1|CCC(=O)N1CC[C@H](Nc2ncnc3c2CN(c2cn[c:1]([O:1]C)c(C(F)(F)F)c2)CC3)C1|COc1ncc(N2CCc3ncnc(N[C@H]4CCN(C(=O)[CH2:1]C)C4)c3C2)cc1C(F)(F)F|CCC(=O)N1CC[C@H](Nc2ncnc3c2C[N:1](c2cnc(OC)c(C(F)(F)F)c2)[CH2:1]C3)C1|CCC(=O)N1CC[C@H](Nc2ncnc3c2CN(c2cnc(OC)c(C(F)(F)F)c2)CC3)[CH2:1]1|CCC(=O)N1CC[C@H](Nc2ncnc3c2CN(c2cnc(OC)c(C(F)(F)F)c2)[CH2:1][CH2:1]3)C1|CCC(=O)N1CC[C@H](Nc2ncnc3c2CN(c2cnc(OC)c(C(F)(F)F)c2)[CH2:1]C3)C1|CCC(=O)[N:1]1CC[C@H](Nc2ncnc3c2CN(c2cnc(OC)c(C(F)(F)F)c2)CC3)[CH2:1]1|CCC(=O)N1CC[C@H](Nc2ncnc3c2CN(c2cnc(OC)c([C:1](F)(F)F)c2)CC3)C1|COc1ncc(N2CCc3ncnc(N[C@H]4CCN(C(=O)C[CH3:1])C4)c3C2)cc1C(F)(F)F|CCC(=O)N1CC[C@H](Nc2ncnc3c2CN(c2cc(C(F)(F)F)c(OC)[n:1]c2)CC3)C1|CCC(=O)N1CC[C@H:1](Nc2ncnc3c2CN(c2cnc(OC)c(C(F)(F)F)c2)CC3)[CH2:1]1|CCC(=O)N1CC[C@H](Nc2ncnc3c2CN([c:1]2[cH:1][n:1][c:1]([O:1]C)[c:1](C(F)(F)F)[cH:1]2)CC3)C1|CCC(=O)[N:1]1CC[C@H](Nc2ncnc3c2CN(c2cnc(OC)c(C(F)(F)F)c2)CC3)C1
6,CCC(=O)N1CC[C@H](Nc2ncnc3c2CN(c2cnc(OC)c(C(F)(F)F)c2)CC3)C1,CYP2D6,CCC(=O)N1CC[C@H](Nc2ncnc3c2CN(c2cnc(OC)c(C(F)(F)F)c2)CC3)C1,CCC(=O)N1CC[C@H](Nc2ncnc3c2CN(c2cnc(OC)c(C(F)(F)F)c2)CC3)C1,CCC(=O)N1CC[C@H](Nc2ncnc3c2CN(c2cnc([O:1]C)c(C(F)(F)F)c2)CC3)C1|CCC(=O)[N:1]1CC[C@H](Nc2ncnc3c2CN(c2cnc(OC)c(C(F)(F)F)c2)CC3)C1|CCC(=O)N1CC[C@H](Nc2ncnc3c2CN(c2cn[c:1]([O:1]C)c(C(F)(F)F)c2)[CH2:1][CH2:1]3)C1|CCC(=O)N1CC[C@H](Nc2ncnc3c2CN([c:1]2[cH:1][n:1][c:1]([O:1]C)[c:1](C(F)(F)F)[cH:1]2)CC3)C1|CCC(=O)N1CC[C@H]([NH:1]c2ncnc3c2CN(c2cnc(OC)c(C(F)(F)F)c2)CC3)C1|CCC(=O)N1CC[C@H](Nc2ncnc3c2CN([c:1]2[cH:1][n:1][c:1]([O:1]C)[c:1](C(F)(F)F)[cH:1]2)CC3)C1|COc1ncc(N2CCc3ncnc(N[C@H]4CCN(C(=O)C[CH3:1])C4)c3C2)cc1C(F)(F)F|CCC(=O)N1CC[C@H](Nc2ncnc3c2CN(c2cnc(OC)c(C(F)(F)F)c2)C[CH2:1]3)C1|CCC(=O)N1CC[C@H](Nc2ncnc3c2CN(c2cn[c:1]([O:1]C)c(C(F)(F)F)c2)CC3)C1|COc1ncc(N2CCc3ncnc(N[C@H]4CCN(C(=O)[CH2:1]C)C4)c3C2)cc1C(F)(F)F|CCC(=O)N1CC[C@H](Nc2ncnc3c2CN(c2cnc(OC)c(C(F)(F)F)c2)[CH2:1]C3)C1|CCC(=O)N1CC[C@H](Nc2ncnc3c2CN(c2cnc(OC)c(C(F)(F)F)c2)[CH2:1][CH2:1]3)C1|CCC(=O)N1CC[C@H](Nc2ncnc3c2CN(c2cnc(OC)c(C(F)(F)F)c2)CC3)[CH2:1]1|CCC(=O)N1CC[C@H](Nc2ncnc3c2C[N:1](c2cnc(OC)c(C(F)(F)F)c2)[CH2:1]C3)C1|CCC(=O)N1CC[C@H](Nc2ncnc3c2CN(c2cnc(OC)c([C:1](F)(F)F)c2)CC3)C1|COc1ncc(N2CCc3ncnc(N[C@H]4CCN(C(=O)C[CH3:1])C4)c3C2)cc1C(F)(F)F|CCC(=O)[N:1]1CC[C@H](Nc2ncnc3c2CN(c2cnc(OC)c(C(F)(F)F)c2)CC3)[CH2:1]1|CCC(=O)N1CC[C@H](Nc2ncnc3c2CN(c2cc(C(F)(F)F)c(OC)[n:1]c2)CC3)C1|CCC(=O)[N:1]1CC[C@H](Nc2ncnc3c2CN(c2cnc(OC)c(C(F)(F)F)c2)CC3)C1|CCC(=O)N1CC[C@H]([NH:1][c:1]2ncn[c:1]3c2CN(c2cnc(OC)c(C(F)(F)F)c2)C[CH2:1]3)C1|CCC(=O)N1CC[C@H](Nc2ncnc3c2CN(c2cnc([O:1]C)c(C(F)(F)F)c2)CC3)C1|CCC(=O)[N:1]1CC[C@H](Nc2ncnc3c2CN(c2cnc(OC)c(C(F)(F)F)c2)CC3)C1|CCC(=O)N1CC[C@H](Nc2ncnc3c2CN(c2cn[c:1]([O:1]C)c(C(F)(F)F)c2)[CH2:1][CH2:1]3)C1|CCC(=O)N1CC[C@H](Nc2ncnc3c2CN([c:1]2[cH:1][n:1][c:1]([O:1]C)[c:1](C(F)(F)F)[cH:1]2)CC3)C1|CCC(=O)N1CC[C@H]([NH:1]c2ncnc3c2CN(c2cnc(OC)c(C(F)(F)F)c2)CC3)C1|CCC(=O)N1CC[C@H](Nc2ncnc3c2CN([c:1]2[cH:1][n:1][c:1]([O:1]C)[c:1](C(F)(F)F)[cH:1]2)CC3)C1|COc1ncc(N2CCc3ncnc(N[C@H]4CCN(C(=O)C[CH3:1])C4)c3C2)cc1C(F)(F)F|CCC(=O)N1CC[C@H](Nc2ncnc3c2CN(c2cn[c:1]([O:1]C)c(C(F)(F)F)c2)CC3)C1|CCC(=O)N1CC[C@H](Nc2ncnc3c2CN(c2cnc(OC)c(C(F)(F)F)c2)C[CH2:1]3)C1|COc1ncc(N2CCc3ncnc(N[C@H]4CCN(C(=O)[CH2:1]C)C4)c3C2)cc1C(F)(F)F|CCC(=O)N1CC[C@H](Nc2ncnc3c2CN(c2cnc(OC)c(C(F)(F)F)c2)[CH2:1][CH2:1]3)C1|CCC(=O)N1CC[C@H](Nc2ncnc3c2CN(c2cnc(OC)c(C(F)(F)F)c2)[CH2:1]C3)C1|CCC(=O)N1CC[C@H](Nc2ncnc3c2CN(c2cnc(OC)c(C(F)(F)F)c2)CC3)[CH2:1]1|CCC(=O)N1CC[C@H](Nc2ncnc3c2C[N:1](c2cnc(OC)c(C(F)(F)F)c2)[CH2:1]C3)C1|CCC(=O)N1CC[C@H](Nc2ncnc3c2CN(c2cnc(OC)c([C:1](F)(F)F)c2)CC3)C1|COc1ncc(N2CCc3ncnc(N[C@H]4CCN(C(=O)C[CH3:1])C4)c3C2)cc1C(F)(F)F|CCC(=O)[N:1]1CC[C@H](Nc2ncnc3c2CN(c2cnc(OC)c(C(F)(F)F)c2)CC3)[CH2:1]1|CCC(=O)N1CC[C@H](Nc2ncnc3c2CN(c2cc(C(F)(F)F)c(OC)[n:1]c2)CC3)C1|CCC(=O)[N:1]1CC[C@H](Nc2ncnc3c2CN(c2cnc(OC)c(C(F)(F)F)c2)CC3)C1|CCC(=O)N1CC[C@H]([NH:1][c:1]2ncn[c:1]3c2CN(c2cnc(OC)c(C(F)(F)F)c2)C[CH2:1]3)C1|CCC(=O)N1CC[C@H](Nc2ncnc3c2CN(c2cnc([O:1]C)c(C(F)(F)F)c2)CC3)C1|CCC(=O)[N:1]1CC[C@H](Nc2ncnc3c2CN(c2cnc(OC)c(C(F)(F)F)c2)CC3)C1|CCC(=O)N1CC[C@H](Nc2ncnc3c2CN(c2cn[c:1]([O:1]C)c(C(F)(F)F)c2)[CH2:1][CH2:1]3)C1|CCC(=O)N1CC[C@H]([NH:1]c2ncnc3c2CN(c2cnc(OC)c(C(F)(F)F)c2)CC3)C1|CCC(=O)N1CC[C@H](Nc2ncnc3c2CN([c:1]2[cH:1][n:1][c:1]([O:1]C)[c:1](C(F)(F)F)[cH:1]2)CC3)C1|COc1ncc(N2CCc3ncnc(N[C@H]4CCN(C(=O)C[CH3:1])C4)c3C2)cc1C(F)(F)F|CCC(=O)N1CC[C@H](Nc2ncnc3c2CN(c2cnc(OC)c(C(F)(F)F)c2)C[CH2:1]3)C1|CCC(=O)N1CC[C@H](Nc2ncnc3c2CN(c2cn[c:1]([O:1]C)c(C(F)(F)F)c2)CC3)C1|COc1ncc(N2CCc3ncnc(N[C@H]4CCN(C(=O)[CH2:1]C)C4)c3C2)cc1C(F)(F)F|CCC(=O)N1CC[C@H](Nc2ncnc3c2C[N:1](c2cnc(OC)c(C(F)(F)F)c2)[CH2:1]C3)C1|CCC(=O)N1CC[C@H](Nc2ncnc3c2CN(c2cnc(OC)c(C(F)(F)F)c2)CC3)[CH2:1]1|CCC(=O)N1CC[C@H](Nc2ncnc3c2CN(c2cnc(OC)c(C(F)(F)F)c2)[CH2:1][CH2:1]3)C1|CCC(=O)N1CC[C@H](Nc2ncnc3c2CN(c2cnc(OC)c(C(F)(F)F)c2)[CH2:1]C3)C1|CCC(=O)[N:1]1CC[C@H](Nc2ncnc3c2CN(c2cnc(OC)c(C(F)(F)F)c2)CC3)[CH2:1]1|CCC(=O)N1CC[C@H](Nc2ncnc3c2CN(c2cnc(OC)c([C:1](F)(F)F)c2)CC3)C1|COc1ncc(N2CCc3ncnc(N[C@H]4CCN(C(=O)C[CH3:1])C4)c3C2)cc1C(F)(F)F|CCC(=O)N1CC[C@H](Nc2ncnc3c2CN(c2cc(C(F)(F)F)c(OC)[n:1]c2)CC3)C1|CCC(=O)N1CC[C@H:1](Nc2ncnc3c2CN(c2cnc(OC)c(C(F)(F)F)c2)CC3)[CH2:1]1|CCC(=O)N1CC[C@H](Nc2ncnc3c2CN([c:1]2[cH:1][n:1][c:1]([O:1]C)[c:1](C(F)(F)F)[cH:1]2)CC3)C1|CCC(=O)[N:1]1CC[C@H](Nc2ncnc3c2CN(c2cnc(OC)c(C(F)(F)F)c2)CC3)C1
7,CCC(=O)N1CC[C@H](Nc2ncnc3c2CN(c2cnc(OC)c(C(F)(F)F)c2)CC3)C1,CYP3A4,CCC(=O)N1CC[C@H](Nc2ncnc3c2CN(c2cnc(OC)c(C(F)(F)F)c2)CC3)C1,CCC(=O)N1CC[C@H](Nc2ncnc3c2CN(c2cnc(OC)c(C(F)(F)F)c2)CC3)C1,CCC(=O)N1CC[C@H](Nc2ncnc3c2CN(c2cnc([O:1]C)c(C(F)(F)F)c2)CC3)C1|CCC(=O)[N:1]1CC[C@H](Nc2ncnc3c2CN(c2cnc(OC)c(C(F)(F)F)c2)CC3)C1|CCC(=O)N1CC[C@H](Nc2ncnc3c2CN(c2cn[c:1]([O:1]C)c(C(F)(F)F)c2)[CH2:1][CH2:1]3)C1|CCC(=O)N1CC[C@H](Nc2ncnc3c2CN([c:1]2[cH:1][n:1][c:1]([O:1]C)[c:1](C(F)(F)F)[cH:1]2)CC3)C1|CCC(=O)N1CC[C@H]([NH:1]c2ncnc3c2CN(c2cnc(OC)c(C(F)(F)F)c2)CC3)C1|CCC(=O)N1CC[C@H](Nc2ncnc3c2CN([c:1]2[cH:1][n:1][c:1]([O:1]C)[c:1](C(F)(F)F)[cH:1]2)CC3)C1|COc1ncc(N2CCc3ncnc(N[C@H]4CCN(C(=O)C[CH3:1])C4)c3C2)cc1C(F)(F)F|CCC(=O)N1CC[C@H](Nc2ncnc3c2CN(c2cnc(OC)c(C(F)(F)F)c2)C[CH2:1]3)C1|CCC(=O)N1CC[C@H](Nc2ncnc3c2CN(c2cn[c:1]([O:1]C)c(C(F)(F)F)c2)CC3)C1|COc1ncc(N2CCc3ncnc(N[C@H]4CCN(C(=O)[CH2:1]C)C4)c3C2)cc1C(F)(F)F|CCC(=O)N1CC[C@H](Nc2ncnc3c2CN(c2cnc(OC)c(C(F)(F)F)c2)[CH2:1]C3)C1|CCC(=O)N1CC[C@H](Nc2ncnc3c2CN(c2cnc(OC)c(C(F)(F)F)c2)[CH2:1][CH2:1]3)C1|CCC(=O)N1CC[C@H](Nc2ncnc3c2CN(c2cnc(OC)c(C(F)(F)F)c2)CC3)[CH2:1]1|CCC(=O)N1CC[C@H](Nc2ncnc3c2C[N:1](c2cnc(OC)c(C(F)(F)F)c2)[CH2:1]C3)C1|CCC(=O)N1CC[C@H](Nc2ncnc3c2CN(c2cnc(OC)c([C:1](F)(F)F)c2)CC3)C1|COc1ncc(N2CCc3ncnc(N[C@H]4CCN(C(=O)C[CH3:1])C4)c3C2)cc1C(F)(F)F|CCC(=O)[N:1]1CC[C@H](Nc2ncnc3c2CN(c2cnc(OC)c(C(F)(F)F)c2)CC3)[CH2:1]1|CCC(=O)N1CC[C@H](Nc2ncnc3c2CN(c2cc(C(F)(F)F)c(OC)[n:1]c2)CC3)C1|CCC(=O)[N:1]1CC[C@H](Nc2ncnc3c2CN(c2cnc(OC)c(C(F)(F)F)c2)CC3)C1|CCC(=O)N1CC[C@H]([NH:1][c:1]2ncn[c:1]3c2CN(c2cnc(OC)c(C(F)(F)F)c2)C[CH2:1]3)C1|CCC(=O)N1CC[C@H](Nc2ncnc3c2CN(c2cnc([O:1]C)c(C(F)(F)F)c2)CC3)C1|CCC(=O)[N:1]1CC[C@H](Nc2ncnc3c2CN(c2cnc(OC)c(C(F)(F)F)c2)CC3)C1|CCC(=O)N1CC[C@H](Nc2ncnc3c2CN(c2cn[c:1]([O:1]C)c(C(F)(F)F)c2)[CH2:1][CH2:1]3)C1|CCC(=O)N1CC[C@H](Nc2ncnc3c2CN([c:1]2[cH:1][n:1][c:1]([O:1]C)[c:1](C(F)(F)F)[cH:1]2)CC3)C1|CCC(=O)N1CC[C@H]([NH:1]c2ncnc3c2CN(c2cnc(OC)c(C(F)(F)F)c2)CC3)C1|CCC(=O)N1CC[C@H](Nc2ncnc3c2CN([c:1]2[cH:1][n:1][c:1]([O:1]C)[c:1](C(F)(F)F)[cH:1]2)CC3)C1|COc1ncc(N2CCc3ncnc(N[C@H]4CCN(C(=O)C[CH3:1])C4)c3C2)cc1C(F)(F)F|CCC(=O)N1CC[C@H](Nc2ncnc3c2CN(c2cn[c:1]([O:1]C)c(C(F)(F)F)c2)CC3)C1|CCC(=O)N1CC[C@H](Nc2ncnc3c2CN(c2cnc(OC)c(C(F)(F)F)c2)C[CH2:1]3)C1|COc1ncc(N2CCc3ncnc(N[C@H]4CCN(C(=O)[CH2:1]C)C4)c3C2)cc1C(F)(F)F|CCC(=O)N1CC[C@H](Nc2ncnc3c2CN(c2cnc(OC)c(C(F)(F)F)c2)[CH2:1][CH2:1]3)C1|CCC(=O)N1CC[C@H](Nc2ncnc3c2CN(c2cnc(OC)c(C(F)(F)F)c2)[CH2:1]C3)C1|CCC(=O)N1CC[C@H](Nc2ncnc3c2CN(c2cnc(OC)c(C(F)(F)F)c2)CC3)[CH2:1]1|CCC(=O)N1CC[C@H](Nc2ncnc3c2C[N:1](c2cnc(OC)c(C(F)(F)F)c2)[CH2:1]C3)C1|CCC(=O)N1CC[C@H](Nc2ncnc3c2CN(c2cnc(OC)c([C:1](F)(F)F)c2)CC3)C1|COc1ncc(N2CCc3ncnc(N[C@H]4CCN(C(=O)C[CH3:1])C4)c3C2)cc1C(F)(F)F|CCC(=O)[N:1]1CC[C@H](Nc2ncnc3c2CN(c2cnc(OC)c(C(F)(F)F)c2)CC3)[CH2:1]1|CCC(=O)N1CC[C@H](Nc2ncnc3c2CN(c2cc(C(F)(F)F)c(OC)[n:1]c2)CC3)C1|CCC(=O)[N:1]1CC[C@H](Nc2ncnc3c2CN(c2cnc(OC)c(C(F)(F)F)c2)CC3)C1|CCC(=O)N1CC[C@H]([NH:1][c:1]2ncn[c:1]3c2CN(c2cnc(OC)c(C(F)(F)F)c2)C[CH2:1]3)C1|CCC(=O)N1CC[C@H](Nc2ncnc3c2CN(c2cnc([O:1]C)c(C(F)(F)F)c2)CC3)C1|CCC(=O)[N:1]1CC[C@H](Nc2ncnc3c2CN(c2cnc(OC)c(C(F)(F)F)c2)CC3)C1|CCC(=O)N1CC[C@H](Nc2ncnc3c2CN(c2cn[c:1]([O:1]C)c(C(F)(F)F)c2)[CH2:1][CH2:1]3)C1|CCC(=O)N1CC[C@H]([NH:1]c2ncnc3c2CN(c2cnc(OC)c(C(F)(F)F)c2)CC3)C1|CCC(=O)N1CC[C@H](Nc2ncnc3c2CN([c:1]2[cH:1][n:1][c:1]([O:1]C)[c:1](C(F)(F)F)[cH:1]2)CC3)C1|COc1ncc(N2CCc3ncnc(N[C@H]4CCN(C(=O)C[CH3:1])C4)c3C2)cc1C(F)(F)F|CCC(=O)N1CC[C@H](Nc2ncnc3c2CN(c2cnc(OC)c(C(F)(F)F)c2)C[CH2:1]3)C1|CCC(=O)N1CC[C@H](Nc2ncnc3c2CN(c2cn[c:1]([O:1]C)c(C(F)(F)F)c2)CC3)C1|COc1ncc(N2CCc3ncnc(N[C@H]4CCN(C(=O)[CH2:1]C)C4)c3C2)cc1C(F)(F)F|CCC(=O)N1CC[C@H](Nc2ncnc3c2C[N:1](c2cnc(OC)c(C(F)(F)F)c2)[CH2:1]C3)C1|CCC(=O)N1CC[C@H](Nc2ncnc3c2CN(c2cnc(OC)c(C(F)(F)F)c2)CC3)[CH2:1]1|CCC(=O)N1CC[C@H](Nc2ncnc3c2CN(c2cnc(OC)c(C(F)(F)F)c2)[CH2:1][CH2:1]3)C1|CCC(=O)N1CC[C@H](Nc2ncnc3c2CN(c2cnc(OC)c(C(F)(F)F)c2)[CH2:1]C3)C1|CCC(=O)[N:1]1CC[C@H](Nc2ncnc3c2CN(c2cnc(OC)c(C(F)(F)F)c2)CC3)[CH2:1]1|CCC(=O)N1CC[C@H](Nc2ncnc3c2CN(c2cnc(OC)c([C:1](F)(F)F)c2)CC3)C1|COc1ncc(N2CCc3ncnc(N[C@H]4CCN(C(=O)C[CH3:1])C4)c3C2)cc1C(F)(F)F|CCC(=O)N1CC[C@H](Nc2ncnc3c2CN(c2cc(C(F)(F)F)c(OC)[n:1]c2)CC3)C1|CCC(=O)N1CC[C@H:1](Nc2ncnc3c2CN(c2cnc(OC)c(C(F)(F)F)c2)CC3)[CH2:1]1|CCC(=O)N1CC[C@H](Nc2ncnc3c2CN([c:1]2[cH:1][n:1][c:1]([O:1]C)[c:1](C(F)(F)F)[cH:1]2)CC3)C1|CCC(=O)[N:1]1CC[C@H](Nc2ncnc3c2CN(c2cnc(OC)c(C(F)(F)F)c2)CC3)C1
8,CCC(C)n1ncn(-c2ccc(N3CCN(c4ccc(OC[C@H]5CO[C@](Cn6cncn6)(c6ccc(Cl)cc6Cl)O5)cc4)CC3)cc2)c1=O,CYP3A4,CC(O)C(C)n1ncn(-c2ccc(N3CCN(c4ccc(OC[C@@H]5CO[C@@](Cn6cncn6)(c6ccc(Cl)cc6Cl)O5)cc4)CC3)cc2)c1=O,CC(n1ncn(-c2ccc(N3CCN(c4ccc(OC[C@H]5CO[C@](Cn6cncn6)(c6ccc(Cl)cc6Cl)O5)cc4)CC3)cc2)c1=O)[CH2:1]C,CCC(C)[n:1]1ncn(-c2ccc(N3CCN(c4ccc(OC[C@H]5CO[C@](Cn6cncn6)(c6ccc(Cl)cc6Cl)O5)cc4)CC3)cc2)c1=O|CC(n1ncn(-c2ccc(N3CCN(c4ccc(OC[C@H]5CO[C@](Cn6cncn6)(c6ccc(Cl)cc6Cl)O5)cc4)CC3)cc2)c1=O)[CH2:1]C|CCC(C)n1ncn(-c2ccc(N3CCN(c4ccc(OC[C@H:1]5CO[C@](Cn6cncn6)(c6ccc(Cl)cc6Cl)[O:1]5)cc4)CC3)cc2)c1=O|CC(n1ncn(-c2ccc(N3CCN(c4ccc(OC[C@H]5CO[C@](Cn6cncn6)(c6ccc(Cl)cc6Cl)O5)cc4)CC3)cc2)c1=O)[CH2:1]C|CCC(C)[n:1]1ncn(-c2ccc(N3CCN(c4ccc(OC[C@H]5CO[C@](Cn6cncn6)(c6ccc(Cl)cc6Cl)O5)cc4)CC3)cc2)c1=O|CCC(n1ncn(-c2ccc(N3CCN(c4ccc(OC[C@H]5CO[C@](Cn6cncn6)(c6ccc(Cl)cc6Cl)O5)cc4)CC3)cc2)c1=O)[CH3:1]|CC(n1ncn(-c2ccc(N3CCN(c4ccc(OC[C@H]5CO[C@](Cn6cncn6)(c6ccc(Cl)cc6Cl)O5)cc4)CC3)cc2)c1=O)[CH2:1]C|CC(C[CH3:1])n1ncn(-c2ccc(N3CCN(c4ccc(OC[C@H]5CO[C@](Cn6cncn6)(c6ccc(Cl)cc6Cl)O5)cc4)CC3)cc2)c1=O|CCC(C)n1ncn(-c2ccc(N3CCN(c4ccc(OC[C@@H]5O[C@@:1](Cn6cncn6)(c6ccc(Cl)cc6Cl)[O:1][CH2:1]5)cc4)CC3)cc2)c1=O|CCC(C)n1ncn(-c2ccc(N3CCN(c4ccc(OC[C@H:1]5CO[C@](Cn6cncn6)(c6ccc(Cl)cc6Cl)[O:1]5)cc4)CC3)cc2)c1=O|CCC(C)[n:1]1ncn(-c2ccc(N3CCN(c4ccc(OC[C@H]5CO[C@](Cn6cncn6)(c6ccc(Cl)cc6Cl)O5)cc4)CC3)cc2)c1=O|CC(n1ncn(-c2ccc(N3CCN(c4ccc(OC[C@H]5CO[C@](Cn6cncn6)(c6ccc(Cl)cc6Cl)O5)cc4)CC3)cc2)c1=O)[CH2:1]C|CCC(C)n1ncn(-c2c[cH:1][c:1](N3CCN([c:1]4[cH:1]cc(OC[C@H]5CO[C@](Cn6cncn6)(c6ccc(Cl)cc6Cl)O5)c[cH:1]4)[CH2:1]C3)[cH:1]c2)c1=O|CC[CH:1](C)n1ncn(-c2ccc(N3CCN(c4ccc(OC[C@H]5CO[C@](Cn6cncn6)(c6ccc(Cl)cc6Cl)O5)cc4)CC3)cc2)c1=O|CCC(C)[n:1]1ncn(-c2ccc(N3CCN(c4ccc(OC[C@H]5CO[C@](Cn6cncn6)(c6ccc(Cl)cc6Cl)O5)cc4)CC3)cc2)c1=O|CCC(C)n1ncn(-c2ccc(N3CCN(c4ccc(OC[C@H]5CO[C@](Cn6cncn6)(c6ccc(Cl)cc6Cl)O5)cc4)CC3)cc2)c1=O|CCC(n1ncn(-c2ccc(N3CCN(c4ccc(OC[C@H]5CO[C@](Cn6cncn6)(c6ccc(Cl)cc6Cl)O5)cc4)CC3)cc2)c1=O)[CH3:1]|CCC(C)n1ncn(-c2ccc(N3CCN(c4ccc(OC[C@H]5CO[C@](Cn6cncn6)(c6ccc(Cl)cc6Cl)O5)cc4)CC3)cc2)c1=O|C[CH2:1][CH:1](C)n1ncn(-c2ccc(N3CCN(c4ccc(OC[C@H]5CO[C@](Cn6cncn6)(c6ccc(Cl)cc6Cl)O5)cc4)CC3)cc2)c1=O|CC(n1ncn(-c2ccc(N3CCN(c4ccc(OC[C@H]5CO[C@](Cn6cncn6)(c6ccc(Cl)cc6Cl)O5)cc4)CC3)cc2)c1=O)[CH2:1]C
9,CCCc1nc(C)c2c(=O)nc(-c3cc(S(=O)(=O)N4CCN(CC)CC4)ccc3OCC)[nH]n12,CYP3A4,CCCc1nc(C)c2c(=O)nc(-c3cc(S(=O)(=O)N4CCNCC4)ccc3OCC)[nH]n12,CCCc1nc(C)c2c(=O)nc(-c3cc(S(=O)(=O)N4CC[N:1](CC)CC4)ccc3OCC)[nH]n12,CCCc1nc(C)c2c(=O)nc(-c3cc(S(=O)(=O)N4CC[N:1](CC)CC4)ccc3OCC)[nH]n12|CCCc1nc(C)c2c(=O)nc(-c3cc(S(=O)(=O)N4CCN(CC)[CH2:1]C4)ccc3OCC)[nH]n12|CCCc1nc(C)c2c(=O)nc(-c3cc(S(=O)(=O)N4CC[N:1](CC)CC4)ccc3OCC)[nH]n12|CCCc1nc(C)c2c(=O)nc(-c3cc(S(=O)(=O)N4CCN([CH2:1]C)CC4)ccc3OCC)[nH]n12|CCCc1nc(C)c2c(=O)nc(-c3cc(S(=O)(=O)N4CCN(CC)C[CH2:1]4)ccc3OCC)[nH]n12|CCCc1nc(C)c2c(=O)nc(-c3cc(S(=O)(=O)N4CC[N:1](CC)[CH2:1]C4)ccc3OCC)[nH]n12|CCCc1nc(C)c2c(=O)nc(-c3cc(S(=O)(=O)N4CC[N:1](CC)CC4)ccc3OCC)[nH]n12|CCOc1ccc(S(=O)(=O)N2CCN(CC)CC2)cc1-c1nc(=O)c2c(C)nc([CH2:1]CC)n2[nH]1|CCCc1nc(C)c2c(=O)nc(-c3cc(S(=O)(=O)N4CCN(C[CH3:1])CC4)ccc3OCC)[nH]n12|CCCc1nc(C)c2c(=O)nc(-c3cc(S(=O)(=O)N4CC[N:1](CC)[CH2:1]C4)ccc3OCC)[nH]n12|CCCc1nc(C)c2c(=O)nc(-c3cc(S(=O)(=O)[N:1]4CCN(CC)C[CH2:1]4)ccc3OCC)[nH]n12|CCCc1nc(C)c2c(=O)nc(-c3cc(S(=O)(=O)[N:1]4CCN(CC)C[CH2:1]4)ccc3OCC)[nH]n12|CCCc1nc([CH3:1])c2c(=O)nc(-c3cc(S(=O)(=O)N4CCN(CC)CC4)ccc3OCC)[nH]n12|CCCc1nc(C)c2c(=O)nc(-c3cc(S(=O)(=O)N4CC[N:1](CC)CC4)ccc3OCC)[nH]n12|CCCc1nc(C)c2c(=O)nc(-c3cc([S:1](=O)(=O)N4CCN(CC)CC4)ccc3OCC)[nH]n12|CCOc1ccc(S(=O)(=O)N2CCN(CC)CC2)cc1-c1nc(=O)c2c(C)nc(C[CH2:1]C)n2[nH]1|CCCc1nc(C)c2c(=O)nc(-[c:1]3[cH:1][c:1]([S:1](=O)(=O)N4CCN(CC)CC4)[cH:1][cH:1][c:1]3OCC)[nH]n12|CCCc1nc(C)c2c(=O)nc(-c3cc([S:1](=O)(=O)N4CCN(CC)CC4)ccc3OCC)[nH]n12|CCOc1ccc(S(=O)(=O)N2CCN(CC)CC2)cc1-c1nc(=O)c2c(C)nc(CC[CH3:1])n2[nH]1|CCCc1nc(C)c2c(=O)nc(-c3cc(S(=O)(=O)N4CCN(CC)CC4)ccc3[O:1]CC)[nH]n12
10,CCN(CC)C(=O)[C@@]1(c2ccccc2)C[C@H]1CN,CYP2D6,CCNC(=O)[C@@]1(c2ccccc2)C[C@H]1CN,CC[N:1](CC)C(=O)[C@@]1(c2ccccc2)C[C@H]1CN,CC[N:1](CC)C(=O)[C@@]1(c2ccccc2)C[C@H]1CN|CCN(CC)C(=O)[C@@]1(c2ccccc2)C[C@H]1C[NH2:1]|CC[N:1](CC)C(=O)[C@@]1(c2ccccc2)C[C@H]1CN|CCN(CC)C(=O)[C@@]1(c2ccccc2)C[C@H]1C[NH2:1]|CCN(C[CH3:1])C(=O)[C@@]1(c2ccccc2)C[C@H]1CN|CCN(CC)C(=O)[C@@]1(c2ccccc2)C[C@H]1[CH2:1]N|CCN(C(=O)[C@@]1(c2ccccc2)C[C@H]1CN)[CH2:1]C|CC[N:1](CC)C(=O)[C@@]1(c2ccccc2)C[C@H]1CN|CCN(CC)C(=O)[C@@]1(c2ccccc2)C[C@H]1C[NH2:1]|CCN(CC)C(=O)[C@@]1(c2cc[cH:1]cc2)C[C@H]1CN|CCN(CC)C(=O)[C@@]1(c2ccccc2)C[C@H]1CN|CC[N:1](CC)C(=O)[C@@]1(c2ccccc2)C[C@H]1CN|CC[N:1](CC)C(=O)[C@@]1(c2ccccc2)C[C@H]1CN|CCN(CC)C(=O)[C@@]1(c2ccccc2)C[C@H]1C[NH2:1]|CCN(CC)C(=O)[C@@]1(c2ccccc2)C[C@H]1C[NH2:1]|CC[N:1](CC)C(=O)[C@@]1(c2ccccc2)C[C@H]1CN|CCN(C[CH3:1])[C:1](=O)[C@@]1(c2ccccc2)C[C@H]1CN|CCN(CC)C(=O)[C@@]1(c2ccccc2)C[C@H]1[CH2:1]N|CC[N:1](CC)[C:1]([C@@]1(c2ccccc2)C[C@H]1CN)=[O:1]|CCN(C(=O)[C@@]1(c2ccccc2)C[C@H]1CN)[CH2:1]C|CC[N:1](CC)C(=O)[C@@]1(c2ccccc2)C[C@H]1CN|CCN(CC)C(=O)[C@@]1(c2ccccc2)C[C@H]1C[NH2:1]|CC[N:1](CC)C(=O)[C@@]1(c2ccccc2)C[C@H]1CN|CCN(CC)C(=O)[C@@]1(c2ccccc2)C[C@H]1C[NH2:1]|CCN(C[CH3:1])C(=O)[C@@]1(c2ccccc2)C[C@H]1CN|CCN(CC)C(=O)[C@@]1(c2ccccc2)C[C@H]1[CH2:1]N|CCN(C(=O)[C@@]1(c2ccccc2)C[C@H]1CN)[CH2:1]C|CCN(CC)C(=O)[C@@]1(c2ccccc2)C[C@H]1C[NH2:1]|CC[N:1](CC)C(=O)[C@@]1(c2ccccc2)C[C@H]1CN|CCN(CC)C(=O)[C@@]1(c2cc[cH:1]cc2)C[C@H]1CN|CCN(CC)C(=O)[C@@]1(c2ccccc2)C[C@H]1CN|CC[N:1](CC)C(=O)[C@@]1(c2ccccc2)C[C@H]1CN|CC[N:1](CC)C(=O)[C@@]1(c2ccccc2)C[C@H]1CN|CCN(CC)C(=O)[C@@]1(c2ccccc2)C[C@H]1C[NH2:1]|CC[N:1](CC)C(=O)[C@@]1(c2ccccc2)C[C@H]1CN|CCN(CC)C(=O)[C@@]1(c2ccccc2)C[C@H]1C[NH2:1]|CCN(CC)C(=O)[C@@]1(c2ccccc2)C[C@H]1[CH2:1]N|CCN(C[CH3:1])[C:1](=O)[C@@]1(c2ccccc2)C[C@H]1CN|CCN(CC)C(=O)[C@@]1(c2ccccc2)C[C@H]1C[NH2:1]|CC[N:1](CC)[C:1]([C@@]1(c2ccccc2)C[C@H]1CN)=[O:1]
11,CCN(CC)C(=O)[C@@]1(c2ccccc2)C[C@H]1CN,CYP3A4,CCNC(=O)[C@@]1(c2ccccc2)C[C@H]1CN,CC[N:1](CC)C(=O)[C@@]1(c2ccccc2)C[C@H]1CN,CC[N:1](CC)C(=O)[C@@]1(c2ccccc2)C[C@H]1CN|CCN(CC)C(=O)[C@@]1(c2ccccc2)C[C@H]1C[NH2:1]|CC[N:1](CC)C(=O)[C@@]1(c2ccccc2)C[C@H]1CN|CCN(CC)C(=O)[C@@]1(c2ccccc2)C[C@H]1C[NH2:1]|CCN(C[CH3:1])C(=O)[C@@]1(c2ccccc2)C[C@H]1CN|CCN(CC)C(=O)[C@@]1(c2ccccc2)C[C@H]1[CH2:1]N|CCN(C(=O)[C@@]1(c2ccccc2)C[C@H]1CN)[CH2:1]C|CC[N:1](CC)C(=O)[C@@]1(c2ccccc2)C[C@H]1CN|CCN(CC)C(=O)[C@@]1(c2ccccc2)C[C@H]1C[NH2:1]|CCN(CC)C(=O)[C@@]1(c2cc[cH:1]cc2)C[C@H]1CN|CCN(CC)C(=O)[C@@]1(c2ccccc2)C[C@H]1CN|CC[N:1](CC)C(=O)[C@@]1(c2ccccc2)C[C@H]1CN|CC[N:1](CC)C(=O)[C@@]1(c2ccccc2)C[C@H]1CN|CCN(CC)C(=O)[C@@]1(c2ccccc2)C[C@H]1C[NH2:1]|CCN(CC)C(=O)[C@@]1(c2ccccc2)C[C@H]1C[NH2:1]|CC[N:1](CC)C(=O)[C@@]1(c2ccccc2)C[C@H]1CN|CCN(C[CH3:1])[C:1](=O)[C@@]1(c2ccccc2)C[C@H]1CN|CCN(CC)C(=O)[C@@]1(c2ccccc2)C[C@H]1[CH2:1]N|CC[N:1](CC)[C:1]([C@@]1(c2ccccc2)C[C@H]1CN)=[O:1]|CCN(C(=O)[C@@]1(c2ccccc2)C[C@H]1CN)[CH2:1]C|CC[N:1](CC)C(=O)[C@@]1(c2ccccc2)C[C@H]1CN|CCN(CC)C(=O)[C@@]1(c2ccccc2)C[C@H]1C[NH2:1]|CC[N:1](CC)C(=O)[C@@]1(c2ccccc2)C[C@H]1CN|CCN(CC)C(=O)[C@@]1(c2ccccc2)C[C@H]1C[NH2:1]|CCN(C[CH3:1])C(=O)[C@@]1(c2ccccc2)C[C@H]1CN|CCN(CC)C(=O)[C@@]1(c2ccccc2)C[C@H]1[CH2:1]N|CCN(C(=O)[C@@]1(c2ccccc2)C[C@H]1CN)[CH2:1]C|CCN(CC)C(=O)[C@@]1(c2ccccc2)C[C@H]1C[NH2:1]|CC[N:1](CC)C(=O)[C@@]1(c2ccccc2)C[C@H]1CN|CCN(CC)C(=O)[C@@]1(c2cc[cH:1]cc2)C[C@H]1CN|CCN(CC)C(=O)[C@@]1(c2ccccc2)C[C@H]1CN|CC[N:1](CC)C(=O)[C@@]1(c2ccccc2)C[C@H]1CN|CC[N:1](CC)C(=O)[C@@]1(c2ccccc2)C[C@H]1CN|CCN(CC)C(=O)[C@@]1(c2ccccc2)C[C@H]1C[NH2:1]|CC[N:1](CC)C(=O)[C@@]1(c2ccccc2)C[C@H]1CN|CCN(CC)C(=O)[C@@]1(c2ccccc2)C[C@H]1C[NH2:1]|CCN(CC)C(=O)[C@@]1(c2ccccc2)C[C@H]1[CH2:1]N|CCN(C[CH3:1])[C:1](=O)[C@@]1(c2ccccc2)C[C@H]1CN|CCN(CC)C(=O)[C@@]1(c2ccccc2)C[C@H]1C[NH2:1]|CC[N:1](CC)[C:1]([C@@]1(c2ccccc2)C[C@H]1CN)=[O:1]
12,CCN[C@H]1CN(CCCOC)S(=O)(=O)c2sc(S(N)(=O)=O)cc21,CYP2C9,COCCCN1C[C@H](N)c2cc(S(N)(=O)=O)sc2S1(=O)=O,CC[NH:1][C@H]1CN(CCCOC)S(=O)(=O)c2sc(S(N)(=O)=O)cc21,CC[NH:1][C@H]1CN(CCCOC)S(=O)(=O)c2sc(S(N)(=O)=O)cc21|CCN[C@H]1CN(CCC[O:1]C)S(=O)(=O)c2sc(S(N)(=O)=O)cc21|CCN[C@H]1C[N:1](CCCOC)S(=O)(=O)c2sc(S(N)(=O)=O)cc21|CCN[C@H]1CN(CC[CH2:1][O:1]C)S(=O)(=O)c2sc(S(N)(=O)=O)cc21|COCCCN1C[C@H](NC[CH3:1])c2cc(S(N)(=O)=O)sc2S1(=O)=O|CCN[C@H]1CN(CCC[O:1]C)S(=O)(=O)c2sc(S(N)(=O)=O)cc21|COCCCN1C[C@H](N[CH2:1]C)c2cc(S(N)(=O)=O)sc2S1(=O)=O|CCN[C@H]1CN(CC[CH2:1]OC)S(=O)(=O)c2sc(S(N)(=O)=O)cc21|CCN[C@@H]1c2cc(S(N)(=O)=O)sc2S(=O)(=O)[N:1](CCCOC)[CH2:1]1|CCN[C@H]1CN(CC[CH2:1][O:1]C)S(=O)(=O)c2sc(S(N)(=O)=O)cc21|CCN[C@H]1CN(C[CH2:1]COC)S(=O)(=O)c2sc(S(N)(=O)=O)cc21|CCN[C@H]1CN([CH2:1]CCOC)S(=O)(=O)c2sc(S(N)(=O)=O)cc21|CCN[C@H]1CN(C[CH2:1][CH2:1]OC)S(=O)(=O)c2sc(S(N)(=O)=O)cc21|CCN[C@H]1CN(CCCO[CH3:1])S(=O)(=O)c2sc(S(N)(=O)=O)cc21|CCN[C@H]1CN(CCCOC)S(=O)(=O)[c:1]2[s:1][c:1](S(N)(=O)=O)[cH:1][c:1]21|CC[NH:1][C@H]1CN(CCCOC)S(=O)(=O)c2sc(S(N)(=O)=O)cc21|CC[NH:1][C@H]1CN(CCCOC)S(=O)(=O)c2sc(S(N)(=O)=O)cc21|CCN[C@H]1CN(CCCOC)S(=O)(=O)c2sc(S(N)(=O)=O)cc21|CCN[C@H:1]1[CH2:1]N(CCC[O:1]C)S(=O)(=O)[c:1]2[s:1][c:1](S(N)(=O)=O)[cH:1][c:1]21|CC[NH:1][C@H]1CN(CCCOC)S(=O)(=O)c2sc(S(N)(=O)=O)cc21|CC[NH:1][C@H]1CN(CCCOC)S(=O)(=O)c2sc(S(N)(=O)=O)cc21|CCN[C@H]1CN(CCC[O:1]C)S(=O)(=O)c2sc(S(N)(=O)=O)cc21|CCN[C@H]1C[N:1](CCCOC)S(=O)(=O)c2sc(S(N)(=O)=O)cc21|COCCCN1C[C@H](NC[CH3:1])c2cc(S(N)(=O)=O)sc2S1(=O)=O|CCN[C@H]1CN(CC[CH2:1][O:1]C)S(=O)(=O)c2sc(S(N)(=O)=O)cc21|CCN[C@H]1CN(CCC[O:1]C)S(=O)(=O)c2sc(S(N)(=O)=O)cc21|CCN[C@H]1CN(CC[CH2:1]OC)S(=O)(=O)c2sc(S(N)(=O)=O)cc21|COCCCN1C[C@H](N[CH2:1]C)c2cc(S(N)(=O)=O)sc2S1(=O)=O|CCN[C@@H]1c2cc(S(N)(=O)=O)sc2S(=O)(=O)[N:1](CCCOC)[CH2:1]1|CCN[C@H]1CN(CC[CH2:1][O:1]C)S(=O)(=O)c2sc(S(N)(=O)=O)cc21|CCN[C@H]1CN(C[CH2:1]COC)S(=O)(=O)c2sc(S(N)(=O)=O)cc21|CCN[C@H]1CN([CH2:1]CCOC)S(=O)(=O)c2sc(S(N)(=O)=O)cc21|CCN[C@H]1CN(C[CH2:1][CH2:1]OC)S(=O)(=O)c2sc(S(N)(=O)=O)cc21|CCN[C@H]1CN(CCCO[CH3:1])S(=O)(=O)c2sc(S(N)(=O)=O)cc21|CCN[C@@H]1c2cc(S(N)(=O)=O)sc2S(=O)(=O)N(CCCOC)[CH2:1]1|CC[NH:1][C@H]1CN(CCCOC)S(=O)(=O)c2sc(S(N)(=O)=O)cc21|CC[NH:1][C@H]1CN(CCCOC)S(=O)(=O)c2sc(S(N)(=O)=O)cc21|COCCCN1C[C@H](N[CH2:1]C)c2cc(S(N)(=O)=O)sc2S1(=O)=O|CC[NH:1][C@H]1CN(CCCOC)S(=O)(=O)c2sc(S(N)(=O)=O)cc21|CCN[C@H]1C[N:1](CCCOC)S(=O)(=O)c2sc(S(N)(=O)=O)cc21
13,CCN[C@H]1CN(CCCOC)S(=O)(=O)c2sc(S(N)(=O)=O)cc21,CYP3A4,COCCCN1C[C@H](N)c2cc(S(N)(=O)=O)sc2S1(=O)=O,CC[NH:1][C@H]1CN(CCCOC)S(=O)(=O)c2sc(S(N)(=O)=O)cc21,CC[NH:1][C@H]1CN(CCCOC)S(=O)(=O)c2sc(S(N)(=O)=O)cc21|CCN[C@H]1CN(CCC[O:1]C)S(=O)(=O)c2sc(S(N)(=O)=O)cc21|CCN[C@H]1C[N:1](CCCOC)S(=O)(=O)c2sc(S(N)(=O)=O)cc21|CCN[C@H]1CN(CC[CH2:1][O:1]C)S(=O)(=O)c2sc(S(N)(=O)=O)cc21|COCCCN1C[C@H](NC[CH3:1])c2cc(S(N)(=O)=O)sc2S1(=O)=O|CCN[C@H]1CN(CCC[O:1]C)S(=O)(=O)c2sc(S(N)(=O)=O)cc21|COCCCN1C[C@H](N[CH2:1]C)c2cc(S(N)(=O)=O)sc2S1(=O)=O|CCN[C@H]1CN(CC[CH2:1]OC)S(=O)(=O)c2sc(S(N)(=O)=O)cc21|CCN[C@@H]1c2cc(S(N)(=O)=O)sc2S(=O)(=O)[N:1](CCCOC)[CH2:1]1|CCN[C@H]1CN(CC[CH2:1][O:1]C)S(=O)(=O)c2sc(S(N)(=O)=O)cc21|CCN[C@H]1CN(C[CH2:1]COC)S(=O)(=O)c2sc(S(N)(=O)=O)cc21|CCN[C@H]1CN([CH2:1]CCOC)S(=O)(=O)c2sc(S(N)(=O)=O)cc21|CCN[C@H]1CN(C[CH2:1][CH2:1]OC)S(=O)(=O)c2sc(S(N)(=O)=O)cc21|CCN[C@H]1CN(CCCO[CH3:1])S(=O)(=O)c2sc(S(N)(=O)=O)cc21|CCN[C@H]1CN(CCCOC)S(=O)(=O)[c:1]2[s:1][c:1](S(N)(=O)=O)[cH:1][c:1]21|CC[NH:1][C@H]1CN(CCCOC)S(=O)(=O)c2sc(S(N)(=O)=O)cc21|CC[NH:1][C@H]1CN(CCCOC)S(=O)(=O)c2sc(S(N)(=O)=O)cc21|CCN[C@H]1CN(CCCOC)S(=O)(=O)c2sc(S(N)(=O)=O)cc21|CCN[C@H:1]1[CH2:1]N(CCC[O:1]C)S(=O)(=O)[c:1]2[s:1][c:1](S(N)(=O)=O)[cH:1][c:1]21|CC[NH:1][C@H]1CN(CCCOC)S(=O)(=O)c2sc(S(N)(=O)=O)cc21|CC[NH:1][C@H]1CN(CCCOC)S(=O)(=O)c2sc(S(N)(=O)=O)cc21|CCN[C@H]1CN(CCC[O:1]C)S(=O)(=O)c2sc(S(N)(=O)=O)cc21|CCN[C@H]1C[N:1](CCCOC)S(=O)(=O)c2sc(S(N)(=O)=O)cc21|COCCCN1C[C@H](NC[CH3:1])c2cc(S(N)(=O)=O)sc2S1(=O)=O|CCN[C@H]1CN(CC[CH2:1][O:1]C)S(=O)(=O)c2sc(S(N)(=O)=O)cc21|CCN[C@H]1CN(CCC[O:1]C)S(=O)(=O)c2sc(S(N)(=O)=O)cc21|CCN[C@H]1CN(CC[CH2:1]OC)S(=O)(=O)c2sc(S(N)(=O)=O)cc21|COCCCN1C[C@H](N[CH2:1]C)c2cc(S(N)(=O)=O)sc2S1(=O)=O|CCN[C@@H]1c2cc(S(N)(=O)=O)sc2S(=O)(=O)[N:1](CCCOC)[CH2:1]1|CCN[C@H]1CN(CC[CH2:1][O:1]C)S(=O)(=O)c2sc(S(N)(=O)=O)cc21|CCN[C@H]1CN(C[CH2:1]COC)S(=O)(=O)c2sc(S(N)(=O)=O)cc21|CCN[C@H]1CN([CH2:1]CCOC)S(=O)(=O)c2sc(S(N)(=O)=O)cc21|CCN[C@H]1CN(C[CH2:1][CH2:1]OC)S(=O)(=O)c2sc(S(N)(=O)=O)cc21|CCN[C@H]1CN(CCCO[CH3:1])S(=O)(=O)c2sc(S(N)(=O)=O)cc21|CCN[C@@H]1c2cc(S(N)(=O)=O)sc2S(=O)(=O)N(CCCOC)[CH2:1]1|CC[NH:1][C@H]1CN(CCCOC)S(=O)(=O)c2sc(S(N)(=O)=O)cc21|CC[NH:1][C@H]1CN(CCCOC)S(=O)(=O)c2sc(S(N)(=O)=O)cc21|COCCCN1C[C@H](N[CH2:1]C)c2cc(S(N)(=O)=O)sc2S1(=O)=O|CC[NH:1][C@H]1CN(CCCOC)S(=O)(=O)c2sc(S(N)(=O)=O)cc21|CCN[C@H]1C[N:1](CCCOC)S(=O)(=O)c2sc(S(N)(=O)=O)cc21
14,CC[C@@H](c1cccc(O)c1)[C@@H](C)CN(C)C,CYP2D6,CC[C@@H](c1cc(O)cc(O)c1)[C@@H](C)CN(C)C,CC[C@@H](c1cc(O)c[cH:1]c1)[C@@H](C)CN(C)C,CC[C@@H](c1cccc(O)c1)[C@@H](C)C[N:1](C)C|CC[C@@H](c1cc[cH:1]c(O)c1)[C@@H](C)CN(C)C|CC[C@@H:1](c1cccc(O)c1)[C@@H](C)CN(C)C|CC[C@@H](c1cccc(O)c1)[C@@H](C)C[N:1](C)C|CC[C@@H](c1cc[cH:1]c(O)c1)[C@@H](C)CN(C)C|CC[C@@H](c1cc(O)c[cH:1]c1)[C@@H](C)CN(C)C|CC[C@@H](c1cc(O)cc[cH:1]1)[C@@H](C)CN(C)C|CC[C@@H](c1cccc(O)c1)[C@@H](C)C[N:1](C)C|CC[C@@H](c1cccc(O)c1)[C@@H](C)C[N:1](C)C|C[C@@H](CN(C)C)[C@@H](C[CH3:1])c1cccc(O)c1|CC[C@@H](c1cccc([OH:1])c1)[C@@H](C)CN(C)C|CC[C@@H](c1cc[cH:1]c(O)c1)[C@@H](C)CN(C)C|CC[C@@H](c1cccc(O)c1)[C@@H](C)C[N:1](C)C|CC[C@H:1]([C@@H](C)CN(C)C)[c:1]1[cH:1][cH:1][cH:1][c:1](O)[cH:1]1|CC[C@@H](c1cccc(O)c1)[C@@H](C)[CH2:1]N(C)C|CC[C@H]([C@@H](C)CN(C)C)[c:1]1[cH:1][cH:1][cH:1][c:1]([OH:1])[cH:1]1|CC[C@@H](c1cccc(O)[cH:1]1)[C@@H](C)CN(C)C|CC[C@@H](c1cccc([OH:1])c1)[C@@H](C)CN(C)C|C[C@@H](CN(C)C)[C@H](c1cccc(O)c1)[CH2:1]C|CC[C@@H](c1cc(O)cc[cH:1]1)[C@@H](C)CN(C)C
15,CN(C)CCCC1(c2ccc(F)cc2)OCc2cc(C#N)ccc21,CYP2D6,C[N+](C)([O-])CCCC1(c2ccc(F)cc2)OCc2cc(C#N)ccc21,C[N:1](C)CCCC1(c2ccc(F)cc2)OCc2cc(C#N)ccc21,C[N:1](C)CCCC1(c2ccc(F)cc2)OCc2cc(C#N)ccc21|C[N:1](C)CCCC1(c2ccc(F)cc2)OCc2cc(C#N)ccc21|CN(C)[CH2:1]CCC1(c2ccc(F)cc2)OCc2cc(C#N)ccc21|CN(C)CCCC1(c2ccc(F)cc2)c2ccc(C#N)cc2[CH2:1][O:1]1|C[N:1](C)[CH2:1]CCC1(c2ccc(F)cc2)OCc2cc(C#N)ccc21|CN(C)CCCC1(c2ccc(F)cc2)O[CH2:1]c2cc(C#N)ccc21|C[N:1](C)CCCC1(c2ccc(F)cc2)OCc2cc(C#N)ccc21|CN(C)CCCC1(c2ccc(F)cc2)OCc2cc(C#N)ccc21|CN(C)CCCC1(c2ccc(F)cc2)c2ccc(C#N)cc2[CH2:1][O:1]1|CN(CCCC1(c2ccc(F)cc2)OCc2cc(C#N)ccc21)[CH3:1]|C[N:1](C)CCCC1(c2ccc(F)cc2)OCc2cc(C#N)ccc21|CN(C)CCCC1(c2ccc(F)cc2)OCc2cc(C#N)[cH:1]cc21|CN(C)[CH2:1]CCC1(c2ccc(F)cc2)OCc2cc(C#N)ccc21|CN(C)[CH2:1]CCC1(c2ccc(F)cc2)OCc2cc(C#N)ccc21|CN(C)CCCC1(c2ccc(F)cc2)OCc2cc(C#[N:1])ccc21|CN(C)CCCC1(c2ccc(F)cc2)OCc2cc(C#N)c[cH:1]c21|CN(C)CCCC1(c2ccc(F)cc2)OCc2cc(C#N)ccc21|CN(C)CCC[C:1]1(c2ccc(F)cc2)c2ccc(C#N)cc2[CH2:1][O:1]1|CN(C)[CH2:1]CCC1(c2ccc(F)cc2)OCc2cc(C#N)ccc21|CN(C)CCCC1(c2ccc(F)cc2)OCc2cc(C#N)ccc21
16,CN(C)CCC[C@@]1(c2ccc(F)cc2)OCc2cc(C#N)ccc21,CYP2D6,C[N+](C)([O-])CCC[C@@]1(c2ccc(F)cc2)OCc2cc(C#N)ccc21,C[N:1](C)CCC[C@@]1(c2ccc(F)cc2)OCc2cc(C#N)ccc21,C[N:1](C)CCC[C@@]1(c2ccc(F)cc2)OCc2cc(C#N)ccc21|C[N:1](C)CCC[C@@]1(c2ccc(F)cc2)OCc2cc(C#N)ccc21|C[N:1](C)CCC[C@@]1(c2ccc(F)cc2)OCc2cc(C#N)ccc21|C[N:1](C)[CH2:1]CC[C@@]1(c2ccc(F)cc2)OCc2cc(C#N)ccc21|CN(C)[CH2:1]CC[C@@]1(c2ccc(F)cc2)OCc2cc(C#N)ccc21|CN(C)CCC[C@]1(c2ccc(F)cc2)c2ccc(C#N)cc2[CH2:1][O:1]1|C[N:1](C)CCC[C@@]1(c2ccc(F)cc2)OCc2cc(C#N)ccc21|C[N:1](C)CCC[C@@]1(c2ccc(F)cc2)OCc2cc(C#N)ccc21|CN(CCC[C@@]1(c2ccc(F)cc2)OCc2cc(C#N)ccc21)[CH3:1]|CN(C)CCC[C@@]1(c2ccc(F)cc2)OCc2cc(C#N)ccc21|CN(C)CCC[C@@]1(c2ccc(F)cc2)O[CH2:1]c2cc(C#N)ccc21|CN(C)CCC[C@]1(c2ccc(F)cc2)c2ccc(C#N)cc2[CH2:1][O:1]1|C[N:1](C)CCC[C@@]1(c2ccc(F)cc2)OCc2cc(C#N)ccc21|CN(C)CCC[C@@]1(c2ccc(F)cc2)O[CH2:1]c2cc(C#N)ccc21|CN(C)CCC[C@]1(c2ccc(F)cc2)c2ccc(C#N)cc2[CH2:1][O:1]1|CN(C)[CH2:1]CC[C@@]1(c2ccc(F)cc2)OCc2cc(C#N)ccc21|CN(C)[CH2:1]CC[C@@]1(c2ccc(F)cc2)OCc2cc(C#N)ccc21|CN(C)CCC[C@@]1(c2ccc(F)cc2)OCc2cc(C#N)[cH:1]cc21|CN(C)[CH2:1]CC[C@@]1(c2ccc(F)cc2)OCc2cc(C#N)ccc21|CN(C)CCC[C@@]1(c2ccc(F)cc2)OCc2cc(C#N)ccc21
17,CN1C(=O)CC(=O)N(c2ccc(O)cc2)c2cc(Cl)ccc21,CYP2C9,O=C1CC(=O)N(c2ccc(O)cc2)c2cc(Cl)ccc2N1,C[N:1]1C(=O)CC(=O)N(c2ccc(O)cc2)c2cc(Cl)ccc21,CN1C(=O)CC(=O)N(c2ccc(O)[cH:1]c2)c2cc(Cl)ccc21|C[N:1]1C(=O)CC(=O)N(c2ccc(O)cc2)c2cc(Cl)ccc21|CN1C(=O)CC(=O)[N:1]([c:1]2[cH:1][cH:1][c:1]([OH:1])[cH:1][cH:1]2)c2cc(Cl)ccc21|CN1C(=O)CC(=O)N(c2ccc(O)c[cH:1]2)c2cc(Cl)ccc21|CN1C(=O)CC(=O)N(c2ccc(O)cc2)c2cc(Cl)[cH:1]cc21|CN1C(=O)CC(=O)N(c2ccc(O)cc2)c2cc(Cl)c[cH:1]c21|CN1C(=O)CC(=O)N(c2ccc(O)cc2)c2cc(Cl)ccc21|CN1C(=O)CC(=O)[N:1](c2ccc(O)cc2)c2cc(Cl)ccc21|C[N:1]1c2ccc(Cl)cc2N(c2ccc(O)cc2)C(=O)C[C:1]1=O|C[N:1]1c2ccc(Cl)cc2N(c2ccc(O)cc2)C(=O)C[C:1]1=O|C[N:1]1c2ccc(Cl)cc2N(c2ccc(O)cc2)C(=O)C[C:1]1=[O:1]|C[N:1]1C(=O)[CH2:1][C:1](=[O:1])N(c2ccc(O)cc2)c2cc(Cl)ccc21|CN1C(=O)CC(=O)N(c2ccc(O)cc2)c2cc(Cl)ccc21|CN1C(=O)C[C:1](=[O:1])[N:1]([c:1]2[cH:1][cH:1][c:1]([OH:1])[cH:1][cH:1]2)c2cc(Cl)ccc21|C[N:1]1c2ccc(Cl)cc2N(c2ccc(O)cc2)C(=O)C[C:1]1=[O:1]|CN1C(=O)[CH2:1]C(=O)N(c2ccc(O)cc2)c2cc(Cl)ccc21|CN1C(=O)CC(=O)N([c:1]2[cH:1][cH:1][c:1]([OH:1])[cH:1][cH:1]2)c2cc(Cl)ccc21|C[N:1]1C(=O)C[C:1](=[O:1])[N:1](c2ccc(O)cc2)c2cc(Cl)ccc21|CN1C(=O)CC(=O)N([c:1]2[cH:1][cH:1][c:1]([OH:1])[cH:1][cH:1]2)c2cc(Cl)ccc21|O=C1[CH2:1]C(=[O:1])[N:1](c2ccc(O)cc2)c2cc(Cl)ccc2[N:1]1[CH3:1]|CN1C(=O)CC(=O)N(c2ccc(O)[cH:1]c2)c2cc(Cl)ccc21|C[N:1]1C(=O)CC(=O)N(c2ccc(O)cc2)c2cc(Cl)ccc21|CN1C(=O)CC(=O)[N:1]([c:1]2[cH:1][cH:1][c:1]([OH:1])[cH:1][cH:1]2)c2cc(Cl)ccc21|CN1C(=O)CC(=O)N(c2ccc(O)cc2)c2cc(Cl)[cH:1]cc21|CN1C(=O)CC(=O)N(c2ccc(O)c[cH:1]2)c2cc(Cl)ccc21|CN1C(=O)CC(=O)N(c2ccc(O)cc2)c2cc(Cl)ccc21|CN1C(=O)CC(=O)[N:1](c2ccc(O)cc2)c2cc(Cl)ccc21|CN1C(=O)CC(=O)N(c2ccc(O)cc2)c2cc(Cl)c[cH:1]c21|C[N:1]1c2ccc(Cl)cc2N(c2ccc(O)cc2)C(=O)C[C:1]1=O|CN1C(=O)CC(=O)N(c2ccc(O)cc2)c2cc(Cl)ccc21|CN1C(=O)[CH2:1]C(=O)N(c2ccc(O)cc2)c2cc(Cl)ccc21|C[N:1]1c2ccc(Cl)cc2N(c2ccc(O)cc2)C(=O)C[C:1]1=O|C[N:1]1C(=O)[CH2:1][C:1](=[O:1])N(c2ccc(O)cc2)c2cc(Cl)ccc21|C[N:1]1c2ccc(Cl)cc2N(c2ccc(O)cc2)C(=O)C[C:1]1=[O:1]|CN1C(=O)C[C:1](=[O:1])[N:1]([c:1]2[cH:1][cH:1][c:1]([OH:1])[cH:1][cH:1]2)c2cc(Cl)ccc21|CN1C(=O)CC(=O)N([c:1]2[cH:1][cH:1][c:1]([OH:1])[cH:1][cH:1]2)c2cc(Cl)ccc21|C[N:1]1c2ccc(Cl)cc2N(c2ccc(O)cc2)C(=O)C[C:1]1=[O:1]|O=C1[CH2:1]C(=[O:1])[N:1](c2ccc(O)cc2)c2cc(Cl)ccc2[N:1]1[CH3:1]|O=C1CC(=O)N([CH3:1])c2ccc(Cl)cc2N1c1ccc(O)cc1|O=C1CC(=O)N([CH3:1])c2ccc(Cl)cc2N1c1ccc(O)cc1
18,CN1C(=O)CC(=O)N(c2ccc(O)cc2)c2cc(Cl)ccc21,CYP3A4,O=C1CC(=O)N(c2ccc(O)cc2)c2cc(Cl)ccc2N1,C[N:1]1C(=O)CC(=O)N(c2ccc(O)cc2)c2cc(Cl)ccc21,CN1C(=O)CC(=O)N(c2ccc(O)[cH:1]c2)c2cc(Cl)ccc21|C[N:1]1C(=O)CC(=O)N(c2ccc(O)cc2)c2cc(Cl)ccc21|CN1C(=O)CC(=O)[N:1]([c:1]2[cH:1][cH:1][c:1]([OH:1])[cH:1][cH:1]2)c2cc(Cl)ccc21|CN1C(=O)CC(=O)N(c2ccc(O)c[cH:1]2)c2cc(Cl)ccc21|CN1C(=O)CC(=O)N(c2ccc(O)cc2)c2cc(Cl)[cH:1]cc21|CN1C(=O)CC(=O)N(c2ccc(O)cc2)c2cc(Cl)c[cH:1]c21|CN1C(=O)CC(=O)N(c2ccc(O)cc2)c2cc(Cl)ccc21|CN1C(=O)CC(=O)[N:1](c2ccc(O)cc2)c2cc(Cl)ccc21|C[N:1]1c2ccc(Cl)cc2N(c2ccc(O)cc2)C(=O)C[C:1]1=O|C[N:1]1c2ccc(Cl)cc2N(c2ccc(O)cc2)C(=O)C[C:1]1=O|C[N:1]1c2ccc(Cl)cc2N(c2ccc(O)cc2)C(=O)C[C:1]1=[O:1]|C[N:1]1C(=O)[CH2:1][C:1](=[O:1])N(c2ccc(O)cc2)c2cc(Cl)ccc21|CN1C(=O)CC(=O)N(c2ccc(O)cc2)c2cc(Cl)ccc21|CN1C(=O)C[C:1](=[O:1])[N:1]([c:1]2[cH:1][cH:1][c:1]([OH:1])[cH:1][cH:1]2)c2cc(Cl)ccc21|C[N:1]1c2ccc(Cl)cc2N(c2ccc(O)cc2)C(=O)C[C:1]1=[O:1]|CN1C(=O)[CH2:1]C(=O)N(c2ccc(O)cc2)c2cc(Cl)ccc21|CN1C(=O)CC(=O)N([c:1]2[cH:1][cH:1][c:1]([OH:1])[cH:1][cH:1]2)c2cc(Cl)ccc21|C[N:1]1C(=O)C[C:1](=[O:1])[N:1](c2ccc(O)cc2)c2cc(Cl)ccc21|CN1C(=O)CC(=O)N([c:1]2[cH:1][cH:1][c:1]([OH:1])[cH:1][cH:1]2)c2cc(Cl)ccc21|O=C1[CH2:1]C(=[O:1])[N:1](c2ccc(O)cc2)c2cc(Cl)ccc2[N:1]1[CH3:1]|CN1C(=O)CC(=O)N(c2ccc(O)[cH:1]c2)c2cc(Cl)ccc21|C[N:1]1C(=O)CC(=O)N(c2ccc(O)cc2)c2cc(Cl)ccc21|CN1C(=O)CC(=O)[N:1]([c:1]2[cH:1][cH:1][c:1]([OH:1])[cH:1][cH:1]2)c2cc(Cl)ccc21|CN1C(=O)CC(=O)N(c2ccc(O)cc2)c2cc(Cl)[cH:1]cc21|CN1C(=O)CC(=O)N(c2ccc(O)c[cH:1]2)c2cc(Cl)ccc21|CN1C(=O)CC(=O)N(c2ccc(O)cc2)c2cc(Cl)ccc21|CN1C(=O)CC(=O)[N:1](c2ccc(O)cc2)c2cc(Cl)ccc21|CN1C(=O)CC(=O)N(c2ccc(O)cc2)c2cc(Cl)c[cH:1]c21|C[N:1]1c2ccc(Cl)cc2N(c2ccc(O)cc2)C(=O)C[C:1]1=O|CN1C(=O)CC(=O)N(c2ccc(O)cc2)c2cc(Cl)ccc21|CN1C(=O)[CH2:1]C(=O)N(c2ccc(O)cc2)c2cc(Cl)ccc21|C[N:1]1c2ccc(Cl)cc2N(c2ccc(O)cc2)C(=O)C[C:1]1=O|C[N:1]1C(=O)[CH2:1][C:1](=[O:1])N(c2ccc(O)cc2)c2cc(Cl)ccc21|C[N:1]1c2ccc(Cl)cc2N(c2ccc(O)cc2)C(=O)C[C:1]1=[O:1]|CN1C(=O)C[C:1](=[O:1])[N:1]([c:1]2[cH:1][cH:1][c:1]([OH:1])[cH:1][cH:1]2)c2cc(Cl)ccc21|CN1C(=O)CC(=O)N([c:1]2[cH:1][cH:1][c:1]([OH:1])[cH:1][cH:1]2)c2cc(Cl)ccc21|C[N:1]1c2ccc(Cl)cc2N(c2ccc(O)cc2)C(=O)C[C:1]1=[O:1]|O=C1[CH2:1]C(=[O:1])[N:1](c2ccc(O)cc2)c2cc(Cl)ccc2[N:1]1[CH3:1]|O=C1CC(=O)N([CH3:1])c2ccc(Cl)cc2N1c1ccc(O)cc1|O=C1CC(=O)N([CH3:1])c2ccc(Cl)cc2N1c1ccc(O)cc1
19,CN1CC[C@@H](NC(=O)Nc2ccc(C#N)cc2)C[C@@H]1c1nc2ccccc2[nH]1,CYP3A4,CN1C=C[C@@H](NC(=O)Nc2ccc(C#N)cc2)C[C@@H]1c1nc2ccccc2[nH]1,CN1[C@@H](c2nc3ccccc3[nH]2)C[C@H](NC(=O)Nc2ccc(C#N)cc2)[CH2:1][CH2:1]1,C[N:1]1CC[C@@H](NC(=O)Nc2ccc(C#N)cc2)C[C@@H]1c1nc2ccccc2[nH]1|C[N:1]1CC[C@@H](NC(=O)Nc2ccc(C#N)cc2)C[C@@H]1c1nc2ccccc2[nH]1|CN1CC[C@@H](NC(=O)Nc2ccc(C#N)cc2)C[C@@H]1c1nc2c[cH:1]ccc2[nH]1|CN1CC[C@@H](NC(=O)Nc2ccc(C#N)cc2)C[C@@H]1c1nc2c[cH:1]ccc2[nH]1|CN1CC[C@@H](NC(=O)Nc2ccc(C#N)cc2)C[C@@H]1c1nc2cc[cH:1]cc2[nH]1|C[N:1]1CC[C@@H](NC(=O)Nc2ccc(C#N)cc2)C[C@@H]1c1nc2ccccc2[nH]1|CN1CC[C@@H](NC(=O)Nc2ccc(C#N)cc2)C[C@@H]1c1nc2cc[cH:1]cc2[nH]1|CN1CC[C@@H](NC(=O)Nc2ccc(C#N)cc2)C[C@@H]1c1n[c:1]2[cH:1][cH:1][cH:1][cH:1][c:1]2[nH]1|C[N:1]1CC[C@@H](NC(=O)Nc2ccc(C#N)cc2)C[C@@H]1c1nc2ccccc2[nH]1|C[N:1]1CC[C@@H](NC(=O)Nc2ccc(C#N)cc2)C[C@@H]1c1nc2ccccc2[nH]1|CN1CC[C@@H](NC(=O)Nc2ccc(C#N)cc2)C[C@@H]1c1nc2ccccc2[nH]1|C[N:1]1CC[C@@H](NC(=O)Nc2ccc(C#N)cc2)C[C@@H]1c1nc2ccccc2[nH]1|CN1CC[C@@H](NC(=O)Nc2ccc(C#N)cc2)C[C@@H]1c1nc2c(ccc[cH:1]2)[nH]1|CN1CC[C@@H](NC(=O)Nc2ccc(C#N)cc2)C[C@@H]1c1nc2ccccc2[nH:1]1|CN1CC[C@@H](NC(=O)Nc2ccc(C#N)[cH:1]c2)C[C@@H]1c1nc2ccccc2[nH]1|C[N:1]1CC[C@@H](NC(=O)Nc2ccc(C#N)cc2)C[C@@H]1[c:1]1[n:1][c:1]2[cH:1][cH:1][cH:1][cH:1][c:1]2[nH:1]1|C[N:1]1CC[C@@H](NC(=O)Nc2ccc(C#N)cc2)C[C@@H]1c1nc2ccccc2[nH]1|CN1CC[C@@H](NC(=O)Nc2ccc(C#N)c[cH:1]2)C[C@@H]1c1nc2ccccc2[nH]1|CN1C[CH2:1][C@@H](NC(=O)Nc2ccc(C#N)cc2)C[C@@H]1c1nc2ccccc2[nH]1|CN1CC[C@@H](NC(=O)Nc2ccc(C#N)cc2)C[C@@H]1[c:1]1[n:1][c:1]2cccc[c:1]2[nH:1]1
20,CNC(=O)c1cc(Oc2ccc(NC(=O)Nc3ccc(Cl)c(C(F)(F)F)c3)cc2)ccn1,CYP3A4,CNC(=O)c1cc(Oc2ccc(NC(=O)Nc3ccc(Cl)c(C(F)(F)F)c3)cc2)cc[n+]1[O-],CNC(=O)c1cc(Oc2ccc(NC(=O)Nc3ccc(Cl)c(C(F)(F)F)c3)cc2)cc[n:1]1,CNC(=O)c1cc(Oc2c[cH:1]c(NC(=O)[NH:1][c:1]3ccc(Cl)c(C(F)(F)F)c3)[cH:1]c2)ccn1|CNC(=O)c1cc(Oc2ccc(NC(=O)Nc3ccc(Cl)c(C(F)(F)F)c3)cc2)cc[n:1]1|C[NH:1]C(=O)c1cc(Oc2ccc(NC(=O)Nc3ccc(Cl)c(C(F)(F)F)c3)cc2)ccn1|CNC(=O)c1cc(Oc2ccc(NC(=O)Nc3ccc(Cl)c([C:1](F)(F)F)c3)cc2)ccn1|O=C(Nc1ccc(Oc2ccnc(C(=O)N[CH3:1])c2)cc1)Nc1ccc(Cl)c(C(F)(F)F)c1|C[NH:1]C(=O)c1cc(Oc2ccc(NC(=O)Nc3ccc(Cl)c([C:1](F)(F)F)c3)cc2)ccn1|CNC(=O)c1cc(Oc2ccc(NC(=O)Nc3ccc(Cl)c(C(F)(F)F)c3)cc2)ccn1|CNC(=O)c1cc(Oc2ccc(NC(=O)Nc3ccc(Cl)c([C:1](F)(F)F)c3)cc2)ccn1|CNC(=O)c1cc(Oc2ccc(NC(=O)[NH:1]c3ccc(Cl)c(C(F)(F)F)c3)cc2)ccn1|CNC(=O)c1cc(Oc2ccc(NC(=O)Nc3ccc(Cl)c(C(F)(F)F)c3)cc2)ccn1|CNC(=O)c1cc(Oc2ccc(NC(=O)Nc3ccc(Cl)c(C(F)(F)F)c3)[cH:1]c2)ccn1|CNC(=O)c1cc(Oc2ccc(NC(=O)Nc3ccc(Cl)c(C(F)(F)F)c3)c[cH:1]2)ccn1|CNC(=O)c1cc(Oc2ccc(NC(=O)Nc3ccc(Cl)c(C(F)(F)F)c3)cc2)ccn1|O=C(Nc1ccc(Oc2ccnc(C(=O)N[CH3:1])c2)cc1)Nc1ccc(Cl)c([C:1](F)(F)F)c1|CNC(=O)c1cc(Oc2ccc(NC(=O)Nc3ccc(Cl)c(C(F)(F)F)c3)cc2)[cH:1]cn1|CNC(=O)c1cc(Oc2ccc(NC(=O)[NH:1]c3ccc(Cl)c(C(F)(F)F)c3)cc2)ccn1|CNC(=O)c1cc(Oc2ccc(NC(=O)Nc3ccc(Cl)c([C:1](F)(F)F)c3)cc2)ccn1|CNC(=O)c1cc(Oc2ccc(NC(=O)Nc3cc[c:1](Cl)c(C(F)(F)F)c3)cc2)ccn1|CNC(=O)c1cc(Oc2ccc(NC(=O)Nc3ccc(Cl)c(C(F)(F)F)c3)cc2)c[cH:1]n1|CNC(=O)c1cc(Oc2ccc(NC(=O)Nc3cc([C:1](F)(F)F)c(Cl)c[cH:1]3)cc2)ccn1
21,CNCCCC1(c2ccc(F)cc2)OCc2cc(C#N)ccc21,CYP2D6,N#Cc1ccc2c(c1)COC2(CCCN)c1ccc(F)cc1,C[NH:1]CCCC1(c2ccc(F)cc2)OCc2cc(C#N)ccc21,C[NH:1]CCCC1(c2ccc(F)cc2)OCc2cc(C#N)ccc21|CN[CH2:1]CCC1(c2ccc(F)cc2)OCc2cc(C#N)ccc21|C[NH:1]CCCC1(c2ccc(F)cc2)OCc2cc(C#N)ccc21|CNCCCC1(c2ccc(F)cc2)O[CH2:1]c2cc(C#N)ccc21|CN[CH2:1]CCC1(c2ccc(F)cc2)OCc2cc(C#N)ccc21|C[NH:1]CCCC1(c2ccc(F)cc2)OCc2cc(C#N)ccc21|N#Cc1ccc2c(c1)COC2(CCCN[CH3:1])c1ccc(F)cc1|CNCCCC1(c2ccc(F)cc2)c2ccc(C#N)cc2[CH2:1][O:1]1|CNCCCC1(c2ccc(F)cc2)c2ccc(C#N)cc2[CH2:1][O:1]1|CNCCCC1(c2ccc(F)cc2)c2ccc(C#N)cc2[CH2:1][O:1]1|CNCCCC1(c2ccc(F)cc2)OCc2c1ccc(C#N)[cH:1]2|C[NH:1]CCCC1(c2ccc(F)cc2)OCc2cc(C#N)ccc21|CNCCCC1(c2ccc(F)cc2)OCc2cc(C#N)[cH:1]cc21|CNCCCC1(c2ccc(F)cc2)OCc2cc(C#N)ccc21|CNCCCC1(c2ccc(F)cc2)OCc2cc(C#N)ccc21|CNCCCC1(c2ccc(F)cc2)OCc2cc(C#N)c[cH:1]c21|C[NH:1]CCCC1(c2ccc(F)cc2)OCc2cc(C#N)ccc21|CN[CH2:1]CCC1(c2ccc(F)cc2)OCc2cc(C#N)ccc21|N#Cc1ccc2c(c1)COC2(CCCN[CH3:1])c1ccc(F)cc1|CNCCCC1(c2ccc(F)c[cH:1]2)OCc2cc(C#N)ccc21
22,COc1c(OCCCN2CCOCC2)ccc2c1N=C(NC(=O)c1cnc(N)nc1)N1CCN=C21,CYP3A4,COc1c(O)ccc2c1N=C(NC(=O)c1cnc(N)nc1)N1CCN=C21|COc1c(OCCC(=O)O)ccc2c1N=C(NC(=O)c1cnc(N)nc1)N1CCN=C21|COc1c(OCCCN(C=O)CCO)ccc2c1N=C(NC(=O)c1cnc(N)nc1)N1CCN=C21|COc1c(OCCCN2CCOCC2=O)ccc2c1N=C(NC(=O)c1cnc(N)nc1)N1CCN=C21|COc1c(OCCCNCCO)ccc2c1N=C(NC(=O)c1cnc(N)nc1)N1CCN=C21|COc1c(OCCCO)ccc2c1N=C(NC(=O)c1cnc(N)nc1)N1CCN=C21,COc1c(OCCC[N:1]2CC[O:1]CC2)ccc2c1N=C(NC(=O)c1cnc(N)nc1)N1CCN=C21|COc1c(OCCC[N:1]2CC[O:1][CH2:1]C2)ccc2c1N=C(NC(=O)c1cnc(N)nc1)N1CCN=C21|COc1c(OCCC[N:1]2CC[O:1][CH2:1][CH2:1]2)ccc2c1N=C(NC(=O)c1cnc(N)nc1)N1CCN=C21|COc1c(OCC[CH2:1]N2CC[O:1]CC2)ccc2c1N=C(NC(=O)c1cnc(N)nc1)N1CCN=C21|COc1c([O:1]CCCN2CCOCC2)ccc2c1N=C(NC(=O)c1cnc(N)nc1)N1CCN=C21,COc1c(OCCCN2CCOCC2)ccc2c1N=C(NC(=O)c1cnc(N)nc1)N1C[CH2:1]N=C21|C[O:1]c1c(OCCCN2CCOCC2)ccc2c1N=C(NC(=O)c1cnc(N)nc1)N1CCN=C21|COc1c(OCCCN2CCOCC2)ccc2c1N=C(NC(=O)c1cnc(N)n[cH:1]1)N1CCN=C21|COc1c([O:1]CCCN2CCOCC2)ccc2c1N=C(NC(=O)c1cnc(N)nc1)N1CCN=C21|COc1c(OCCCN2CCOCC2)ccc2c1N=C(NC(=O)c1cnc(N)nc1)N1C2=NC[CH2:1]1|COc1c(OCC[CH2:1]N2CC[O:1]CC2)ccc2c1N=C(NC(=O)c1cnc(N)nc1)N1CCN=C21|COc1c(OCCC[N:1]2CC[O:1][CH2:1]C2)ccc2c1N=C(NC(=O)c1cnc(N)nc1)N1CCN=C21|COc1c(OCCCN2CC[O:1][CH2:1]C2)ccc2c1N=C(NC(=O)c1cnc(N)nc1)N1CCN=C21|COc1c(OCCCN2CCOC[CH2:1]2)ccc2c1N=C(NC(=O)c1cnc(N)nc1)N1CCN=C21|COc1c(OCCC[N:1]2CC[O:1][CH2:1][CH2:1]2)ccc2c1N=C(NC(=O)c1cnc(N)nc1)N1CCN=C21|COc1c(OCCC[N:1]2CCOCC2)ccc2c1N=C(NC(=O)c1cnc(N)nc1)N1CCN=C21|COc1c(OCCCN2CCOCC2)ccc2c1N=C([NH:1]C(=O)c1cnc(N)nc1)N1CCN=C21|COc1c(OCCCN2CCOCC2)ccc2c1N=C(NC(=O)c1cnc(N)[n:1]c1)N1CCN=C21|COc1c(OCCCN2CCOCC2)cc[c:1]2[c:1]1[N:1]=[C:1](NC(=O)c1cn[c:1]([NH2:1])nc1)[N:1]1[CH2:1][CH2:1][N:1]=[C:1]21|COc1c(OCCCN2CCO[CH2:1]C2)ccc2c1N=C(NC(=O)c1cnc(N)nc1)N1CCN=C21|COc1c(OCCCN2CCOCC2)cc[c:1]2[c:1]1[N:1]=[C:1](NC(=O)c1cnc(N)nc1)[N:1]1CC[N:1]=[C:1]21|COc1c(OCCC[N:1]2CC[O:1]CC2)ccc2c1N=C(NC(=O)c1cnc(N)nc1)N1CCN=C21|COc1c(OCC[CH2:1]N2CC[O:1]CC2)ccc2c1N=C(NC(=O)c1cnc(N)nc1)N1CCN=C21|COc1c2c(c[cH:1]c1OCCCN1CCOCC1)C1=NCCN1C(NC(=O)c1cnc(N)nc1)=N2|COc1c(OC[CH2:1]CN2CCOCC2)ccc2c1N=C(NC(=O)c1cnc(N)nc1)N1CCN=C21
23,COc1cc(Nc2c(C#N)cnc3cc(OCCCN4CCN(C)CC4)c(OC)cc23)c(Cl)cc1Cl,CYP3A4,COc1cc(Nc2c(C#N)cnc3cc(OCCCN4CCN(C)CC4)c(OC)cc23)c(Cl)cc1O|COc1cc(Nc2c(C#N)cnc3cc(OCCCN4CCNCC4)c(OC)cc23)c(Cl)cc1Cl,COc1cc(Nc2c(C#N)cnc3cc(OCCCN4CCN(C)CC4)c(OC)cc23)c(Cl)cc1Cl|COc1cc(Nc2c(C#N)cnc3cc(OCCCN4CC[N:1](C)CC4)c(OC)cc23)c(Cl)cc1Cl,COc1cc(Nc2c(C#N)cnc3cc(OCCCN4CC[N:1](C)CC4)c(OC)cc23)c(Cl)cc1Cl|COc1cc2c(Nc3cc([O:1]C)c(Cl)cc3Cl)c(C#N)cnc2cc1OCCCN1CCN(C)CC1|COc1cc(Nc2c(C#N)cnc3cc(OCCCN4CC[N:1](C)CC4)c(OC)cc23)c(Cl)cc1Cl|COc1cc(Nc2c(C#N)cnc3cc(OCCCN4CCN(C)CC4)c([O:1]C)cc23)c(Cl)cc1Cl|COc1cc(Nc2c(C#N)cnc3cc(OCCCN4CCN(C)C[CH2:1]4)c(OC)cc23)c(Cl)cc1Cl|COc1cc(Nc2c(C#N)cnc3cc(OCCCN4CCN(C)[CH2:1]C4)c(OC)cc23)c(Cl)cc1Cl|COc1cc2c(Nc3cc(OC)c(Cl)[cH:1]c3Cl)c(C#N)cnc2cc1OCCCN1CCN(C)CC1|COc1cc(Nc2c(C#N)cnc3cc([O:1]CCCN4CCN(C)CC4)c(OC)cc23)c(Cl)cc1Cl|COc1cc(Nc2c(C#N)cnc3cc(OCC[CH2:1]N4CCN(C)CC4)c(OC)cc23)c(Cl)cc1Cl|COc1cc(Nc2c(C#N)cnc3cc(OCCC[N:1]4CCN(C)CC4)c(OC)cc23)c(Cl)cc1Cl|COc1cc([NH:1]c2c(C#N)cnc3cc(OCCCN4[CH2:1]CN(C)C[CH2:1]4)c(OC)cc23)c(Cl)cc1Cl|COc1cc(Nc2c(C#N)cnc3cc(OCCC[N:1]4CCN(C)C[CH2:1]4)c(OC)cc23)c(Cl)cc1Cl|COc1cc(Nc2c(C#N)cnc3cc(OCCCN4CCN(C)CC4)c(OC)cc23)c(Cl)cc1Cl|COc1cc([NH:1]c2c(C#N)cnc3cc(OCCCN4CCN(C)CC4)c(OC)cc23)c(Cl)cc1Cl|COc1cc(Nc2c(C#N)[cH:1]nc3cc(OCCCN4CCN(C)CC4)c(OC)cc23)c(Cl)cc1Cl|COc1cc(Nc2c(C#N)cnc3cc(OCCCN4CC[N:1](C)[CH2:1]C4)c(OC)cc23)c(Cl)cc1Cl|COc1cc2c(Nc3c(Cl)cc(Cl)c(OC)[cH:1]3)c(C#N)cnc2cc1OCCCN1CCN(C)CC1|COc1cc(Nc2c(C#N)cnc3c2cc(OC)c(OCCCN2CCN(C)CC2)[cH:1]3)c(Cl)cc1Cl|COc1cc(Nc2c(C#N)cnc3cc(OCCCN4CCN([CH3:1])CC4)c(OC)cc23)c(Cl)cc1Cl|COc1cc(Nc2c(C#N)cnc3cc(OCCC[N:1]4CCN(C)C[CH2:1]4)c(OC)cc23)c(Cl)cc1Cl
24,COc1cc(OC)cc(N(CCNC(C)C)c2ccc3ncc(-c4cnn(C)c4)nc3c2)c1,CYP2C9,COc1cc(O)cc(N(CCNC(C)C)c2ccc3ncc(-c4cnn(C)c4)nc3c2)c1,COc1cc(N(CCNC(C)C)c2ccc3ncc(-c4cnn(C)c4)nc3c2)cc([O:1]C)c1,COc1cc(OC)cc(N(CC[NH:1]C(C)C)c2ccc3ncc(-c4cnn(C)c4)nc3c2)c1|COc1cc(N(CCNC(C)C)c2ccc3ncc(-c4cnn(C)c4)nc3c2)cc([O:1]C)c1|COc1cc(OC)cc(N(CCNC(C)C)c2ccc3ncc(-c4cn[n:1](C)c4)nc3c2)c1|COc1cc(OC)cc([N:1](CCNC(C)C)c2ccc3ncc(-c4cnn(C)c4)nc3c2)c1|COc1cc(OC)cc(N(C[CH2:1]NC(C)C)c2ccc3ncc(-c4cnn(C)c4)nc3c2)c1|COc1cc(N(CCNC(C)C)c2ccc3ncc(-c4cnn(C)c4)nc3c2)cc(OC)[cH:1]1|COc1cc(OC)cc(N(CCNC(C)C)c2ccc3n[cH:1]c(-c4cnn(C)c4)nc3c2)c1|COc1cc(OC)[cH:1]c(N(CCNC(C)C)c2ccc3ncc(-c4cnn(C)c4)nc3c2)c1|COc1cc(OC)cc(N(CCNC(C)C)c2ccc3n[cH:1]c(-c4cnn(C)c4)nc3c2)c1|COc1cc(OC)cc(N(CC[NH:1]C(C)C)c2ccc3ncc(-c4cnn(C)c4)nc3c2)c1|COc1cc(OC)cc(N(CCNC(C)C)c2ccc3ncc(-c4cnn(C)c4)nc3c2)c1|COc1cc(OC)cc(N(CCNC(C)C)c2cc3nc(-c4cnn(C)c4)cnc3[cH:1]c2)c1|COc1cc(OC)cc(N(CCN[CH:1](C)C)c2ccc3ncc(-c4cnn(C)c4)nc3c2)c1|COc1cc(OC)cc([N:1](CCNC(C)C)c2ccc3ncc(-c4cnn(C)c4)nc3c2)c1|COc1cc(OC)cc(N(CCNC(C)C)c2ccc3ncc(-c4cnn(C)c4)nc3[cH:1]2)c1|COc1cc(OC)cc(N(CCNC(C)C)c2cc3nc(-c4cnn(C)c4)cnc3c[cH:1]2)c1|COc1cc(OC)cc(N(CCNC(C)C)c2cc[c:1]3[n:1][cH:1][c:1](-c4cnn(C)c4)[n:1][c:1]3c2)c1|COc1cc(OC)cc(N(CCNC(C)C)c2ccc3ncc(-c4cn(C)n[cH:1]4)nc3c2)c1|CO[c:1]1[cH:1][c:1](N(CCNC(C)C)c2ccc3ncc(-c4cnn(C)c4)nc3c2)[cH:1][c:1]([O:1]C)[cH:1]1|COc1cc(O[CH3:1])cc([N:1](CCNC(C)C)[c:1]2ccc3ncc(-c4cnn(C)c4)nc3[cH:1]2)c1|COc1cc(OC)cc(N(CC[NH:1]C(C)C)c2ccc3ncc(-c4cnn(C)c4)nc3c2)c1|COc1cc(N(CCNC(C)C)c2ccc3ncc(-c4cnn(C)c4)nc3c2)cc([O:1]C)c1|COc1cc(OC)cc(N(CCNC(C)C)c2ccc3ncc(-c4cn[n:1](C)c4)nc3c2)c1|COc1cc(OC)cc([N:1](CCNC(C)C)c2ccc3ncc(-c4cnn(C)c4)nc3c2)c1|COc1cc(OC)cc(N(C[CH2:1]NC(C)C)c2ccc3ncc(-c4cnn(C)c4)nc3c2)c1|COc1cc(N(CCNC(C)C)c2ccc3ncc(-c4cnn(C)c4)nc3c2)cc(OC)[cH:1]1|COc1cc(OC)cc(N(CCNC(C)C)c2ccc3n[cH:1]c(-c4cnn(C)c4)nc3c2)c1|COc1cc(OC)cc(N(CCNC(C)C)c2ccc3n[cH:1]c(-c4cnn(C)c4)nc3c2)c1|COc1cc(OC)[cH:1]c(N(CCNC(C)C)c2ccc3ncc(-c4cnn(C)c4)nc3c2)c1|COc1cc(OC)cc(N(CC[NH:1]C(C)C)c2ccc3ncc(-c4cnn(C)c4)nc3c2)c1|COc1cc(OC)cc(N(CCNC(C)C)c2ccc3ncc(-c4cnn(C)c4)nc3c2)c1|COc1cc(OC)cc([N:1](CCNC(C)C)c2ccc3ncc(-c4cnn(C)c4)nc3c2)c1|COc1cc(OC)cc(N(CCNC(C)C)c2cc3nc(-c4cnn(C)c4)cnc3[cH:1]c2)c1|COc1cc(OC)cc(N(CCN[CH:1](C)C)c2ccc3ncc(-c4cnn(C)c4)nc3c2)c1|COc1cc(OC)cc(N(CCNC(C)C)c2cc3nc(-c4cnn(C)c4)cnc3c[cH:1]2)c1|COc1cc(OC)cc(N(CCNC(C)C)c2ccc3ncc(-c4cn(C)n[cH:1]4)nc3c2)c1|COc1cc(OC)cc(N(CCNC(C)[CH3:1])c2ccc3ncc(-c4cnn(C)c4)nc3c2)c1|COc1cc(OC)cc(N(CCNC(C)C)c2ccc3ncc(-c4cnn(C)c4)nc3[cH:1]2)c1|COc1cc(OC)cc([N:1](CCNC(C)C)c2ccc3ncc(-c4cnn(C)c4)nc3c2)c1|COc1cc(OC)cc(N(CCNC(C)C)c2cc[c:1]3[n:1][cH:1][c:1](-c4cnn(C)c4)[n:1][c:1]3c2)c1
25,COc1cc(OC)cc(N(CCNC(C)C)c2ccc3ncc(-c4cnn(C)c4)nc3c2)c1,CYP3A4,COc1cc(O)cc(N(CCNC(C)C)c2ccc3ncc(-c4cnn(C)c4)nc3c2)c1,COc1cc(N(CCNC(C)C)c2ccc3ncc(-c4cnn(C)c4)nc3c2)cc([O:1]C)c1,COc1cc(OC)cc(N(CC[NH:1]C(C)C)c2ccc3ncc(-c4cnn(C)c4)nc3c2)c1|COc1cc(N(CCNC(C)C)c2ccc3ncc(-c4cnn(C)c4)nc3c2)cc([O:1]C)c1|COc1cc(OC)cc(N(CCNC(C)C)c2ccc3ncc(-c4cn[n:1](C)c4)nc3c2)c1|COc1cc(OC)cc([N:1](CCNC(C)C)c2ccc3ncc(-c4cnn(C)c4)nc3c2)c1|COc1cc(OC)cc(N(C[CH2:1]NC(C)C)c2ccc3ncc(-c4cnn(C)c4)nc3c2)c1|COc1cc(N(CCNC(C)C)c2ccc3ncc(-c4cnn(C)c4)nc3c2)cc(OC)[cH:1]1|COc1cc(OC)cc(N(CCNC(C)C)c2ccc3n[cH:1]c(-c4cnn(C)c4)nc3c2)c1|COc1cc(OC)[cH:1]c(N(CCNC(C)C)c2ccc3ncc(-c4cnn(C)c4)nc3c2)c1|COc1cc(OC)cc(N(CCNC(C)C)c2ccc3n[cH:1]c(-c4cnn(C)c4)nc3c2)c1|COc1cc(OC)cc(N(CC[NH:1]C(C)C)c2ccc3ncc(-c4cnn(C)c4)nc3c2)c1|COc1cc(OC)cc(N(CCNC(C)C)c2ccc3ncc(-c4cnn(C)c4)nc3c2)c1|COc1cc(OC)cc(N(CCNC(C)C)c2cc3nc(-c4cnn(C)c4)cnc3[cH:1]c2)c1|COc1cc(OC)cc(N(CCN[CH:1](C)C)c2ccc3ncc(-c4cnn(C)c4)nc3c2)c1|COc1cc(OC)cc([N:1](CCNC(C)C)c2ccc3ncc(-c4cnn(C)c4)nc3c2)c1|COc1cc(OC)cc(N(CCNC(C)C)c2ccc3ncc(-c4cnn(C)c4)nc3[cH:1]2)c1|COc1cc(OC)cc(N(CCNC(C)C)c2cc3nc(-c4cnn(C)c4)cnc3c[cH:1]2)c1|COc1cc(OC)cc(N(CCNC(C)C)c2cc[c:1]3[n:1][cH:1][c:1](-c4cnn(C)c4)[n:1][c:1]3c2)c1|COc1cc(OC)cc(N(CCNC(C)C)c2ccc3ncc(-c4cn(C)n[cH:1]4)nc3c2)c1|CO[c:1]1[cH:1][c:1](N(CCNC(C)C)c2ccc3ncc(-c4cnn(C)c4)nc3c2)[cH:1][c:1]([O:1]C)[cH:1]1|COc1cc(O[CH3:1])cc([N:1](CCNC(C)C)[c:1]2ccc3ncc(-c4cnn(C)c4)nc3[cH:1]2)c1|COc1cc(OC)cc(N(CC[NH:1]C(C)C)c2ccc3ncc(-c4cnn(C)c4)nc3c2)c1|COc1cc(N(CCNC(C)C)c2ccc3ncc(-c4cnn(C)c4)nc3c2)cc([O:1]C)c1|COc1cc(OC)cc(N(CCNC(C)C)c2ccc3ncc(-c4cn[n:1](C)c4)nc3c2)c1|COc1cc(OC)cc([N:1](CCNC(C)C)c2ccc3ncc(-c4cnn(C)c4)nc3c2)c1|COc1cc(OC)cc(N(C[CH2:1]NC(C)C)c2ccc3ncc(-c4cnn(C)c4)nc3c2)c1|COc1cc(N(CCNC(C)C)c2ccc3ncc(-c4cnn(C)c4)nc3c2)cc(OC)[cH:1]1|COc1cc(OC)cc(N(CCNC(C)C)c2ccc3n[cH:1]c(-c4cnn(C)c4)nc3c2)c1|COc1cc(OC)cc(N(CCNC(C)C)c2ccc3n[cH:1]c(-c4cnn(C)c4)nc3c2)c1|COc1cc(OC)[cH:1]c(N(CCNC(C)C)c2ccc3ncc(-c4cnn(C)c4)nc3c2)c1|COc1cc(OC)cc(N(CC[NH:1]C(C)C)c2ccc3ncc(-c4cnn(C)c4)nc3c2)c1|COc1cc(OC)cc(N(CCNC(C)C)c2ccc3ncc(-c4cnn(C)c4)nc3c2)c1|COc1cc(OC)cc([N:1](CCNC(C)C)c2ccc3ncc(-c4cnn(C)c4)nc3c2)c1|COc1cc(OC)cc(N(CCNC(C)C)c2cc3nc(-c4cnn(C)c4)cnc3[cH:1]c2)c1|COc1cc(OC)cc(N(CCN[CH:1](C)C)c2ccc3ncc(-c4cnn(C)c4)nc3c2)c1|COc1cc(OC)cc(N(CCNC(C)C)c2cc3nc(-c4cnn(C)c4)cnc3c[cH:1]2)c1|COc1cc(OC)cc(N(CCNC(C)C)c2ccc3ncc(-c4cn(C)n[cH:1]4)nc3c2)c1|COc1cc(OC)cc(N(CCNC(C)[CH3:1])c2ccc3ncc(-c4cnn(C)c4)nc3c2)c1|COc1cc(OC)cc(N(CCNC(C)C)c2ccc3ncc(-c4cnn(C)c4)nc3[cH:1]2)c1|COc1cc(OC)cc([N:1](CCNC(C)C)c2ccc3ncc(-c4cnn(C)c4)nc3c2)c1|COc1cc(OC)cc(N(CCNC(C)C)c2cc[c:1]3[n:1][cH:1][c:1](-c4cnn(C)c4)[n:1][c:1]3c2)c1
26,COc1cc2c(cc1OC)[C@H]1C[C@@H](O)[C@H](CC(C)C)CN1CC2,CYP2D6,COc1cc2c(cc1O)CCN1C[C@@H](CC(C)C)[C@H](O)C[C@H]21|COc1cc2c(cc1O)[C@H]1C[C@@H](O)[C@H](CC(C)C)CN1CC2,COc1cc2c(cc1[O:1]C)CCN1C[C@@H](CC(C)C)[C@H](O)C[C@H]21|COc1cc2c(cc1[O:1]C)[C@H]1C[C@@H](O)[C@H](CC(C)C)CN1CC2,COc1cc2c(cc1[O:1]C)CCN1C[C@@H](CC(C)C)[C@H](O)C[C@H]21|COc1cc2c(cc1[O:1]C)[C@H]1C[C@@H](O)[C@H](CC(C)C)CN1CC2|COc1cc2c(cc1OC)[C@H]1C[C@@H](O)[C@H](C[CH:1](C)C)CN1CC2|COc1cc2c(cc1OC)[C@H]1C[C@@H](O)[C@H](C[CH:1](C)C)CN1CC2|COc1cc2c(cc1OC)[C@H]1C[C@@H](O)[C@H](CC(C)[CH3:1])CN1CC2|COc1cc2c(cc1[O:1]C)CCN1C[C@@H](CC(C)C)[C@H](O)C[C@H]21|COc1cc2c(cc1[O:1]C)[C@H]1C[C@@H](O)[C@H](CC(C)C)CN1CC2|COc1cc2c(cc1OC)[C@H]1C[C@@H](O)[C@H](CC(C)[CH3:1])CN1CC2|COc1cc2c(cc1[O:1]C)[C@H]1C[C@@H](O)[C@H](CC(C)C)CN1CC2|COc1cc2c(cc1[O:1]C)CCN1C[C@@H](CC(C)C)[C@H](O)C[C@H]21|COc1cc2c(cc1OC)[C@H]1C[C@@H:1]([OH:1])[C@H](CC(C)C)CN1CC2|COc1cc2c(cc1OC)[CH2:1]CN1C[C@@H](CC(C)C)[C@H](O)C[C@H]21|COc1cc2c(cc1OC)[CH2:1]CN1C[C@@H](CC(C)C)[C@H](O)C[C@H]21|COc1cc2c(cc1[O:1]C)CCN1C[C@@H](CC(C)C)[C@H](O)C[C@H]21|COc1cc2c(cc1[O:1]C)[C@H]1C[C@@H](O)[C@H](CC(C)C)CN1CC2|COc1cc2c(cc1[O:1]C)CCN1C[C@@H](CC(C)C)[C@H](O)C[C@H]21|COc1cc2c(cc1OC)[CH2:1]CN1C[C@@H](CC(C)C)[C@H](O)C[C@H]21|COc1cc2c(cc1[O:1]C)[C@H]1C[C@@H](O)[C@H](CC(C)C)CN1CC2|COc1cc2c(cc1OC)[C@H]1C[C@@H:1]([OH:1])[C@H](CC(C)C)CN1CC2|COc1cc2c(cc1[O:1]C)CCN1C[C@@H](CC(C)C)[C@H](O)C[C@H]21
27,COc1nc2ccc(Br)cc2cc1[C@@H](c1ccccc1)[C@@](O)(CCN(C)C)c1cccc2ccccc12,CYP3A4,CNCC[C@@](O)(c1cccc2ccccc12)[C@H](c1ccccc1)c1cc2cc(Br)ccc2nc1OC,COc1nc2ccc(Br)cc2cc1[C@@H](c1ccccc1)[C@@](O)(CC[N:1](C)C)c1cccc2ccccc12,COc1nc2ccc(Br)cc2cc1[C@@H](c1ccccc1)[C@@](O)(CC[N:1](C)C)c1cccc2ccccc12|COc1nc2ccc(Br)cc2cc1[C@@H](c1ccccc1)[C@@](O)(CC[N:1](C)C)c1cccc2ccccc12|CN(C)CC[C@@](O)(c1cccc2ccccc12)[C@H](c1ccccc1)c1cc2cc(Br)ccc2nc1[O:1]C|CN(C)CC[C@@](O)(c1cccc2ccccc12)[C@H](c1ccccc1)c1cc2cc(Br)ccc2nc1[O:1]C|COc1nc2ccc(Br)cc2cc1[C@@H](c1ccccc1)[C@@](O)(CC[N:1](C)C)c1cccc2ccccc12|COc1nc2ccc(Br)cc2cc1[C@@H](c1ccccc1)[C@@](O)(CC[N:1](C)C)c1cccc2ccccc12|COc1nc2ccc(Br)cc2cc1[C@@H](c1ccccc1)[C@@](O)(CC[N:1](C)C)c1cccc2ccccc12|CN(C)CC[C@@](O)(c1cccc2ccccc12)[C@H](c1ccccc1)c1cc2cc(Br)ccc2nc1[O:1]C|COc1nc2ccc(Br)cc2cc1[C@@H](c1ccccc1)[C@:1](O)(c1cccc2ccccc12)[CH2:1]CN(C)C|COc1nc2ccc(Br)cc2cc1[C@@H](c1ccccc1)[C@@](O)(CC[N:1](C)C)c1cccc2ccccc12|COc1nc2ccc(Br)cc2cc1[C@@H](c1ccccc1)[C@@](O)(CCN(C)C)c1ccc[c:1]2[cH:1][cH:1][cH:1][cH:1][c:1]12|COc1nc2cc[c:1](Br)cc2cc1[C@@H](c1ccccc1)[C@@](O)(CCN(C)C)c1cccc2ccccc12|COc1nc2ccc(Br)cc2cc1[C@@H](c1ccccc1)[C@@:1](O)(CCN(C)C)c1cccc2ccccc12|CN(C)CC[C@@](O)(c1cccc2ccccc12)[C@H](c1ccccc1)c1cc2cc(Br)ccc2nc1[O:1]C|CN(C)CC[C@@](O)(c1cccc2ccccc12)[C@H](c1ccccc1)c1cc2cc(Br)ccc2nc1[O:1]C|COc1nc2ccc(Br)cc2cc1[C@@H](c1ccccc1)[C@:1](O)(c1cccc2ccccc12)[CH2:1]CN(C)C|CN(C)CC[C@@](O)(c1cccc2ccccc12)[C@H](c1ccccc1)c1cc2cc(Br)ccc2n[c:1]1[O:1]C|COc1nc2ccc(Br)cc2cc1[C@@H](c1ccccc1)[C@@](O)(CC[N:1](C)C)c1cccc2ccccc12|COc1nc2ccc(Br)cc2cc1[C@@H](c1ccccc1)[C@@:1](O)(CCN(C)C)c1cccc2ccccc12|COc1nc2ccc(Br)cc2cc1[C@@H](c1ccccc1)[C@@](O)(C[CH2:1]N(C)C)c1cccc2ccccc12
28,CS(=O)(=O)c1ccc(C(=O)Nc2ccc(Cl)c(-c3ccccn3)c2)c(Cl)c1,CYP2C9,CS(=O)(=O)c1ccc(C(=O)Nc2ccc(Cl)c(-c3ccc(O)cn3)c2)c(Cl)c1,CS(=O)(=O)c1ccc(C(=O)Nc2ccc(Cl)c(-c3cc[cH:1]cn3)c2)c(Cl)c1,CS(=O)(=O)c1ccc(C(=O)Nc2ccc(Cl)c(-c3cccc[n:1]3)c2)c(Cl)c1|CS(=O)(=O)c1ccc(C(=O)Nc2ccc(Cl)c(-c3cc[cH:1]cn3)c2)c(Cl)c1|CS(=O)(=O)c1ccc(C(=O)[NH:1]c2ccc(Cl)c(-c3ccccn3)c2)c(Cl)c1|CS(=O)(=O)c1ccc(C(=O)Nc2ccc(Cl)c(-c3nccc[cH:1]3)c2)c(Cl)c1|CS(=O)(=O)c1ccc(C(=O)Nc2cc(-c3ccccn3)c(Cl)c[cH:1]2)c(Cl)c1|CS(=O)(=O)c1ccc([C:1](=O)Nc2ccc(Cl)c(-c3ccccn3)c2)c(Cl)c1|CS(=O)(=O)c1ccc(C(=O)Nc2cc(-c3ccccn3)c(Cl)[cH:1]c2)c(Cl)c1|CS(=O)(=O)[c:1]1[cH:1][cH:1][c:1](C(=O)Nc2ccc(Cl)c(-c3ccccn3)c2)[c:1](Cl)[cH:1]1|CS(=O)(=O)c1ccc(C(=O)Nc2ccc(Cl)c(-[c:1]3[cH:1][cH:1][cH:1][cH:1][n:1]3)c2)c(Cl)c1|CS(=O)(=O)c1cc(Cl)c(C(=O)Nc2ccc(Cl)c(-c3ccccn3)c2)c[cH:1]1|CS(=O)(=O)c1ccc(C(=O)Nc2ccc(Cl)c(-c3ccccn3)c2)c(Cl)c1|CS(=O)(=O)c1ccc(C(=O)Nc2ccc(Cl)c(-[c:1]3[cH:1][cH:1][cH:1][cH:1][n:1]3)c2)c(Cl)c1|CS(=O)(=O)c1ccc(C(=O)Nc2ccc(Cl)c(-c3ccccn3)c2)c(Cl)c1|CS(=O)(=O)c1ccc(C(=O)Nc2ccc(Cl)c(-c3ccccn3)c2)c(Cl)c1|O=C(Nc1ccc(Cl)c(-c2ccccn2)c1)c1ccc(S(=O)(=O)[CH3:1])cc1Cl|C[S:1](=O)(=O)c1ccc(C(=O)Nc2ccc(Cl)c(-c3ccccn3)c2)c(Cl)c1|CS(=O)(=O)c1ccc(C(=O)Nc2ccc(Cl)c(-c3ccccn3)c2)c(Cl)[cH:1]1|CS(=O)(=O)c1ccc(C(=O)N[c:1]2[cH:1][cH:1][c:1](Cl)[c:1](-c3ccccn3)[cH:1]2)c(Cl)c1|CS(=O)(=O)c1ccc(C(=O)[NH:1]c2ccc(Cl)c(-c3ccccn3)c2)c(Cl)c1|CS(=O)(=O)c1ccc(C(=O)Nc2ccc(Cl)c(-c3ccc[cH:1]n3)c2)c(Cl)c1|CS(=O)(=O)c1ccc(C(=O)Nc2ccc(Cl)c(-c3cccc[n:1]3)c2)c(Cl)c1|CS(=O)(=O)c1ccc(C(=O)[NH:1]c2ccc(Cl)c(-c3ccccn3)c2)c(Cl)c1|CS(=O)(=O)c1ccc(C(=O)Nc2ccc(Cl)c(-c3cc[cH:1]cn3)c2)c(Cl)c1|CS(=O)(=O)c1ccc(C(=O)Nc2ccc(Cl)c(-c3nccc[cH:1]3)c2)c(Cl)c1|CS(=O)(=O)c1ccc([C:1](=O)Nc2ccc(Cl)c(-c3ccccn3)c2)c(Cl)c1|CS(=O)(=O)c1ccc(C(=O)Nc2cc(-c3ccccn3)c(Cl)c[cH:1]2)c(Cl)c1|CS(=O)(=O)c1ccc(C(=O)Nc2cc(-c3ccccn3)c(Cl)[cH:1]c2)c(Cl)c1|CS(=O)(=O)[c:1]1[cH:1][cH:1][c:1](C(=O)Nc2ccc(Cl)c(-c3ccccn3)c2)[c:1](Cl)[cH:1]1|CS(=O)(=O)c1ccc(C(=O)Nc2ccc(Cl)c(-[c:1]3[cH:1][cH:1][cH:1][cH:1][n:1]3)c2)c(Cl)c1|CS(=O)(=O)c1ccc(C(=O)Nc2ccc(Cl)c(-c3ccccn3)c2)c(Cl)c1|CS(=O)(=O)c1ccc(C(=O)Nc2ccc(Cl)c(-[c:1]3[cH:1][cH:1][cH:1][cH:1][n:1]3)c2)c(Cl)c1|CS(=O)(=O)c1ccc(C(=O)Nc2ccc(Cl)c(-c3ccccn3)c2)c(Cl)c1|CS(=O)(=O)c1ccc(C(=O)Nc2ccc(Cl)c(-c3ccccn3)c2)c(Cl)c1|O=C(Nc1ccc(Cl)c(-c2ccccn2)c1)c1ccc(S(=O)(=O)[CH3:1])cc1Cl|CS(=O)(=O)c1cc(Cl)c(C(=O)Nc2ccc(Cl)c(-c3ccccn3)c2)c[cH:1]1|C[S:1](=O)(=O)c1ccc(C(=O)Nc2ccc(Cl)c(-c3ccccn3)c2)c(Cl)c1|CS(=O)(=O)c1ccc(C(=O)Nc2ccc(Cl)c(-c3ccccn3)c2)c(Cl)[cH:1]1|CS(=O)(=O)c1ccc(C(=O)[NH:1]c2ccc(Cl)c(-c3ccccn3)c2)c(Cl)c1|CS(=O)(=O)c1ccc(C(=O)N[c:1]2[cH:1][cH:1][c:1](Cl)[c:1](-c3ccccn3)[cH:1]2)c(Cl)c1|CS(=O)(=O)c1ccc(C(=O)Nc2ccc(Cl)c(-c3ccc[cH:1]n3)c2)c(Cl)c1
29,CS(=O)(=O)c1ccc(C(=O)Nc2ccc(Cl)c(-c3ccccn3)c2)c(Cl)c1,CYP3A4,CS(=O)(=O)c1ccc(C(=O)Nc2cc(O)c(Cl)c(-c3ccccn3)c2)c(Cl)c1,CS(=O)(=O)c1ccc(C(=O)Nc2cc(-c3ccccn3)c(Cl)[cH:1]c2)c(Cl)c1,CS(=O)(=O)c1ccc(C(=O)Nc2ccc(Cl)c(-c3cccc[n:1]3)c2)c(Cl)c1|CS(=O)(=O)c1ccc(C(=O)Nc2ccc(Cl)c(-c3cc[cH:1]cn3)c2)c(Cl)c1|CS(=O)(=O)c1ccc(C(=O)[NH:1]c2ccc(Cl)c(-c3ccccn3)c2)c(Cl)c1|CS(=O)(=O)c1ccc(C(=O)Nc2ccc(Cl)c(-c3nccc[cH:1]3)c2)c(Cl)c1|CS(=O)(=O)c1ccc(C(=O)Nc2cc(-c3ccccn3)c(Cl)c[cH:1]2)c(Cl)c1|CS(=O)(=O)c1ccc([C:1](=O)Nc2ccc(Cl)c(-c3ccccn3)c2)c(Cl)c1|CS(=O)(=O)c1ccc(C(=O)Nc2cc(-c3ccccn3)c(Cl)[cH:1]c2)c(Cl)c1|CS(=O)(=O)[c:1]1[cH:1][cH:1][c:1](C(=O)Nc2ccc(Cl)c(-c3ccccn3)c2)[c:1](Cl)[cH:1]1|CS(=O)(=O)c1ccc(C(=O)Nc2ccc(Cl)c(-[c:1]3[cH:1][cH:1][cH:1][cH:1][n:1]3)c2)c(Cl)c1|CS(=O)(=O)c1cc(Cl)c(C(=O)Nc2ccc(Cl)c(-c3ccccn3)c2)c[cH:1]1|CS(=O)(=O)c1ccc(C(=O)Nc2ccc(Cl)c(-c3ccccn3)c2)c(Cl)c1|CS(=O)(=O)c1ccc(C(=O)Nc2ccc(Cl)c(-[c:1]3[cH:1][cH:1][cH:1][cH:1][n:1]3)c2)c(Cl)c1|CS(=O)(=O)c1ccc(C(=O)Nc2ccc(Cl)c(-c3ccccn3)c2)c(Cl)c1|CS(=O)(=O)c1ccc(C(=O)Nc2ccc(Cl)c(-c3ccccn3)c2)c(Cl)c1|O=C(Nc1ccc(Cl)c(-c2ccccn2)c1)c1ccc(S(=O)(=O)[CH3:1])cc1Cl|C[S:1](=O)(=O)c1ccc(C(=O)Nc2ccc(Cl)c(-c3ccccn3)c2)c(Cl)c1|CS(=O)(=O)c1ccc(C(=O)Nc2ccc(Cl)c(-c3ccccn3)c2)c(Cl)[cH:1]1|CS(=O)(=O)c1ccc(C(=O)N[c:1]2[cH:1][cH:1][c:1](Cl)[c:1](-c3ccccn3)[cH:1]2)c(Cl)c1|CS(=O)(=O)c1ccc(C(=O)[NH:1]c2ccc(Cl)c(-c3ccccn3)c2)c(Cl)c1|CS(=O)(=O)c1ccc(C(=O)Nc2ccc(Cl)c(-c3ccc[cH:1]n3)c2)c(Cl)c1|CS(=O)(=O)c1ccc(C(=O)Nc2ccc(Cl)c(-c3cccc[n:1]3)c2)c(Cl)c1|CS(=O)(=O)c1ccc(C(=O)[NH:1]c2ccc(Cl)c(-c3ccccn3)c2)c(Cl)c1|CS(=O)(=O)c1ccc(C(=O)Nc2ccc(Cl)c(-c3cc[cH:1]cn3)c2)c(Cl)c1|CS(=O)(=O)c1ccc(C(=O)Nc2ccc(Cl)c(-c3nccc[cH:1]3)c2)c(Cl)c1|CS(=O)(=O)c1ccc([C:1](=O)Nc2ccc(Cl)c(-c3ccccn3)c2)c(Cl)c1|CS(=O)(=O)c1ccc(C(=O)Nc2cc(-c3ccccn3)c(Cl)c[cH:1]2)c(Cl)c1|CS(=O)(=O)c1ccc(C(=O)Nc2cc(-c3ccccn3)c(Cl)[cH:1]c2)c(Cl)c1|CS(=O)(=O)[c:1]1[cH:1][cH:1][c:1](C(=O)Nc2ccc(Cl)c(-c3ccccn3)c2)[c:1](Cl)[cH:1]1|CS(=O)(=O)c1ccc(C(=O)Nc2ccc(Cl)c(-[c:1]3[cH:1][cH:1][cH:1][cH:1][n:1]3)c2)c(Cl)c1|CS(=O)(=O)c1ccc(C(=O)Nc2ccc(Cl)c(-c3ccccn3)c2)c(Cl)c1|CS(=O)(=O)c1ccc(C(=O)Nc2ccc(Cl)c(-[c:1]3[cH:1][cH:1][cH:1][cH:1][n:1]3)c2)c(Cl)c1|CS(=O)(=O)c1ccc(C(=O)Nc2ccc(Cl)c(-c3ccccn3)c2)c(Cl)c1|CS(=O)(=O)c1ccc(C(=O)Nc2ccc(Cl)c(-c3ccccn3)c2)c(Cl)c1|O=C(Nc1ccc(Cl)c(-c2ccccn2)c1)c1ccc(S(=O)(=O)[CH3:1])cc1Cl|CS(=O)(=O)c1cc(Cl)c(C(=O)Nc2ccc(Cl)c(-c3ccccn3)c2)c[cH:1]1|C[S:1](=O)(=O)c1ccc(C(=O)Nc2ccc(Cl)c(-c3ccccn3)c2)c(Cl)c1|CS(=O)(=O)c1ccc(C(=O)Nc2ccc(Cl)c(-c3ccccn3)c2)c(Cl)[cH:1]1|CS(=O)(=O)c1ccc(C(=O)[NH:1]c2ccc(Cl)c(-c3ccccn3)c2)c(Cl)c1|CS(=O)(=O)c1ccc(C(=O)N[c:1]2[cH:1][cH:1][c:1](Cl)[c:1](-c3ccccn3)[cH:1]2)c(Cl)c1|CS(=O)(=O)c1ccc(C(=O)Nc2ccc(Cl)c(-c3ccc[cH:1]n3)c2)c(Cl)c1
30,C[C@]12CC[C@H]3[C@@H](CC=C4C[C@@H](O)CC[C@@]43C)[C@@H]1CC=C2c1cccnc1,CYP3A4,C[C@]12CC[C@H]3[C@@H](CC=C4C[C@@H](OS(=O)(=O)O)CC[C@@]43C)[C@@H]1CC=C2c1cccnc1,C[C@]12CC[C@H]3[C@@H](CC=C4C[C@@H]([OH:1])CC[C@@]43C)[C@@H]1CC=C2c1cccnc1,C[C@]12CC[C@H]3[C@@H](CC=C4C[C@@H](O)CC[C@@]43C)[C@@H]1CC=C2c1ccc[n:1]c1|C[C@]12CC[C@H]3[C@@H](CC=C4C[C@@H:1]([OH:1])CC[C@@]43C)[C@@H]1CC=C2c1cccnc1|C[C@]12CC[C@H]3[C@@H](CC=C4C[C@@H](O)CC[C@@]43C)[C@@H]1CC=C2c1ccc[n:1]c1|C[C@]12CC[C@H]3[C@H]([C@@H]1CC=C2c1cccnc1)[CH2:1]C=C1C[C@@H](O)CC[C@@]13C|C[C@]12CC[C@H]3[C@@H](CC=C4C[C@@H](O)CC[C@@]43C)[C@@H]1CC=C2c1ccc[n:1]c1|C[C@]12CC[C@H]3[C@@H](CC=C4C[C@@H:1]([OH:1])CC[C@@]43C)[C@@H]1CC=C2c1cccnc1|C[C@]12CC[C@H]3[C@@H](C[CH:1]=[C:1]4C[C@@H](O)CC[C@]34C)[C@@H]1CC=C2c1cccnc1|C[C@]12CC[C@H]3[C@H]([C@@H]1CC=C2c1cccnc1)[CH2:1]C=C1C[C@@H](O)CC[C@@]13C|C[C@]12CC[C@H]3[C@@H](CC=C4C[C@@H](O)CC[C@@]43C)[C@@H]1CC=C2c1ccc[n:1]c1|C[C@]12CC[C@H]3[C@@H](CC=C4[C@]3(C)CC[C@H](O)[CH2:1]4)[C@@H]1CC=C2c1cccnc1|C[C@]12CC[C@H]3[C@@H](CC=C4C[C@@H](O)CC[C@@]43C)[C@@H]1CC=C2c1ccc[n:1]c1|C[C@]12CC[C@H]3[C@@H](C[CH:1]=[C:1]4C[C@@H](O)CC[C@]34C)[C@@H]1CC=C2c1cccnc1|C[C@]12CC[C@H]3[C@@H](C[CH:1]=[C:1]4C[C@@H](O)CC[C@]34C)[C@@H]1CC=C2c1cccnc1|C[C@]12CC[C@H]3[C@H]([C@@H]1CC=C2c1cccnc1)[CH2:1]C=C1C[C@@H](O)CC[C@@]13C|C[C@]12CC[C@H]3[C@@H](CC=C4C[C@@H](O)CC[C@@]43C)[C@@H]1CC=C2c1ccc[n:1]c1|C[C@]12CC[C@H](O)CC1=CC[C@@H]1[C@@H]2CC[C@]2(C)C(c3cccnc3)=C[CH2:1][C@@H]12|C[C@]12CC[C@H]3[C@@H](C[CH:1]=[C:1]4C[C@@H](O)CC[C@]34C)[C@@H]1CC=C2c1cccnc1|C[C@@]12C(c3cccnc3)=CC[C@H]1[C@@H]1CC=C3C[C@@H](O)CC[C@]3(C)[C@H]1C[CH2:1]2|C[C@]12CC[C@H]3[C@@H](C[CH:1]=[C:1]4[C@]3(C)CC[C@H:1]([OH:1])[CH2:1]4)[C@@H]1CC=C2c1cccnc1|C[C@]12CC[C@H]3[C@@H](CC=C4C[C@@H:1]([OH:1])CC[C@@]43C)[C@@H]1CC=C2c1cccnc1
31,Cc1c(OCC(F)(F)F)ccnc1C[S@@](=O)c1nc2ccccc2[nH]1,CYP3A4,Cc1c(OCC(F)(F)F)ccnc1CS(=O)(=O)c1nc2ccccc2[nH]1,Cc1c(OCC(F)(F)F)ccnc1C[S@@:1](=O)c1nc2ccccc2[nH]1,Cc1c(OCC(F)(F)F)ccnc1C[S@@](=O)c1nc2c[cH:1]ccc2[nH]1|Cc1c([O:1]CC(F)(F)F)ccnc1C[S@@](=O)c1nc2ccccc2[nH]1|Cc1c([O:1][CH2:1]C(F)(F)F)ccnc1C[S@@](=O)c1nc2ccccc2[nH]1|Cc1c(OCC(F)(F)F)ccnc1C[S@@:1](=O)c1nc2ccccc2[nH]1|Cc1c(OCC(F)(F)F)ccnc1C[S@@:1](=O)c1nc2ccccc2[nH]1|Cc1c(OCC(F)(F)F)ccnc1C[S@@](=O)c1nc2c[cH:1]ccc2[nH]1|Cc1c(C[S@@](=O)c2nc3ccccc3[nH]2)ncc[c:1]1[O:1]CC(F)(F)F|Cc1c(OCC(F)(F)F)ccnc1C[S@@](=O)c1nc2c(ccc[cH:1]2)[nH]1|Cc1c(OCC(F)(F)F)ccnc1C[S@@](=O)c1nc2c(ccc[cH:1]2)[nH]1|O=[S@](Cc1nccc(OCC(F)(F)F)c1[CH3:1])c1nc2ccccc2[nH]1|O=[S@](Cc1nccc(OCC(F)(F)F)c1[CH3:1])c1nc2ccccc2[nH]1|Cc1c(OCC(F)(F)F)cc[n:1]c1C[S@@](=O)c1nc2ccccc2[nH]1|Cc1c(OCC(F)(F)F)ccnc1C[S@@](=O)c1n[c:1]2[cH:1][cH:1]c[cH:1][c:1]2[nH]1|Cc1c(OCC(F)(F)F)ccnc1C[S@@](=O)c1n[c:1]2[cH:1][cH:1]c[cH:1][c:1]2[nH]1|Cc1c([O:1]CC(F)(F)F)ccnc1C[S@@](=O)c1nc2ccccc2[nH]1|C[c:1]1[c:1]([O:1]CC(F)(F)F)[cH:1][cH:1][n:1][c:1]1C[S@@](=O)c1nc2ccccc2[nH]1|Cc1c(C[S@@](=O)c2nc3ccccc3[nH]2)nc[cH:1]c1OCC(F)(F)F|C[c:1]1[c:1]([O:1]CC(F)(F)F)[cH:1][cH:1][n:1][c:1]1C[S@@](=O)c1nc2ccccc2[nH]1|C[c:1]1[c:1](OCC(F)(F)F)[cH:1][cH:1][n:1][c:1]1C[S@@](=O)c1nc2ccccc2[nH]1|Cc1c(OCC(F)(F)F)cc[n:1]c1C[S@@](=O)c1nc2ccccc2[nH]1
32,Cc1nc(Nc2ncc(C(=O)Nc3c(C)cccc3Cl)s2)cc(N2CCN(CCO)CC2)n1,CYP3A4,Cc1nc(Nc2ncc(C(=O)Nc3c(C)cc(O)cc3Cl)s2)cc(N2CCN(CCO)CC2)n1|Cc1nc(Nc2ncc(C(=O)Nc3c(C)cccc3Cl)s2)cc(N2CCNCC2)n1|Cc1nc(Nc2ncc(C(=O)Nc3c(Cl)cccc3CO)s2)cc(N2CCN(CCO)CC2)n1,Cc1nc(Nc2ncc(C(=O)Nc3c(C)c[cH:1]cc3Cl)s2)cc(N2CCN(CCO)CC2)n1|Cc1nc(Nc2ncc(C(=O)Nc3c(C)cccc3Cl)s2)cc(N2CC[N:1](CCO)CC2)n1|Cc1nc(Nc2ncc(C(=O)Nc3c(Cl)cccc3[CH3:1])s2)cc(N2CCN(CCO)CC2)n1,Cc1nc(Nc2ncc(C(=O)Nc3c(C)c[cH:1]cc3Cl)s2)cc(N2CCN(CCO)CC2)n1|Cc1nc(Nc2ncc(C(=O)[NH:1][c:1]3[c:1](Cl)[cH:1][cH:1][cH:1][c:1]3[CH3:1])s2)cc(N2CCN(CCO)CC2)n1|Cc1nc(Nc2ncc(C(=O)Nc3c(C)cccc3Cl)s2)cc(N2CC[N:1](CCO)CC2)n1|Cc1nc(Nc2ncc(C(=O)Nc3c(Cl)cccc3[CH3:1])s2)cc(N2CCN(CCO)CC2)n1|Cc1nc(Nc2ncc(C(=O)[NH:1][c:1]3[c:1](Cl)[cH:1][cH:1][cH:1][c:1]3[CH3:1])s2)cc(N2CCN(CCO)CC2)n1|Cc1nc(Nc2ncc(C(=O)Nc3c(Cl)cc[cH:1]c3C)s2)cc(N2CCN(CCO)CC2)n1|Cc1cccc(Cl)c1NC(=O)c1cnc(Nc2cc(N3CCN(CCO)CC3)nc([CH3:1])n2)s1|Cc1nc(Nc2ncc(C(=O)N[c:1]3[c:1](C)[cH:1][cH:1][cH:1][c:1]3Cl)s2)cc(N2CCN(CCO)CC2)n1|Cc1nc(Nc2ncc(C(=O)Nc3c(C)cccc3Cl)s2)cc(N2CC[N:1](CCO)CC2)n1|Cc1nc(Nc2ncc(C(=O)Nc3c(C)cccc3Cl)s2)cc([N:1]2CCN(CCO)C[CH2:1]2)n1|Cc1nc(Nc2ncc(C(=O)[NH:1][c:1]3[c:1](Cl)[cH:1][cH:1][cH:1][c:1]3[CH3:1])s2)cc(N2CCN(CCO)CC2)n1|Cc1nc(Nc2ncc(C(=O)Nc3c(C)cc[cH:1]c3Cl)s2)cc(N2CCN(CCO)CC2)n1|Cc1nc(Nc2ncc(C(=O)N[c:1]3[c:1](C)[cH:1][cH:1][cH:1][c:1]3Cl)s2)cc(N2CCN(CCO)CC2)n1|Cc1nc(Nc2ncc([C:1](=O)Nc3c(C)cccc3Cl)s2)cc(N2CCN(CCO)CC2)n1|Cc1nc(Nc2ncc(C(=O)Nc3c(C)cccc3Cl)s2)cc(N2CCN(CCO)C[CH2:1]2)n1|Cc1nc(Nc2ncc([C:1](Nc3c(C)cccc3Cl)=[O:1])s2)cc(N2CCN(CCO)CC2)n1|Cc1nc(Nc2ncc([C:1](=[O:1])[NH:1]c3c(C)cccc3Cl)s2)cc(N2CCN(CCO)CC2)n1|Cc1nc(Nc2ncc(C(=O)Nc3c(C)cccc3Cl)s2)cc(N2CCN(CCO)CC2)n1|Cc1nc(Nc2ncc(C(=O)Nc3c(C)cccc3Cl)s2)cc(N2CCN(CCO)[CH2:1]C2)n1|Cc1nc(Nc2ncc([C:1](=[O:1])[NH:1]c3c(C)cccc3Cl)s2)cc(N2CCN(CCO)CC2)n1
33,Cc1ncc2n1-c1ccc(Cl)cc1C(c1ccccc1F)=NC2O,CYP3A4,OCc1ncc2n1-c1ccc(Cl)cc1C(c1ccccc1F)=NC2O,OC1N=C(c2ccccc2F)c2cc(Cl)ccc2-n2c1cnc2[CH3:1],OC1N=C(c2ccccc2F)c2cc(Cl)ccc2-n2c1cnc2[CH3:1]|Cc1nc[c:1]2[n:1]1-[c:1]1ccc(Cl)c[c:1]1[C:1](c1ccccc1F)=[N:1][CH:1]2[OH:1]|Cc1n[cH:1]c2n1-c1ccc(Cl)cc1C(c1ccccc1F)=NC2O|Cc1ncc2n1-c1ccc(Cl)cc1C(c1ccccc1F)=N[CH:1]2O|Cc1ncc2n1-c1ccc(Cl)cc1C(c1cc[cH:1]cc1F)=NC2O|Cc1ncc2n1-c1ccc(Cl)cc1C(c1c[cH:1]ccc1F)=NC2O|Cc1ncc2n1-c1ccc(Cl)cc1C(c1ccccc1F)=N[CH:1]2[OH:1]|Cc1n2c(c[n:1]1)C(O)N=C(c1ccccc1F)c1cc(Cl)ccc1-2|C[c:1]1ncc2n1-c1ccc(Cl)cc1C(c1ccccc1F)=NC2O|Cc1ncc2n1-c1ccc(Cl)cc1[C:1](c1ccccc1F)=[N:1]C2O|Cc1ncc2n1-c1ccc(Cl)cc1C(c1ccc[cH:1]c1F)=NC2O|C[c:1]1ncc2n1-c1ccc(Cl)cc1C(c1ccccc1F)=NC2O|C[c:1]1[n:1][cH:1][c:1]2[n:1]1-c1ccc(Cl)cc1C(c1ccccc1F)=NC2O|Cc1ncc2n1-c1c[cH:1]c(Cl)cc1C(c1ccccc1F)=NC2O|Cc1ncc2n1-c1ccc(Cl)cc1C(c1ccccc1F)=N[CH:1]2[OH:1]|Fc1ccccc1[C:1]1=[N:1][CH:1]([OH:1])[c:1]2cnc([CH3:1])[n:1]2-[c:1]2ccc(Cl)c[c:1]21|Cc1ncc2n1-c1ccc(Cl)cc1C(c1ccccc1F)=NC2O|C[c:1]1[n:1][cH:1][c:1]2[n:1]1-c1ccc(Cl)cc1C(c1ccccc1F)=NC2O|C[c:1]1[n:1][cH:1][c:1]2[n:1]1-c1ccc(Cl)cc1C(c1ccccc1F)=NC2O|O[CH:1]1N=C(c2ccccc2F)c2cc(Cl)ccc2-n2[c:1]1cn[c:1]2[CH3:1]
34,N#CCNC(=O)c1ccc(-c2ccnc(Nc3ccc(N4CCOCC4)cc3)n2)cc1,CYP1A2,N#CCNC(=O)c1ccc(-c2ccnc(Nc3ccc(N4CCOCC4=O)cc3)n2)cc1,N#CCNC(=O)c1ccc(-c2ccnc(Nc3ccc(N4CCOC[CH2:1]4)cc3)n2)cc1,N#CCNC(=O)c1ccc(-c2ccnc(Nc3ccc(N4CCOC[CH2:1]4)cc3)n2)cc1|N#CC[NH:1]C(=O)c1ccc(-c2ccnc(Nc3ccc(N4CCOCC4)cc3)n2)cc1|N#CCNC(=O)c1ccc(-c2ccnc(Nc3ccc(N4CCO[CH2:1]C4)cc3)n2)cc1|N#CCNC(=O)c1ccc(-c2ccnc(Nc3ccc(N4CC[O:1][CH2:1]C4)cc3)n2)cc1|N#CCNC(=O)c1ccc(-c2ccnc(Nc3ccc(N4CCOCC4)c[cH:1]3)n2)cc1|N#CCNC(=O)c1ccc(-c2ccnc(Nc3ccc([N:1]4CCOC[CH2:1]4)cc3)n2)cc1|N#[C:1]CNC(=O)c1ccc(-c2ccnc(Nc3ccc(N4CCOCC4)cc3)n2)cc1|N#CCNC(=O)c1ccc(-c2ccnc(Nc3ccc(N4CCOC[CH2:1]4)cc3)n2)cc1|N#CCNC(=O)c1ccc(-c2ccnc(Nc3ccc(N4CCOCC4)cc3)n2)c[cH:1]1|N#CCNC(=O)c1ccc(-c2nc(Nc3ccc(N4CCOCC4)cc3)nc[cH:1]2)cc1|N#CCNC(=O)c1ccc(-c2ccnc(Nc3ccc(N4CCOCC4)cc3)n2)[cH:1]c1|N#CCNC(=O)c1ccc(-c2ccnc(Nc3ccc(N4CCOCC4)[cH:1]c3)n2)cc1|N#C[CH2:1]NC(=O)c1ccc(-c2ccnc(Nc3ccc(N4CCOCC4)cc3)n2)cc1|N#CCNC(=O)c1ccc(-c2cc[n:1]c(Nc3ccc(N4CCOCC4)cc3)n2)cc1|N#[C:1][CH2:1]NC(=O)c1ccc(-c2ccnc(Nc3ccc(N4CCOCC4)cc3)n2)cc1|N#CCNC(=O)c1ccc(-c2ccnc(Nc3ccc(N4CCO[CH2:1]C4)cc3)n2)cc1|N#CCNC(=O)c1ccc(-c2ccnc(Nc3ccc(N4CCO[CH2:1][CH2:1]4)cc3)n2)cc1|N#CCNC(=O)c1ccc(-c2c[cH:1]nc(Nc3ccc(N4CCOCC4)cc3)n2)cc1|N#CC[NH:1]C(=O)c1ccc(-c2ccnc(Nc3ccc(N4CCOCC4)cc3)n2)cc1|N#C[CH2:1]NC(=O)c1ccc(-c2ccnc(Nc3ccc(N4CCOCC4)cc3)n2)cc1|N#CCNC(=O)c1ccc(-c2ccnc(Nc3ccc(N4CCOC[CH2:1]4)cc3)n2)cc1|N#CCNC(=O)c1ccc(-c2ccnc(Nc3ccc(N4CCO[CH2:1]C4)cc3)n2)cc1|N#CC[NH:1]C(=O)c1ccc(-c2ccnc(Nc3ccc(N4CCOCC4)cc3)n2)cc1|N#CCNC(=O)c1ccc(-c2ccnc(Nc3ccc(N4CC[O:1][CH2:1]C4)cc3)n2)cc1|N#CCNC(=O)c1ccc(-c2ccnc(Nc3ccc([N:1]4CCOC[CH2:1]4)cc3)n2)cc1|N#[C:1]CNC(=O)c1ccc(-c2ccnc(Nc3ccc(N4CCOCC4)cc3)n2)cc1|N#CCNC(=O)c1ccc(-c2ccnc(Nc3ccc(N4CCOC[CH2:1]4)cc3)n2)cc1|N#CCNC(=O)c1ccc(-c2ccnc(Nc3ccc(N4CCOCC4)cc3)n2)c[cH:1]1|N#CCNC(=O)c1ccc(-c2ccnc(Nc3ccc(N4CCOCC4)c[cH:1]3)n2)cc1|N#CCNC(=O)c1ccc(-c2nc(Nc3ccc(N4CCOCC4)cc3)nc[cH:1]2)cc1|N#CCNC(=O)c1ccc(-c2ccnc(Nc3ccc(N4CCOCC4)cc3)n2)[cH:1]c1|N#CCNC(=O)c1ccc(-c2ccnc(Nc3ccc(N4CCOCC4)[cH:1]c3)n2)cc1|N#C[CH2:1]NC(=O)c1ccc(-c2ccnc(Nc3ccc(N4CCOCC4)cc3)n2)cc1|N#CCNC(=O)c1ccc(-c2cc[n:1]c(Nc3ccc(N4CCOCC4)cc3)n2)cc1|N#[C:1][CH2:1]NC(=O)c1ccc(-c2ccnc(Nc3ccc(N4CCOCC4)cc3)n2)cc1|N#CCNC(=O)c1ccc(-c2ccnc(Nc3ccc(N4CCO[CH2:1]C4)cc3)n2)cc1|N#CCNC(=O)c1ccc(-c2ccnc(Nc3ccc(N4CCO[CH2:1][CH2:1]4)cc3)n2)cc1|N#CC[NH:1]C(=O)c1ccc(-c2ccnc(Nc3ccc(N4CCOCC4)cc3)n2)cc1|O=C(NC[C:1]#[N:1])c1ccc(-c2ccnc(Nc3ccc(N4CCOCC4)cc3)n2)cc1|N#CCNC(=O)c1ccc(-c2ccnc(Nc3ccc([N:1]4CCOCC4)cc3)n2)cc1|N#CCNC(=O)c1ccc(-c2ccnc(Nc3ccc(N4CCOC[CH2:1]4)cc3)n2)cc1|N#CC[NH:1]C(=O)c1ccc(-c2ccnc(Nc3ccc(N4CCOCC4)cc3)n2)cc1|N#CCNC(=O)c1ccc(-c2ccnc(Nc3ccc(N4CCO[CH2:1]C4)cc3)n2)cc1|N#CCNC(=O)c1ccc(-c2ccnc(Nc3ccc(N4CC[O:1][CH2:1]C4)cc3)n2)cc1|N#CCNC(=O)c1ccc(-c2ccnc(Nc3ccc([N:1]4CCOC[CH2:1]4)cc3)n2)cc1|N#[C:1]CNC(=O)c1ccc(-c2ccnc(Nc3ccc(N4CCOCC4)cc3)n2)cc1|N#CCNC(=O)c1ccc(-c2ccnc(Nc3ccc(N4CCOC[CH2:1]4)cc3)n2)cc1|N#CCNC(=O)c1ccc(-c2ccnc(Nc3ccc(N4CCOCC4)c[cH:1]3)n2)cc1|N#CCNC(=O)c1ccc(-c2ccnc(Nc3ccc(N4CCOCC4)cc3)n2)[cH:1]c1|N#CCNC(=O)c1ccc(-c2ccnc(Nc3ccc(N4CCOCC4)cc3)n2)c[cH:1]1|N#CCNC(=O)c1ccc(-c2nc(Nc3ccc(N4CCOCC4)cc3)nc[cH:1]2)cc1|N#CCNC(=O)c1ccc(-c2ccnc(Nc3ccc(N4CCOCC4)[cH:1]c3)n2)cc1|N#C[CH2:1]NC(=O)c1ccc(-c2ccnc(Nc3ccc(N4CCOCC4)cc3)n2)cc1|N#CCNC(=O)c1ccc(-c2ccnc(Nc3ccc(N4CCO[CH2:1][CH2:1]4)cc3)n2)cc1|N#CCNC(=O)c1ccc(-c2ccnc(Nc3ccc(N4CCO[CH2:1]C4)cc3)n2)cc1|N#CC[NH:1]C(=O)c1ccc(-c2ccnc(Nc3ccc(N4CCOCC4)cc3)n2)cc1|N#C[CH2:1]NC(=O)c1ccc(-c2ccnc(Nc3ccc(N4CCOCC4)cc3)n2)cc1|N#CCNC(=O)c1ccc(-c2cc[n:1]c(Nc3ccc(N4CCOCC4)cc3)n2)cc1|N#[C:1][CH2:1]NC(=O)c1ccc(-c2ccnc(Nc3ccc(N4CCOCC4)cc3)n2)cc1|N#CCNC(=O)c1ccc(-c2c[cH:1]nc(Nc3ccc(N4CCOCC4)cc3)n2)cc1
35,N#CCNC(=O)c1ccc(-c2ccnc(Nc3ccc(N4CCOCC4)cc3)n2)cc1,CYP2C9,N#CCNC(=O)c1ccc(-c2ccnc(Nc3ccc(N4CCOCC4=O)cc3)n2)cc1,N#CCNC(=O)c1ccc(-c2ccnc(Nc3ccc(N4CCOC[CH2:1]4)cc3)n2)cc1,N#CCNC(=O)c1ccc(-c2ccnc(Nc3ccc(N4CCOC[CH2:1]4)cc3)n2)cc1|N#CC[NH:1]C(=O)c1ccc(-c2ccnc(Nc3ccc(N4CCOCC4)cc3)n2)cc1|N#CCNC(=O)c1ccc(-c2ccnc(Nc3ccc(N4CCO[CH2:1]C4)cc3)n2)cc1|N#CCNC(=O)c1ccc(-c2ccnc(Nc3ccc(N4CC[O:1][CH2:1]C4)cc3)n2)cc1|N#CCNC(=O)c1ccc(-c2ccnc(Nc3ccc(N4CCOCC4)c[cH:1]3)n2)cc1|N#CCNC(=O)c1ccc(-c2ccnc(Nc3ccc([N:1]4CCOC[CH2:1]4)cc3)n2)cc1|N#[C:1]CNC(=O)c1ccc(-c2ccnc(Nc3ccc(N4CCOCC4)cc3)n2)cc1|N#CCNC(=O)c1ccc(-c2ccnc(Nc3ccc(N4CCOC[CH2:1]4)cc3)n2)cc1|N#CCNC(=O)c1ccc(-c2ccnc(Nc3ccc(N4CCOCC4)cc3)n2)c[cH:1]1|N#CCNC(=O)c1ccc(-c2nc(Nc3ccc(N4CCOCC4)cc3)nc[cH:1]2)cc1|N#CCNC(=O)c1ccc(-c2ccnc(Nc3ccc(N4CCOCC4)cc3)n2)[cH:1]c1|N#CCNC(=O)c1ccc(-c2ccnc(Nc3ccc(N4CCOCC4)[cH:1]c3)n2)cc1|N#C[CH2:1]NC(=O)c1ccc(-c2ccnc(Nc3ccc(N4CCOCC4)cc3)n2)cc1|N#CCNC(=O)c1ccc(-c2cc[n:1]c(Nc3ccc(N4CCOCC4)cc3)n2)cc1|N#[C:1][CH2:1]NC(=O)c1ccc(-c2ccnc(Nc3ccc(N4CCOCC4)cc3)n2)cc1|N#CCNC(=O)c1ccc(-c2ccnc(Nc3ccc(N4CCO[CH2:1]C4)cc3)n2)cc1|N#CCNC(=O)c1ccc(-c2ccnc(Nc3ccc(N4CCO[CH2:1][CH2:1]4)cc3)n2)cc1|N#CCNC(=O)c1ccc(-c2c[cH:1]nc(Nc3ccc(N4CCOCC4)cc3)n2)cc1|N#CC[NH:1]C(=O)c1ccc(-c2ccnc(Nc3ccc(N4CCOCC4)cc3)n2)cc1|N#C[CH2:1]NC(=O)c1ccc(-c2ccnc(Nc3ccc(N4CCOCC4)cc3)n2)cc1|N#CCNC(=O)c1ccc(-c2ccnc(Nc3ccc(N4CCOC[CH2:1]4)cc3)n2)cc1|N#CCNC(=O)c1ccc(-c2ccnc(Nc3ccc(N4CCO[CH2:1]C4)cc3)n2)cc1|N#CC[NH:1]C(=O)c1ccc(-c2ccnc(Nc3ccc(N4CCOCC4)cc3)n2)cc1|N#CCNC(=O)c1ccc(-c2ccnc(Nc3ccc(N4CC[O:1][CH2:1]C4)cc3)n2)cc1|N#CCNC(=O)c1ccc(-c2ccnc(Nc3ccc([N:1]4CCOC[CH2:1]4)cc3)n2)cc1|N#[C:1]CNC(=O)c1ccc(-c2ccnc(Nc3ccc(N4CCOCC4)cc3)n2)cc1|N#CCNC(=O)c1ccc(-c2ccnc(Nc3ccc(N4CCOC[CH2:1]4)cc3)n2)cc1|N#CCNC(=O)c1ccc(-c2ccnc(Nc3ccc(N4CCOCC4)cc3)n2)c[cH:1]1|N#CCNC(=O)c1ccc(-c2ccnc(Nc3ccc(N4CCOCC4)c[cH:1]3)n2)cc1|N#CCNC(=O)c1ccc(-c2nc(Nc3ccc(N4CCOCC4)cc3)nc[cH:1]2)cc1|N#CCNC(=O)c1ccc(-c2ccnc(Nc3ccc(N4CCOCC4)cc3)n2)[cH:1]c1|N#CCNC(=O)c1ccc(-c2ccnc(Nc3ccc(N4CCOCC4)[cH:1]c3)n2)cc1|N#C[CH2:1]NC(=O)c1ccc(-c2ccnc(Nc3ccc(N4CCOCC4)cc3)n2)cc1|N#CCNC(=O)c1ccc(-c2cc[n:1]c(Nc3ccc(N4CCOCC4)cc3)n2)cc1|N#[C:1][CH2:1]NC(=O)c1ccc(-c2ccnc(Nc3ccc(N4CCOCC4)cc3)n2)cc1|N#CCNC(=O)c1ccc(-c2ccnc(Nc3ccc(N4CCO[CH2:1]C4)cc3)n2)cc1|N#CCNC(=O)c1ccc(-c2ccnc(Nc3ccc(N4CCO[CH2:1][CH2:1]4)cc3)n2)cc1|N#CC[NH:1]C(=O)c1ccc(-c2ccnc(Nc3ccc(N4CCOCC4)cc3)n2)cc1|O=C(NC[C:1]#[N:1])c1ccc(-c2ccnc(Nc3ccc(N4CCOCC4)cc3)n2)cc1|N#CCNC(=O)c1ccc(-c2ccnc(Nc3ccc([N:1]4CCOCC4)cc3)n2)cc1|N#CCNC(=O)c1ccc(-c2ccnc(Nc3ccc(N4CCOC[CH2:1]4)cc3)n2)cc1|N#CC[NH:1]C(=O)c1ccc(-c2ccnc(Nc3ccc(N4CCOCC4)cc3)n2)cc1|N#CCNC(=O)c1ccc(-c2ccnc(Nc3ccc(N4CCO[CH2:1]C4)cc3)n2)cc1|N#CCNC(=O)c1ccc(-c2ccnc(Nc3ccc(N4CC[O:1][CH2:1]C4)cc3)n2)cc1|N#CCNC(=O)c1ccc(-c2ccnc(Nc3ccc([N:1]4CCOC[CH2:1]4)cc3)n2)cc1|N#[C:1]CNC(=O)c1ccc(-c2ccnc(Nc3ccc(N4CCOCC4)cc3)n2)cc1|N#CCNC(=O)c1ccc(-c2ccnc(Nc3ccc(N4CCOC[CH2:1]4)cc3)n2)cc1|N#CCNC(=O)c1ccc(-c2ccnc(Nc3ccc(N4CCOCC4)c[cH:1]3)n2)cc1|N#CCNC(=O)c1ccc(-c2ccnc(Nc3ccc(N4CCOCC4)cc3)n2)[cH:1]c1|N#CCNC(=O)c1ccc(-c2ccnc(Nc3ccc(N4CCOCC4)cc3)n2)c[cH:1]1|N#CCNC(=O)c1ccc(-c2nc(Nc3ccc(N4CCOCC4)cc3)nc[cH:1]2)cc1|N#CCNC(=O)c1ccc(-c2ccnc(Nc3ccc(N4CCOCC4)[cH:1]c3)n2)cc1|N#C[CH2:1]NC(=O)c1ccc(-c2ccnc(Nc3ccc(N4CCOCC4)cc3)n2)cc1|N#CCNC(=O)c1ccc(-c2ccnc(Nc3ccc(N4CCO[CH2:1][CH2:1]4)cc3)n2)cc1|N#CCNC(=O)c1ccc(-c2ccnc(Nc3ccc(N4CCO[CH2:1]C4)cc3)n2)cc1|N#CC[NH:1]C(=O)c1ccc(-c2ccnc(Nc3ccc(N4CCOCC4)cc3)n2)cc1|N#C[CH2:1]NC(=O)c1ccc(-c2ccnc(Nc3ccc(N4CCOCC4)cc3)n2)cc1|N#CCNC(=O)c1ccc(-c2cc[n:1]c(Nc3ccc(N4CCOCC4)cc3)n2)cc1|N#[C:1][CH2:1]NC(=O)c1ccc(-c2ccnc(Nc3ccc(N4CCOCC4)cc3)n2)cc1|N#CCNC(=O)c1ccc(-c2c[cH:1]nc(Nc3ccc(N4CCOCC4)cc3)n2)cc1
36,N#CCNC(=O)c1ccc(-c2ccnc(Nc3ccc(N4CCOCC4)cc3)n2)cc1,CYP3A4,N#CCNC(=O)c1ccc(-c2ccnc(Nc3ccc(N4CCOCC4=O)cc3)n2)cc1,N#CCNC(=O)c1ccc(-c2ccnc(Nc3ccc(N4CCOC[CH2:1]4)cc3)n2)cc1,N#CCNC(=O)c1ccc(-c2ccnc(Nc3ccc(N4CCOC[CH2:1]4)cc3)n2)cc1|N#CC[NH:1]C(=O)c1ccc(-c2ccnc(Nc3ccc(N4CCOCC4)cc3)n2)cc1|N#CCNC(=O)c1ccc(-c2ccnc(Nc3ccc(N4CCO[CH2:1]C4)cc3)n2)cc1|N#CCNC(=O)c1ccc(-c2ccnc(Nc3ccc(N4CC[O:1][CH2:1]C4)cc3)n2)cc1|N#CCNC(=O)c1ccc(-c2ccnc(Nc3ccc(N4CCOCC4)c[cH:1]3)n2)cc1|N#CCNC(=O)c1ccc(-c2ccnc(Nc3ccc([N:1]4CCOC[CH2:1]4)cc3)n2)cc1|N#[C:1]CNC(=O)c1ccc(-c2ccnc(Nc3ccc(N4CCOCC4)cc3)n2)cc1|N#CCNC(=O)c1ccc(-c2ccnc(Nc3ccc(N4CCOC[CH2:1]4)cc3)n2)cc1|N#CCNC(=O)c1ccc(-c2ccnc(Nc3ccc(N4CCOCC4)cc3)n2)c[cH:1]1|N#CCNC(=O)c1ccc(-c2nc(Nc3ccc(N4CCOCC4)cc3)nc[cH:1]2)cc1|N#CCNC(=O)c1ccc(-c2ccnc(Nc3ccc(N4CCOCC4)cc3)n2)[cH:1]c1|N#CCNC(=O)c1ccc(-c2ccnc(Nc3ccc(N4CCOCC4)[cH:1]c3)n2)cc1|N#C[CH2:1]NC(=O)c1ccc(-c2ccnc(Nc3ccc(N4CCOCC4)cc3)n2)cc1|N#CCNC(=O)c1ccc(-c2cc[n:1]c(Nc3ccc(N4CCOCC4)cc3)n2)cc1|N#[C:1][CH2:1]NC(=O)c1ccc(-c2ccnc(Nc3ccc(N4CCOCC4)cc3)n2)cc1|N#CCNC(=O)c1ccc(-c2ccnc(Nc3ccc(N4CCO[CH2:1]C4)cc3)n2)cc1|N#CCNC(=O)c1ccc(-c2ccnc(Nc3ccc(N4CCO[CH2:1][CH2:1]4)cc3)n2)cc1|N#CCNC(=O)c1ccc(-c2c[cH:1]nc(Nc3ccc(N4CCOCC4)cc3)n2)cc1|N#CC[NH:1]C(=O)c1ccc(-c2ccnc(Nc3ccc(N4CCOCC4)cc3)n2)cc1|N#C[CH2:1]NC(=O)c1ccc(-c2ccnc(Nc3ccc(N4CCOCC4)cc3)n2)cc1|N#CCNC(=O)c1ccc(-c2ccnc(Nc3ccc(N4CCOC[CH2:1]4)cc3)n2)cc1|N#CCNC(=O)c1ccc(-c2ccnc(Nc3ccc(N4CCO[CH2:1]C4)cc3)n2)cc1|N#CC[NH:1]C(=O)c1ccc(-c2ccnc(Nc3ccc(N4CCOCC4)cc3)n2)cc1|N#CCNC(=O)c1ccc(-c2ccnc(Nc3ccc(N4CC[O:1][CH2:1]C4)cc3)n2)cc1|N#CCNC(=O)c1ccc(-c2ccnc(Nc3ccc([N:1]4CCOC[CH2:1]4)cc3)n2)cc1|N#[C:1]CNC(=O)c1ccc(-c2ccnc(Nc3ccc(N4CCOCC4)cc3)n2)cc1|N#CCNC(=O)c1ccc(-c2ccnc(Nc3ccc(N4CCOC[CH2:1]4)cc3)n2)cc1|N#CCNC(=O)c1ccc(-c2ccnc(Nc3ccc(N4CCOCC4)cc3)n2)c[cH:1]1|N#CCNC(=O)c1ccc(-c2ccnc(Nc3ccc(N4CCOCC4)c[cH:1]3)n2)cc1|N#CCNC(=O)c1ccc(-c2nc(Nc3ccc(N4CCOCC4)cc3)nc[cH:1]2)cc1|N#CCNC(=O)c1ccc(-c2ccnc(Nc3ccc(N4CCOCC4)cc3)n2)[cH:1]c1|N#CCNC(=O)c1ccc(-c2ccnc(Nc3ccc(N4CCOCC4)[cH:1]c3)n2)cc1|N#C[CH2:1]NC(=O)c1ccc(-c2ccnc(Nc3ccc(N4CCOCC4)cc3)n2)cc1|N#CCNC(=O)c1ccc(-c2cc[n:1]c(Nc3ccc(N4CCOCC4)cc3)n2)cc1|N#[C:1][CH2:1]NC(=O)c1ccc(-c2ccnc(Nc3ccc(N4CCOCC4)cc3)n2)cc1|N#CCNC(=O)c1ccc(-c2ccnc(Nc3ccc(N4CCO[CH2:1]C4)cc3)n2)cc1|N#CCNC(=O)c1ccc(-c2ccnc(Nc3ccc(N4CCO[CH2:1][CH2:1]4)cc3)n2)cc1|N#CC[NH:1]C(=O)c1ccc(-c2ccnc(Nc3ccc(N4CCOCC4)cc3)n2)cc1|O=C(NC[C:1]#[N:1])c1ccc(-c2ccnc(Nc3ccc(N4CCOCC4)cc3)n2)cc1|N#CCNC(=O)c1ccc(-c2ccnc(Nc3ccc([N:1]4CCOCC4)cc3)n2)cc1|N#CCNC(=O)c1ccc(-c2ccnc(Nc3ccc(N4CCOC[CH2:1]4)cc3)n2)cc1|N#CC[NH:1]C(=O)c1ccc(-c2ccnc(Nc3ccc(N4CCOCC4)cc3)n2)cc1|N#CCNC(=O)c1ccc(-c2ccnc(Nc3ccc(N4CCO[CH2:1]C4)cc3)n2)cc1|N#CCNC(=O)c1ccc(-c2ccnc(Nc3ccc(N4CC[O:1][CH2:1]C4)cc3)n2)cc1|N#CCNC(=O)c1ccc(-c2ccnc(Nc3ccc([N:1]4CCOC[CH2:1]4)cc3)n2)cc1|N#[C:1]CNC(=O)c1ccc(-c2ccnc(Nc3ccc(N4CCOCC4)cc3)n2)cc1|N#CCNC(=O)c1ccc(-c2ccnc(Nc3ccc(N4CCOC[CH2:1]4)cc3)n2)cc1|N#CCNC(=O)c1ccc(-c2ccnc(Nc3ccc(N4CCOCC4)c[cH:1]3)n2)cc1|N#CCNC(=O)c1ccc(-c2ccnc(Nc3ccc(N4CCOCC4)cc3)n2)[cH:1]c1|N#CCNC(=O)c1ccc(-c2ccnc(Nc3ccc(N4CCOCC4)cc3)n2)c[cH:1]1|N#CCNC(=O)c1ccc(-c2nc(Nc3ccc(N4CCOCC4)cc3)nc[cH:1]2)cc1|N#CCNC(=O)c1ccc(-c2ccnc(Nc3ccc(N4CCOCC4)[cH:1]c3)n2)cc1|N#C[CH2:1]NC(=O)c1ccc(-c2ccnc(Nc3ccc(N4CCOCC4)cc3)n2)cc1|N#CCNC(=O)c1ccc(-c2ccnc(Nc3ccc(N4CCO[CH2:1][CH2:1]4)cc3)n2)cc1|N#CCNC(=O)c1ccc(-c2ccnc(Nc3ccc(N4CCO[CH2:1]C4)cc3)n2)cc1|N#CC[NH:1]C(=O)c1ccc(-c2ccnc(Nc3ccc(N4CCOCC4)cc3)n2)cc1|N#C[CH2:1]NC(=O)c1ccc(-c2ccnc(Nc3ccc(N4CCOCC4)cc3)n2)cc1|N#CCNC(=O)c1ccc(-c2cc[n:1]c(Nc3ccc(N4CCOCC4)cc3)n2)cc1|N#[C:1][CH2:1]NC(=O)c1ccc(-c2ccnc(Nc3ccc(N4CCOCC4)cc3)n2)cc1|N#CCNC(=O)c1ccc(-c2c[cH:1]nc(Nc3ccc(N4CCOCC4)cc3)n2)cc1
37,O=C(C1CCCCC1)N1CC(=O)N2CCc3ccccc3C2C1,CYP1A2,O=C(C1CCC(O)CC1)N1CC(=O)N2CCc3ccccc3C2C1,O=C(C1CC[CH2:1]CC1)N1CC(=O)N2CCc3ccccc3C2C1,O=C1C[N:1](C(=O)C2CCCCC2)CC2c3ccccc3CCN12|O=C(C1CC[CH2:1]CC1)N1CC(=O)N2CCc3ccccc3C2C1|O=C(C1CCC[CH2:1]C1)N1CC(=O)N2CCc3ccccc3C2C1|O=C(C1CCCCC1)N1CC(=O)N2CC[c:1]3[cH:1][cH:1][cH:1][cH:1][c:1]3C2C1|O=C(C1CCCCC1)N1CC(=O)[N:1]2C(C1)c1ccccc1C[CH2:1]2|O=C(C1CCCCC1)N1CC2c3ccccc3CC[N:1]2[C:1](=O)C1|O=C(C1CCCCC1)N1CC(=O)N2C[CH2:1]c3ccccc3C2C1|O=C(C1CCCCC1)N1CC(=O)N2C(C1)c1ccccc1C[CH2:1]2|O=C(C1CCCCC1)N1CC(=O)N2CCc3c[cH:1]ccc3C2C1|O=C(C1CCCCC1)N1CC(=O)N2CC[c:1]3[cH:1][cH:1][cH:1][cH:1][c:1]3C2C1|O=C(C1CCCCC1)N1CC(=O)N2CCc3cc[cH:1]cc3C2C1|O=C(C1CCCCC1)N1CC(=O)N2CCc3c(ccc[cH:1]3)C2C1|O=C(C1CCCCC1)N1CC(=O)N2CCc3ccc[cH:1]c3C2C1|O=C(C1CCCCC1)N1CC2c3ccccc3CCN2C(=O)[CH2:1]1|O=C(C1CCCC[CH2:1]1)N1CC(=O)N2CCc3ccccc3C2C1|O=C(C1CCCCC1)N1CC(=O)[N:1]2C(C1)c1ccccc1C[CH2:1]2|O=C1CN(C(C2CCCCC2)=[O:1])CC2c3ccccc3CCN12|O=C(C1CCCCC1)[N:1]1CC(=O)[N:1]2[CH2:1][CH2:1][c:1]3[cH:1]cc[cH:1][c:1]3[CH:1]2[CH2:1]1|O=C1N2CCc3ccccc3C2C[N:1](C(=O)C2CCCCC2)[CH2:1]1|O=C(C1CCC[CH2:1]C1)N1CC(=O)N2CCc3ccccc3C2C1|O=C1C[N:1](C(=O)C2CCCCC2)CC2c3ccccc3CCN12|O=C(C1CC[CH2:1]CC1)N1CC(=O)N2CCc3ccccc3C2C1|O=C(C1CCC[CH2:1]C1)N1CC(=O)N2CCc3ccccc3C2C1|O=C(C1CCCCC1)N1CC(=O)N2CC[c:1]3[cH:1][cH:1][cH:1][cH:1][c:1]3C2C1|O=C(C1CCCCC1)N1CC2c3ccccc3CC[N:1]2[C:1](=O)C1|O=C(C1CCCCC1)N1CC(=O)N2C[CH2:1]c3ccccc3C2C1|O=C(C1CCCCC1)N1CC(=O)N2C(C1)c1ccccc1C[CH2:1]2|O=C(C1CCCCC1)N1CC(=O)[N:1]2C(C1)c1ccccc1C[CH2:1]2|O=C(C1CCCCC1)N1CC(=O)N2CC[c:1]3[cH:1][cH:1][cH:1][cH:1][c:1]3C2C1|O=C(C1CCCCC1)N1CC(=O)N2CCc3c[cH:1]ccc3C2C1|O=C(C1CCCCC1)N1CC(=O)N2CCc3cc[cH:1]cc3C2C1|O=C(C1CCCCC1)N1CC(=O)N2CCc3c(ccc[cH:1]3)C2C1|O=C(C1CCCCC1)N1CC(=O)N2CCc3ccc[cH:1]c3C2C1|O=C(C1CCCCC1)N1CC2c3ccccc3CCN2C(=O)[CH2:1]1|O=C(C1CCCCC1)N1CC(=O)[N:1]2C(C1)c1ccccc1C[CH2:1]2|O=C(C1CCCC[CH2:1]1)N1CC(=O)N2CCc3ccccc3C2C1|O=C(C1CCCCC1)[N:1]1CC(=O)[N:1]2[CH2:1][CH2:1][c:1]3[cH:1]cc[cH:1][c:1]3[CH:1]2[CH2:1]1|O=C1CN(C(C2CCCCC2)=[O:1])CC2c3ccccc3CCN12|O=C(C1CCC[CH2:1]C1)N1CC(=O)N2CCc3ccccc3C2C1|O=C1N2CCc3ccccc3C2C[N:1](C(=O)C2CCCCC2)[CH2:1]1|O=C1C[N:1](C(=O)C2CCCCC2)CC2c3ccccc3CCN12|O=C(C1CC[CH2:1]CC1)N1CC(=O)N2CCc3ccccc3C2C1|O=C(C1CCC[CH2:1]C1)N1CC(=O)N2CCc3ccccc3C2C1|O=C(C1CCCCC1)N1CC(=O)N2CC[c:1]3[cH:1][cH:1][cH:1][cH:1][c:1]3C2C1|O=C(C1CCCCC1)N1CC(=O)N2C[CH2:1]c3ccccc3C2C1|O=C(C1CCCCC1)N1CC2c3ccccc3CC[N:1]2[C:1](=O)C1|O=C(C1CCCCC1)N1CC(=O)[N:1]2C(C1)c1ccccc1C[CH2:1]2|O=C(C1CCCCC1)N1CC(=O)N2C(C1)c1ccccc1C[CH2:1]2|O=C(C1CCCCC1)N1CC(=O)N2CC[c:1]3[cH:1][cH:1][cH:1][cH:1][c:1]3C2C1|O=C(C1CCCCC1)N1CC(=O)N2CCc3c[cH:1]ccc3C2C1|O=C(C1CCCCC1)N1CC(=O)N2CCc3cc[cH:1]cc3C2C1|O=C(C1CCCCC1)N1CC(=O)N2CCc3c(ccc[cH:1]3)C2C1|O=C(C1CCCCC1)N1CC(=O)N2CCc3ccc[cH:1]c3C2C1|O=C(C1CCCCC1)N1CC(=O)[N:1]2C(C1)c1ccccc1C[CH2:1]2|O=C(C1CCCCC1)N1CC2c3ccccc3CCN2C(=O)[CH2:1]1|O=C(C1CCCC[CH2:1]1)N1CC(=O)N2CCc3ccccc3C2C1|O=C(C1CCCCC1)N1CC2c3ccccc3CCN2[C:1](=[O:1])C1|O=C(C1CCCCC1)[N:1]1CC(=O)[N:1]2[CH2:1][CH2:1][c:1]3[cH:1]cc[cH:1][c:1]3[CH:1]2[CH2:1]1|O=C1N2CCc3ccccc3C2C[N:1](C(=O)C2CCCCC2)[CH2:1]1|O=C1CN(C(C2CCCCC2)=[O:1])CC2c3ccccc3CCN12
38,O=C(C1CCCCC1)N1CC(=O)N2CCc3ccccc3C2C1,CYP2C9,O=C(C1CCC(O)CC1)N1CC(=O)N2CCc3ccccc3C2C1,O=C(C1CC[CH2:1]CC1)N1CC(=O)N2CCc3ccccc3C2C1,O=C1C[N:1](C(=O)C2CCCCC2)CC2c3ccccc3CCN12|O=C(C1CC[CH2:1]CC1)N1CC(=O)N2CCc3ccccc3C2C1|O=C(C1CCC[CH2:1]C1)N1CC(=O)N2CCc3ccccc3C2C1|O=C(C1CCCCC1)N1CC(=O)N2CC[c:1]3[cH:1][cH:1][cH:1][cH:1][c:1]3C2C1|O=C(C1CCCCC1)N1CC(=O)[N:1]2C(C1)c1ccccc1C[CH2:1]2|O=C(C1CCCCC1)N1CC2c3ccccc3CC[N:1]2[C:1](=O)C1|O=C(C1CCCCC1)N1CC(=O)N2C[CH2:1]c3ccccc3C2C1|O=C(C1CCCCC1)N1CC(=O)N2C(C1)c1ccccc1C[CH2:1]2|O=C(C1CCCCC1)N1CC(=O)N2CCc3c[cH:1]ccc3C2C1|O=C(C1CCCCC1)N1CC(=O)N2CC[c:1]3[cH:1][cH:1][cH:1][cH:1][c:1]3C2C1|O=C(C1CCCCC1)N1CC(=O)N2CCc3cc[cH:1]cc3C2C1|O=C(C1CCCCC1)N1CC(=O)N2CCc3c(ccc[cH:1]3)C2C1|O=C(C1CCCCC1)N1CC(=O)N2CCc3ccc[cH:1]c3C2C1|O=C(C1CCCCC1)N1CC2c3ccccc3CCN2C(=O)[CH2:1]1|O=C(C1CCCC[CH2:1]1)N1CC(=O)N2CCc3ccccc3C2C1|O=C(C1CCCCC1)N1CC(=O)[N:1]2C(C1)c1ccccc1C[CH2:1]2|O=C1CN(C(C2CCCCC2)=[O:1])CC2c3ccccc3CCN12|O=C(C1CCCCC1)[N:1]1CC(=O)[N:1]2[CH2:1][CH2:1][c:1]3[cH:1]cc[cH:1][c:1]3[CH:1]2[CH2:1]1|O=C1N2CCc3ccccc3C2C[N:1](C(=O)C2CCCCC2)[CH2:1]1|O=C(C1CCC[CH2:1]C1)N1CC(=O)N2CCc3ccccc3C2C1|O=C1C[N:1](C(=O)C2CCCCC2)CC2c3ccccc3CCN12|O=C(C1CC[CH2:1]CC1)N1CC(=O)N2CCc3ccccc3C2C1|O=C(C1CCC[CH2:1]C1)N1CC(=O)N2CCc3ccccc3C2C1|O=C(C1CCCCC1)N1CC(=O)N2CC[c:1]3[cH:1][cH:1][cH:1][cH:1][c:1]3C2C1|O=C(C1CCCCC1)N1CC2c3ccccc3CC[N:1]2[C:1](=O)C1|O=C(C1CCCCC1)N1CC(=O)N2C[CH2:1]c3ccccc3C2C1|O=C(C1CCCCC1)N1CC(=O)N2C(C1)c1ccccc1C[CH2:1]2|O=C(C1CCCCC1)N1CC(=O)[N:1]2C(C1)c1ccccc1C[CH2:1]2|O=C(C1CCCCC1)N1CC(=O)N2CC[c:1]3[cH:1][cH:1][cH:1][cH:1][c:1]3C2C1|O=C(C1CCCCC1)N1CC(=O)N2CCc3c[cH:1]ccc3C2C1|O=C(C1CCCCC1)N1CC(=O)N2CCc3cc[cH:1]cc3C2C1|O=C(C1CCCCC1)N1CC(=O)N2CCc3c(ccc[cH:1]3)C2C1|O=C(C1CCCCC1)N1CC(=O)N2CCc3ccc[cH:1]c3C2C1|O=C(C1CCCCC1)N1CC2c3ccccc3CCN2C(=O)[CH2:1]1|O=C(C1CCCCC1)N1CC(=O)[N:1]2C(C1)c1ccccc1C[CH2:1]2|O=C(C1CCCC[CH2:1]1)N1CC(=O)N2CCc3ccccc3C2C1|O=C(C1CCCCC1)[N:1]1CC(=O)[N:1]2[CH2:1][CH2:1][c:1]3[cH:1]cc[cH:1][c:1]3[CH:1]2[CH2:1]1|O=C1CN(C(C2CCCCC2)=[O:1])CC2c3ccccc3CCN12|O=C(C1CCC[CH2:1]C1)N1CC(=O)N2CCc3ccccc3C2C1|O=C1N2CCc3ccccc3C2C[N:1](C(=O)C2CCCCC2)[CH2:1]1|O=C1C[N:1](C(=O)C2CCCCC2)CC2c3ccccc3CCN12|O=C(C1CC[CH2:1]CC1)N1CC(=O)N2CCc3ccccc3C2C1|O=C(C1CCC[CH2:1]C1)N1CC(=O)N2CCc3ccccc3C2C1|O=C(C1CCCCC1)N1CC(=O)N2CC[c:1]3[cH:1][cH:1][cH:1][cH:1][c:1]3C2C1|O=C(C1CCCCC1)N1CC(=O)N2C[CH2:1]c3ccccc3C2C1|O=C(C1CCCCC1)N1CC2c3ccccc3CC[N:1]2[C:1](=O)C1|O=C(C1CCCCC1)N1CC(=O)[N:1]2C(C1)c1ccccc1C[CH2:1]2|O=C(C1CCCCC1)N1CC(=O)N2C(C1)c1ccccc1C[CH2:1]2|O=C(C1CCCCC1)N1CC(=O)N2CC[c:1]3[cH:1][cH:1][cH:1][cH:1][c:1]3C2C1|O=C(C1CCCCC1)N1CC(=O)N2CCc3c[cH:1]ccc3C2C1|O=C(C1CCCCC1)N1CC(=O)N2CCc3cc[cH:1]cc3C2C1|O=C(C1CCCCC1)N1CC(=O)N2CCc3c(ccc[cH:1]3)C2C1|O=C(C1CCCCC1)N1CC(=O)N2CCc3ccc[cH:1]c3C2C1|O=C(C1CCCCC1)N1CC(=O)[N:1]2C(C1)c1ccccc1C[CH2:1]2|O=C(C1CCCCC1)N1CC2c3ccccc3CCN2C(=O)[CH2:1]1|O=C(C1CCCC[CH2:1]1)N1CC(=O)N2CCc3ccccc3C2C1|O=C(C1CCCCC1)N1CC2c3ccccc3CCN2[C:1](=[O:1])C1|O=C(C1CCCCC1)[N:1]1CC(=O)[N:1]2[CH2:1][CH2:1][c:1]3[cH:1]cc[cH:1][c:1]3[CH:1]2[CH2:1]1|O=C1N2CCc3ccccc3C2C[N:1](C(=O)C2CCCCC2)[CH2:1]1|O=C1CN(C(C2CCCCC2)=[O:1])CC2c3ccccc3CCN12
39,O=C(C1CCCCC1)N1CC(=O)N2CCc3ccccc3C2C1,CYP3A4,O=C(C1CCC(O)CC1)N1CC(=O)N2CCc3ccccc3C2C1,O=C(C1CC[CH2:1]CC1)N1CC(=O)N2CCc3ccccc3C2C1,O=C1C[N:1](C(=O)C2CCCCC2)CC2c3ccccc3CCN12|O=C(C1CC[CH2:1]CC1)N1CC(=O)N2CCc3ccccc3C2C1|O=C(C1CCC[CH2:1]C1)N1CC(=O)N2CCc3ccccc3C2C1|O=C(C1CCCCC1)N1CC(=O)N2CC[c:1]3[cH:1][cH:1][cH:1][cH:1][c:1]3C2C1|O=C(C1CCCCC1)N1CC(=O)[N:1]2C(C1)c1ccccc1C[CH2:1]2|O=C(C1CCCCC1)N1CC2c3ccccc3CC[N:1]2[C:1](=O)C1|O=C(C1CCCCC1)N1CC(=O)N2C[CH2:1]c3ccccc3C2C1|O=C(C1CCCCC1)N1CC(=O)N2C(C1)c1ccccc1C[CH2:1]2|O=C(C1CCCCC1)N1CC(=O)N2CCc3c[cH:1]ccc3C2C1|O=C(C1CCCCC1)N1CC(=O)N2CC[c:1]3[cH:1][cH:1][cH:1][cH:1][c:1]3C2C1|O=C(C1CCCCC1)N1CC(=O)N2CCc3cc[cH:1]cc3C2C1|O=C(C1CCCCC1)N1CC(=O)N2CCc3c(ccc[cH:1]3)C2C1|O=C(C1CCCCC1)N1CC(=O)N2CCc3ccc[cH:1]c3C2C1|O=C(C1CCCCC1)N1CC2c3ccccc3CCN2C(=O)[CH2:1]1|O=C(C1CCCC[CH2:1]1)N1CC(=O)N2CCc3ccccc3C2C1|O=C(C1CCCCC1)N1CC(=O)[N:1]2C(C1)c1ccccc1C[CH2:1]2|O=C1CN(C(C2CCCCC2)=[O:1])CC2c3ccccc3CCN12|O=C(C1CCCCC1)[N:1]1CC(=O)[N:1]2[CH2:1][CH2:1][c:1]3[cH:1]cc[cH:1][c:1]3[CH:1]2[CH2:1]1|O=C1N2CCc3ccccc3C2C[N:1](C(=O)C2CCCCC2)[CH2:1]1|O=C(C1CCC[CH2:1]C1)N1CC(=O)N2CCc3ccccc3C2C1|O=C1C[N:1](C(=O)C2CCCCC2)CC2c3ccccc3CCN12|O=C(C1CC[CH2:1]CC1)N1CC(=O)N2CCc3ccccc3C2C1|O=C(C1CCC[CH2:1]C1)N1CC(=O)N2CCc3ccccc3C2C1|O=C(C1CCCCC1)N1CC(=O)N2CC[c:1]3[cH:1][cH:1][cH:1][cH:1][c:1]3C2C1|O=C(C1CCCCC1)N1CC2c3ccccc3CC[N:1]2[C:1](=O)C1|O=C(C1CCCCC1)N1CC(=O)N2C[CH2:1]c3ccccc3C2C1|O=C(C1CCCCC1)N1CC(=O)N2C(C1)c1ccccc1C[CH2:1]2|O=C(C1CCCCC1)N1CC(=O)[N:1]2C(C1)c1ccccc1C[CH2:1]2|O=C(C1CCCCC1)N1CC(=O)N2CC[c:1]3[cH:1][cH:1][cH:1][cH:1][c:1]3C2C1|O=C(C1CCCCC1)N1CC(=O)N2CCc3c[cH:1]ccc3C2C1|O=C(C1CCCCC1)N1CC(=O)N2CCc3cc[cH:1]cc3C2C1|O=C(C1CCCCC1)N1CC(=O)N2CCc3c(ccc[cH:1]3)C2C1|O=C(C1CCCCC1)N1CC(=O)N2CCc3ccc[cH:1]c3C2C1|O=C(C1CCCCC1)N1CC2c3ccccc3CCN2C(=O)[CH2:1]1|O=C(C1CCCCC1)N1CC(=O)[N:1]2C(C1)c1ccccc1C[CH2:1]2|O=C(C1CCCC[CH2:1]1)N1CC(=O)N2CCc3ccccc3C2C1|O=C(C1CCCCC1)[N:1]1CC(=O)[N:1]2[CH2:1][CH2:1][c:1]3[cH:1]cc[cH:1][c:1]3[CH:1]2[CH2:1]1|O=C1CN(C(C2CCCCC2)=[O:1])CC2c3ccccc3CCN12|O=C(C1CCC[CH2:1]C1)N1CC(=O)N2CCc3ccccc3C2C1|O=C1N2CCc3ccccc3C2C[N:1](C(=O)C2CCCCC2)[CH2:1]1|O=C1C[N:1](C(=O)C2CCCCC2)CC2c3ccccc3CCN12|O=C(C1CC[CH2:1]CC1)N1CC(=O)N2CCc3ccccc3C2C1|O=C(C1CCC[CH2:1]C1)N1CC(=O)N2CCc3ccccc3C2C1|O=C(C1CCCCC1)N1CC(=O)N2CC[c:1]3[cH:1][cH:1][cH:1][cH:1][c:1]3C2C1|O=C(C1CCCCC1)N1CC(=O)N2C[CH2:1]c3ccccc3C2C1|O=C(C1CCCCC1)N1CC2c3ccccc3CC[N:1]2[C:1](=O)C1|O=C(C1CCCCC1)N1CC(=O)[N:1]2C(C1)c1ccccc1C[CH2:1]2|O=C(C1CCCCC1)N1CC(=O)N2C(C1)c1ccccc1C[CH2:1]2|O=C(C1CCCCC1)N1CC(=O)N2CC[c:1]3[cH:1][cH:1][cH:1][cH:1][c:1]3C2C1|O=C(C1CCCCC1)N1CC(=O)N2CCc3c[cH:1]ccc3C2C1|O=C(C1CCCCC1)N1CC(=O)N2CCc3cc[cH:1]cc3C2C1|O=C(C1CCCCC1)N1CC(=O)N2CCc3c(ccc[cH:1]3)C2C1|O=C(C1CCCCC1)N1CC(=O)N2CCc3ccc[cH:1]c3C2C1|O=C(C1CCCCC1)N1CC(=O)[N:1]2C(C1)c1ccccc1C[CH2:1]2|O=C(C1CCCCC1)N1CC2c3ccccc3CCN2C(=O)[CH2:1]1|O=C(C1CCCC[CH2:1]1)N1CC(=O)N2CCc3ccccc3C2C1|O=C(C1CCCCC1)N1CC2c3ccccc3CCN2[C:1](=[O:1])C1|O=C(C1CCCCC1)[N:1]1CC(=O)[N:1]2[CH2:1][CH2:1][c:1]3[cH:1]cc[cH:1][c:1]3[CH:1]2[CH2:1]1|O=C1N2CCc3ccccc3C2C[N:1](C(=O)C2CCCCC2)[CH2:1]1|O=C1CN(C(C2CCCCC2)=[O:1])CC2c3ccccc3CCN12
40,O=C(O)CNC(=O)C1C(=O)N(C2CCCCC2)C(=O)N(C2CCCCC2)C1=O,CYP3A4,O=C(O)CNC(=O)C1C(=O)N(C2CCC(O)CC2)C(=O)N([C@H]2CC[C@H](O)CC2)C1O|O=C(O)CNC(=O)C1C(=O)N(C2CCC[C@@H](O)C2)C(=O)N([C@H]2CC[C@H](O)CC2)C1O|O=C(O)CNC(=O)C1C(=O)N(C2CCC[C@H](O)C2)C(=O)N([C@@H]2CCC[C@H](O)C2)C1=O|O=C(O)CNC(=O)C1C(=O)N(C2CCC[C@H](O)C2)C(=O)N([C@H]2CCC[C@H](O)C2)C1O,O=C(O)CNC(=O)C1C(=O)N(C2CCC[CH2:1]C2)C(=O)N(C2CCC[CH2:1]C2)C1=O|O=C(O)CNC(=O)C1C(=O)N(C2CCC[CH2:1]C2)C(=O)N(C2CCC[CH2:1]C2)[C:1]1=[O:1]|O=C(O)CNC(=O)C1C(=O)N(C2CCC[CH2:1]C2)C(=O)N(C2CC[CH2:1]CC2)[C:1]1=[O:1]|O=C(O)CNC(=O)C1C(=O)N(C2CC[CH2:1]CC2)C(=O)N(C2CC[CH2:1]CC2)[C:1]1=[O:1],O=C(O)CNC(=O)C1C(=O)N(C2CCCCC2)C(=O)N(C2CC[CH2:1]CC2)C1=O|O=C(O)CNC(=O)C1C(=O)N(C2CCCCC2)C(=O)N([CH:1]2C[CH2:1][CH2:1][CH2:1][CH2:1]2)C1=O|O=C(O)CNC(=O)C1C(=O)N(C2CCCCC2)C(=O)N(C2CCC[CH2:1]C2)C1=O|O=C(O)C[NH:1]C(=O)C1C(=O)N(C2CCCCC2)C(=O)N(C2CCCCC2)C1=O|O=C(O)CNC(=O)C1C(=O)N(C2CCCCC2)C(=O)N([CH:1]2C[CH2:1][CH2:1][CH2:1][CH2:1]2)C1=O|O=C(O)CNC(=O)C1C(=O)N(C2CCCCC2)C(=O)N([CH:1]2C[CH2:1][CH2:1][CH2:1][CH2:1]2)C1=O|O=C(O)CNC(=O)C1C(=O)N(C2CCCCC2)C(=O)N([CH:1]2C[CH2:1][CH2:1][CH2:1][CH2:1]2)C1=O|O=C(O)CNC(=O)C1C(=O)N(C2CCCCC2)C(=O)N(C2C[CH2:1][CH2:1][CH2:1][CH2:1]2)C1=O|O=C(O)CNC(=O)C1C(=O)N(C2CCCCC2)C(=O)N(C2C[CH2:1][CH2:1][CH2:1][CH2:1]2)C1=O|O=C(O)CNC(=O)C1C(=O)N(C2CCCCC2)C(=O)N(C2C[CH2:1][CH2:1][CH2:1][CH2:1]2)C1=O|O=C(O)CNC(=O)C1C(=O)N(C2CCCCC2)C(=O)N(C2C[CH2:1][CH2:1][CH2:1][CH2:1]2)C1=O|O=C(O)CNC(=O)C1C(=O)N(C2CCCCC2)C(=O)N(C2C[CH2:1][CH2:1][CH2:1][CH2:1]2)C1=O|O=C(O)CNC(=O)C1C(=O)N(C2CCCCC2)C(=O)N([CH:1]2C[CH2:1][CH2:1][CH2:1][CH2:1]2)C1=O|O=C(O)CNC(=O)C1C(=O)N(C2CCCCC2)C(=O)N([CH:1]2C[CH2:1][CH2:1][CH2:1][CH2:1]2)C1=O|O=C(O)CNC(=O)[CH:1]1C(=O)N(C2CCCCC2)C(=O)N(C2CCCCC2)C1=O|O=C(O)CNC(=O)C1C(=O)N(C2CCCCC2)C(=O)N(C2CCCCC2)C1=O|O=C(NC[C:1](O)=[O:1])C1C(=O)N(C2CCCCC2)C(=O)N(C2CCCCC2)C1=O|O=C(O)CNC(=O)C1C(=O)N(C2CCCCC2)C(=O)N(C2C[CH2:1][CH2:1][CH2:1][CH2:1]2)C1=O|O=C(NC[C:1](=O)[OH:1])C1C(=O)N(C2CCCCC2)C(=O)N(C2CCCCC2)C1=O|invalid
41,O=C(O)CNC(=O)C1C(=O)N(C2CCC[C@H](O)C2)C(=O)N([C@H]2CC[C@H](O)CC2)C1O,CYP3A4,O=C(O)CNC(=O)C1C(=O)N(C2CC[C@H](O)[C@H](O)C2)C(=O)N([C@H]2CC[C@H](O)CC2)C1O,O=C(O)CNC(=O)C1C(=O)N(C2CC[CH2:1][C@H](O)C2)C(=O)N([C@H]2CC[C@H](O)CC2)C1O,O=C(O)CNC(=O)C1C(=O)N(C2CCC[C@H](O)C2)C(=O)N([C@H]2CC[C@H:1]([OH:1])CC2)C1O|O=C(O)CNC(=O)C1C(=O)N(C2CCC[C@H:1]([OH:1])C2)C(=O)N([C@H]2CC[C@H](O)CC2)C1O|O=C(O)CNC(=O)C1C(=O)N(C2CCC[C@H](O)C2)C(=O)N([C@H]2CC[C@H:1]([OH:1])CC2)C1O|O=C(O)CNC(=O)C1C(=O)N(C2CC[CH2:1][C@H](O)C2)C(=O)N([C@H]2CC[C@H](O)CC2)C1O|O=C(O)CNC(=O)C1C(=O)N(C2CCC[C@H:1]([OH:1])C2)C(=O)N([C@H]2CC[C@H](O)CC2)C1O|O=C(O)CNC(=O)C1C(=O)N(C2CCC[C@H](O)C2)C(=O)N([C@H]2CC[C@H:1]([OH:1])CC2)C1O|O=C(O)CNC(=O)C1C(=O)N(C2CCC[C@H](O)C2)C(=O)N([C@H]2CC[C@H](O)CC2)[CH:1]1[OH:1]|O=C(O)CNC(=O)C1C(=O)N(C2CCC[C@H:1]([OH:1])C2)C(=O)N([C@H]2CC[C@H](O)CC2)C1O|O=C(O)CNC(=O)C1C(=O)N(C2CC[CH2:1][C@H](O)C2)C(=O)N([C@H]2CC[C@H](O)CC2)C1O|O=C(O)CNC(=O)C1C(=O)N(C2CC[CH2:1][C@H](O)C2)C(=O)N([C@H]2CC[C@H](O)CC2)C1O|O=C(O)CNC(=O)C1C(=O)N(C2CC[CH2:1][C@H](O)C2)C(=O)N([C@H]2CC[C@H](O)CC2)C1O|O=C(O)CNC(=O)C1C(=O)N(C2CCC[C@H](O)C2)C(=O)N([C@H]2CC[C@H](O)CC2)[CH:1]1[OH:1]|O=C(O)CNC(=O)C1C(=O)N(C2CCC[C@H](O)C2)C(=O)N([C@H]2CC[C@H](O)CC2)[CH:1]1[OH:1]|O=C(O)CNC(=O)C1C(=O)N(C2CCC[C@H](O)C2)C(=O)[N:1]([C@H]2CC[C@H](O)CC2)C1O|O=C(O)CNC(=O)C1C(O)N([C@H]2CC[C@H](O)CC2)C(=O)[N:1](C2CCC[C@H](O)C2)[C:1]1=O|O=C(O)CNC(=O)C1C(=O)N(C2CC[CH2:1][C@H](O)C2)C(=O)N([C@H]2CC[C@H](O)CC2)C1O|O=C(O)CNC(=O)C1C(=O)N(C2CCC[C@H](O)C2)C(=O)[N:1]([C@H]2CC[C@H](O)CC2)C1O|O=C(O)CNC(=O)C1C(=O)N(C2CCC[C@H](O)C2)C(=O)N([C@H]2CC[C@H](O)[CH2:1]C2)C1O|O=C(O)CNC(=O)C1C(=O)N(C2CC[CH2:1][C@H](O)C2)C(=O)N([C@H]2CC[C@H](O)CC2)C1O|O=C(O)CNC(=O)C1[C:1](=[O:1])[N:1](C2CCC[C@H](O)C2)C(=O)[N:1]([C@H]2CC[C@H](O)CC2)[CH:1]1[OH:1]
42,O=C(O)C[C@H](O)C[C@H](O)/C=C/c1c(C2CC2)nc2ccccc2c1-c1ccc(F)cc1,CYP2C9,O=C(O)C[C@H](O)C[C@H](O)/C=C/c1c(C2CC2)nc2c(O)cccc2c1-c1ccc(F)cc1,O=C(O)C[C@H](O)C[C@H](O)/C=C/c1c(C2CC2)nc2c(ccc[cH:1]2)c1-c1ccc(F)cc1,O=C(O)C[C@@H:1](C[C@H](O)/C=C/c1c(C2CC2)nc2ccccc2c1-c1ccc(F)cc1)[OH:1]|O=C(O)C[C@@H:1](C[C@H](O)/C=C/c1c(C2CC2)nc2ccccc2c1-c1ccc(F)cc1)[OH:1]|O=C(O)C[C@H](O)C[C@@H:1](/C=C/c1c(C2CC2)nc2ccccc2c1-c1ccc(F)cc1)[OH:1]|O=C(O)C[C@H](O)C[C@H](O)/C=C/c1c(C2CC2)nc2cc[cH:1]cc2c1-c1ccc(F)cc1|O=C(C[C@H](O)C[C@H](O)/C=C/c1c(C2CC2)nc2ccccc2c1-c1ccc(F)cc1)[OH:1]|O=C(O)C[C@H](O)C[C@H](O)/C=C/c1c(C2CC2)nc2ccccc2c1-c1ccc(F)[cH:1]c1|O=C(O)C[C@H](O)C[C@H](O)/C=C/[c:1]1[c:1](C2CC2)[n:1][c:1]2cccc[c:1]2[c:1]1-c1ccc(F)cc1|O=C(O)C[C@H](O)C[C@H](O)/C=C/c1c(C2CC2)nc2cc[cH:1]cc2c1-c1ccc(F)cc1|O=C(O)C[C@H](O)C[C@H](O)/C=C/c1c(C2CC2)n[c:1]2[cH:1][cH:1][cH:1][cH:1][c:1]2c1-c1ccc(F)cc1|O=C(O)C[C@H](O)C[C@H](O)/C=C/c1c(C2CC2)nc2ccccc2c1-c1ccc(F)c[cH:1]1|O=C(O)C[C@H:1](O)C[C@H](O)/C=C/c1c(C2CC2)nc2ccccc2c1-c1ccc(F)cc1|O=C(O)C[C@H](O)C[C@H](O)/C=C/[c:1]1[c:1](C2CC2)[n:1][c:1]2cccc[c:1]2[c:1]1-c1ccc(F)cc1|O=C(O)C[C@H](O)C[C@H](O)/C=C/c1c(C2CC2)nc2c[cH:1]ccc2c1-c1ccc(F)cc1|O=C(O)C[C@H](O)C[C@H](O)/C=C/c1c(C2CC2)nc2c[cH:1]ccc2c1-c1ccc(F)cc1|O=C(O)C[C@H](O)C[C@H](O)/C=C/[c:1]1[c:1](C2CC2)[n:1][c:1]2cccc[c:1]2[c:1]1-c1ccc(F)cc1|O=C(O)C[C@@H](C[C@H](O)/C=C/c1c(C2CC2)nc2ccccc2c1-c1ccc(F)cc1)[OH:1]|O=C(O)C[C@H](O)C[C@@H:1](/C=C/c1c(C2CC2)nc2ccccc2c1-c1ccc(F)cc1)[OH:1]|O=C(O)C[C@H](O)C[C@H](O)/C=C/c1c(C2CC2)nc2ccccc2c1-c1ccc(F)cc1|O=C(O)C[C@H](O)C[C@H](O)/C=C/c1c(C2CC2)nc2ccc[cH:1]c2c1-c1ccc(F)cc1|O=C(O)C[C@H](O)C[C@H](O)/C=C/c1c(C2CC2)nc2ccc[cH:1]c2c1-c1ccc(F)cc1
43,O=C1CC(O)CC(/C=C/c2c(C3CC3)nc3ccccc3c2-c2ccc(F)cc2)O1,CYP3A4,O=C(O)CC(O)CC(=O)/C=C/c1c(C2CC2)nc2ccccc2c1-c1ccc(F)cc1,O=[C:1]1CC(O)C[CH:1](/C=C/c2c(C3CC3)nc3ccccc3c2-c2ccc(F)cc2)[O:1]1,O=C1OC(/C=C/c2c(C3CC3)nc3ccccc3c2-c2ccc(F)cc2)C[CH:1](O)[CH2:1]1|O=[C:1]1CC(O)CC(/C=C/c2c(C3CC3)nc3ccccc3c2-c2ccc(F)cc2)[O:1]1|O=C1CC(O)CC(/C=C/c2c(C3CC3)nc3cc[cH:1]cc3c2-c2ccc(F)cc2)O1|O=C1CC(O)CC(/C=C/c2c(C3CC3)nc3c[cH:1]ccc3c2-c2ccc(F)cc2)O1|O=C1CC(O)CC(/C=C/c2c(-c3ccc(F)cc3)c3ccccc3[n:1]c2C2CC2)O1|O=C1OC(/C=C/c2c(C3CC3)nc3ccccc3c2-c2ccc(F)cc2)C[CH:1]([OH:1])[CH2:1]1|O=C1C[CH:1](O)[CH2:1]C(/C=C/c2c(C3CC3)nc3ccccc3c2-c2ccc(F)cc2)O1|O=C1CC(O)CC(/C=C/c2c(C3CC3)n[c:1]3[cH:1][cH:1][cH:1][cH:1][c:1]3c2-c2ccc(F)cc2)O1|O=C1CC(O)CC(/C=C/c2c(C3CC3)nc3c(ccc[cH:1]3)c2-c2ccc(F)cc2)O1|O=C1OC(/C=C/c2c(C3CC3)nc3ccccc3c2-c2ccc(F)cc2)C[CH:1](O)[CH2:1]1|O=C1C[CH:1]([OH:1])CC(/C=C/c2c(C3CC3)nc3ccccc3c2-c2ccc(F)cc2)O1|O=C1CC(O)CC(/C=C/c2c(C3CC3)nc3ccc[cH:1]c3c2-c2ccc(F)cc2)O1|O=C1CC(O)[CH2:1]C(/C=C/c2c(C3CC3)nc3ccccc3c2-c2ccc(F)cc2)O1|O=C1CC(O)CC(/C=C/c2c(C3CC3)n[c:1]3[cH:1][cH:1][cH:1][cH:1][c:1]3c2-c2ccc(F)cc2)O1|O=[C:1]1[CH2:1][CH:1](O)[CH2:1][CH:1](/C=C/c2c(C3CC3)nc3ccccc3c2-c2ccc(F)cc2)[O:1]1|O=[C:1]1CC(O)CC(/C=C/c2c(C3CC3)nc3ccccc3c2-c2ccc(F)cc2)[O:1]1|O=C1CC(O)CC(/C=C/[c:1]2[c:1](C3CC3)[n:1][c:1]3cccc[c:1]3[c:1]2-c2ccc(F)cc2)O1|O=C1CC(O)CC(/C=C/c2c(C3CC3)nc3ccccc3c2-c2ccc(F)cc2)O1|O=[C:1]1CC(O)CC(/C=C/c2c(C3CC3)nc3ccccc3c2-c2ccc(F)cc2)[O:1]1|O=[C:1]1CC(O)CC(/C=C/c2c(C3CC3)nc3ccccc3c2-c2ccc(F)cc2)[O:1]1
44,O=C1CN=C(c2ccccc2F)c2cc(Cl)ccc2N1CC(F)(F)F,CYP2C9,O=C1C(O)N=C(c2ccccc2F)c2cc(Cl)ccc2N1CC(F)(F)F|O=C1CN=C(c2ccccc2F)c2cc(Cl)ccc2N1,O=C1CN=C(c2ccccc2F)c2cc(Cl)ccc2[N:1]1CC(F)(F)F|O=C1N(CC(F)(F)F)c2ccc(Cl)cc2C(c2ccccc2F)=N[CH2:1]1,O=C1CN=C(c2ccccc2F)c2cc(Cl)ccc2[N:1]1CC(F)(F)F|O=C1[CH2:1][N:1]=[C:1](c2ccccc2F)c2cc(Cl)ccc2[N:1]1CC(F)(F)F|O=C1C[N:1]=[C:1](c2ccccc2F)c2cc(Cl)ccc2[N:1]1CC(F)(F)F|O=C1[CH2:1][N:1]=[C:1](c2ccccc2F)c2cc(Cl)ccc2[N:1]1CC(F)(F)F|O=C1N(CC(F)(F)F)c2ccc(Cl)cc2C(c2ccccc2F)=N[CH2:1]1|O=C1N(CC(F)(F)F)c2ccc(Cl)cc2C(c2ccccc2F)=N[CH2:1]1|O=C1C[N:1]=[C:1](c2ccccc2F)c2cc(Cl)ccc2[N:1]1CC(F)(F)F|O=C1C[N:1]=[C:1](c2ccccc2F)[c:1]2cc(Cl)cc[c:1]2[N:1]1CC(F)(F)F|O=C1[CH2:1]N=C(c2ccccc2F)c2cc(Cl)ccc2[N:1]1CC(F)(F)F|O=C1N(CC(F)(F)F)c2ccc(Cl)cc2C(c2ccccc2F)=N[CH2:1]1|Fc1ccccc1[C:1]1=[N:1][CH2:1][C:1](=[O:1])N(CC(F)(F)F)c2ccc(Cl)cc21|O=C1CN=C([c:1]2cccc[c:1]2F)c2cc(Cl)ccc2N1CC(F)([F:1])[F:1]|O=C1C[N:1]=[C:1](c2ccccc2F)c2cc(Cl)[cH:1]cc2N1CC(F)(F)F|O=C1N(CC(F)(F)F)c2ccc(Cl)cc2C(c2ccccc2F)=N[CH2:1]1|O=C1CN=C(c2cc[cH:1]cc2F)c2cc(Cl)ccc2N1CC(F)(F)F|O=C1C[N:1]=[C:1](c2ccccc2F)[c:1]2[cH:1][c:1](Cl)[cH:1][cH:1][c:1]2[N:1]1CC(F)(F)F|O=C1C[N:1]=[C:1](c2ccccc2F)c2cc(Cl)ccc2N1CC(F)(F)F|Fc1ccccc1[C:1]1=[N:1][CH2:1][C:1](=[O:1])[N:1](CC(F)(F)F)c2ccc(Cl)cc21|FC(CN1c2ccc(Cl)cc2C(c2ccccc2[F:1])=N[CH2:1][C:1]1=[O:1])([F:1])[F:1]|O=C1[CH2:1]N=C(c2ccccc2F)c2cc(Cl)ccc2[N:1]1CC(F)(F)F|O=C1CN=C(c2ccccc2F)c2cc(Cl)ccc2[N:1]1CC(F)(F)F|O=C1[CH2:1][N:1]=[C:1](c2ccccc2F)c2cc(Cl)ccc2[N:1]1CC(F)(F)F|O=C1C[N:1]=[C:1](c2ccccc2F)c2cc(Cl)ccc2[N:1]1CC(F)(F)F|O=C1[CH2:1][N:1]=[C:1](c2ccccc2F)c2cc(Cl)ccc2[N:1]1CC(F)(F)F|O=C1N(CC(F)(F)F)c2ccc(Cl)cc2C(c2ccccc2F)=N[CH2:1]1|O=C1C[N:1]=[C:1](c2ccccc2F)[c:1]2cc(Cl)cc[c:1]2[N:1]1CC(F)(F)F|O=C1N(CC(F)(F)F)c2ccc(Cl)cc2C(c2ccccc2F)=N[CH2:1]1|O=C1C[N:1]=[C:1](c2ccccc2F)c2cc(Cl)ccc2[N:1]1CC(F)(F)F|O=C1[CH2:1]N=C(c2ccccc2F)c2cc(Cl)ccc2[N:1]1CC(F)(F)F|O=C1CN=C([c:1]2cccc[c:1]2F)c2cc(Cl)ccc2N1CC(F)([F:1])[F:1]|O=C1N(CC(F)(F)F)c2ccc(Cl)cc2C(c2ccccc2F)=N[CH2:1]1|Fc1ccccc1[C:1]1=[N:1][CH2:1][C:1](=[O:1])N(CC(F)(F)F)c2ccc(Cl)cc21|O=C1C[N:1]=[C:1](c2ccccc2F)c2cc(Cl)[cH:1]cc2N1CC(F)(F)F|O=C1[CH2:1]N=C(c2ccccc2F)c2cc(Cl)ccc2[N:1]1CC(F)(F)F|O=C1C[N:1]=[C:1](c2ccccc2F)[c:1]2[cH:1][c:1](Cl)[cH:1][cH:1][c:1]2[N:1]1CC(F)(F)F|O=C1CN=C(c2cc[cH:1]cc2F)c2cc(Cl)ccc2N1CC(F)(F)F|O=C1N(CC(F)(F)F)c2ccc(Cl)cc2C(c2ccccc2F)=N[CH2:1]1|Fc1ccccc1[C:1]1=[N:1][CH2:1][C:1](=[O:1])[N:1](CC(F)(F)F)c2ccc(Cl)cc21|Fc1ccccc1[C:1]1=[N:1][CH2:1][C:1](=[O:1])[N:1](CC(F)(F)F)c2ccc(Cl)cc21|FC(CN1c2ccc(Cl)cc2C(c2ccccc2[F:1])=N[CH2:1][C:1]1=[O:1])([F:1])[F:1]
45,O=C1CN=C(c2ccccc2F)c2cc(Cl)ccc2N1CC(F)(F)F,CYP3A4,O=C1C(O)N=C(c2ccccc2F)c2cc(Cl)ccc2N1CC(F)(F)F|O=C1CN=C(c2ccccc2F)c2cc(Cl)ccc2N1,O=C1CN=C(c2ccccc2F)c2cc(Cl)ccc2[N:1]1CC(F)(F)F|O=C1N(CC(F)(F)F)c2ccc(Cl)cc2C(c2ccccc2F)=N[CH2:1]1,O=C1CN=C(c2ccccc2F)c2cc(Cl)ccc2[N:1]1CC(F)(F)F|O=C1[CH2:1][N:1]=[C:1](c2ccccc2F)c2cc(Cl)ccc2[N:1]1CC(F)(F)F|O=C1C[N:1]=[C:1](c2ccccc2F)c2cc(Cl)ccc2[N:1]1CC(F)(F)F|O=C1[CH2:1][N:1]=[C:1](c2ccccc2F)c2cc(Cl)ccc2[N:1]1CC(F)(F)F|O=C1N(CC(F)(F)F)c2ccc(Cl)cc2C(c2ccccc2F)=N[CH2:1]1|O=C1N(CC(F)(F)F)c2ccc(Cl)cc2C(c2ccccc2F)=N[CH2:1]1|O=C1C[N:1]=[C:1](c2ccccc2F)c2cc(Cl)ccc2[N:1]1CC(F)(F)F|O=C1C[N:1]=[C:1](c2ccccc2F)[c:1]2cc(Cl)cc[c:1]2[N:1]1CC(F)(F)F|O=C1[CH2:1]N=C(c2ccccc2F)c2cc(Cl)ccc2[N:1]1CC(F)(F)F|O=C1N(CC(F)(F)F)c2ccc(Cl)cc2C(c2ccccc2F)=N[CH2:1]1|Fc1ccccc1[C:1]1=[N:1][CH2:1][C:1](=[O:1])N(CC(F)(F)F)c2ccc(Cl)cc21|O=C1CN=C([c:1]2cccc[c:1]2F)c2cc(Cl)ccc2N1CC(F)([F:1])[F:1]|O=C1C[N:1]=[C:1](c2ccccc2F)c2cc(Cl)[cH:1]cc2N1CC(F)(F)F|O=C1N(CC(F)(F)F)c2ccc(Cl)cc2C(c2ccccc2F)=N[CH2:1]1|O=C1CN=C(c2cc[cH:1]cc2F)c2cc(Cl)ccc2N1CC(F)(F)F|O=C1C[N:1]=[C:1](c2ccccc2F)[c:1]2[cH:1][c:1](Cl)[cH:1][cH:1][c:1]2[N:1]1CC(F)(F)F|O=C1C[N:1]=[C:1](c2ccccc2F)c2cc(Cl)ccc2N1CC(F)(F)F|Fc1ccccc1[C:1]1=[N:1][CH2:1][C:1](=[O:1])[N:1](CC(F)(F)F)c2ccc(Cl)cc21|FC(CN1c2ccc(Cl)cc2C(c2ccccc2[F:1])=N[CH2:1][C:1]1=[O:1])([F:1])[F:1]|O=C1[CH2:1]N=C(c2ccccc2F)c2cc(Cl)ccc2[N:1]1CC(F)(F)F|O=C1CN=C(c2ccccc2F)c2cc(Cl)ccc2[N:1]1CC(F)(F)F|O=C1[CH2:1][N:1]=[C:1](c2ccccc2F)c2cc(Cl)ccc2[N:1]1CC(F)(F)F|O=C1C[N:1]=[C:1](c2ccccc2F)c2cc(Cl)ccc2[N:1]1CC(F)(F)F|O=C1[CH2:1][N:1]=[C:1](c2ccccc2F)c2cc(Cl)ccc2[N:1]1CC(F)(F)F|O=C1N(CC(F)(F)F)c2ccc(Cl)cc2C(c2ccccc2F)=N[CH2:1]1|O=C1C[N:1]=[C:1](c2ccccc2F)[c:1]2cc(Cl)cc[c:1]2[N:1]1CC(F)(F)F|O=C1N(CC(F)(F)F)c2ccc(Cl)cc2C(c2ccccc2F)=N[CH2:1]1|O=C1C[N:1]=[C:1](c2ccccc2F)c2cc(Cl)ccc2[N:1]1CC(F)(F)F|O=C1[CH2:1]N=C(c2ccccc2F)c2cc(Cl)ccc2[N:1]1CC(F)(F)F|O=C1CN=C([c:1]2cccc[c:1]2F)c2cc(Cl)ccc2N1CC(F)([F:1])[F:1]|O=C1N(CC(F)(F)F)c2ccc(Cl)cc2C(c2ccccc2F)=N[CH2:1]1|Fc1ccccc1[C:1]1=[N:1][CH2:1][C:1](=[O:1])N(CC(F)(F)F)c2ccc(Cl)cc21|O=C1C[N:1]=[C:1](c2ccccc2F)c2cc(Cl)[cH:1]cc2N1CC(F)(F)F|O=C1[CH2:1]N=C(c2ccccc2F)c2cc(Cl)ccc2[N:1]1CC(F)(F)F|O=C1C[N:1]=[C:1](c2ccccc2F)[c:1]2[cH:1][c:1](Cl)[cH:1][cH:1][c:1]2[N:1]1CC(F)(F)F|O=C1CN=C(c2cc[cH:1]cc2F)c2cc(Cl)ccc2N1CC(F)(F)F|O=C1N(CC(F)(F)F)c2ccc(Cl)cc2C(c2ccccc2F)=N[CH2:1]1|Fc1ccccc1[C:1]1=[N:1][CH2:1][C:1](=[O:1])[N:1](CC(F)(F)F)c2ccc(Cl)cc21|Fc1ccccc1[C:1]1=[N:1][CH2:1][C:1](=[O:1])[N:1](CC(F)(F)F)c2ccc(Cl)cc21|FC(CN1c2ccc(Cl)cc2C(c2ccccc2[F:1])=N[CH2:1][C:1]1=[O:1])([F:1])[F:1]
46,OC(c1ccccc1)(c1ccccc1)C12CC[N+](CCOCc3ccccc3)(CC1)CC2,CYP2D6,OCC[N+]12CCC(C(O)(c3ccccc3)c3ccccc3)(CC1)CC2|Oc1ccc(COCC[N+]23CCC(C(O)(c4ccccc4)c4ccccc4)(CC2)CC3)cc1,OC(c1ccccc1)(c1ccccc1)C12CC[N+](CCOCc3cc[cH:1]cc3)(CC1)CC2|OC(c1ccccc1)(c1ccccc1)C12CC[N+](CC[O:1]Cc3ccccc3)(CC1)CC2,OC(c1ccccc1)(c1ccccc1)C12CC[N+](CC[O:1]Cc3ccccc3)(CC1)CC2|OC(c1ccccc1)(c1ccccc1)C12CC[N+:1](CCOCc3ccccc3)(CC1)CC2|OC(c1ccccc1)(c1cc[cH:1]cc1)C12CC[N+](CCOCc3ccccc3)(CC1)CC2|OC(c1ccccc1)(c1ccccc1)C12CC[N+](CCOCc3cc[cH:1]cc3)(CC1)CC2|OC(c1ccccc1)(c1ccccc1)C12CC[N+](CCOCc3ccccc3)(CC1)C[CH2:1]2|OC(c1ccccc1)(c1ccccc1)C12CC[N+](CCOCc3ccccc3)(CC1)[CH2:1]C2|c1ccc(COCC[N+]23CCC([C:1](c4ccccc4)(c4ccccc4)[OH:1])(CC2)CC3)cc1|OC(c1ccccc1)(c1ccc[cH:1]c1)C12CC[N+](CCOCc3ccccc3)(CC1)CC2|OC(c1ccccc1)(c1ccccc1)C12CC[N+](CCO[CH2:1]c3ccccc3)(CC1)CC2|OC(c1ccccc1)(c1ccccc1)C12CC[N+](CCOCc3ccccc3)(CC1)[CH2:1][CH2:1]2|O[C:1](c1ccccc1)(c1ccccc1)C12CC[N+](CCOCc3ccccc3)(CC1)CC2|OC(c1ccccc1)(c1ccccc1)C12CC[N+](CCOCc3ccc[cH:1]c3)(CC1)CC2|OC(c1ccccc1)(c1ccccc1)C12CC[N+:1](CCOCc3ccccc3)(CC1)[CH2:1]C2|OC(c1ccccc1)(C12CC[N+](CCOCc3ccccc3)(CC1)CC2)[c:1]1[cH:1]c[cH:1][cH:1][cH:1]1|OC(c1ccccc1)(c1ccccc1)C12CC[N+](CCOCc3cccc[cH:1]3)(CC1)CC2|OC(c1ccccc1)(c1ccccc1)C12CC[N+](C[CH2:1][O:1]Cc3ccccc3)(CC1)CC2|O[C:1](c1ccccc1)(c1ccccc1)C12CC[N+](CCOCc3ccccc3)(CC1)CC2|OC(c1ccccc1)(c1ccccc1)C12CC[N+](CCOCc3ccccc3)(CC1)CC2|OC(c1ccccc1)(c1ccccc1)C12CC[N+](CCO[CH2:1]c3ccccc3)(CC1)CC2|OC(c1ccccc1)(c1ccccc1)C12CC[N+](CCO[CH2:1]c3ccccc3)(CC1)CC2
47,OC[C@H]1O[C@@H](c2ccc(Cl)c(Cc3ccc(OCCOC4CC4)cc3)c2)[C@H](O)[C@@H](O)[C@@H]1O,CYP2D6,OCCOc1ccc(Cc2cc([C@@H]3O[C@H](CO)[C@@H](O)[C@H](O)[C@H]3O)ccc2Cl)cc1|OC[C@H]1O[C@@H](c2ccc(Cl)c(C(O)c3ccc(OCCOC4CC4)cc3)c2)[C@H](O)[C@@H](O)[C@@H]1O,OC[C@H]1O[C@@H](c2ccc(Cl)c(Cc3ccc(OCC[O:1]C4CC4)cc3)c2)[C@H](O)[C@@H](O)[C@@H]1O|OC[C@H]1O[C@@H](c2ccc(Cl)c([CH2:1]c3ccc(OCCOC4CC4)cc3)c2)[C@H](O)[C@@H](O)[C@@H]1O,OC[C@H]1O[C@@H](c2ccc(Cl)c(Cc3ccc([O:1]CCOC4CC4)cc3)c2)[C@H](O)[C@@H](O)[C@@H]1O|OC[C@H]1O[C@@H](c2ccc(Cl)c(Cc3ccc(OCCOC4C[CH2:1]4)cc3)c2)[C@H](O)[C@@H](O)[C@@H]1O|OC[C@H]1O[C@@H](c2ccc(Cl)c(Cc3ccc(OC[CH2:1][O:1]C4CC4)cc3)c2)[C@H](O)[C@@H](O)[C@@H]1O|OC[C@H]1O[C@@H](c2ccc(Cl)c(Cc3ccc(OCC[O:1]C4CC4)cc3)c2)[C@H](O)[C@@H](O)[C@@H]1O|OC[C@H]1O[C@@H](c2ccc(Cl)c(Cc3ccc(OCCOC4C[CH2:1]4)cc3)c2)[C@H](O)[C@@H](O)[C@@H]1O|O[C@@H]1[C@@H](C[OH:1])O[C@@H:1](c2ccc(Cl)c(Cc3ccc(OCCOC4CC4)cc3)c2)[C@H:1](O)[C@H:1]1O|OC[C@H]1O[C@@H](c2ccc(Cl)c(Cc3ccc([O:1]CCOC4CC4)cc3)c2)[C@H](O)[C@@H](O)[C@@H]1O|OC[C@H]1O[C@@H](c2ccc(Cl)c(Cc3ccc(OCCOC4CC4)c[cH:1]3)c2)[C@H](O)[C@@H](O)[C@@H]1O|OC[C@H]1O[C@@H](c2ccc(Cl)c(Cc3ccc(OCCOC4C[CH2:1]4)cc3)c2)[C@H](O)[C@@H](O)[C@@H]1O|OC[C@H]1O[C@@H](c2ccc(Cl)c(Cc3ccc(OCCO[CH:1]4CC4)cc3)c2)[C@H](O)[C@@H](O)[C@@H]1O|OC[C@H]1O[C@@H](c2ccc(Cl)c([CH2:1]c3ccc(OCCOC4CC4)cc3)c2)[C@H](O)[C@@H](O)[C@@H]1O|OC[C@H]1O[C@@H](c2ccc(Cl)c([CH2:1]c3ccc(OCCOC4CC4)cc3)c2)[C@H](O)[C@@H](O)[C@@H]1O|OC[C@H]1O[C@@H](c2ccc(Cl)c([CH2:1]c3ccc(OCCOC4CC4)cc3)c2)[C@H](O)[C@@H](O)[C@@H]1O|OC[C@H]1O[C@@H](c2ccc(Cl)c(Cc3ccc(OCCOC4CC4)[cH:1]c3)c2)[C@H](O)[C@@H](O)[C@@H]1O|O[C@@H]1[C@@H]([CH2:1][OH:1])O[C@@H](c2ccc(Cl)c(Cc3ccc(OCCOC4CC4)cc3)c2)[C@H](O)[C@H]1O|OC[C@H]1O[C@@H](c2ccc(Cl)c(Cc3ccc([O:1]CCOC4CC4)cc3)c2)[C@H](O)[C@@H](O)[C@@H]1O|OC[C@H]1O[C@@H](c2ccc(Cl)c(Cc3ccc(O[CH2:1]COC4CC4)cc3)c2)[C@H](O)[C@@H](O)[C@@H]1O|OC[C@H]1O[C@@H](c2cc(Cc3ccc(OCCOC4CC4)cc3)c(Cl)c[cH:1]2)[C@H](O)[C@@H](O)[C@@H]1O|OC[C@H]1O[C@@H](c2cc(Cc3ccc(OCCOC4CC4)cc3)c(Cl)[cH:1]c2)[C@H](O)[C@@H](O)[C@@H]1O|OC[C@H]1O[C@@H](c2ccc(Cl)c(Cc3ccc(OCCOC4C[CH2:1]4)cc3)c2)[C@H](O)[C@@H](O)[C@@H]1O|OC[C@H]1O[C@@H](c2ccc(Cl)c(Cc3ccc([O:1]CCOC4CC4)cc3)c2)[C@H](O)[C@@H](O)[C@@H]1O|OC[C@H]1O[C@@H](c2ccc(Cl)c(Cc3ccc(OCCOC4C[CH2:1]4)cc3)c2)[C@H](O)[C@@H](O)[C@@H]1O|OC[C@H]1O[C@@H](c2ccc(Cl)c(Cc3ccc(OC[CH2:1][O:1]C4CC4)cc3)c2)[C@H](O)[C@@H](O)[C@@H]1O|OC[C@H]1O[C@@H](c2ccc(Cl)c(Cc3ccc(OCC[O:1]C4CC4)cc3)c2)[C@H](O)[C@@H](O)[C@@H]1O|OC[C@H]1O[C@@H](c2ccc(Cl)c(Cc3ccc(OCCOC4C[CH2:1]4)cc3)c2)[C@H](O)[C@@H](O)[C@@H]1O|O[C@@H]1[C@@H](C[OH:1])O[C@@H:1](c2ccc(Cl)c(Cc3ccc(OCCOC4CC4)cc3)c2)[C@H:1](O)[C@H:1]1O|OC[C@H]1O[C@@H](c2ccc(Cl)c([CH2:1]c3ccc(OCCOC4CC4)cc3)c2)[C@H](O)[C@@H](O)[C@@H]1O|OC[C@H]1O[C@@H](c2ccc(Cl)c(Cc3ccc(OCCOC4CC4)c[cH:1]3)c2)[C@H](O)[C@@H](O)[C@@H]1O|OC[C@H]1O[C@@H](c2ccc(Cl)c(Cc3ccc(OCCO[CH:1]4CC4)cc3)c2)[C@H](O)[C@@H](O)[C@@H]1O|OC[C@H]1O[C@@H](c2ccc(Cl)c(Cc3ccc(OCCOC4C[CH2:1]4)cc3)c2)[C@H](O)[C@@H](O)[C@@H]1O|OC[C@H]1O[C@@H](c2ccc(Cl)c(Cc3ccc([O:1]CCOC4CC4)cc3)c2)[C@H](O)[C@@H](O)[C@@H]1O|OC[C@H]1O[C@@H](c2ccc(Cl)c([CH2:1]c3ccc(OCCOC4CC4)cc3)c2)[C@H](O)[C@@H](O)[C@@H]1O|OC[C@H]1O[C@@H](c2ccc(Cl)c([CH2:1]c3ccc(OCCOC4CC4)cc3)c2)[C@H](O)[C@@H](O)[C@@H]1O|OC[C@H]1O[C@@H](c2ccc(Cl)c(Cc3ccc(OCCOC4CC4)[cH:1]c3)c2)[C@H](O)[C@@H](O)[C@@H]1O|OC[C@H]1O[C@@H](c2ccc(Cl)c(Cc3ccc(O[CH2:1]COC4CC4)cc3)c2)[C@H](O)[C@@H](O)[C@@H]1O|OC[C@H]1O[C@@H](c2cc(Cc3ccc(OCCOC4CC4)cc3)c(Cl)c[cH:1]2)[C@H](O)[C@@H](O)[C@@H]1O|OC[C@H]1O[C@@H](c2cc(Cc3ccc(OCCOC4CC4)cc3)c(Cl)[cH:1]c2)[C@H](O)[C@@H](O)[C@@H]1O|OC[C@H]1O[C@@H](c2ccc(Cl)c(Cc3ccc([O:1]CCOC4CC4)cc3)c2)[C@H](O)[C@@H](O)[C@@H]1O|O[C@@H]1[C@@H]([CH2:1][OH:1])O[C@@H](c2ccc(Cl)c(Cc3ccc(OCCOC4CC4)cc3)c2)[C@H](O)[C@H]1O|OC[C@H]1O[C@@H](c2ccc(Cl)c(Cc3ccc(OCCOC4C[CH2:1]4)cc3)c2)[C@H](O)[C@@H](O)[C@@H]1O
48,OC[C@H]1O[C@@H](c2ccc(Cl)c(Cc3ccc(OCCOC4CC4)cc3)c2)[C@H](O)[C@@H](O)[C@@H]1O,CYP3A4,O=C(O)COc1ccc(Cc2cc([C@@H]3O[C@H](CO)[C@@H](O)[C@H](O)[C@H]3O)ccc2Cl)cc1|OCCOc1ccc(Cc2cc([C@@H]3O[C@H](CO)[C@@H](O)[C@H](O)[C@H]3O)ccc2Cl)cc1|OC[C@H]1O[C@@H](c2ccc(Cl)c(C(O)c3ccc(OCCOC4CC4)cc3)c2)[C@H](O)[C@@H](O)[C@@H]1O,OC[C@H]1O[C@@H](c2ccc(Cl)c(Cc3ccc(OCC[O:1]C4CC4)cc3)c2)[C@H](O)[C@@H](O)[C@@H]1O|OC[C@H]1O[C@@H](c2ccc(Cl)c(Cc3ccc(OC[CH2:1][O:1]C4CC4)cc3)c2)[C@H](O)[C@@H](O)[C@@H]1O|OC[C@H]1O[C@@H](c2ccc(Cl)c([CH2:1]c3ccc(OCCOC4CC4)cc3)c2)[C@H](O)[C@@H](O)[C@@H]1O,OC[C@H]1O[C@@H](c2ccc(Cl)c(Cc3ccc([O:1]CCOC4CC4)cc3)c2)[C@H](O)[C@@H](O)[C@@H]1O|OC[C@H]1O[C@@H](c2ccc(Cl)c(Cc3ccc(OCCOC4C[CH2:1]4)cc3)c2)[C@H](O)[C@@H](O)[C@@H]1O|OC[C@H]1O[C@@H](c2ccc(Cl)c(Cc3ccc(OC[CH2:1][O:1]C4CC4)cc3)c2)[C@H](O)[C@@H](O)[C@@H]1O|OC[C@H]1O[C@@H](c2ccc(Cl)c(Cc3ccc(OCC[O:1]C4CC4)cc3)c2)[C@H](O)[C@@H](O)[C@@H]1O|OC[C@H]1O[C@@H](c2ccc(Cl)c(Cc3ccc(OCCOC4C[CH2:1]4)cc3)c2)[C@H](O)[C@@H](O)[C@@H]1O|O[C@@H]1[C@@H](C[OH:1])O[C@@H:1](c2ccc(Cl)c(Cc3ccc(OCCOC4CC4)cc3)c2)[C@H:1](O)[C@H:1]1O|OC[C@H]1O[C@@H](c2ccc(Cl)c(Cc3ccc([O:1]CCOC4CC4)cc3)c2)[C@H](O)[C@@H](O)[C@@H]1O|OC[C@H]1O[C@@H](c2ccc(Cl)c(Cc3ccc(OCCOC4CC4)c[cH:1]3)c2)[C@H](O)[C@@H](O)[C@@H]1O|OC[C@H]1O[C@@H](c2ccc(Cl)c(Cc3ccc(OCCOC4C[CH2:1]4)cc3)c2)[C@H](O)[C@@H](O)[C@@H]1O|OC[C@H]1O[C@@H](c2ccc(Cl)c(Cc3ccc(OCCO[CH:1]4CC4)cc3)c2)[C@H](O)[C@@H](O)[C@@H]1O|OC[C@H]1O[C@@H](c2ccc(Cl)c([CH2:1]c3ccc(OCCOC4CC4)cc3)c2)[C@H](O)[C@@H](O)[C@@H]1O|OC[C@H]1O[C@@H](c2ccc(Cl)c([CH2:1]c3ccc(OCCOC4CC4)cc3)c2)[C@H](O)[C@@H](O)[C@@H]1O|OC[C@H]1O[C@@H](c2ccc(Cl)c([CH2:1]c3ccc(OCCOC4CC4)cc3)c2)[C@H](O)[C@@H](O)[C@@H]1O|OC[C@H]1O[C@@H](c2ccc(Cl)c(Cc3ccc(OCCOC4CC4)[cH:1]c3)c2)[C@H](O)[C@@H](O)[C@@H]1O|O[C@@H]1[C@@H]([CH2:1][OH:1])O[C@@H](c2ccc(Cl)c(Cc3ccc(OCCOC4CC4)cc3)c2)[C@H](O)[C@H]1O|OC[C@H]1O[C@@H](c2ccc(Cl)c(Cc3ccc([O:1]CCOC4CC4)cc3)c2)[C@H](O)[C@@H](O)[C@@H]1O|OC[C@H]1O[C@@H](c2ccc(Cl)c(Cc3ccc(O[CH2:1]COC4CC4)cc3)c2)[C@H](O)[C@@H](O)[C@@H]1O|OC[C@H]1O[C@@H](c2cc(Cc3ccc(OCCOC4CC4)cc3)c(Cl)c[cH:1]2)[C@H](O)[C@@H](O)[C@@H]1O|OC[C@H]1O[C@@H](c2cc(Cc3ccc(OCCOC4CC4)cc3)c(Cl)[cH:1]c2)[C@H](O)[C@@H](O)[C@@H]1O|OC[C@H]1O[C@@H](c2ccc(Cl)c(Cc3ccc(OCCOC4C[CH2:1]4)cc3)c2)[C@H](O)[C@@H](O)[C@@H]1O|OC[C@H]1O[C@@H](c2ccc(Cl)c(Cc3ccc([O:1]CCOC4CC4)cc3)c2)[C@H](O)[C@@H](O)[C@@H]1O|OC[C@H]1O[C@@H](c2ccc(Cl)c(Cc3ccc(OCCOC4C[CH2:1]4)cc3)c2)[C@H](O)[C@@H](O)[C@@H]1O|OC[C@H]1O[C@@H](c2ccc(Cl)c(Cc3ccc(OC[CH2:1][O:1]C4CC4)cc3)c2)[C@H](O)[C@@H](O)[C@@H]1O|OC[C@H]1O[C@@H](c2ccc(Cl)c(Cc3ccc(OCC[O:1]C4CC4)cc3)c2)[C@H](O)[C@@H](O)[C@@H]1O|OC[C@H]1O[C@@H](c2ccc(Cl)c(Cc3ccc(OCCOC4C[CH2:1]4)cc3)c2)[C@H](O)[C@@H](O)[C@@H]1O|O[C@@H]1[C@@H](C[OH:1])O[C@@H:1](c2ccc(Cl)c(Cc3ccc(OCCOC4CC4)cc3)c2)[C@H:1](O)[C@H:1]1O|OC[C@H]1O[C@@H](c2ccc(Cl)c([CH2:1]c3ccc(OCCOC4CC4)cc3)c2)[C@H](O)[C@@H](O)[C@@H]1O|OC[C@H]1O[C@@H](c2ccc(Cl)c(Cc3ccc(OCCOC4CC4)c[cH:1]3)c2)[C@H](O)[C@@H](O)[C@@H]1O|OC[C@H]1O[C@@H](c2ccc(Cl)c(Cc3ccc(OCCO[CH:1]4CC4)cc3)c2)[C@H](O)[C@@H](O)[C@@H]1O|OC[C@H]1O[C@@H](c2ccc(Cl)c(Cc3ccc(OCCOC4C[CH2:1]4)cc3)c2)[C@H](O)[C@@H](O)[C@@H]1O|OC[C@H]1O[C@@H](c2ccc(Cl)c(Cc3ccc([O:1]CCOC4CC4)cc3)c2)[C@H](O)[C@@H](O)[C@@H]1O|OC[C@H]1O[C@@H](c2ccc(Cl)c([CH2:1]c3ccc(OCCOC4CC4)cc3)c2)[C@H](O)[C@@H](O)[C@@H]1O|OC[C@H]1O[C@@H](c2ccc(Cl)c([CH2:1]c3ccc(OCCOC4CC4)cc3)c2)[C@H](O)[C@@H](O)[C@@H]1O|OC[C@H]1O[C@@H](c2ccc(Cl)c(Cc3ccc(OCCOC4CC4)[cH:1]c3)c2)[C@H](O)[C@@H](O)[C@@H]1O|OC[C@H]1O[C@@H](c2ccc(Cl)c(Cc3ccc(O[CH2:1]COC4CC4)cc3)c2)[C@H](O)[C@@H](O)[C@@H]1O|OC[C@H]1O[C@@H](c2cc(Cc3ccc(OCCOC4CC4)cc3)c(Cl)c[cH:1]2)[C@H](O)[C@@H](O)[C@@H]1O|OC[C@H]1O[C@@H](c2cc(Cc3ccc(OCCOC4CC4)cc3)c(Cl)[cH:1]c2)[C@H](O)[C@@H](O)[C@@H]1O|OC[C@H]1O[C@@H](c2ccc(Cl)c(Cc3ccc([O:1]CCOC4CC4)cc3)c2)[C@H](O)[C@@H](O)[C@@H]1O|O[C@@H]1[C@@H]([CH2:1][OH:1])O[C@@H](c2ccc(Cl)c(Cc3ccc(OCCOC4CC4)cc3)c2)[C@H](O)[C@H]1O|OC[C@H]1O[C@@H](c2ccc(Cl)c(Cc3ccc(OCCOC4C[CH2:1]4)cc3)c2)[C@H](O)[C@@H](O)[C@@H]1O
49,OCc1ncc2n1-c1ccc(Cl)cc1C(c1ccccc1F)=NC2,CYP3A4,OCc1ncc2n1-c1ccc(Cl)cc1C(c1ccccc1F)=NC2O,OCc1ncc2n1-c1ccc(Cl)cc1C(c1ccccc1F)=N[CH2:1]2,OCc1ncc2n1-c1ccc(Cl)cc1C(c1ccccc1F)=N[CH2:1]2|OC[c:1]1ncc2n1-c1ccc(Cl)cc1C(c1ccccc1F)=NC2|OCc1ncc2n1-c1ccc(Cl)cc1C(c1ccccc1F)=N[CH2:1]2|Fc1ccccc1C1=NCc2cnc([CH2:1][OH:1])n2-c2ccc(Cl)cc21|OC[c:1]1ncc2n1-c1ccc(Cl)cc1[C:1](c1ccccc1F)=[N:1][CH2:1]2|OCc1ncc2n1-c1ccc(Cl)cc1C(c1ccccc1F)=NC2|OC[c:1]1[n:1][cH:1][c:1]2[n:1]1-c1ccc(Cl)cc1C(c1ccccc1F)=NC2|Fc1ccccc1C1=NCc2cn[c:1](C[OH:1])n2-c2ccc(Cl)cc21|OC[c:1]1nc[c:1]2[n:1]1-c1ccc(Cl)cc1C(c1ccccc1F)=NC2|OCc1ncc2n1-c1ccc(Cl)cc1C(c1ccccc1F)=NC2|O[CH2:1]c1ncc2n1-c1ccc(Cl)cc1C(c1ccccc1F)=NC2|OCc1ncc2n1-c1ccc(Cl)cc1C(c1ccccc1F)=N[CH2:1]2|OC[c:1]1[n:1][cH:1][c:1]2[n:1]1-c1ccc(Cl)cc1C(c1ccccc1F)=NC2|OC[c:1]1[n:1][cH:1][c:1]2[n:1]1-c1ccc(Cl)cc1C(c1ccccc1F)=NC2|OCc1ncc2n1-c1ccc(Cl)cc1[C:1](c1ccccc1F)=[N:1][CH2:1]2|OCc1ncc2n1-c1ccc(Cl)cc1C(c1ccccc1F)=N[CH2:1]2|OCc1ncc2n1-c1ccc(Cl)cc1C(c1cccc[c:1]1F)=NC2|OCc1ncc2n1-c1ccc(Cl)cc1[C:1](c1ccccc1F)=[N:1]C2|Fc1ccccc1C1=N[CH2:1]c2cn[c:1](C[OH:1])n2-c2ccc(Cl)cc21|OC[c:1]1[n:1][cH:1][c:1]2[n:1]1-c1ccc(Cl)cc1C(c1ccccc1F)=NC2
