,substrate,Enzyme,truth,site_truth,predict_site
0,CC(C)(O)c1ccccc1CC[C@@H](SCC1(CC(=O)O)CC1)c1cccc(/C=C/c2ccc3ccc(Cl)cc3n2)c1,CYP1A2,CC(C)(O)c1ccccc1CC[C@H](c1cccc(/C=C/c2ccc3ccc(Cl)cc3n2)c1)S(=O)CC1(CC(=O)O)CC1,CC(C)(O)c1ccccc1CC[C@H](c1cccc(/C=C/c2ccc3ccc(Cl)cc3n2)c1)[S:1]CC1(CC(=O)O)CC1,CC(O)(c1ccccc1CC[C@@H](SCC1(CC(=O)O)CC1)c1cccc(/C=C/c2ccc3ccc(Cl)cc3n2)c1)[CH3:1]|C[C:1](C)(O)c1ccccc1CC[C@@H](SCC1(CC(=O)O)CC1)c1cccc(/C=C/c2ccc3ccc(Cl)cc3n2)c1|CC(C)(O)c1ccccc1CC[C@@H](SC[C:1]1(CC(=O)O)C[CH2:1]1)c1cccc(/C=C/c2ccc3ccc(Cl)cc3n2)c1|CC(C)(O)c1ccccc1CC[C@@H](SCC1(CC(=O)O)CC1)c1cccc(/C=C/c2cc[c:1]3[cH:1][cH:1][c:1](Cl)[cH:1][c:1]3n2)c1|CC(C)(O)c1ccccc1CC[C@H](c1cccc(/C=C/c2ccc3ccc(Cl)cc3n2)c1)[S:1]CC1(CC(=O)O)CC1|CC(C)(O)c1ccccc1CC[C@H](c1cccc(/C=C/c2ccc3ccc(Cl)cc3n2)c1)[S:1]CC1(CC(=O)O)CC1|CC(C)(O)c1ccccc1CC[C@@H](SCC1(C[C:1](=O)O)CC1)c1cccc(/C=C/c2ccc3ccc(Cl)cc3n2)c1|CC(O)(c1ccccc1CC[C@@H](SCC1(CC(=O)O)CC1)c1cccc(/C=C/c2ccc3ccc(Cl)cc3n2)c1)[CH3:1]|CC(C)(O)c1ccc[cH:1]c1CC[C@@H](SCC1(CC(=O)O)CC1)c1cccc(/C=C/c2ccc3ccc(Cl)cc3n2)c1|CC(C)(O)c1ccccc1CC[C@@H](SCC1(CC(=O)O)C[CH2:1]1)c1cccc(/C=C/c2ccc3ccc(Cl)cc3n2)c1|CC(C)(O)c1ccccc1CC[C@@H](SCC1(CC(=O)O)CC1)c1cccc(/C=C/c2nc3cc(Cl)ccc3c[cH:1]2)c1|CC(C)(O)c1ccccc1CC[C@@H](SCC1(CC(=O)O)CC1)c1cc(/C=C/c2ccc3ccc(Cl)cc3n2)cc[cH:1]1|C[C:1](C)(O)c1ccccc1CC[C@@H](SCC1(CC(=O)O)CC1)c1cccc(/C=C/c2ccc3ccc(Cl)cc3n2)c1|CC(C)(O)c1ccccc1CC[C@H](c1cccc(/C=C/c2ccc3ccc(Cl)cc3n2)c1)[S:1]CC1(CC(=O)O)CC1|CC(C)(O)c1ccccc1CC[C@@H](SCC1(CC(=O)O)CC1)c1cccc(/C=C/c2ccc3ccc(Cl)cc3n2)c1|CC(C)(O)c1ccccc1CC[C@@H](SCC1(CC(=O)O)CC1)c1cccc(/C=C/c2ccc3c[cH:1]c(Cl)cc3n2)c1|CC(C)(O)c1cc[cH:1]cc1CC[C@@H](SCC1(CC(=O)O)CC1)c1cccc(/C=C/c2ccc3ccc(Cl)cc3n2)c1|CC(C)(O)c1ccccc1CC[C@@H](SCC1(CC(=O)O)CC1)c1cccc(/C=C/c2ccc3cc[c:1](Cl)cc3n2)c1|CC(C)(O)c1ccccc1CC[C@@H](SCC1(C[C:1](O)=[O:1])CC1)c1cccc(/C=C/c2ccc3ccc(Cl)cc3n2)c1|CC(C)(O)c1c[cH:1]ccc1CC[C@@H](SCC1(CC(=O)O)CC1)c1cccc(/C=C/c2ccc3ccc(Cl)cc3n2)c1|CC(O)(c1ccccc1CC[C@@H](SCC1(CC(=O)O)CC1)c1cccc(/C=C/c2ccc3ccc(Cl)cc3n2)c1)[CH3:1]|C[C:1](C)(O)c1ccccc1CC[C@@H](SCC1(CC(=O)O)CC1)c1cccc(/C=C/c2ccc3ccc(Cl)cc3n2)c1|CC(C)(O)c1ccccc1CC[C@@H](SC[C:1]1(CC(=O)O)C[CH2:1]1)c1cccc(/C=C/c2ccc3ccc(Cl)cc3n2)c1|CC(C)(O)c1ccccc1CC[C@@H](SCC1(CC(=O)O)CC1)c1cccc(/C=C/c2cc[c:1]3[cH:1][cH:1][c:1](Cl)[cH:1][c:1]3n2)c1|CC(C)(O)c1ccccc1CC[C@H](c1cccc(/C=C/c2ccc3ccc(Cl)cc3n2)c1)[S:1]CC1(CC(=O)O)CC1|CC(C)(O)c1ccccc1CC[C@H](c1cccc(/C=C/c2ccc3ccc(Cl)cc3n2)c1)[S:1]CC1(CC(=O)O)CC1|CC(C)(O)c1ccccc1CC[C@@H](SCC1(CC(=O)O)CC1)c1cccc(/C=C/c2ccc3ccc(Cl)cc3n2)c1|CC(O)(c1ccccc1CC[C@@H](SCC1(CC(=O)O)CC1)c1cccc(/C=C/c2ccc3ccc(Cl)cc3n2)c1)[CH3:1]|CC(C)(O)c1ccc[cH:1]c1CC[C@@H](SCC1(CC(=O)O)CC1)c1cccc(/C=C/c2ccc3ccc(Cl)cc3n2)c1|CC(C)(O)c1ccccc1CC[C@@H](SCC1(CC(=O)O)CC1)c1cccc(/C=C/c2nc3cc(Cl)ccc3c[cH:1]2)c1|CC(C)(O)c1ccccc1CC[C@@H](SCC1(CC(=O)O)C[CH2:1]1)c1cccc(/C=C/c2ccc3ccc(Cl)cc3n2)c1|CC(C)(O)c1ccccc1CC[C@@H](SCC1(CC(=O)O)CC1)c1cc(/C=C/c2ccc3ccc(Cl)cc3n2)cc[cH:1]1|C[C:1](C)(O)c1ccccc1CC[C@@H](SCC1(CC(=O)O)CC1)c1cccc(/C=C/c2ccc3ccc(Cl)cc3n2)c1|CC(C)(O)c1ccccc1CC[C@@H](SCC1(C[C:1](=O)O)CC1)c1cccc(/C=C/c2ccc3ccc(Cl)cc3n2)c1|CC(C)(O)c1ccccc1CC[C@H](c1cccc(/C=C/c2ccc3ccc(Cl)cc3n2)c1)[S:1]CC1(CC(=O)O)CC1|CC(C)(O)c1ccccc1CC[C@@H](SCC1(CC(=O)O)CC1)c1cccc(/C=C/c2ccc3c[cH:1]c(Cl)cc3n2)c1|CC(C)(O)c1ccccc1CC[C@@H](SCC1(CC(=O)O)CC1)c1cccc(/C=C/c2ccc3cc[c:1](Cl)cc3n2)c1|CC(C)(O)c1cc[cH:1]cc1CC[C@@H](SCC1(CC(=O)O)CC1)c1cccc(/C=C/c2ccc3ccc(Cl)cc3n2)c1|CC(C)(O)c1ccccc1CC[C@@H](SCC1(CC(=O)O)CC1)c1cccc(/C=C/c2ccc3ccc(Cl)[cH:1]c3n2)c1|CC(C)(O)c1c[cH:1]ccc1CC[C@@H](SCC1(CC(=O)O)CC1)c1cccc(/C=C/c2ccc3ccc(Cl)cc3n2)c1|CC(O)(c1ccccc1CC[C@@H](SCC1(CC(=O)O)CC1)c1cccc(/C=C/c2ccc3ccc(Cl)cc3n2)c1)[CH3:1]|C[C:1](C)(O)c1ccccc1CC[C@@H](SCC1(CC(=O)O)CC1)c1cccc(/C=C/c2ccc3ccc(Cl)cc3n2)c1|CC(C)(O)c1ccccc1CC[C@@H](SC[C:1]1(CC(=O)O)C[CH2:1]1)c1cccc(/C=C/c2ccc3ccc(Cl)cc3n2)c1|CC(C)(O)c1ccccc1CC[C@@H](SCC1(CC(=O)O)CC1)c1cccc(/C=C/c2cc[c:1]3[cH:1][cH:1][c:1](Cl)[cH:1][c:1]3n2)c1|CC(C)(O)c1ccccc1CC[C@H](c1cccc(/C=C/c2ccc3ccc(Cl)cc3n2)c1)[S:1]CC1(CC(=O)O)CC1|CC(C)(O)c1ccccc1CC[C@H](c1cccc(/C=C/c2ccc3ccc(Cl)cc3n2)c1)[S:1]CC1(CC(=O)O)CC1|CC(O)(c1ccccc1CC[C@@H](SCC1(CC(=O)O)CC1)c1cccc(/C=C/c2ccc3ccc(Cl)cc3n2)c1)[CH3:1]|CC(C)(O)c1ccccc1CC[C@@H](SCC1(C[C:1](=O)O)CC1)c1cccc(/C=C/c2ccc3ccc(Cl)cc3n2)c1|CC(C)(O)c1ccccc1CC[C@H](c1cccc(/C=C/c2ccc3ccc(Cl)cc3n2)c1)[S:1]CC1(CC(=O)O)CC1|CC(C)(O)c1ccc[cH:1]c1CC[C@@H](SCC1(CC(=O)O)CC1)c1cccc(/C=C/c2ccc3ccc(Cl)cc3n2)c1|CC(C)(O)c1ccccc1CC[C@@H](SCC1(CC(=O)O)CC1)c1cccc(/C=C/c2nc3cc(Cl)ccc3c[cH:1]2)c1|CC(C)(O)c1ccccc1CC[C@@H](SCC1(CC(=O)O)C[CH2:1]1)c1cccc(/C=C/c2ccc3ccc(Cl)cc3n2)c1|CC(C)(O)c1ccccc1CC[C@@H](SCC1(CC(=O)O)CC1)c1cc(/C=C/c2ccc3ccc(Cl)cc3n2)cc[cH:1]1|C[C:1](C)(O)c1ccccc1CC[C@@H](SCC1(CC(=O)O)CC1)c1cccc(/C=C/c2ccc3ccc(Cl)cc3n2)c1|CC(C)(O)c1ccccc1CC[C@@H](SCC1(CC(=O)O)CC1)c1cccc(/C=C/c2ccc3c[cH:1]c(Cl)cc3n2)c1|CC(C)(O)c1cc[cH:1]cc1CC[C@@H](SCC1(CC(=O)O)CC1)c1cccc(/C=C/c2ccc3ccc(Cl)cc3n2)c1|CC(C)(O)c1ccccc1CC[C@@H](SCC1(CC(=O)O)CC1)c1cccc(/C=C/c2ccc3cc[c:1](Cl)cc3n2)c1|CC(C)(O)c1ccccc1CC[C@@H](SCC1(CC(=O)O)CC1)c1cccc(/C=C/c2ccc3ccc(Cl)cc3n2)c1|CC(C)(O)c1ccccc1CC[C@@H](SCC1(C[C:1](O)=[O:1])CC1)c1cccc(/C=C/c2ccc3ccc(Cl)cc3n2)c1|CC(C)(O)c1ccccc1CC[C@@H](SCC1(CC(=O)O)CC1)c1cccc(/C=C/c2ccc3ccc(Cl)[cH:1]c3n2)c1|CC(O)(c1ccccc1CC[C@@H](SCC1(CC(=O)O)CC1)c1cccc(/C=C/c2ccc3ccc(Cl)cc3n2)c1)[CH3:1]|C[C:1](C)(O)c1ccccc1CC[C@@H](SCC1(CC(=O)O)CC1)c1cccc(/C=C/c2ccc3ccc(Cl)cc3n2)c1|CC(C)(O)c1ccccc1CC[C@@H](SC[C:1]1(CC(=O)O)C[CH2:1]1)c1cccc(/C=C/c2ccc3ccc(Cl)cc3n2)c1|CC(C)(O)c1ccccc1CC[C@@H](SCC1(CC(=O)O)CC1)c1cccc(/C=C/c2cc[c:1]3[cH:1][cH:1][c:1](Cl)[cH:1][c:1]3n2)c1|CC(C)(O)c1ccccc1CC[C@H](c1cccc(/C=C/c2ccc3ccc(Cl)cc3n2)c1)[S:1]CC1(CC(=O)O)CC1|CC(C)(O)c1ccccc1CC[C@H](c1cccc(/C=C/c2ccc3ccc(Cl)cc3n2)c1)[S:1]CC1(CC(=O)O)CC1|CC(C)(O)c1ccccc1CC[C@@H](SCC1(C[C:1](=O)O)CC1)c1cccc(/C=C/c2ccc3ccc(Cl)cc3n2)c1|CC(C)(O)c1ccccc1CC[C@H](c1cccc(/C=C/c2ccc3ccc(Cl)cc3n2)c1)[S:1]CC1(CC(=O)O)CC1|CC(O)(c1ccccc1CC[C@@H](SCC1(CC(=O)O)CC1)c1cccc(/C=C/c2ccc3ccc(Cl)cc3n2)c1)[CH3:1]|CC(C)(O)c1ccccc1CC[C@@H](SCC1(CC(=O)O)C[CH2:1]1)c1cccc(/C=C/c2ccc3ccc(Cl)cc3n2)c1|CC(C)(O)c1ccc[cH:1]c1CC[C@@H](SCC1(CC(=O)O)CC1)c1cccc(/C=C/c2ccc3ccc(Cl)cc3n2)c1|CC(C)(O)c1ccccc1CC[C@@H](SCC1(CC(=O)O)CC1)c1cccc(/C=C/c2nc3cc(Cl)ccc3c[cH:1]2)c1|CC(C)(O)c1ccccc1CC[C@@H](SCC1(CC(=O)O)CC1)c1cc(/C=C/c2ccc3ccc(Cl)cc3n2)cc[cH:1]1|CC(C)(O)c1ccccc1CC[C@@H](SCC1(C[C:1](O)=[O:1])CC1)c1cccc(/C=C/c2ccc3ccc(Cl)cc3n2)c1|C[C:1](C)(O)c1ccccc1CC[C@@H](SCC1(CC(=O)O)CC1)c1cccc(/C=C/c2ccc3ccc(Cl)cc3n2)c1|CC(C)(O)c1ccccc1CC[C@@H](SCC1(CC(=O)O)CC1)c1cccc(/C=C/c2ccc3cc[c:1](Cl)cc3n2)c1|CC(C)(O)c1ccccc1CC[C@@H](SCC1(CC(=O)O)CC1)c1cccc(/C=C/c2ccc3c[cH:1]c(Cl)cc3n2)c1|CC(C)(O)c1ccccc1CC[C@@H](SCC1(CC(=O)O)CC1)c1cccc(/C=C/c2ccc3ccc(Cl)cc3n2)c1|CC(C)(O)c1cc[cH:1]cc1CC[C@@H](SCC1(CC(=O)O)CC1)c1cccc(/C=C/c2ccc3ccc(Cl)cc3n2)c1|CC(C)(O)c1c[cH:1]ccc1CC[C@@H](SCC1(CC(=O)O)CC1)c1cccc(/C=C/c2ccc3ccc(Cl)cc3n2)c1
1,CC(C)(O)c1ccccc1CC[C@@H](SCC1(CC(=O)O)CC1)c1cccc(/C=C/c2ccc3ccc(Cl)cc3n2)c1,CYP2C9,CC(C)(O)c1cc(O)ccc1CC[C@@H](SCC1(CC(=O)O)CC1)c1cccc(/C=C/c2ccc3ccc(Cl)cc3n2)c1|CC(C)(O)c1ccccc1C(O)C[C@@H](SCC1(CC(=O)O)CC1)c1cccc(/C=C/c2ccc3ccc(Cl)cc3n2)c1|CC(C)(O)c1ccccc1CC[C@H](c1cccc(/C=C/c2ccc3ccc(Cl)cc3n2)c1)S(=O)CC1(CC(=O)O)CC1|CC(C)(O)c1ccccc1[C@H](O)C[C@@H](SCC1(CC(=O)O)CC1)c1cccc(/C=C/c2ccc3ccc(Cl)cc3n2)c1|CC(O)(CO)c1ccccc1CC[C@@H](SCC1(CC(=O)O)CC1)c1cccc(/C=C/c2ccc3ccc(Cl)cc3n2)c1,CC(C)(O)c1c[cH:1]ccc1CC[C@@H](SCC1(CC(=O)O)CC1)c1cccc(/C=C/c2ccc3ccc(Cl)cc3n2)c1|CC(C)(O)c1ccccc1CC[C@H](c1cccc(/C=C/c2ccc3ccc(Cl)cc3n2)c1)[S:1]CC1(CC(=O)O)CC1|CC(C)(O)c1ccccc1[CH2:1]C[C@@H](SCC1(CC(=O)O)CC1)c1cccc(/C=C/c2ccc3ccc(Cl)cc3n2)c1|CC(O)(c1ccccc1CC[C@@H](SCC1(CC(=O)O)CC1)c1cccc(/C=C/c2ccc3ccc(Cl)cc3n2)c1)[CH3:1],CC(O)(c1ccccc1CC[C@@H](SCC1(CC(=O)O)CC1)c1cccc(/C=C/c2ccc3ccc(Cl)cc3n2)c1)[CH3:1]|C[C:1](C)(O)c1ccccc1CC[C@@H](SCC1(CC(=O)O)CC1)c1cccc(/C=C/c2ccc3ccc(Cl)cc3n2)c1|CC(C)(O)c1ccccc1CC[C@@H](SC[C:1]1(CC(=O)O)C[CH2:1]1)c1cccc(/C=C/c2ccc3ccc(Cl)cc3n2)c1|CC(C)(O)c1ccccc1CC[C@@H](SCC1(CC(=O)O)CC1)c1cccc(/C=C/c2cc[c:1]3[cH:1][cH:1][c:1](Cl)[cH:1][c:1]3n2)c1|CC(C)(O)c1ccccc1CC[C@H](c1cccc(/C=C/c2ccc3ccc(Cl)cc3n2)c1)[S:1]CC1(CC(=O)O)CC1|CC(C)(O)c1ccccc1CC[C@H](c1cccc(/C=C/c2ccc3ccc(Cl)cc3n2)c1)[S:1]CC1(CC(=O)O)CC1|CC(C)(O)c1ccccc1CC[C@@H](SCC1(C[C:1](=O)O)CC1)c1cccc(/C=C/c2ccc3ccc(Cl)cc3n2)c1|CC(O)(c1ccccc1CC[C@@H](SCC1(CC(=O)O)CC1)c1cccc(/C=C/c2ccc3ccc(Cl)cc3n2)c1)[CH3:1]|CC(C)(O)c1ccc[cH:1]c1CC[C@@H](SCC1(CC(=O)O)CC1)c1cccc(/C=C/c2ccc3ccc(Cl)cc3n2)c1|CC(C)(O)c1ccccc1CC[C@@H](SCC1(CC(=O)O)C[CH2:1]1)c1cccc(/C=C/c2ccc3ccc(Cl)cc3n2)c1|CC(C)(O)c1ccccc1CC[C@@H](SCC1(CC(=O)O)CC1)c1cccc(/C=C/c2nc3cc(Cl)ccc3c[cH:1]2)c1|CC(C)(O)c1ccccc1CC[C@@H](SCC1(CC(=O)O)CC1)c1cc(/C=C/c2ccc3ccc(Cl)cc3n2)cc[cH:1]1|C[C:1](C)(O)c1ccccc1CC[C@@H](SCC1(CC(=O)O)CC1)c1cccc(/C=C/c2ccc3ccc(Cl)cc3n2)c1|CC(C)(O)c1ccccc1CC[C@H](c1cccc(/C=C/c2ccc3ccc(Cl)cc3n2)c1)[S:1]CC1(CC(=O)O)CC1|CC(C)(O)c1ccccc1CC[C@@H](SCC1(CC(=O)O)CC1)c1cccc(/C=C/c2ccc3ccc(Cl)cc3n2)c1|CC(C)(O)c1ccccc1CC[C@@H](SCC1(CC(=O)O)CC1)c1cccc(/C=C/c2ccc3c[cH:1]c(Cl)cc3n2)c1|CC(C)(O)c1cc[cH:1]cc1CC[C@@H](SCC1(CC(=O)O)CC1)c1cccc(/C=C/c2ccc3ccc(Cl)cc3n2)c1|CC(C)(O)c1ccccc1CC[C@@H](SCC1(CC(=O)O)CC1)c1cccc(/C=C/c2ccc3cc[c:1](Cl)cc3n2)c1|CC(C)(O)c1ccccc1CC[C@@H](SCC1(C[C:1](O)=[O:1])CC1)c1cccc(/C=C/c2ccc3ccc(Cl)cc3n2)c1|CC(C)(O)c1c[cH:1]ccc1CC[C@@H](SCC1(CC(=O)O)CC1)c1cccc(/C=C/c2ccc3ccc(Cl)cc3n2)c1|CC(O)(c1ccccc1CC[C@@H](SCC1(CC(=O)O)CC1)c1cccc(/C=C/c2ccc3ccc(Cl)cc3n2)c1)[CH3:1]|C[C:1](C)(O)c1ccccc1CC[C@@H](SCC1(CC(=O)O)CC1)c1cccc(/C=C/c2ccc3ccc(Cl)cc3n2)c1|CC(C)(O)c1ccccc1CC[C@@H](SC[C:1]1(CC(=O)O)C[CH2:1]1)c1cccc(/C=C/c2ccc3ccc(Cl)cc3n2)c1|CC(C)(O)c1ccccc1CC[C@@H](SCC1(CC(=O)O)CC1)c1cccc(/C=C/c2cc[c:1]3[cH:1][cH:1][c:1](Cl)[cH:1][c:1]3n2)c1|CC(C)(O)c1ccccc1CC[C@H](c1cccc(/C=C/c2ccc3ccc(Cl)cc3n2)c1)[S:1]CC1(CC(=O)O)CC1|CC(C)(O)c1ccccc1CC[C@H](c1cccc(/C=C/c2ccc3ccc(Cl)cc3n2)c1)[S:1]CC1(CC(=O)O)CC1|CC(C)(O)c1ccccc1CC[C@@H](SCC1(CC(=O)O)CC1)c1cccc(/C=C/c2ccc3ccc(Cl)cc3n2)c1|CC(O)(c1ccccc1CC[C@@H](SCC1(CC(=O)O)CC1)c1cccc(/C=C/c2ccc3ccc(Cl)cc3n2)c1)[CH3:1]|CC(C)(O)c1ccc[cH:1]c1CC[C@@H](SCC1(CC(=O)O)CC1)c1cccc(/C=C/c2ccc3ccc(Cl)cc3n2)c1|CC(C)(O)c1ccccc1CC[C@@H](SCC1(CC(=O)O)CC1)c1cccc(/C=C/c2nc3cc(Cl)ccc3c[cH:1]2)c1|CC(C)(O)c1ccccc1CC[C@@H](SCC1(CC(=O)O)C[CH2:1]1)c1cccc(/C=C/c2ccc3ccc(Cl)cc3n2)c1|CC(C)(O)c1ccccc1CC[C@@H](SCC1(CC(=O)O)CC1)c1cc(/C=C/c2ccc3ccc(Cl)cc3n2)cc[cH:1]1|C[C:1](C)(O)c1ccccc1CC[C@@H](SCC1(CC(=O)O)CC1)c1cccc(/C=C/c2ccc3ccc(Cl)cc3n2)c1|CC(C)(O)c1ccccc1CC[C@@H](SCC1(C[C:1](=O)O)CC1)c1cccc(/C=C/c2ccc3ccc(Cl)cc3n2)c1|CC(C)(O)c1ccccc1CC[C@H](c1cccc(/C=C/c2ccc3ccc(Cl)cc3n2)c1)[S:1]CC1(CC(=O)O)CC1|CC(C)(O)c1ccccc1CC[C@@H](SCC1(CC(=O)O)CC1)c1cccc(/C=C/c2ccc3c[cH:1]c(Cl)cc3n2)c1|CC(C)(O)c1ccccc1CC[C@@H](SCC1(CC(=O)O)CC1)c1cccc(/C=C/c2ccc3cc[c:1](Cl)cc3n2)c1|CC(C)(O)c1cc[cH:1]cc1CC[C@@H](SCC1(CC(=O)O)CC1)c1cccc(/C=C/c2ccc3ccc(Cl)cc3n2)c1|CC(C)(O)c1ccccc1CC[C@@H](SCC1(CC(=O)O)CC1)c1cccc(/C=C/c2ccc3ccc(Cl)[cH:1]c3n2)c1|CC(C)(O)c1c[cH:1]ccc1CC[C@@H](SCC1(CC(=O)O)CC1)c1cccc(/C=C/c2ccc3ccc(Cl)cc3n2)c1|CC(O)(c1ccccc1CC[C@@H](SCC1(CC(=O)O)CC1)c1cccc(/C=C/c2ccc3ccc(Cl)cc3n2)c1)[CH3:1]|C[C:1](C)(O)c1ccccc1CC[C@@H](SCC1(CC(=O)O)CC1)c1cccc(/C=C/c2ccc3ccc(Cl)cc3n2)c1|CC(C)(O)c1ccccc1CC[C@@H](SC[C:1]1(CC(=O)O)C[CH2:1]1)c1cccc(/C=C/c2ccc3ccc(Cl)cc3n2)c1|CC(C)(O)c1ccccc1CC[C@@H](SCC1(CC(=O)O)CC1)c1cccc(/C=C/c2cc[c:1]3[cH:1][cH:1][c:1](Cl)[cH:1][c:1]3n2)c1|CC(C)(O)c1ccccc1CC[C@H](c1cccc(/C=C/c2ccc3ccc(Cl)cc3n2)c1)[S:1]CC1(CC(=O)O)CC1|CC(C)(O)c1ccccc1CC[C@H](c1cccc(/C=C/c2ccc3ccc(Cl)cc3n2)c1)[S:1]CC1(CC(=O)O)CC1|CC(O)(c1ccccc1CC[C@@H](SCC1(CC(=O)O)CC1)c1cccc(/C=C/c2ccc3ccc(Cl)cc3n2)c1)[CH3:1]|CC(C)(O)c1ccccc1CC[C@@H](SCC1(C[C:1](=O)O)CC1)c1cccc(/C=C/c2ccc3ccc(Cl)cc3n2)c1|CC(C)(O)c1ccccc1CC[C@H](c1cccc(/C=C/c2ccc3ccc(Cl)cc3n2)c1)[S:1]CC1(CC(=O)O)CC1|CC(C)(O)c1ccc[cH:1]c1CC[C@@H](SCC1(CC(=O)O)CC1)c1cccc(/C=C/c2ccc3ccc(Cl)cc3n2)c1|CC(C)(O)c1ccccc1CC[C@@H](SCC1(CC(=O)O)CC1)c1cccc(/C=C/c2nc3cc(Cl)ccc3c[cH:1]2)c1|CC(C)(O)c1ccccc1CC[C@@H](SCC1(CC(=O)O)C[CH2:1]1)c1cccc(/C=C/c2ccc3ccc(Cl)cc3n2)c1|CC(C)(O)c1ccccc1CC[C@@H](SCC1(CC(=O)O)CC1)c1cc(/C=C/c2ccc3ccc(Cl)cc3n2)cc[cH:1]1|C[C:1](C)(O)c1ccccc1CC[C@@H](SCC1(CC(=O)O)CC1)c1cccc(/C=C/c2ccc3ccc(Cl)cc3n2)c1|CC(C)(O)c1ccccc1CC[C@@H](SCC1(CC(=O)O)CC1)c1cccc(/C=C/c2ccc3c[cH:1]c(Cl)cc3n2)c1|CC(C)(O)c1cc[cH:1]cc1CC[C@@H](SCC1(CC(=O)O)CC1)c1cccc(/C=C/c2ccc3ccc(Cl)cc3n2)c1|CC(C)(O)c1ccccc1CC[C@@H](SCC1(CC(=O)O)CC1)c1cccc(/C=C/c2ccc3cc[c:1](Cl)cc3n2)c1|CC(C)(O)c1ccccc1CC[C@@H](SCC1(CC(=O)O)CC1)c1cccc(/C=C/c2ccc3ccc(Cl)cc3n2)c1|CC(C)(O)c1ccccc1CC[C@@H](SCC1(C[C:1](O)=[O:1])CC1)c1cccc(/C=C/c2ccc3ccc(Cl)cc3n2)c1|CC(C)(O)c1ccccc1CC[C@@H](SCC1(CC(=O)O)CC1)c1cccc(/C=C/c2ccc3ccc(Cl)[cH:1]c3n2)c1|CC(O)(c1ccccc1CC[C@@H](SCC1(CC(=O)O)CC1)c1cccc(/C=C/c2ccc3ccc(Cl)cc3n2)c1)[CH3:1]|C[C:1](C)(O)c1ccccc1CC[C@@H](SCC1(CC(=O)O)CC1)c1cccc(/C=C/c2ccc3ccc(Cl)cc3n2)c1|CC(C)(O)c1ccccc1CC[C@@H](SC[C:1]1(CC(=O)O)C[CH2:1]1)c1cccc(/C=C/c2ccc3ccc(Cl)cc3n2)c1|CC(C)(O)c1ccccc1CC[C@@H](SCC1(CC(=O)O)CC1)c1cccc(/C=C/c2cc[c:1]3[cH:1][cH:1][c:1](Cl)[cH:1][c:1]3n2)c1|CC(C)(O)c1ccccc1CC[C@H](c1cccc(/C=C/c2ccc3ccc(Cl)cc3n2)c1)[S:1]CC1(CC(=O)O)CC1|CC(C)(O)c1ccccc1CC[C@H](c1cccc(/C=C/c2ccc3ccc(Cl)cc3n2)c1)[S:1]CC1(CC(=O)O)CC1|CC(C)(O)c1ccccc1CC[C@@H](SCC1(C[C:1](=O)O)CC1)c1cccc(/C=C/c2ccc3ccc(Cl)cc3n2)c1|CC(C)(O)c1ccccc1CC[C@H](c1cccc(/C=C/c2ccc3ccc(Cl)cc3n2)c1)[S:1]CC1(CC(=O)O)CC1|CC(O)(c1ccccc1CC[C@@H](SCC1(CC(=O)O)CC1)c1cccc(/C=C/c2ccc3ccc(Cl)cc3n2)c1)[CH3:1]|CC(C)(O)c1ccccc1CC[C@@H](SCC1(CC(=O)O)C[CH2:1]1)c1cccc(/C=C/c2ccc3ccc(Cl)cc3n2)c1|CC(C)(O)c1ccc[cH:1]c1CC[C@@H](SCC1(CC(=O)O)CC1)c1cccc(/C=C/c2ccc3ccc(Cl)cc3n2)c1|CC(C)(O)c1ccccc1CC[C@@H](SCC1(CC(=O)O)CC1)c1cccc(/C=C/c2nc3cc(Cl)ccc3c[cH:1]2)c1|CC(C)(O)c1ccccc1CC[C@@H](SCC1(CC(=O)O)CC1)c1cc(/C=C/c2ccc3ccc(Cl)cc3n2)cc[cH:1]1|CC(C)(O)c1ccccc1CC[C@@H](SCC1(C[C:1](O)=[O:1])CC1)c1cccc(/C=C/c2ccc3ccc(Cl)cc3n2)c1|C[C:1](C)(O)c1ccccc1CC[C@@H](SCC1(CC(=O)O)CC1)c1cccc(/C=C/c2ccc3ccc(Cl)cc3n2)c1|CC(C)(O)c1ccccc1CC[C@@H](SCC1(CC(=O)O)CC1)c1cccc(/C=C/c2ccc3cc[c:1](Cl)cc3n2)c1|CC(C)(O)c1ccccc1CC[C@@H](SCC1(CC(=O)O)CC1)c1cccc(/C=C/c2ccc3c[cH:1]c(Cl)cc3n2)c1|CC(C)(O)c1ccccc1CC[C@@H](SCC1(CC(=O)O)CC1)c1cccc(/C=C/c2ccc3ccc(Cl)cc3n2)c1|CC(C)(O)c1cc[cH:1]cc1CC[C@@H](SCC1(CC(=O)O)CC1)c1cccc(/C=C/c2ccc3ccc(Cl)cc3n2)c1|CC(C)(O)c1c[cH:1]ccc1CC[C@@H](SCC1(CC(=O)O)CC1)c1cccc(/C=C/c2ccc3ccc(Cl)cc3n2)c1
2,CC(C)(O)c1ccccc1CC[C@@H](SCC1(CC(=O)O)CC1)c1cccc(/C=C/c2ccc3ccc(Cl)cc3n2)c1,CYP2D6,CC(C)(O)c1ccccc1CC[C@H](c1cccc(/C=C/c2ccc3ccc(Cl)cc3n2)c1)S(=O)CC1(CC(=O)O)CC1,CC(C)(O)c1ccccc1CC[C@H](c1cccc(/C=C/c2ccc3ccc(Cl)cc3n2)c1)[S:1]CC1(CC(=O)O)CC1,CC(O)(c1ccccc1CC[C@@H](SCC1(CC(=O)O)CC1)c1cccc(/C=C/c2ccc3ccc(Cl)cc3n2)c1)[CH3:1]|C[C:1](C)(O)c1ccccc1CC[C@@H](SCC1(CC(=O)O)CC1)c1cccc(/C=C/c2ccc3ccc(Cl)cc3n2)c1|CC(C)(O)c1ccccc1CC[C@@H](SC[C:1]1(CC(=O)O)C[CH2:1]1)c1cccc(/C=C/c2ccc3ccc(Cl)cc3n2)c1|CC(C)(O)c1ccccc1CC[C@@H](SCC1(CC(=O)O)CC1)c1cccc(/C=C/c2cc[c:1]3[cH:1][cH:1][c:1](Cl)[cH:1][c:1]3n2)c1|CC(C)(O)c1ccccc1CC[C@H](c1cccc(/C=C/c2ccc3ccc(Cl)cc3n2)c1)[S:1]CC1(CC(=O)O)CC1|CC(C)(O)c1ccccc1CC[C@H](c1cccc(/C=C/c2ccc3ccc(Cl)cc3n2)c1)[S:1]CC1(CC(=O)O)CC1|CC(C)(O)c1ccccc1CC[C@@H](SCC1(C[C:1](=O)O)CC1)c1cccc(/C=C/c2ccc3ccc(Cl)cc3n2)c1|CC(O)(c1ccccc1CC[C@@H](SCC1(CC(=O)O)CC1)c1cccc(/C=C/c2ccc3ccc(Cl)cc3n2)c1)[CH3:1]|CC(C)(O)c1ccc[cH:1]c1CC[C@@H](SCC1(CC(=O)O)CC1)c1cccc(/C=C/c2ccc3ccc(Cl)cc3n2)c1|CC(C)(O)c1ccccc1CC[C@@H](SCC1(CC(=O)O)C[CH2:1]1)c1cccc(/C=C/c2ccc3ccc(Cl)cc3n2)c1|CC(C)(O)c1ccccc1CC[C@@H](SCC1(CC(=O)O)CC1)c1cccc(/C=C/c2nc3cc(Cl)ccc3c[cH:1]2)c1|CC(C)(O)c1ccccc1CC[C@@H](SCC1(CC(=O)O)CC1)c1cc(/C=C/c2ccc3ccc(Cl)cc3n2)cc[cH:1]1|C[C:1](C)(O)c1ccccc1CC[C@@H](SCC1(CC(=O)O)CC1)c1cccc(/C=C/c2ccc3ccc(Cl)cc3n2)c1|CC(C)(O)c1ccccc1CC[C@H](c1cccc(/C=C/c2ccc3ccc(Cl)cc3n2)c1)[S:1]CC1(CC(=O)O)CC1|CC(C)(O)c1ccccc1CC[C@@H](SCC1(CC(=O)O)CC1)c1cccc(/C=C/c2ccc3ccc(Cl)cc3n2)c1|CC(C)(O)c1ccccc1CC[C@@H](SCC1(CC(=O)O)CC1)c1cccc(/C=C/c2ccc3c[cH:1]c(Cl)cc3n2)c1|CC(C)(O)c1cc[cH:1]cc1CC[C@@H](SCC1(CC(=O)O)CC1)c1cccc(/C=C/c2ccc3ccc(Cl)cc3n2)c1|CC(C)(O)c1ccccc1CC[C@@H](SCC1(CC(=O)O)CC1)c1cccc(/C=C/c2ccc3cc[c:1](Cl)cc3n2)c1|CC(C)(O)c1ccccc1CC[C@@H](SCC1(C[C:1](O)=[O:1])CC1)c1cccc(/C=C/c2ccc3ccc(Cl)cc3n2)c1|CC(C)(O)c1c[cH:1]ccc1CC[C@@H](SCC1(CC(=O)O)CC1)c1cccc(/C=C/c2ccc3ccc(Cl)cc3n2)c1|CC(O)(c1ccccc1CC[C@@H](SCC1(CC(=O)O)CC1)c1cccc(/C=C/c2ccc3ccc(Cl)cc3n2)c1)[CH3:1]|C[C:1](C)(O)c1ccccc1CC[C@@H](SCC1(CC(=O)O)CC1)c1cccc(/C=C/c2ccc3ccc(Cl)cc3n2)c1|CC(C)(O)c1ccccc1CC[C@@H](SC[C:1]1(CC(=O)O)C[CH2:1]1)c1cccc(/C=C/c2ccc3ccc(Cl)cc3n2)c1|CC(C)(O)c1ccccc1CC[C@@H](SCC1(CC(=O)O)CC1)c1cccc(/C=C/c2cc[c:1]3[cH:1][cH:1][c:1](Cl)[cH:1][c:1]3n2)c1|CC(C)(O)c1ccccc1CC[C@H](c1cccc(/C=C/c2ccc3ccc(Cl)cc3n2)c1)[S:1]CC1(CC(=O)O)CC1|CC(C)(O)c1ccccc1CC[C@H](c1cccc(/C=C/c2ccc3ccc(Cl)cc3n2)c1)[S:1]CC1(CC(=O)O)CC1|CC(C)(O)c1ccccc1CC[C@@H](SCC1(CC(=O)O)CC1)c1cccc(/C=C/c2ccc3ccc(Cl)cc3n2)c1|CC(O)(c1ccccc1CC[C@@H](SCC1(CC(=O)O)CC1)c1cccc(/C=C/c2ccc3ccc(Cl)cc3n2)c1)[CH3:1]|CC(C)(O)c1ccc[cH:1]c1CC[C@@H](SCC1(CC(=O)O)CC1)c1cccc(/C=C/c2ccc3ccc(Cl)cc3n2)c1|CC(C)(O)c1ccccc1CC[C@@H](SCC1(CC(=O)O)CC1)c1cccc(/C=C/c2nc3cc(Cl)ccc3c[cH:1]2)c1|CC(C)(O)c1ccccc1CC[C@@H](SCC1(CC(=O)O)C[CH2:1]1)c1cccc(/C=C/c2ccc3ccc(Cl)cc3n2)c1|CC(C)(O)c1ccccc1CC[C@@H](SCC1(CC(=O)O)CC1)c1cc(/C=C/c2ccc3ccc(Cl)cc3n2)cc[cH:1]1|C[C:1](C)(O)c1ccccc1CC[C@@H](SCC1(CC(=O)O)CC1)c1cccc(/C=C/c2ccc3ccc(Cl)cc3n2)c1|CC(C)(O)c1ccccc1CC[C@@H](SCC1(C[C:1](=O)O)CC1)c1cccc(/C=C/c2ccc3ccc(Cl)cc3n2)c1|CC(C)(O)c1ccccc1CC[C@H](c1cccc(/C=C/c2ccc3ccc(Cl)cc3n2)c1)[S:1]CC1(CC(=O)O)CC1|CC(C)(O)c1ccccc1CC[C@@H](SCC1(CC(=O)O)CC1)c1cccc(/C=C/c2ccc3c[cH:1]c(Cl)cc3n2)c1|CC(C)(O)c1ccccc1CC[C@@H](SCC1(CC(=O)O)CC1)c1cccc(/C=C/c2ccc3cc[c:1](Cl)cc3n2)c1|CC(C)(O)c1cc[cH:1]cc1CC[C@@H](SCC1(CC(=O)O)CC1)c1cccc(/C=C/c2ccc3ccc(Cl)cc3n2)c1|CC(C)(O)c1ccccc1CC[C@@H](SCC1(CC(=O)O)CC1)c1cccc(/C=C/c2ccc3ccc(Cl)[cH:1]c3n2)c1|CC(C)(O)c1c[cH:1]ccc1CC[C@@H](SCC1(CC(=O)O)CC1)c1cccc(/C=C/c2ccc3ccc(Cl)cc3n2)c1|CC(O)(c1ccccc1CC[C@@H](SCC1(CC(=O)O)CC1)c1cccc(/C=C/c2ccc3ccc(Cl)cc3n2)c1)[CH3:1]|C[C:1](C)(O)c1ccccc1CC[C@@H](SCC1(CC(=O)O)CC1)c1cccc(/C=C/c2ccc3ccc(Cl)cc3n2)c1|CC(C)(O)c1ccccc1CC[C@@H](SC[C:1]1(CC(=O)O)C[CH2:1]1)c1cccc(/C=C/c2ccc3ccc(Cl)cc3n2)c1|CC(C)(O)c1ccccc1CC[C@@H](SCC1(CC(=O)O)CC1)c1cccc(/C=C/c2cc[c:1]3[cH:1][cH:1][c:1](Cl)[cH:1][c:1]3n2)c1|CC(C)(O)c1ccccc1CC[C@H](c1cccc(/C=C/c2ccc3ccc(Cl)cc3n2)c1)[S:1]CC1(CC(=O)O)CC1|CC(C)(O)c1ccccc1CC[C@H](c1cccc(/C=C/c2ccc3ccc(Cl)cc3n2)c1)[S:1]CC1(CC(=O)O)CC1|CC(O)(c1ccccc1CC[C@@H](SCC1(CC(=O)O)CC1)c1cccc(/C=C/c2ccc3ccc(Cl)cc3n2)c1)[CH3:1]|CC(C)(O)c1ccccc1CC[C@@H](SCC1(C[C:1](=O)O)CC1)c1cccc(/C=C/c2ccc3ccc(Cl)cc3n2)c1|CC(C)(O)c1ccccc1CC[C@H](c1cccc(/C=C/c2ccc3ccc(Cl)cc3n2)c1)[S:1]CC1(CC(=O)O)CC1|CC(C)(O)c1ccc[cH:1]c1CC[C@@H](SCC1(CC(=O)O)CC1)c1cccc(/C=C/c2ccc3ccc(Cl)cc3n2)c1|CC(C)(O)c1ccccc1CC[C@@H](SCC1(CC(=O)O)CC1)c1cccc(/C=C/c2nc3cc(Cl)ccc3c[cH:1]2)c1|CC(C)(O)c1ccccc1CC[C@@H](SCC1(CC(=O)O)C[CH2:1]1)c1cccc(/C=C/c2ccc3ccc(Cl)cc3n2)c1|CC(C)(O)c1ccccc1CC[C@@H](SCC1(CC(=O)O)CC1)c1cc(/C=C/c2ccc3ccc(Cl)cc3n2)cc[cH:1]1|C[C:1](C)(O)c1ccccc1CC[C@@H](SCC1(CC(=O)O)CC1)c1cccc(/C=C/c2ccc3ccc(Cl)cc3n2)c1|CC(C)(O)c1ccccc1CC[C@@H](SCC1(CC(=O)O)CC1)c1cccc(/C=C/c2ccc3c[cH:1]c(Cl)cc3n2)c1|CC(C)(O)c1cc[cH:1]cc1CC[C@@H](SCC1(CC(=O)O)CC1)c1cccc(/C=C/c2ccc3ccc(Cl)cc3n2)c1|CC(C)(O)c1ccccc1CC[C@@H](SCC1(CC(=O)O)CC1)c1cccc(/C=C/c2ccc3cc[c:1](Cl)cc3n2)c1|CC(C)(O)c1ccccc1CC[C@@H](SCC1(CC(=O)O)CC1)c1cccc(/C=C/c2ccc3ccc(Cl)cc3n2)c1|CC(C)(O)c1ccccc1CC[C@@H](SCC1(C[C:1](O)=[O:1])CC1)c1cccc(/C=C/c2ccc3ccc(Cl)cc3n2)c1|CC(C)(O)c1ccccc1CC[C@@H](SCC1(CC(=O)O)CC1)c1cccc(/C=C/c2ccc3ccc(Cl)[cH:1]c3n2)c1|CC(O)(c1ccccc1CC[C@@H](SCC1(CC(=O)O)CC1)c1cccc(/C=C/c2ccc3ccc(Cl)cc3n2)c1)[CH3:1]|C[C:1](C)(O)c1ccccc1CC[C@@H](SCC1(CC(=O)O)CC1)c1cccc(/C=C/c2ccc3ccc(Cl)cc3n2)c1|CC(C)(O)c1ccccc1CC[C@@H](SC[C:1]1(CC(=O)O)C[CH2:1]1)c1cccc(/C=C/c2ccc3ccc(Cl)cc3n2)c1|CC(C)(O)c1ccccc1CC[C@@H](SCC1(CC(=O)O)CC1)c1cccc(/C=C/c2cc[c:1]3[cH:1][cH:1][c:1](Cl)[cH:1][c:1]3n2)c1|CC(C)(O)c1ccccc1CC[C@H](c1cccc(/C=C/c2ccc3ccc(Cl)cc3n2)c1)[S:1]CC1(CC(=O)O)CC1|CC(C)(O)c1ccccc1CC[C@H](c1cccc(/C=C/c2ccc3ccc(Cl)cc3n2)c1)[S:1]CC1(CC(=O)O)CC1|CC(C)(O)c1ccccc1CC[C@@H](SCC1(C[C:1](=O)O)CC1)c1cccc(/C=C/c2ccc3ccc(Cl)cc3n2)c1|CC(C)(O)c1ccccc1CC[C@H](c1cccc(/C=C/c2ccc3ccc(Cl)cc3n2)c1)[S:1]CC1(CC(=O)O)CC1|CC(O)(c1ccccc1CC[C@@H](SCC1(CC(=O)O)CC1)c1cccc(/C=C/c2ccc3ccc(Cl)cc3n2)c1)[CH3:1]|CC(C)(O)c1ccccc1CC[C@@H](SCC1(CC(=O)O)C[CH2:1]1)c1cccc(/C=C/c2ccc3ccc(Cl)cc3n2)c1|CC(C)(O)c1ccc[cH:1]c1CC[C@@H](SCC1(CC(=O)O)CC1)c1cccc(/C=C/c2ccc3ccc(Cl)cc3n2)c1|CC(C)(O)c1ccccc1CC[C@@H](SCC1(CC(=O)O)CC1)c1cccc(/C=C/c2nc3cc(Cl)ccc3c[cH:1]2)c1|CC(C)(O)c1ccccc1CC[C@@H](SCC1(CC(=O)O)CC1)c1cc(/C=C/c2ccc3ccc(Cl)cc3n2)cc[cH:1]1|CC(C)(O)c1ccccc1CC[C@@H](SCC1(C[C:1](O)=[O:1])CC1)c1cccc(/C=C/c2ccc3ccc(Cl)cc3n2)c1|C[C:1](C)(O)c1ccccc1CC[C@@H](SCC1(CC(=O)O)CC1)c1cccc(/C=C/c2ccc3ccc(Cl)cc3n2)c1|CC(C)(O)c1ccccc1CC[C@@H](SCC1(CC(=O)O)CC1)c1cccc(/C=C/c2ccc3cc[c:1](Cl)cc3n2)c1|CC(C)(O)c1ccccc1CC[C@@H](SCC1(CC(=O)O)CC1)c1cccc(/C=C/c2ccc3c[cH:1]c(Cl)cc3n2)c1|CC(C)(O)c1ccccc1CC[C@@H](SCC1(CC(=O)O)CC1)c1cccc(/C=C/c2ccc3ccc(Cl)cc3n2)c1|CC(C)(O)c1cc[cH:1]cc1CC[C@@H](SCC1(CC(=O)O)CC1)c1cccc(/C=C/c2ccc3ccc(Cl)cc3n2)c1|CC(C)(O)c1c[cH:1]ccc1CC[C@@H](SCC1(CC(=O)O)CC1)c1cccc(/C=C/c2ccc3ccc(Cl)cc3n2)c1
3,CC(C)(O)c1ccccc1CC[C@@H](SCC1(CC(=O)O)CC1)c1cccc(/C=C/c2ccc3ccc(Cl)cc3n2)c1,CYP3A4,CC(C)(O)c1cc(O)ccc1CC[C@@H](SCC1(CC(=O)O)CC1)c1cccc(/C=C/c2ccc3ccc(Cl)cc3n2)c1|CC(C)(O)c1ccccc1C(O)C[C@@H](SCC1(CC(=O)O)CC1)c1cccc(/C=C/c2ccc3ccc(Cl)cc3n2)c1|CC(C)(O)c1ccccc1CC[C@H](c1cccc(/C=C/c2ccc3ccc(Cl)cc3n2)c1)S(=O)CC1(CC(=O)O)CC1|CC(C)(O)c1ccccc1CC[C@H](c1cccc(/C=C/c2ccc3ccc(Cl)cc3n2)c1)[S+]([O-])CC1(CC(=O)O)CC1|CC(C)(O)c1ccccc1[C@@H](O)C[C@@H](SCC1(CC(=O)O)CC1)c1cccc(/C=C/c2ccc3ccc(Cl)cc3n2)c1|CC(C)(O)c1ccccc1[C@H](O)C[C@@H](SCC1(CC(=O)O)CC1)c1cccc(/C=C/c2ccc3ccc(Cl)cc3n2)c1|CC(O)(CO)c1ccccc1CC[C@@H](SCC1(CC(=O)O)CC1)c1cccc(/C=C/c2ccc3ccc(Cl)cc3n2)c1,CC(C)(O)c1c[cH:1]ccc1CC[C@@H](SCC1(CC(=O)O)CC1)c1cccc(/C=C/c2ccc3ccc(Cl)cc3n2)c1|CC(C)(O)c1ccccc1CC[C@H](c1cccc(/C=C/c2ccc3ccc(Cl)cc3n2)c1)[S:1]CC1(CC(=O)O)CC1|CC(C)(O)c1ccccc1[CH2:1]C[C@@H](SCC1(CC(=O)O)CC1)c1cccc(/C=C/c2ccc3ccc(Cl)cc3n2)c1|CC(O)(c1ccccc1CC[C@@H](SCC1(CC(=O)O)CC1)c1cccc(/C=C/c2ccc3ccc(Cl)cc3n2)c1)[CH3:1],CC(O)(c1ccccc1CC[C@@H](SCC1(CC(=O)O)CC1)c1cccc(/C=C/c2ccc3ccc(Cl)cc3n2)c1)[CH3:1]|C[C:1](C)(O)c1ccccc1CC[C@@H](SCC1(CC(=O)O)CC1)c1cccc(/C=C/c2ccc3ccc(Cl)cc3n2)c1|CC(C)(O)c1ccccc1CC[C@@H](SC[C:1]1(CC(=O)O)C[CH2:1]1)c1cccc(/C=C/c2ccc3ccc(Cl)cc3n2)c1|CC(C)(O)c1ccccc1CC[C@@H](SCC1(CC(=O)O)CC1)c1cccc(/C=C/c2cc[c:1]3[cH:1][cH:1][c:1](Cl)[cH:1][c:1]3n2)c1|CC(C)(O)c1ccccc1CC[C@H](c1cccc(/C=C/c2ccc3ccc(Cl)cc3n2)c1)[S:1]CC1(CC(=O)O)CC1|CC(C)(O)c1ccccc1CC[C@H](c1cccc(/C=C/c2ccc3ccc(Cl)cc3n2)c1)[S:1]CC1(CC(=O)O)CC1|CC(C)(O)c1ccccc1CC[C@@H](SCC1(C[C:1](=O)O)CC1)c1cccc(/C=C/c2ccc3ccc(Cl)cc3n2)c1|CC(O)(c1ccccc1CC[C@@H](SCC1(CC(=O)O)CC1)c1cccc(/C=C/c2ccc3ccc(Cl)cc3n2)c1)[CH3:1]|CC(C)(O)c1ccc[cH:1]c1CC[C@@H](SCC1(CC(=O)O)CC1)c1cccc(/C=C/c2ccc3ccc(Cl)cc3n2)c1|CC(C)(O)c1ccccc1CC[C@@H](SCC1(CC(=O)O)C[CH2:1]1)c1cccc(/C=C/c2ccc3ccc(Cl)cc3n2)c1|CC(C)(O)c1ccccc1CC[C@@H](SCC1(CC(=O)O)CC1)c1cccc(/C=C/c2nc3cc(Cl)ccc3c[cH:1]2)c1|CC(C)(O)c1ccccc1CC[C@@H](SCC1(CC(=O)O)CC1)c1cc(/C=C/c2ccc3ccc(Cl)cc3n2)cc[cH:1]1|C[C:1](C)(O)c1ccccc1CC[C@@H](SCC1(CC(=O)O)CC1)c1cccc(/C=C/c2ccc3ccc(Cl)cc3n2)c1|CC(C)(O)c1ccccc1CC[C@H](c1cccc(/C=C/c2ccc3ccc(Cl)cc3n2)c1)[S:1]CC1(CC(=O)O)CC1|CC(C)(O)c1ccccc1CC[C@@H](SCC1(CC(=O)O)CC1)c1cccc(/C=C/c2ccc3ccc(Cl)cc3n2)c1|CC(C)(O)c1ccccc1CC[C@@H](SCC1(CC(=O)O)CC1)c1cccc(/C=C/c2ccc3c[cH:1]c(Cl)cc3n2)c1|CC(C)(O)c1cc[cH:1]cc1CC[C@@H](SCC1(CC(=O)O)CC1)c1cccc(/C=C/c2ccc3ccc(Cl)cc3n2)c1|CC(C)(O)c1ccccc1CC[C@@H](SCC1(CC(=O)O)CC1)c1cccc(/C=C/c2ccc3cc[c:1](Cl)cc3n2)c1|CC(C)(O)c1ccccc1CC[C@@H](SCC1(C[C:1](O)=[O:1])CC1)c1cccc(/C=C/c2ccc3ccc(Cl)cc3n2)c1|CC(C)(O)c1c[cH:1]ccc1CC[C@@H](SCC1(CC(=O)O)CC1)c1cccc(/C=C/c2ccc3ccc(Cl)cc3n2)c1|CC(O)(c1ccccc1CC[C@@H](SCC1(CC(=O)O)CC1)c1cccc(/C=C/c2ccc3ccc(Cl)cc3n2)c1)[CH3:1]|C[C:1](C)(O)c1ccccc1CC[C@@H](SCC1(CC(=O)O)CC1)c1cccc(/C=C/c2ccc3ccc(Cl)cc3n2)c1|CC(C)(O)c1ccccc1CC[C@@H](SC[C:1]1(CC(=O)O)C[CH2:1]1)c1cccc(/C=C/c2ccc3ccc(Cl)cc3n2)c1|CC(C)(O)c1ccccc1CC[C@@H](SCC1(CC(=O)O)CC1)c1cccc(/C=C/c2cc[c:1]3[cH:1][cH:1][c:1](Cl)[cH:1][c:1]3n2)c1|CC(C)(O)c1ccccc1CC[C@H](c1cccc(/C=C/c2ccc3ccc(Cl)cc3n2)c1)[S:1]CC1(CC(=O)O)CC1|CC(C)(O)c1ccccc1CC[C@H](c1cccc(/C=C/c2ccc3ccc(Cl)cc3n2)c1)[S:1]CC1(CC(=O)O)CC1|CC(C)(O)c1ccccc1CC[C@@H](SCC1(CC(=O)O)CC1)c1cccc(/C=C/c2ccc3ccc(Cl)cc3n2)c1|CC(O)(c1ccccc1CC[C@@H](SCC1(CC(=O)O)CC1)c1cccc(/C=C/c2ccc3ccc(Cl)cc3n2)c1)[CH3:1]|CC(C)(O)c1ccc[cH:1]c1CC[C@@H](SCC1(CC(=O)O)CC1)c1cccc(/C=C/c2ccc3ccc(Cl)cc3n2)c1|CC(C)(O)c1ccccc1CC[C@@H](SCC1(CC(=O)O)CC1)c1cccc(/C=C/c2nc3cc(Cl)ccc3c[cH:1]2)c1|CC(C)(O)c1ccccc1CC[C@@H](SCC1(CC(=O)O)C[CH2:1]1)c1cccc(/C=C/c2ccc3ccc(Cl)cc3n2)c1|CC(C)(O)c1ccccc1CC[C@@H](SCC1(CC(=O)O)CC1)c1cc(/C=C/c2ccc3ccc(Cl)cc3n2)cc[cH:1]1|C[C:1](C)(O)c1ccccc1CC[C@@H](SCC1(CC(=O)O)CC1)c1cccc(/C=C/c2ccc3ccc(Cl)cc3n2)c1|CC(C)(O)c1ccccc1CC[C@@H](SCC1(C[C:1](=O)O)CC1)c1cccc(/C=C/c2ccc3ccc(Cl)cc3n2)c1|CC(C)(O)c1ccccc1CC[C@H](c1cccc(/C=C/c2ccc3ccc(Cl)cc3n2)c1)[S:1]CC1(CC(=O)O)CC1|CC(C)(O)c1ccccc1CC[C@@H](SCC1(CC(=O)O)CC1)c1cccc(/C=C/c2ccc3c[cH:1]c(Cl)cc3n2)c1|CC(C)(O)c1ccccc1CC[C@@H](SCC1(CC(=O)O)CC1)c1cccc(/C=C/c2ccc3cc[c:1](Cl)cc3n2)c1|CC(C)(O)c1cc[cH:1]cc1CC[C@@H](SCC1(CC(=O)O)CC1)c1cccc(/C=C/c2ccc3ccc(Cl)cc3n2)c1|CC(C)(O)c1ccccc1CC[C@@H](SCC1(CC(=O)O)CC1)c1cccc(/C=C/c2ccc3ccc(Cl)[cH:1]c3n2)c1|CC(C)(O)c1c[cH:1]ccc1CC[C@@H](SCC1(CC(=O)O)CC1)c1cccc(/C=C/c2ccc3ccc(Cl)cc3n2)c1|CC(O)(c1ccccc1CC[C@@H](SCC1(CC(=O)O)CC1)c1cccc(/C=C/c2ccc3ccc(Cl)cc3n2)c1)[CH3:1]|C[C:1](C)(O)c1ccccc1CC[C@@H](SCC1(CC(=O)O)CC1)c1cccc(/C=C/c2ccc3ccc(Cl)cc3n2)c1|CC(C)(O)c1ccccc1CC[C@@H](SC[C:1]1(CC(=O)O)C[CH2:1]1)c1cccc(/C=C/c2ccc3ccc(Cl)cc3n2)c1|CC(C)(O)c1ccccc1CC[C@@H](SCC1(CC(=O)O)CC1)c1cccc(/C=C/c2cc[c:1]3[cH:1][cH:1][c:1](Cl)[cH:1][c:1]3n2)c1|CC(C)(O)c1ccccc1CC[C@H](c1cccc(/C=C/c2ccc3ccc(Cl)cc3n2)c1)[S:1]CC1(CC(=O)O)CC1|CC(C)(O)c1ccccc1CC[C@H](c1cccc(/C=C/c2ccc3ccc(Cl)cc3n2)c1)[S:1]CC1(CC(=O)O)CC1|CC(O)(c1ccccc1CC[C@@H](SCC1(CC(=O)O)CC1)c1cccc(/C=C/c2ccc3ccc(Cl)cc3n2)c1)[CH3:1]|CC(C)(O)c1ccccc1CC[C@@H](SCC1(C[C:1](=O)O)CC1)c1cccc(/C=C/c2ccc3ccc(Cl)cc3n2)c1|CC(C)(O)c1ccccc1CC[C@H](c1cccc(/C=C/c2ccc3ccc(Cl)cc3n2)c1)[S:1]CC1(CC(=O)O)CC1|CC(C)(O)c1ccc[cH:1]c1CC[C@@H](SCC1(CC(=O)O)CC1)c1cccc(/C=C/c2ccc3ccc(Cl)cc3n2)c1|CC(C)(O)c1ccccc1CC[C@@H](SCC1(CC(=O)O)CC1)c1cccc(/C=C/c2nc3cc(Cl)ccc3c[cH:1]2)c1|CC(C)(O)c1ccccc1CC[C@@H](SCC1(CC(=O)O)C[CH2:1]1)c1cccc(/C=C/c2ccc3ccc(Cl)cc3n2)c1|CC(C)(O)c1ccccc1CC[C@@H](SCC1(CC(=O)O)CC1)c1cc(/C=C/c2ccc3ccc(Cl)cc3n2)cc[cH:1]1|C[C:1](C)(O)c1ccccc1CC[C@@H](SCC1(CC(=O)O)CC1)c1cccc(/C=C/c2ccc3ccc(Cl)cc3n2)c1|CC(C)(O)c1ccccc1CC[C@@H](SCC1(CC(=O)O)CC1)c1cccc(/C=C/c2ccc3c[cH:1]c(Cl)cc3n2)c1|CC(C)(O)c1cc[cH:1]cc1CC[C@@H](SCC1(CC(=O)O)CC1)c1cccc(/C=C/c2ccc3ccc(Cl)cc3n2)c1|CC(C)(O)c1ccccc1CC[C@@H](SCC1(CC(=O)O)CC1)c1cccc(/C=C/c2ccc3cc[c:1](Cl)cc3n2)c1|CC(C)(O)c1ccccc1CC[C@@H](SCC1(CC(=O)O)CC1)c1cccc(/C=C/c2ccc3ccc(Cl)cc3n2)c1|CC(C)(O)c1ccccc1CC[C@@H](SCC1(C[C:1](O)=[O:1])CC1)c1cccc(/C=C/c2ccc3ccc(Cl)cc3n2)c1|CC(C)(O)c1ccccc1CC[C@@H](SCC1(CC(=O)O)CC1)c1cccc(/C=C/c2ccc3ccc(Cl)[cH:1]c3n2)c1|CC(O)(c1ccccc1CC[C@@H](SCC1(CC(=O)O)CC1)c1cccc(/C=C/c2ccc3ccc(Cl)cc3n2)c1)[CH3:1]|C[C:1](C)(O)c1ccccc1CC[C@@H](SCC1(CC(=O)O)CC1)c1cccc(/C=C/c2ccc3ccc(Cl)cc3n2)c1|CC(C)(O)c1ccccc1CC[C@@H](SC[C:1]1(CC(=O)O)C[CH2:1]1)c1cccc(/C=C/c2ccc3ccc(Cl)cc3n2)c1|CC(C)(O)c1ccccc1CC[C@@H](SCC1(CC(=O)O)CC1)c1cccc(/C=C/c2cc[c:1]3[cH:1][cH:1][c:1](Cl)[cH:1][c:1]3n2)c1|CC(C)(O)c1ccccc1CC[C@H](c1cccc(/C=C/c2ccc3ccc(Cl)cc3n2)c1)[S:1]CC1(CC(=O)O)CC1|CC(C)(O)c1ccccc1CC[C@H](c1cccc(/C=C/c2ccc3ccc(Cl)cc3n2)c1)[S:1]CC1(CC(=O)O)CC1|CC(C)(O)c1ccccc1CC[C@@H](SCC1(C[C:1](=O)O)CC1)c1cccc(/C=C/c2ccc3ccc(Cl)cc3n2)c1|CC(C)(O)c1ccccc1CC[C@H](c1cccc(/C=C/c2ccc3ccc(Cl)cc3n2)c1)[S:1]CC1(CC(=O)O)CC1|CC(O)(c1ccccc1CC[C@@H](SCC1(CC(=O)O)CC1)c1cccc(/C=C/c2ccc3ccc(Cl)cc3n2)c1)[CH3:1]|CC(C)(O)c1ccccc1CC[C@@H](SCC1(CC(=O)O)C[CH2:1]1)c1cccc(/C=C/c2ccc3ccc(Cl)cc3n2)c1|CC(C)(O)c1ccc[cH:1]c1CC[C@@H](SCC1(CC(=O)O)CC1)c1cccc(/C=C/c2ccc3ccc(Cl)cc3n2)c1|CC(C)(O)c1ccccc1CC[C@@H](SCC1(CC(=O)O)CC1)c1cccc(/C=C/c2nc3cc(Cl)ccc3c[cH:1]2)c1|CC(C)(O)c1ccccc1CC[C@@H](SCC1(CC(=O)O)CC1)c1cc(/C=C/c2ccc3ccc(Cl)cc3n2)cc[cH:1]1|CC(C)(O)c1ccccc1CC[C@@H](SCC1(C[C:1](O)=[O:1])CC1)c1cccc(/C=C/c2ccc3ccc(Cl)cc3n2)c1|C[C:1](C)(O)c1ccccc1CC[C@@H](SCC1(CC(=O)O)CC1)c1cccc(/C=C/c2ccc3ccc(Cl)cc3n2)c1|CC(C)(O)c1ccccc1CC[C@@H](SCC1(CC(=O)O)CC1)c1cccc(/C=C/c2ccc3cc[c:1](Cl)cc3n2)c1|CC(C)(O)c1ccccc1CC[C@@H](SCC1(CC(=O)O)CC1)c1cccc(/C=C/c2ccc3c[cH:1]c(Cl)cc3n2)c1|CC(C)(O)c1ccccc1CC[C@@H](SCC1(CC(=O)O)CC1)c1cccc(/C=C/c2ccc3ccc(Cl)cc3n2)c1|CC(C)(O)c1cc[cH:1]cc1CC[C@@H](SCC1(CC(=O)O)CC1)c1cccc(/C=C/c2ccc3ccc(Cl)cc3n2)c1|CC(C)(O)c1c[cH:1]ccc1CC[C@@H](SCC1(CC(=O)O)CC1)c1cccc(/C=C/c2ccc3ccc(Cl)cc3n2)c1
4,CC(C)CNCc1ccc(-c2ccccc2S(=O)(=O)N2CCCC2)cc1,CYP2D6,CC(C)C=O|CC(C)CNCc1ccc(-c2ccccc2S(=O)(=O)N2CCC(O)C2)cc1,CC(C)CNCc1ccc(-c2ccccc2S(=O)(=O)N2CC[CH2:1]C2)cc1|CC(C)CN[CH2:1][c:1]1[cH:1]cc(-c2ccccc2S(=O)(N2CCCC2)=[O:1])c[cH:1]1,CC(C)C[NH:1]Cc1ccc(-c2ccccc2S(=O)(=O)N2CCCC2)cc1|C[CH:1](C)CNCc1ccc(-c2ccccc2S(=O)(=O)N2CCCC2)cc1|CC(CNCc1ccc(-c2ccccc2S(=O)(=O)N2CCCC2)cc1)[CH3:1]|CC(C)C[NH:1]Cc1ccc(-c2ccccc2S(=O)(=O)N2CCCC2)cc1|CC(C)CNCc1ccc(-c2ccccc2S(=O)(=O)N2CCC[CH2:1]2)cc1|CC(C)CN[CH2:1]c1ccc(-c2ccccc2S(=O)(=O)N2CCCC2)cc1|CC(C)CNCc1ccc(-c2ccccc2S(=O)(=O)N2CC[CH2:1]C2)cc1|CC(C)CNCc1ccc(-c2ccccc2S(=O)(=O)[N:1]2CCC[CH2:1]2)cc1|CC(C)CN[CH2:1]c1ccc(-c2ccccc2S(=O)(=O)N2CCCC2)cc1|CC(C)[CH2:1]NCc1ccc(-c2ccccc2S(=O)(=O)N2CCCC2)cc1|CC(C)C[NH:1]Cc1ccc(-c2ccccc2S(=O)(=O)N2CCCC2)cc1|CC(C)CNCc1ccc(-c2ccccc2S(=O)(=O)N2CCCC2)cc1|CC(C)C[NH:1]Cc1ccc(-c2ccccc2S(=O)(=O)N2CCCC2)cc1|CC(C)C[NH:1]Cc1ccc(-c2ccccc2S(=O)(=O)N2CCCC2)cc1|CC(CNCc1ccc(-c2ccccc2S(=O)(=O)N2CCCC2)cc1)[CH3:1]|CC(CNCc1ccc(-c2ccccc2S(=O)(=O)N2CCCC2)cc1)[CH3:1]|CC(C)CNCc1ccc(-c2ccccc2S(=O)(=O)N2CC[CH2:1][CH2:1]2)cc1|CC(C)CNCc1ccc(-c2ccccc2[S:1](=O)(=O)N2CCCC2)cc1|CC(C)C[NH:1]Cc1ccc(-c2ccccc2S(=O)(=O)N2CCCC2)cc1|CC(C)CNCc1ccc(-c2ccccc2[S:1](=O)(=O)N2CCCC2)cc1|CC(C)C[NH:1]Cc1ccc(-c2ccccc2S(=O)(=O)N2CCCC2)cc1|C[CH:1](C)CNCc1ccc(-c2ccccc2S(=O)(=O)N2CCCC2)cc1|CC(CNCc1ccc(-c2ccccc2S(=O)(=O)N2CCCC2)cc1)[CH3:1]|CC(C)C[NH:1]Cc1ccc(-c2ccccc2S(=O)(=O)N2CCCC2)cc1|CC(C)CNCc1ccc(-c2ccccc2S(=O)(=O)N2CCC[CH2:1]2)cc1|CC(C)CN[CH2:1]c1ccc(-c2ccccc2S(=O)(=O)N2CCCC2)cc1|CC(C)CN[CH2:1]c1ccc(-c2ccccc2S(=O)(=O)N2CCCC2)cc1|CC(C)CNCc1ccc(-c2ccccc2S(=O)(=O)[N:1]2CCC[CH2:1]2)cc1|CC(C)CNCc1ccc(-c2ccccc2S(=O)(=O)N2CC[CH2:1]C2)cc1|CC(C)[CH2:1]NCc1ccc(-c2ccccc2S(=O)(=O)N2CCCC2)cc1|CC(C)C[NH:1]Cc1ccc(-c2ccccc2S(=O)(=O)N2CCCC2)cc1|CC(C)CNCc1ccc(-c2ccccc2S(=O)(=O)N2CCCC2)cc1|CC(C)C[NH:1]Cc1ccc(-c2ccccc2S(=O)(=O)N2CCCC2)cc1|CC(C)CNCc1ccc(-c2ccccc2[S:1](=O)(=O)N2CCCC2)cc1|CC(CNCc1ccc(-c2ccccc2S(=O)(=O)N2CCCC2)cc1)[CH3:1]|CC(C)C[NH:1]Cc1ccc(-c2ccccc2S(=O)(=O)N2CCCC2)cc1|CC(C)CNCc1ccc(-c2ccccc2S(=O)(=O)N2CC[CH2:1][CH2:1]2)cc1|CC(CNCc1ccc(-c2ccccc2S(=O)(=O)N2CCCC2)cc1)[CH3:1]|CC(C)CNCc1ccc(-c2ccccc2S(=O)(=O)N2CCCC2)cc1|CC(C)CNCc1ccc(-c2ccccc2S(=O)(=O)[N:1]2CCC[CH2:1]2)cc1
5,CC(C)CNCc1ccc(-c2ccccc2S(=O)(=O)N2CCCC2)cc1,CYP3A4,CC(C)C=O|CC(C)CN|CC(C)CNC(O)c1ccc(-c2ccccc2S(=O)(=O)N2CCCC2)cc1,CC(C)CN[CH2:1][c:1]1[cH:1]cc(-c2ccccc2S(=O)(N2CCCC2)=[O:1])c[cH:1]1|CC(C)CN[CH2:1]c1ccc(-c2ccccc2S(=O)(=O)N2CCCC2)cc1|CC(C)C[NH:1]Cc1ccc(-c2ccccc2S(=O)(=O)N2CCCC2)cc1,CC(C)C[NH:1]Cc1ccc(-c2ccccc2S(=O)(=O)N2CCCC2)cc1|C[CH:1](C)CNCc1ccc(-c2ccccc2S(=O)(=O)N2CCCC2)cc1|CC(CNCc1ccc(-c2ccccc2S(=O)(=O)N2CCCC2)cc1)[CH3:1]|CC(C)C[NH:1]Cc1ccc(-c2ccccc2S(=O)(=O)N2CCCC2)cc1|CC(C)CNCc1ccc(-c2ccccc2S(=O)(=O)N2CCC[CH2:1]2)cc1|CC(C)CN[CH2:1]c1ccc(-c2ccccc2S(=O)(=O)N2CCCC2)cc1|CC(C)CNCc1ccc(-c2ccccc2S(=O)(=O)N2CC[CH2:1]C2)cc1|CC(C)CNCc1ccc(-c2ccccc2S(=O)(=O)[N:1]2CCC[CH2:1]2)cc1|CC(C)CN[CH2:1]c1ccc(-c2ccccc2S(=O)(=O)N2CCCC2)cc1|CC(C)[CH2:1]NCc1ccc(-c2ccccc2S(=O)(=O)N2CCCC2)cc1|CC(C)C[NH:1]Cc1ccc(-c2ccccc2S(=O)(=O)N2CCCC2)cc1|CC(C)CNCc1ccc(-c2ccccc2S(=O)(=O)N2CCCC2)cc1|CC(C)C[NH:1]Cc1ccc(-c2ccccc2S(=O)(=O)N2CCCC2)cc1|CC(C)C[NH:1]Cc1ccc(-c2ccccc2S(=O)(=O)N2CCCC2)cc1|CC(CNCc1ccc(-c2ccccc2S(=O)(=O)N2CCCC2)cc1)[CH3:1]|CC(CNCc1ccc(-c2ccccc2S(=O)(=O)N2CCCC2)cc1)[CH3:1]|CC(C)CNCc1ccc(-c2ccccc2S(=O)(=O)N2CC[CH2:1][CH2:1]2)cc1|CC(C)CNCc1ccc(-c2ccccc2[S:1](=O)(=O)N2CCCC2)cc1|CC(C)C[NH:1]Cc1ccc(-c2ccccc2S(=O)(=O)N2CCCC2)cc1|CC(C)CNCc1ccc(-c2ccccc2[S:1](=O)(=O)N2CCCC2)cc1|CC(C)C[NH:1]Cc1ccc(-c2ccccc2S(=O)(=O)N2CCCC2)cc1|C[CH:1](C)CNCc1ccc(-c2ccccc2S(=O)(=O)N2CCCC2)cc1|CC(CNCc1ccc(-c2ccccc2S(=O)(=O)N2CCCC2)cc1)[CH3:1]|CC(C)C[NH:1]Cc1ccc(-c2ccccc2S(=O)(=O)N2CCCC2)cc1|CC(C)CNCc1ccc(-c2ccccc2S(=O)(=O)N2CCC[CH2:1]2)cc1|CC(C)CN[CH2:1]c1ccc(-c2ccccc2S(=O)(=O)N2CCCC2)cc1|CC(C)CN[CH2:1]c1ccc(-c2ccccc2S(=O)(=O)N2CCCC2)cc1|CC(C)CNCc1ccc(-c2ccccc2S(=O)(=O)[N:1]2CCC[CH2:1]2)cc1|CC(C)CNCc1ccc(-c2ccccc2S(=O)(=O)N2CC[CH2:1]C2)cc1|CC(C)[CH2:1]NCc1ccc(-c2ccccc2S(=O)(=O)N2CCCC2)cc1|CC(C)C[NH:1]Cc1ccc(-c2ccccc2S(=O)(=O)N2CCCC2)cc1|CC(C)CNCc1ccc(-c2ccccc2S(=O)(=O)N2CCCC2)cc1|CC(C)C[NH:1]Cc1ccc(-c2ccccc2S(=O)(=O)N2CCCC2)cc1|CC(C)CNCc1ccc(-c2ccccc2[S:1](=O)(=O)N2CCCC2)cc1|CC(CNCc1ccc(-c2ccccc2S(=O)(=O)N2CCCC2)cc1)[CH3:1]|CC(C)C[NH:1]Cc1ccc(-c2ccccc2S(=O)(=O)N2CCCC2)cc1|CC(C)CNCc1ccc(-c2ccccc2S(=O)(=O)N2CC[CH2:1][CH2:1]2)cc1|CC(CNCc1ccc(-c2ccccc2S(=O)(=O)N2CCCC2)cc1)[CH3:1]|CC(C)CNCc1ccc(-c2ccccc2S(=O)(=O)N2CCCC2)cc1|CC(C)CNCc1ccc(-c2ccccc2S(=O)(=O)[N:1]2CCC[CH2:1]2)cc1
6,CC(CN1c2ccccc2Sc2ccccc21)N(C)C,CYP2D6,CC(CN1c2ccccc2Sc2cc(O)ccc21)N(C)C|CC(CN1c2ccccc2Sc2ccccc21)[N+](C)(C)[O-]|CC(CN1c2ccccc2[S+]([O-])c2ccccc21)N(C)C|CNC(C)CN1c2ccccc2Sc2ccccc21,CC(CN1c2ccccc2Sc2c[cH:1]ccc21)N(C)C|CC(CN1c2ccccc2Sc2ccccc21)[N:1](C)C|CC(CN1c2ccccc2[S:1]c2ccccc21)N(C)C,CC(CN1c2ccccc2Sc2ccccc21)[N:1](C)C|CC(CN1c2ccccc2Sc2c[cH:1]ccc21)N(C)C|CC(CN1c2ccccc2[S:1]c2ccccc21)N(C)C|CC(CN1c2ccccc2[S:1]c2ccccc21)N(C)C|CN(C)[CH:1](C)CN1c2ccccc2Sc2ccccc21|CC(CN1c2ccccc2Sc2cc[cH:1]cc21)N(C)C|CC(CN1c2ccccc2S[c:1]2[cH:1][cH:1][cH:1][cH:1][c:1]21)N(C)C|CC(C[N:1]1c2ccccc2S[c:1]2ccc[cH:1][c:1]21)N([CH3:1])[CH3:1]|CC(CN1c2ccccc2Sc2ccc[cH:1]c21)N(C)C|CC(CN1c2ccccc2Sc2ccccc21)N(C)C|CC(CN1c2ccccc2S[c:1]2[cH:1][cH:1][cH:1][cH:1][c:1]21)N(C)C|CC(C[N:1]1c2ccccc2Sc2ccccc21)N(C)C|CC(CN1c2ccccc2Sc2ccccc21)[N:1](C)C|CC(CN1c2ccccc2Sc2c1[cH:1][cH:1][cH:1][cH:1]2)N(C)C|CN(C)C(CN1c2ccccc2Sc2ccccc21)[CH3:1]|CC(CN1c2ccccc2Sc2ccccc21)N(C)C|CC(CN1c2ccccc2S[c:1]2[cH:1][cH:1][cH:1][cH:1][c:1]21)N(C)C|CC(CN1c2ccccc2S[c:1]2[cH:1][cH:1][cH:1][cH:1][c:1]21)N(C)C|CC(CN1c2ccccc2S[c:1]2[cH:1][cH:1][cH:1][cH:1][c:1]21)N(C)C|CC(CN1c2ccccc2Sc2ccccc21)N(C)C
7,CCC1(c2ccccc2)C(=O)NC(=O)NC1=O,CYP2C9,CCC1(c2ccc(O)cc2)C(=O)NC(=O)NC1=O,CCC1(c2cc[cH:1]cc2)C(=O)NC(=O)NC1=O,CCC1(c2cc[cH:1]cc2)C(=O)NC(=O)NC1=O|CCC1([c:1]2[cH:1][cH:1][cH:1][cH:1][cH:1]2)C(=O)NC(=O)NC1=O|CCC1(c2ccc[cH:1]c2)C(=O)NC(=O)NC1=O|CCC1(c2cc[cH:1][cH:1]c2)C(=O)NC(=O)NC1=O|O=C1NC(=O)C(C[CH3:1])(c2ccccc2)C(=O)N1|CCC1([c:1]2[cH:1][cH:1][cH:1][cH:1][cH:1]2)C(=O)NC(=O)NC1=O|C[CH2:1]C1(c2ccccc2)C(=O)NC(=O)NC1=O|CCC1(c2cc[cH:1][cH:1]c2)C(=O)NC(=O)NC1=O|CCC1(c2cccc[cH:1]2)C(=O)NC(=O)NC1=O|CC[C:1]1(c2ccccc2)[C:1](=O)[NH:1][C:1](=O)[NH:1][C:1]1=[O:1]|CCC1(c2ccccc2)C(=O)NC(=O)NC1=O|CCC1(c2ccccc2)C(=O)N[C:1](=O)[NH:1]C1=O|CCC1(c2ccccc2)C(=O)NC(=O)[NH:1]C1=O|CCC1(c2cc[cH:1][cH:1]c2)C(=O)NC(=O)NC1=O|CCC1(c2ccccc2)C(=O)NC(=O)[NH:1][C:1]1=O|CCC1(c2cc[cH:1]cc2)C(=O)NC(=O)N[C:1]1=[O:1]|CCC1(c2ccccc2)C(=O)NC(=O)N[C:1]1=[O:1]|CC[C:1]1(c2ccccc2)[C:1](=[O:1])N[C:1](=[O:1])N[C:1]1=[O:1]|CCC1(c2cc[cH:1][cH:1]c2)C(=O)NC(=O)NC1=O|CCC1(c2ccccc2)C(=O)N[C:1](=O)[NH:1]C1=O
8,CCCCCCCCc1ccc(CCC(N)(CO)CO)cc1,CYP2D6,NC(CO)(CO)CCc1ccc(CCCCCCCCO)cc1,NC(CO)(CO)CCc1ccc(CCCCCCC[CH3:1])cc1,C[CH2:1]CCCCCCc1ccc(CCC(N)(CO)CO)cc1|CC[CH2:1][CH2:1][CH2:1][CH2:1]CCc1ccc(CCC(N)(CO)CO)cc1|NC(CO)(CO)CCc1ccc(CCCCCCC[CH3:1])cc1|CCCCCCCCc1ccc(CCC(N)(CO)[CH2:1]O)cc1|CCC[CH2:1]CCCCc1ccc(CCC(N)(CO)CO)cc1|CCCCCCC[CH2:1]c1ccc(CCC(N)(CO)CO)cc1|CCC[CH2:1][CH2:1][CH2:1][CH2:1]Cc1ccc(CCC(N)(CO)CO)cc1|CCCC[CH2:1]CCCc1ccc(CCC(N)(CO)CO)cc1|C[CH2:1][CH2:1]CCCCCc1ccc(CCC(N)(CO)CO)cc1|CCCCCCCCc1ccc(C[CH2:1]C(N)(CO)CO)cc1|CCCCCCCCc1ccc(CCC(N)(CO)[CH2:1]O)cc1|CCCCCCCCc1ccc(CCC(N)(CO)[CH2:1][OH:1])cc1|CC[CH2:1][CH2:1][CH2:1][CH2:1]CCc1ccc(CCC(N)(CO)CO)cc1|CCCCC[CH2:1]CCc1ccc(CCC(N)(CO)CO)cc1|CCCCCCCCc1ccc(CCC(N)(CO)CO)c[cH:1]1|NC(CO)(CO)CCc1ccc(CCCCCC[CH2:1][CH3:1])cc1|CC[CH2:1][CH2:1][CH2:1][CH2:1]CCc1ccc(CCC(N)(CO)CO)cc1|CCCCCCCCc1ccc(CCC(N)(CO)CO)cc1|CCCCCCCCc1ccc(CCC(N)(CO)C[OH:1])cc1|CCCCCCCCc1ccc(CCC(N)(CO)C[OH:1])cc1
9,CCCSc1nc(N[C@@H]2C[C@H]2c2ccc(F)c(F)c2)c2nnn([C@@H]3C[C@H](OCCO)[C@@H](O)[C@H]3O)c2n1,CYP1A2,O=CCO,CCCSc1nc(N[C@@H]2C[C@H]2c2ccc(F)c(F)c2)c2nnn([C@@H]3C[C@H]([O:1][CH2:1]CO)[C@@H](O)[C@H]3O)c2n1,C[CH2:1]CSc1nc(N[C@@H]2C[C@H]2c2ccc(F)c(F)c2)c2nnn([C@@H]3C[C@H](OCCO)[C@@H](O)[C@H]3O)c2n1|OCCO[C@H]1C[C@@H](n2nnc3c(N[C@@H]4C[C@H]4c4ccc(F)c(F)c4)nc(SCC[CH3:1])nc32)[C@H](O)[C@@H]1O|CCC[S:1]c1nc(N[C@@H]2C[C@H]2c2ccc(F)c(F)c2)c2nnn([C@@H]3C[C@H](OCCO)[C@@H](O)[C@H]3O)c2n1|CCC[S:1]c1nc(N[C@@H]2C[C@H]2c2ccc(F)c(F)c2)c2nnn([C@@H]3C[C@H](OCCO)[C@@H](O)[C@H]3O)c2n1|CCCSc1nc(N[C@@H]2C[C@H]2c2ccc(F)c(F)c2)c2nnn([C@@H]3C[C@H]([O:1]CCO)[C@@H](O)[C@H]3O)c2n1|CCCSc1nc(N[C@@H]2C[C@H]2c2ccc(F)c(F)c2)c2nnn([C@@H]3C[C@H]([O:1]CCO)[C@@H](O)[C@H]3O)c2n1|CCCSc1nc(N[C@@H]2C[C@H]2c2ccc(F)c(F)c2)c2nnn([C@@H]3C[C@H](OC[CH2:1][OH:1])[C@@H](O)[C@H]3O)c2n1|CCCSc1nc(N[C@@H]2C[C@H]2c2ccc(F)c(F)c2)c2nn[n:1]([C@@H]3C[C@H](OCCO)[C@@H](O)[C@H]3O)c2n1|CCCSc1nc(N[C@@H]2C[C@H]2c2ccc(F)c(F)c2)c2nnn([C@@H]3C[C@H]([O:1]CCO)[C@@H](O)[C@H]3O)c2n1|CC[CH2:1]Sc1nc(N[C@@H]2C[C@H]2c2ccc(F)c(F)c2)c2nnn([C@@H]3C[C@H](OCCO)[C@@H](O)[C@H]3O)c2n1|CCCSc1nc(N[C@@H]2C[C@H]2c2ccc(F)c(F)c2)c2nnn([C@@H]3C[C@H]([O:1][CH2:1]CO)[C@@H](O)[C@H]3O)c2n1|OCCO[C@H]1C[C@@H](n2nnc3c(N[C@@H]4C[C@H]4c4ccc(F)c(F)c4)nc(SCC[CH3:1])nc32)[C@H](O)[C@@H]1O|OCCO[C@H]1C[C@@H](n2nnc3c(N[C@@H]4C[C@H]4c4ccc(F)c(F)c4)nc(SCC[CH3:1])nc32)[C@H](O)[C@@H]1O|C[CH2:1]CSc1nc(N[C@@H]2C[C@H]2c2ccc(F)c(F)c2)c2nnn([C@@H]3C[C@H](OCCO)[C@@H](O)[C@H]3O)c2n1|CCC[S:1]c1nc(N[C@@H]2C[C@H]2c2ccc(F)c(F)c2)c2nnn([C@@H]3C[C@H](OCCO)[C@@H](O)[C@H]3O)c2n1|CCC[S:1]c1nc(N[C@@H]2C[C@H]2c2ccc(F)c(F)c2)c2nnn([C@@H]3C[C@H](OCCO)[C@@H](O)[C@H]3O)c2n1|C[CH2:1]CSc1nc(N[C@@H]2C[C@H]2c2ccc(F)c(F)c2)c2nnn([C@@H]3C[C@H](OCCO)[C@@H](O)[C@H]3O)c2n1|OCCO[C@H]1C[C@@H](n2nnc3c(N[C@@H]4C[C@H]4c4ccc(F)c(F)c4)nc(SCC[CH3:1])nc32)[C@H](O)[C@@H]1O|CCCSc1nc(N[C@@H]2C[C@H]2c2cc(F)c(F)c[cH:1]2)c2nnn([C@@H]3C[C@H](OCCO)[C@@H](O)[C@H]3O)c2n1|C[CH2:1]CSc1nc(N[C@@H]2C[C@H]2c2ccc(F)c(F)c2)c2nnn([C@@H]3C[C@H](OCCO)[C@@H](O)[C@H]3O)c2n1|C[CH2:1]CSc1nc(N[C@@H]2C[C@H]2c2ccc(F)c(F)c2)c2nnn([C@@H]3C[C@H](OCCO)[C@@H](O)[C@H]3O)c2n1|OCCO[C@H]1C[C@@H](n2nnc3c(N[C@@H]4C[C@H]4c4ccc(F)c(F)c4)nc(SCC[CH3:1])nc32)[C@H](O)[C@@H]1O|CCC[S:1]c1nc(N[C@@H]2C[C@H]2c2ccc(F)c(F)c2)c2nnn([C@@H]3C[C@H](OCCO)[C@@H](O)[C@H]3O)c2n1|CCC[S:1]c1nc(N[C@@H]2C[C@H]2c2ccc(F)c(F)c2)c2nnn([C@@H]3C[C@H](OCCO)[C@@H](O)[C@H]3O)c2n1|CCCSc1nc(N[C@@H]2C[C@H]2c2ccc(F)c(F)c2)c2nnn([C@@H]3C[C@H]([O:1]CCO)[C@@H](O)[C@H]3O)c2n1|CCCSc1nc(N[C@@H]2C[C@H]2c2ccc(F)c(F)c2)c2nnn([C@@H]3C[C@H]([O:1]CCO)[C@@H](O)[C@H]3O)c2n1|CCCSc1nc(N[C@@H]2C[C@H]2c2ccc(F)c(F)c2)c2nnn([C@@H]3C[C@H](OC[CH2:1][OH:1])[C@@H](O)[C@H]3O)c2n1|CCCSc1nc(N[C@@H]2C[C@H]2c2ccc(F)c(F)c2)c2nn[n:1]([C@@H]3C[C@H](OCCO)[C@@H](O)[C@H]3O)c2n1|CCCSc1nc(N[C@@H]2C[C@H]2c2ccc(F)c(F)c2)c2nnn([C@@H]3C[C@H]([O:1]CCO)[C@@H](O)[C@H]3O)c2n1|CC[CH2:1]Sc1nc(N[C@@H]2C[C@H]2c2ccc(F)c(F)c2)c2nnn([C@@H]3C[C@H](OCCO)[C@@H](O)[C@H]3O)c2n1|CCCSc1nc(N[C@@H]2C[C@H]2c2ccc(F)c(F)c2)c2nnn([C@@H]3C[C@H]([O:1][CH2:1]CO)[C@@H](O)[C@H]3O)c2n1|CCC[S:1]c1nc(N[C@@H]2C[C@H]2c2ccc(F)c(F)c2)c2nnn([C@@H]3C[C@H](OCCO)[C@@H](O)[C@H]3O)c2n1|OCCO[C@H]1C[C@@H](n2nnc3c(N[C@@H]4C[C@H]4c4ccc(F)c(F)c4)nc(SCC[CH3:1])nc32)[C@H](O)[C@@H]1O|OCCO[C@H]1C[C@@H](n2nnc3c(N[C@@H]4C[C@H]4c4ccc(F)c(F)c4)nc(SCC[CH3:1])nc32)[C@H](O)[C@@H]1O|C[CH2:1]CSc1nc(N[C@@H]2C[C@H]2c2ccc(F)c(F)c2)c2nnn([C@@H]3C[C@H](OCCO)[C@@H](O)[C@H]3O)c2n1|CCC[S:1]c1nc(N[C@@H]2C[C@H]2c2ccc(F)c(F)c2)c2nnn([C@@H]3C[C@H](OCCO)[C@@H](O)[C@H]3O)c2n1|C[CH2:1]CSc1nc(N[C@@H]2C[C@H]2c2ccc(F)c(F)c2)c2nnn([C@@H]3C[C@H](OCCO)[C@@H](O)[C@H]3O)c2n1|C[CH2:1]CSc1nc(N[C@@H]2C[C@H]2c2ccc(F)c(F)c2)c2nnn([C@@H]3C[C@H](OCCO)[C@@H](O)[C@H]3O)c2n1|OCCO[C@H]1C[C@@H](n2nnc3c(N[C@@H]4C[C@H]4c4ccc(F)c(F)c4)nc(SCC[CH3:1])nc32)[C@H](O)[C@@H]1O|CCCSc1nc(N[C@@H]2C[C@H]2c2cc(F)c(F)c[cH:1]2)c2nnn([C@@H]3C[C@H](OCCO)[C@@H](O)[C@H]3O)c2n1|C[CH2:1]CSc1nc(N[C@@H]2C[C@H]2c2ccc(F)c(F)c2)c2nnn([C@@H]3C[C@H](OCCO)[C@@H](O)[C@H]3O)c2n1|OCCO[C@H]1C[C@@H](n2nnc3c(N[C@@H]4C[C@H]4c4ccc(F)c(F)c4)nc(SCC[CH3:1])nc32)[C@H](O)[C@@H]1O|CCC[S:1]c1nc(N[C@@H]2C[C@H]2c2ccc(F)c(F)c2)c2nnn([C@@H]3C[C@H](OCCO)[C@@H](O)[C@H]3O)c2n1|CCC[S:1]c1nc(N[C@@H]2C[C@H]2c2ccc(F)c(F)c2)c2nnn([C@@H]3C[C@H](OCCO)[C@@H](O)[C@H]3O)c2n1|CCCSc1nc(N[C@@H]2C[C@H]2c2ccc(F)c(F)c2)c2nnn([C@@H]3C[C@H]([O:1]CCO)[C@@H](O)[C@H]3O)c2n1|CCCSc1nc(N[C@@H]2C[C@H]2c2ccc(F)c(F)c2)c2nnn([C@@H]3C[C@H]([O:1]CCO)[C@@H](O)[C@H]3O)c2n1|CCCSc1nc(N[C@@H]2C[C@H]2c2ccc(F)c(F)c2)c2nn[n:1]([C@@H]3C[C@H](OCCO)[C@@H](O)[C@H]3O)c2n1|CCCSc1nc(N[C@@H]2C[C@H]2c2ccc(F)c(F)c2)c2nnn([C@@H]3C[C@H](OC[CH2:1][OH:1])[C@@H](O)[C@H]3O)c2n1|CCCSc1nc(N[C@@H]2C[C@H]2c2ccc(F)c(F)c2)c2nnn([C@@H]3C[C@H]([O:1]CCO)[C@@H](O)[C@H]3O)c2n1|CC[CH2:1]Sc1nc(N[C@@H]2C[C@H]2c2ccc(F)c(F)c2)c2nnn([C@@H]3C[C@H](OCCO)[C@@H](O)[C@H]3O)c2n1|C[CH2:1]CSc1nc(N[C@@H]2C[C@H]2c2ccc(F)c(F)c2)c2nnn([C@@H]3C[C@H](OCCO)[C@@H](O)[C@H]3O)c2n1|CCC[S:1]c1nc(N[C@@H]2C[C@H]2c2ccc(F)c(F)c2)c2nnn([C@@H]3C[C@H](OCCO)[C@@H](O)[C@H]3O)c2n1|CCCSc1nc(N[C@@H]2C[C@H]2c2ccc(F)c(F)c2)c2nnn([C@@H:1]3[CH2:1][C@H:1]([O:1]CC[OH:1])[C@@H:1]([OH:1])[C@H:1]3O)c2n1|OCCO[C@H]1C[C@@H](n2nnc3c(N[C@@H]4C[C@H]4c4ccc(F)c(F)c4)nc(SCC[CH3:1])nc32)[C@H](O)[C@@H]1O|CCCSc1nc(N[C@@H]2C[C@H]2c2ccc(F)c(F)c2)c2nnn([C@@H]3C[C@H]([O:1][CH2:1]CO)[C@@H](O)[C@H]3O)c2n1|C[CH2:1]CSc1nc(N[C@@H]2C[C@H]2c2ccc(F)c(F)c2)c2nnn([C@@H]3C[C@H](OCCO)[C@@H](O)[C@H]3O)c2n1|OCCO[C@H]1C[C@@H](n2nnc3c(N[C@@H]4C[C@H]4c4ccc(F)c(F)c4)nc(SCC[CH3:1])nc32)[C@H](O)[C@@H]1O|CCCSc1nc([NH:1][C@@H]2C[C@H]2c2ccc(F)c(F)c2)c2nnn([C@@H]3C[C@H](OCCO)[C@@H](O)[C@H]3O)c2n1|OCCO[C@H]1C[C@@H](n2nnc3c(N[C@@H]4C[C@H]4c4ccc(F)c(F)c4)nc(SCC[CH3:1])nc32)[C@H](O)[C@@H]1O|C[CH2:1]CSc1nc(N[C@@H]2C[C@H]2c2ccc(F)c(F)c2)c2nnn([C@@H]3C[C@H](OCCO)[C@@H](O)[C@H]3O)c2n1
10,CCCSc1nc(N[C@@H]2C[C@H]2c2ccc(F)c(F)c2)c2nnn([C@@H]3C[C@H](OCCO)[C@@H](O)[C@H]3O)c2n1,CYP2C9,O=CCO,CCCSc1nc(N[C@@H]2C[C@H]2c2ccc(F)c(F)c2)c2nnn([C@@H]3C[C@H]([O:1][CH2:1]CO)[C@@H](O)[C@H]3O)c2n1,C[CH2:1]CSc1nc(N[C@@H]2C[C@H]2c2ccc(F)c(F)c2)c2nnn([C@@H]3C[C@H](OCCO)[C@@H](O)[C@H]3O)c2n1|OCCO[C@H]1C[C@@H](n2nnc3c(N[C@@H]4C[C@H]4c4ccc(F)c(F)c4)nc(SCC[CH3:1])nc32)[C@H](O)[C@@H]1O|CCC[S:1]c1nc(N[C@@H]2C[C@H]2c2ccc(F)c(F)c2)c2nnn([C@@H]3C[C@H](OCCO)[C@@H](O)[C@H]3O)c2n1|CCC[S:1]c1nc(N[C@@H]2C[C@H]2c2ccc(F)c(F)c2)c2nnn([C@@H]3C[C@H](OCCO)[C@@H](O)[C@H]3O)c2n1|CCCSc1nc(N[C@@H]2C[C@H]2c2ccc(F)c(F)c2)c2nnn([C@@H]3C[C@H]([O:1]CCO)[C@@H](O)[C@H]3O)c2n1|CCCSc1nc(N[C@@H]2C[C@H]2c2ccc(F)c(F)c2)c2nnn([C@@H]3C[C@H]([O:1]CCO)[C@@H](O)[C@H]3O)c2n1|CCCSc1nc(N[C@@H]2C[C@H]2c2ccc(F)c(F)c2)c2nnn([C@@H]3C[C@H](OC[CH2:1][OH:1])[C@@H](O)[C@H]3O)c2n1|CCCSc1nc(N[C@@H]2C[C@H]2c2ccc(F)c(F)c2)c2nn[n:1]([C@@H]3C[C@H](OCCO)[C@@H](O)[C@H]3O)c2n1|CCCSc1nc(N[C@@H]2C[C@H]2c2ccc(F)c(F)c2)c2nnn([C@@H]3C[C@H]([O:1]CCO)[C@@H](O)[C@H]3O)c2n1|CC[CH2:1]Sc1nc(N[C@@H]2C[C@H]2c2ccc(F)c(F)c2)c2nnn([C@@H]3C[C@H](OCCO)[C@@H](O)[C@H]3O)c2n1|CCCSc1nc(N[C@@H]2C[C@H]2c2ccc(F)c(F)c2)c2nnn([C@@H]3C[C@H]([O:1][CH2:1]CO)[C@@H](O)[C@H]3O)c2n1|OCCO[C@H]1C[C@@H](n2nnc3c(N[C@@H]4C[C@H]4c4ccc(F)c(F)c4)nc(SCC[CH3:1])nc32)[C@H](O)[C@@H]1O|OCCO[C@H]1C[C@@H](n2nnc3c(N[C@@H]4C[C@H]4c4ccc(F)c(F)c4)nc(SCC[CH3:1])nc32)[C@H](O)[C@@H]1O|C[CH2:1]CSc1nc(N[C@@H]2C[C@H]2c2ccc(F)c(F)c2)c2nnn([C@@H]3C[C@H](OCCO)[C@@H](O)[C@H]3O)c2n1|CCC[S:1]c1nc(N[C@@H]2C[C@H]2c2ccc(F)c(F)c2)c2nnn([C@@H]3C[C@H](OCCO)[C@@H](O)[C@H]3O)c2n1|CCC[S:1]c1nc(N[C@@H]2C[C@H]2c2ccc(F)c(F)c2)c2nnn([C@@H]3C[C@H](OCCO)[C@@H](O)[C@H]3O)c2n1|C[CH2:1]CSc1nc(N[C@@H]2C[C@H]2c2ccc(F)c(F)c2)c2nnn([C@@H]3C[C@H](OCCO)[C@@H](O)[C@H]3O)c2n1|OCCO[C@H]1C[C@@H](n2nnc3c(N[C@@H]4C[C@H]4c4ccc(F)c(F)c4)nc(SCC[CH3:1])nc32)[C@H](O)[C@@H]1O|CCCSc1nc(N[C@@H]2C[C@H]2c2cc(F)c(F)c[cH:1]2)c2nnn([C@@H]3C[C@H](OCCO)[C@@H](O)[C@H]3O)c2n1|C[CH2:1]CSc1nc(N[C@@H]2C[C@H]2c2ccc(F)c(F)c2)c2nnn([C@@H]3C[C@H](OCCO)[C@@H](O)[C@H]3O)c2n1|C[CH2:1]CSc1nc(N[C@@H]2C[C@H]2c2ccc(F)c(F)c2)c2nnn([C@@H]3C[C@H](OCCO)[C@@H](O)[C@H]3O)c2n1|OCCO[C@H]1C[C@@H](n2nnc3c(N[C@@H]4C[C@H]4c4ccc(F)c(F)c4)nc(SCC[CH3:1])nc32)[C@H](O)[C@@H]1O|CCC[S:1]c1nc(N[C@@H]2C[C@H]2c2ccc(F)c(F)c2)c2nnn([C@@H]3C[C@H](OCCO)[C@@H](O)[C@H]3O)c2n1|CCC[S:1]c1nc(N[C@@H]2C[C@H]2c2ccc(F)c(F)c2)c2nnn([C@@H]3C[C@H](OCCO)[C@@H](O)[C@H]3O)c2n1|CCCSc1nc(N[C@@H]2C[C@H]2c2ccc(F)c(F)c2)c2nnn([C@@H]3C[C@H]([O:1]CCO)[C@@H](O)[C@H]3O)c2n1|CCCSc1nc(N[C@@H]2C[C@H]2c2ccc(F)c(F)c2)c2nnn([C@@H]3C[C@H]([O:1]CCO)[C@@H](O)[C@H]3O)c2n1|CCCSc1nc(N[C@@H]2C[C@H]2c2ccc(F)c(F)c2)c2nnn([C@@H]3C[C@H](OC[CH2:1][OH:1])[C@@H](O)[C@H]3O)c2n1|CCCSc1nc(N[C@@H]2C[C@H]2c2ccc(F)c(F)c2)c2nn[n:1]([C@@H]3C[C@H](OCCO)[C@@H](O)[C@H]3O)c2n1|CCCSc1nc(N[C@@H]2C[C@H]2c2ccc(F)c(F)c2)c2nnn([C@@H]3C[C@H]([O:1]CCO)[C@@H](O)[C@H]3O)c2n1|CC[CH2:1]Sc1nc(N[C@@H]2C[C@H]2c2ccc(F)c(F)c2)c2nnn([C@@H]3C[C@H](OCCO)[C@@H](O)[C@H]3O)c2n1|CCCSc1nc(N[C@@H]2C[C@H]2c2ccc(F)c(F)c2)c2nnn([C@@H]3C[C@H]([O:1][CH2:1]CO)[C@@H](O)[C@H]3O)c2n1|CCC[S:1]c1nc(N[C@@H]2C[C@H]2c2ccc(F)c(F)c2)c2nnn([C@@H]3C[C@H](OCCO)[C@@H](O)[C@H]3O)c2n1|OCCO[C@H]1C[C@@H](n2nnc3c(N[C@@H]4C[C@H]4c4ccc(F)c(F)c4)nc(SCC[CH3:1])nc32)[C@H](O)[C@@H]1O|OCCO[C@H]1C[C@@H](n2nnc3c(N[C@@H]4C[C@H]4c4ccc(F)c(F)c4)nc(SCC[CH3:1])nc32)[C@H](O)[C@@H]1O|C[CH2:1]CSc1nc(N[C@@H]2C[C@H]2c2ccc(F)c(F)c2)c2nnn([C@@H]3C[C@H](OCCO)[C@@H](O)[C@H]3O)c2n1|CCC[S:1]c1nc(N[C@@H]2C[C@H]2c2ccc(F)c(F)c2)c2nnn([C@@H]3C[C@H](OCCO)[C@@H](O)[C@H]3O)c2n1|C[CH2:1]CSc1nc(N[C@@H]2C[C@H]2c2ccc(F)c(F)c2)c2nnn([C@@H]3C[C@H](OCCO)[C@@H](O)[C@H]3O)c2n1|C[CH2:1]CSc1nc(N[C@@H]2C[C@H]2c2ccc(F)c(F)c2)c2nnn([C@@H]3C[C@H](OCCO)[C@@H](O)[C@H]3O)c2n1|OCCO[C@H]1C[C@@H](n2nnc3c(N[C@@H]4C[C@H]4c4ccc(F)c(F)c4)nc(SCC[CH3:1])nc32)[C@H](O)[C@@H]1O|CCCSc1nc(N[C@@H]2C[C@H]2c2cc(F)c(F)c[cH:1]2)c2nnn([C@@H]3C[C@H](OCCO)[C@@H](O)[C@H]3O)c2n1|C[CH2:1]CSc1nc(N[C@@H]2C[C@H]2c2ccc(F)c(F)c2)c2nnn([C@@H]3C[C@H](OCCO)[C@@H](O)[C@H]3O)c2n1|OCCO[C@H]1C[C@@H](n2nnc3c(N[C@@H]4C[C@H]4c4ccc(F)c(F)c4)nc(SCC[CH3:1])nc32)[C@H](O)[C@@H]1O|CCC[S:1]c1nc(N[C@@H]2C[C@H]2c2ccc(F)c(F)c2)c2nnn([C@@H]3C[C@H](OCCO)[C@@H](O)[C@H]3O)c2n1|CCC[S:1]c1nc(N[C@@H]2C[C@H]2c2ccc(F)c(F)c2)c2nnn([C@@H]3C[C@H](OCCO)[C@@H](O)[C@H]3O)c2n1|CCCSc1nc(N[C@@H]2C[C@H]2c2ccc(F)c(F)c2)c2nnn([C@@H]3C[C@H]([O:1]CCO)[C@@H](O)[C@H]3O)c2n1|CCCSc1nc(N[C@@H]2C[C@H]2c2ccc(F)c(F)c2)c2nnn([C@@H]3C[C@H]([O:1]CCO)[C@@H](O)[C@H]3O)c2n1|CCCSc1nc(N[C@@H]2C[C@H]2c2ccc(F)c(F)c2)c2nn[n:1]([C@@H]3C[C@H](OCCO)[C@@H](O)[C@H]3O)c2n1|CCCSc1nc(N[C@@H]2C[C@H]2c2ccc(F)c(F)c2)c2nnn([C@@H]3C[C@H](OC[CH2:1][OH:1])[C@@H](O)[C@H]3O)c2n1|CCCSc1nc(N[C@@H]2C[C@H]2c2ccc(F)c(F)c2)c2nnn([C@@H]3C[C@H]([O:1]CCO)[C@@H](O)[C@H]3O)c2n1|CC[CH2:1]Sc1nc(N[C@@H]2C[C@H]2c2ccc(F)c(F)c2)c2nnn([C@@H]3C[C@H](OCCO)[C@@H](O)[C@H]3O)c2n1|C[CH2:1]CSc1nc(N[C@@H]2C[C@H]2c2ccc(F)c(F)c2)c2nnn([C@@H]3C[C@H](OCCO)[C@@H](O)[C@H]3O)c2n1|CCC[S:1]c1nc(N[C@@H]2C[C@H]2c2ccc(F)c(F)c2)c2nnn([C@@H]3C[C@H](OCCO)[C@@H](O)[C@H]3O)c2n1|CCCSc1nc(N[C@@H]2C[C@H]2c2ccc(F)c(F)c2)c2nnn([C@@H:1]3[CH2:1][C@H:1]([O:1]CC[OH:1])[C@@H:1]([OH:1])[C@H:1]3O)c2n1|OCCO[C@H]1C[C@@H](n2nnc3c(N[C@@H]4C[C@H]4c4ccc(F)c(F)c4)nc(SCC[CH3:1])nc32)[C@H](O)[C@@H]1O|CCCSc1nc(N[C@@H]2C[C@H]2c2ccc(F)c(F)c2)c2nnn([C@@H]3C[C@H]([O:1][CH2:1]CO)[C@@H](O)[C@H]3O)c2n1|C[CH2:1]CSc1nc(N[C@@H]2C[C@H]2c2ccc(F)c(F)c2)c2nnn([C@@H]3C[C@H](OCCO)[C@@H](O)[C@H]3O)c2n1|OCCO[C@H]1C[C@@H](n2nnc3c(N[C@@H]4C[C@H]4c4ccc(F)c(F)c4)nc(SCC[CH3:1])nc32)[C@H](O)[C@@H]1O|CCCSc1nc([NH:1][C@@H]2C[C@H]2c2ccc(F)c(F)c2)c2nnn([C@@H]3C[C@H](OCCO)[C@@H](O)[C@H]3O)c2n1|OCCO[C@H]1C[C@@H](n2nnc3c(N[C@@H]4C[C@H]4c4ccc(F)c(F)c4)nc(SCC[CH3:1])nc32)[C@H](O)[C@@H]1O|C[CH2:1]CSc1nc(N[C@@H]2C[C@H]2c2ccc(F)c(F)c2)c2nnn([C@@H]3C[C@H](OCCO)[C@@H](O)[C@H]3O)c2n1
11,CCCSc1nc(N[C@@H]2C[C@H]2c2ccc(F)c(F)c2)c2nnn([C@@H]3C[C@H](OCCO)[C@@H](O)[C@H]3O)c2n1,CYP3A4,O=C1C[C@H]1c1ccc(F)c(F)c1|O=CCO,CCCSc1nc(N[C@@H:1]2C[C@H]2c2ccc(F)c(F)c2)c2nnn([C@@H]3C[C@H]([O:1]CCO)[C@@H](O)[C@H]3O)c2n1|CCCSc1nc(N[C@@H]2C[C@H]2c2ccc(F)c(F)c2)c2nnn([C@@H]3C[C@H]([O:1][CH2:1]CO)[C@@H](O)[C@H]3O)c2n1,C[CH2:1]CSc1nc(N[C@@H]2C[C@H]2c2ccc(F)c(F)c2)c2nnn([C@@H]3C[C@H](OCCO)[C@@H](O)[C@H]3O)c2n1|OCCO[C@H]1C[C@@H](n2nnc3c(N[C@@H]4C[C@H]4c4ccc(F)c(F)c4)nc(SCC[CH3:1])nc32)[C@H](O)[C@@H]1O|CCC[S:1]c1nc(N[C@@H]2C[C@H]2c2ccc(F)c(F)c2)c2nnn([C@@H]3C[C@H](OCCO)[C@@H](O)[C@H]3O)c2n1|CCC[S:1]c1nc(N[C@@H]2C[C@H]2c2ccc(F)c(F)c2)c2nnn([C@@H]3C[C@H](OCCO)[C@@H](O)[C@H]3O)c2n1|CCCSc1nc(N[C@@H]2C[C@H]2c2ccc(F)c(F)c2)c2nnn([C@@H]3C[C@H]([O:1]CCO)[C@@H](O)[C@H]3O)c2n1|CCCSc1nc(N[C@@H]2C[C@H]2c2ccc(F)c(F)c2)c2nnn([C@@H]3C[C@H]([O:1]CCO)[C@@H](O)[C@H]3O)c2n1|CCCSc1nc(N[C@@H]2C[C@H]2c2ccc(F)c(F)c2)c2nnn([C@@H]3C[C@H](OC[CH2:1][OH:1])[C@@H](O)[C@H]3O)c2n1|CCCSc1nc(N[C@@H]2C[C@H]2c2ccc(F)c(F)c2)c2nn[n:1]([C@@H]3C[C@H](OCCO)[C@@H](O)[C@H]3O)c2n1|CCCSc1nc(N[C@@H]2C[C@H]2c2ccc(F)c(F)c2)c2nnn([C@@H]3C[C@H]([O:1]CCO)[C@@H](O)[C@H]3O)c2n1|CC[CH2:1]Sc1nc(N[C@@H]2C[C@H]2c2ccc(F)c(F)c2)c2nnn([C@@H]3C[C@H](OCCO)[C@@H](O)[C@H]3O)c2n1|CCCSc1nc(N[C@@H]2C[C@H]2c2ccc(F)c(F)c2)c2nnn([C@@H]3C[C@H]([O:1][CH2:1]CO)[C@@H](O)[C@H]3O)c2n1|OCCO[C@H]1C[C@@H](n2nnc3c(N[C@@H]4C[C@H]4c4ccc(F)c(F)c4)nc(SCC[CH3:1])nc32)[C@H](O)[C@@H]1O|OCCO[C@H]1C[C@@H](n2nnc3c(N[C@@H]4C[C@H]4c4ccc(F)c(F)c4)nc(SCC[CH3:1])nc32)[C@H](O)[C@@H]1O|C[CH2:1]CSc1nc(N[C@@H]2C[C@H]2c2ccc(F)c(F)c2)c2nnn([C@@H]3C[C@H](OCCO)[C@@H](O)[C@H]3O)c2n1|CCC[S:1]c1nc(N[C@@H]2C[C@H]2c2ccc(F)c(F)c2)c2nnn([C@@H]3C[C@H](OCCO)[C@@H](O)[C@H]3O)c2n1|CCC[S:1]c1nc(N[C@@H]2C[C@H]2c2ccc(F)c(F)c2)c2nnn([C@@H]3C[C@H](OCCO)[C@@H](O)[C@H]3O)c2n1|C[CH2:1]CSc1nc(N[C@@H]2C[C@H]2c2ccc(F)c(F)c2)c2nnn([C@@H]3C[C@H](OCCO)[C@@H](O)[C@H]3O)c2n1|OCCO[C@H]1C[C@@H](n2nnc3c(N[C@@H]4C[C@H]4c4ccc(F)c(F)c4)nc(SCC[CH3:1])nc32)[C@H](O)[C@@H]1O|CCCSc1nc(N[C@@H]2C[C@H]2c2cc(F)c(F)c[cH:1]2)c2nnn([C@@H]3C[C@H](OCCO)[C@@H](O)[C@H]3O)c2n1|C[CH2:1]CSc1nc(N[C@@H]2C[C@H]2c2ccc(F)c(F)c2)c2nnn([C@@H]3C[C@H](OCCO)[C@@H](O)[C@H]3O)c2n1|C[CH2:1]CSc1nc(N[C@@H]2C[C@H]2c2ccc(F)c(F)c2)c2nnn([C@@H]3C[C@H](OCCO)[C@@H](O)[C@H]3O)c2n1|OCCO[C@H]1C[C@@H](n2nnc3c(N[C@@H]4C[C@H]4c4ccc(F)c(F)c4)nc(SCC[CH3:1])nc32)[C@H](O)[C@@H]1O|CCC[S:1]c1nc(N[C@@H]2C[C@H]2c2ccc(F)c(F)c2)c2nnn([C@@H]3C[C@H](OCCO)[C@@H](O)[C@H]3O)c2n1|CCC[S:1]c1nc(N[C@@H]2C[C@H]2c2ccc(F)c(F)c2)c2nnn([C@@H]3C[C@H](OCCO)[C@@H](O)[C@H]3O)c2n1|CCCSc1nc(N[C@@H]2C[C@H]2c2ccc(F)c(F)c2)c2nnn([C@@H]3C[C@H]([O:1]CCO)[C@@H](O)[C@H]3O)c2n1|CCCSc1nc(N[C@@H]2C[C@H]2c2ccc(F)c(F)c2)c2nnn([C@@H]3C[C@H]([O:1]CCO)[C@@H](O)[C@H]3O)c2n1|CCCSc1nc(N[C@@H]2C[C@H]2c2ccc(F)c(F)c2)c2nnn([C@@H]3C[C@H](OC[CH2:1][OH:1])[C@@H](O)[C@H]3O)c2n1|CCCSc1nc(N[C@@H]2C[C@H]2c2ccc(F)c(F)c2)c2nn[n:1]([C@@H]3C[C@H](OCCO)[C@@H](O)[C@H]3O)c2n1|CCCSc1nc(N[C@@H]2C[C@H]2c2ccc(F)c(F)c2)c2nnn([C@@H]3C[C@H]([O:1]CCO)[C@@H](O)[C@H]3O)c2n1|CC[CH2:1]Sc1nc(N[C@@H]2C[C@H]2c2ccc(F)c(F)c2)c2nnn([C@@H]3C[C@H](OCCO)[C@@H](O)[C@H]3O)c2n1|CCCSc1nc(N[C@@H]2C[C@H]2c2ccc(F)c(F)c2)c2nnn([C@@H]3C[C@H]([O:1][CH2:1]CO)[C@@H](O)[C@H]3O)c2n1|CCC[S:1]c1nc(N[C@@H]2C[C@H]2c2ccc(F)c(F)c2)c2nnn([C@@H]3C[C@H](OCCO)[C@@H](O)[C@H]3O)c2n1|OCCO[C@H]1C[C@@H](n2nnc3c(N[C@@H]4C[C@H]4c4ccc(F)c(F)c4)nc(SCC[CH3:1])nc32)[C@H](O)[C@@H]1O|OCCO[C@H]1C[C@@H](n2nnc3c(N[C@@H]4C[C@H]4c4ccc(F)c(F)c4)nc(SCC[CH3:1])nc32)[C@H](O)[C@@H]1O|C[CH2:1]CSc1nc(N[C@@H]2C[C@H]2c2ccc(F)c(F)c2)c2nnn([C@@H]3C[C@H](OCCO)[C@@H](O)[C@H]3O)c2n1|CCC[S:1]c1nc(N[C@@H]2C[C@H]2c2ccc(F)c(F)c2)c2nnn([C@@H]3C[C@H](OCCO)[C@@H](O)[C@H]3O)c2n1|C[CH2:1]CSc1nc(N[C@@H]2C[C@H]2c2ccc(F)c(F)c2)c2nnn([C@@H]3C[C@H](OCCO)[C@@H](O)[C@H]3O)c2n1|C[CH2:1]CSc1nc(N[C@@H]2C[C@H]2c2ccc(F)c(F)c2)c2nnn([C@@H]3C[C@H](OCCO)[C@@H](O)[C@H]3O)c2n1|OCCO[C@H]1C[C@@H](n2nnc3c(N[C@@H]4C[C@H]4c4ccc(F)c(F)c4)nc(SCC[CH3:1])nc32)[C@H](O)[C@@H]1O|CCCSc1nc(N[C@@H]2C[C@H]2c2cc(F)c(F)c[cH:1]2)c2nnn([C@@H]3C[C@H](OCCO)[C@@H](O)[C@H]3O)c2n1|C[CH2:1]CSc1nc(N[C@@H]2C[C@H]2c2ccc(F)c(F)c2)c2nnn([C@@H]3C[C@H](OCCO)[C@@H](O)[C@H]3O)c2n1|OCCO[C@H]1C[C@@H](n2nnc3c(N[C@@H]4C[C@H]4c4ccc(F)c(F)c4)nc(SCC[CH3:1])nc32)[C@H](O)[C@@H]1O|CCC[S:1]c1nc(N[C@@H]2C[C@H]2c2ccc(F)c(F)c2)c2nnn([C@@H]3C[C@H](OCCO)[C@@H](O)[C@H]3O)c2n1|CCC[S:1]c1nc(N[C@@H]2C[C@H]2c2ccc(F)c(F)c2)c2nnn([C@@H]3C[C@H](OCCO)[C@@H](O)[C@H]3O)c2n1|CCCSc1nc(N[C@@H]2C[C@H]2c2ccc(F)c(F)c2)c2nnn([C@@H]3C[C@H]([O:1]CCO)[C@@H](O)[C@H]3O)c2n1|CCCSc1nc(N[C@@H]2C[C@H]2c2ccc(F)c(F)c2)c2nnn([C@@H]3C[C@H]([O:1]CCO)[C@@H](O)[C@H]3O)c2n1|CCCSc1nc(N[C@@H]2C[C@H]2c2ccc(F)c(F)c2)c2nn[n:1]([C@@H]3C[C@H](OCCO)[C@@H](O)[C@H]3O)c2n1|CCCSc1nc(N[C@@H]2C[C@H]2c2ccc(F)c(F)c2)c2nnn([C@@H]3C[C@H](OC[CH2:1][OH:1])[C@@H](O)[C@H]3O)c2n1|CCCSc1nc(N[C@@H]2C[C@H]2c2ccc(F)c(F)c2)c2nnn([C@@H]3C[C@H]([O:1]CCO)[C@@H](O)[C@H]3O)c2n1|CC[CH2:1]Sc1nc(N[C@@H]2C[C@H]2c2ccc(F)c(F)c2)c2nnn([C@@H]3C[C@H](OCCO)[C@@H](O)[C@H]3O)c2n1|C[CH2:1]CSc1nc(N[C@@H]2C[C@H]2c2ccc(F)c(F)c2)c2nnn([C@@H]3C[C@H](OCCO)[C@@H](O)[C@H]3O)c2n1|CCC[S:1]c1nc(N[C@@H]2C[C@H]2c2ccc(F)c(F)c2)c2nnn([C@@H]3C[C@H](OCCO)[C@@H](O)[C@H]3O)c2n1|CCCSc1nc(N[C@@H]2C[C@H]2c2ccc(F)c(F)c2)c2nnn([C@@H:1]3[CH2:1][C@H:1]([O:1]CC[OH:1])[C@@H:1]([OH:1])[C@H:1]3O)c2n1|OCCO[C@H]1C[C@@H](n2nnc3c(N[C@@H]4C[C@H]4c4ccc(F)c(F)c4)nc(SCC[CH3:1])nc32)[C@H](O)[C@@H]1O|CCCSc1nc(N[C@@H]2C[C@H]2c2ccc(F)c(F)c2)c2nnn([C@@H]3C[C@H]([O:1][CH2:1]CO)[C@@H](O)[C@H]3O)c2n1|C[CH2:1]CSc1nc(N[C@@H]2C[C@H]2c2ccc(F)c(F)c2)c2nnn([C@@H]3C[C@H](OCCO)[C@@H](O)[C@H]3O)c2n1|OCCO[C@H]1C[C@@H](n2nnc3c(N[C@@H]4C[C@H]4c4ccc(F)c(F)c4)nc(SCC[CH3:1])nc32)[C@H](O)[C@@H]1O|CCCSc1nc([NH:1][C@@H]2C[C@H]2c2ccc(F)c(F)c2)c2nnn([C@@H]3C[C@H](OCCO)[C@@H](O)[C@H]3O)c2n1|OCCO[C@H]1C[C@@H](n2nnc3c(N[C@@H]4C[C@H]4c4ccc(F)c(F)c4)nc(SCC[CH3:1])nc32)[C@H](O)[C@@H]1O|C[CH2:1]CSc1nc(N[C@@H]2C[C@H]2c2ccc(F)c(F)c2)c2nnn([C@@H]3C[C@H](OCCO)[C@@H](O)[C@H]3O)c2n1
12,CCN(CC)CCNC(=O)c1cc(Cl)c(N)cc1OC,CYP1A2,CCN(CC)CCNC(=O)c1cc(Cl)c(N)c(O)c1OC|CCN(CC)CCNC(=O)c1cc(Cl)c(NO)cc1OC|CCNCCNC(=O)c1cc(Cl)c(N)cc1OC|CCNCCNC(=O)c1cc(Cl)c(NC(=O)C(F)(F)C(F)(F)C(F)(F)F)cc1OC|CC[N+](O)(CC)CCNC(=O)c1cc(Cl)c(N)cc1OC,CCN(CC)CCNC(=O)c1cc(Cl)c(N)[cH:1]c1OC|CCN(CC)CCNC(=O)c1cc(Cl)c([NH2:1])cc1OC|CC[N:1](CC)CCNC(=O)c1cc(Cl)c(N)cc1OC|CC[N:1](CCNC(=O)c1cc(Cl)c([NH2:1])cc1OC)[CH2:1][CH3:1],CC[N:1](CC)CCNC(=O)c1cc(Cl)c(N)cc1OC|CCN(CC)CCNC(=O)c1cc(Cl)c(N)cc1[O:1]C|CC[N:1](CC)CCNC(=O)c1cc(Cl)c(N)cc1OC|CCN(CC)CCNC(=O)c1cc(Cl)c([NH2:1])cc1OC|CCN(CC)CCNC(=O)c1cc(Cl)c(N)[cH:1]c1OC|CCN(CCNC(=O)c1cc(Cl)c(N)cc1OC)C[CH3:1]|CCN(CC)CC[NH:1]C(=O)c1cc(Cl)c(N)cc1OC|CCN(CC)CCNC(=O)c1c(OC)cc(N)c(Cl)[cH:1]1|CCN(CCNC(=O)c1cc(Cl)c(N)cc1OC)[CH2:1]C|CC[N:1](CC)CCNC(=O)c1cc(Cl)c(N)cc1OC|CCN(CCNC(=O)c1cc(Cl)c(N)cc1OC)[CH2:1]C|CCN(CC)CCNC(=O)c1cc(Cl)c(N)cc1OC|CCN(CC)[CH2:1]CNC(=O)c1cc(Cl)c(N)cc1OC|CCN(CC)CCNC(=O)c1cc(Cl)c(N)cc1OC|CCN(CC)CCNC(=O)c1cc(Cl)c([NH2:1])[cH:1]c1OC|CCN(CC)CCNC(=O)c1cc(Cl)c(N)cc1OC|CCN(CC)CCNC(=O)[c:1]1[cH:1][c:1](Cl)[c:1]([NH2:1])[cH:1][c:1]1OC|CC[N:1](CC)CCNC(=O)c1cc(Cl)c(N)cc1OC|CC[N:1](CCNC(=O)c1cc(Cl)c([NH2:1])cc1OC)[CH2:1]C|CCN(CC)CCNC(=O)c1cc(Cl)c(N)cc1OC|CC[N:1](CC)CCNC(=O)c1cc(Cl)c(N)cc1OC|CCN(CC)CCNC(=O)c1cc(Cl)c(N)cc1[O:1]C|CC[N:1](CC)CCNC(=O)c1cc(Cl)c(N)cc1OC|CCN(CC)CCNC(=O)c1cc(Cl)c([NH2:1])cc1OC|CCN(CC)CCNC(=O)c1cc(Cl)c(N)[cH:1]c1OC|CCN(CCNC(=O)c1cc(Cl)c(N)cc1OC)C[CH3:1]|CC[N:1](CCNC(=O)c1cc(Cl)c([NH2:1])cc1OC)[CH2:1]C|CCN(CC)CCNC(=O)c1c(OC)cc(N)c(Cl)[cH:1]1|CCN(CCNC(=O)c1cc(Cl)c(N)cc1OC)[CH2:1]C|CC[N:1](CC)CCNC(=O)c1cc(Cl)c(N)cc1OC|CCN(CC)CC[NH:1]C(=O)c1cc(Cl)c(N)cc1OC|CCN(CC)CCNC(=O)c1cc(Cl)c(N)cc1OC|CCN(CCNC(=O)c1cc(Cl)c(N)cc1OC)[CH2:1]C|CCN(CC)[CH2:1]CNC(=O)c1cc(Cl)c(N)cc1OC|CCN(CC)CCNC(=O)c1cc(Cl)c(N)cc1OC|CCN(CC)CCNC(=O)c1cc(Cl)c([NH2:1])[cH:1]c1OC|CCN(CC)CCNC(=O)c1cc(Cl)c(N)cc1OC|CC[N:1](CC)CCNC(=O)c1cc(Cl)c(N)cc1OC|CCN(CC)CCNC(=O)c1cc(Cl)c(N)cc1OC|CCN(CC)CCNC(=O)[c:1]1[cH:1][c:1](Cl)[c:1]([NH2:1])[cH:1][c:1]1OC|CC[N:1](CC)CCNC(=O)c1cc(Cl)c(N)cc1OC|CCN(CC)CCNC(=O)c1cc(Cl)c(N)cc1[O:1]C|CC[N:1](CC)CCNC(=O)c1cc(Cl)c(N)cc1OC|CCN(CC)CCNC(=O)c1cc(Cl)c(N)[cH:1]c1OC|CCN(CC)CCNC(=O)c1cc(Cl)c([NH2:1])cc1OC|CCN(CCNC(=O)c1cc(Cl)c(N)cc1OC)C[CH3:1]|CC[N:1](CCNC(=O)c1cc(Cl)c([NH2:1])cc1OC)[CH2:1]C|CCN(CC)CCNC(=O)c1c(OC)cc(N)c(Cl)[cH:1]1|CCN(CCNC(=O)c1cc(Cl)c(N)cc1OC)[CH2:1]C|CCN(CC)CC[NH:1]C(=O)c1cc(Cl)c(N)cc1OC|CC[N:1](CC)CCNC(=O)c1cc(Cl)c(N)cc1OC|CCN(CC)CCNC(=O)c1cc(Cl)c(N)cc1OC|CCN(CCNC(=O)c1cc(Cl)c(N)cc1OC)[CH2:1]C|CCN(CC)[CH2:1]CNC(=O)c1cc(Cl)c(N)cc1OC|CCN(CC)CCNC(=O)c1cc(Cl)c(N)cc1OC|CCN(CC)CCNC(=O)c1cc(Cl)c([NH2:1])[cH:1]c1OC|CCN(CC)CCNC(=O)c1cc(Cl)c(N)cc1OC|CC[N:1](CC)CCNC(=O)c1cc(Cl)c(N)cc1OC|CCN(CC)CCNC(=O)[c:1]1[cH:1][c:1](Cl)[c:1]([NH2:1])[cH:1][c:1]1OC|CCN(CC)CCNC(=O)[c:1]1[cH:1][c:1](Cl)[c:1]([NH2:1])[cH:1][c:1]1OC|CC[N:1](CC)CCNC(=O)c1cc(Cl)c(N)cc1OC|CCN(CC)CCNC(=O)c1cc(Cl)c(N)cc1[O:1]C|CC[N:1](CC)CCNC(=O)c1cc(Cl)c(N)cc1OC|CCN(CC)CCNC(=O)c1cc(Cl)c([NH2:1])cc1OC|CCN(CC)CCNC(=O)c1cc(Cl)c(N)[cH:1]c1OC|CCN(CCNC(=O)c1cc(Cl)c(N)cc1OC)C[CH3:1]|CCN(CC)CC[NH:1]C(=O)c1cc(Cl)c(N)cc1OC|CCN(CC)CCNC(=O)c1c(OC)cc(N)c(Cl)[cH:1]1|CCN(CCNC(=O)c1cc(Cl)c(N)cc1OC)[CH2:1]C|CC[N:1](CC)CCNC(=O)c1cc(Cl)c(N)cc1OC|CCN(CCNC(=O)c1cc(Cl)c(N)cc1OC)[CH2:1]C|CCN(CC)CCNC(=O)c1cc(Cl)c([NH2:1])[cH:1]c1OC|CCN(CC)CCNC(=O)c1cc(Cl)c(N)cc1OC|CCN(CC)[CH2:1]CNC(=O)c1cc(Cl)c(N)cc1OC|CCN(CC)CC[NH:1][C:1](=O)c1cc(Cl)c(N)cc1OC|CCN(CC)CCNC(=O)c1cc(Cl)c(N)cc1OC|CCN(CC)CCNC(=O)[c:1]1[cH:1][c:1](Cl)[c:1]([NH2:1])[cH:1][c:1]1OC|CC[N:1](CC)CCNC(=O)c1cc(Cl)c(N)cc1OC|CCN(CC)CCNC(=O)c1cc(Cl)c(N)cc1OC|CC[N:1](CCNC(=O)c1cc(Cl)c([NH2:1])cc1OC)[CH2:1]C
13,CCN(CC)CCNC(=O)c1cc(Cl)c(N)cc1OC,CYP2C9,CCN(CC)CCNC(=O)c1cc(Cl)c(N)c(O)c1OC|CCN(CC)CCNC(=O)c1cc(Cl)c(NO)cc1OC|CC[N+](O)(CC)CCNC(=O)c1cc(Cl)c(N)cc1OC,CCN(CC)CCNC(=O)c1cc(Cl)c(N)[cH:1]c1OC|CCN(CC)CCNC(=O)c1cc(Cl)c([NH2:1])cc1OC|CC[N:1](CC)CCNC(=O)c1cc(Cl)c(N)cc1OC,CC[N:1](CC)CCNC(=O)c1cc(Cl)c(N)cc1OC|CCN(CC)CCNC(=O)c1cc(Cl)c(N)cc1[O:1]C|CC[N:1](CC)CCNC(=O)c1cc(Cl)c(N)cc1OC|CCN(CC)CCNC(=O)c1cc(Cl)c([NH2:1])cc1OC|CCN(CC)CCNC(=O)c1cc(Cl)c(N)[cH:1]c1OC|CCN(CCNC(=O)c1cc(Cl)c(N)cc1OC)C[CH3:1]|CCN(CC)CC[NH:1]C(=O)c1cc(Cl)c(N)cc1OC|CCN(CC)CCNC(=O)c1c(OC)cc(N)c(Cl)[cH:1]1|CCN(CCNC(=O)c1cc(Cl)c(N)cc1OC)[CH2:1]C|CC[N:1](CC)CCNC(=O)c1cc(Cl)c(N)cc1OC|CCN(CCNC(=O)c1cc(Cl)c(N)cc1OC)[CH2:1]C|CCN(CC)CCNC(=O)c1cc(Cl)c(N)cc1OC|CCN(CC)[CH2:1]CNC(=O)c1cc(Cl)c(N)cc1OC|CCN(CC)CCNC(=O)c1cc(Cl)c(N)cc1OC|CCN(CC)CCNC(=O)c1cc(Cl)c([NH2:1])[cH:1]c1OC|CCN(CC)CCNC(=O)c1cc(Cl)c(N)cc1OC|CCN(CC)CCNC(=O)[c:1]1[cH:1][c:1](Cl)[c:1]([NH2:1])[cH:1][c:1]1OC|CC[N:1](CC)CCNC(=O)c1cc(Cl)c(N)cc1OC|CC[N:1](CCNC(=O)c1cc(Cl)c([NH2:1])cc1OC)[CH2:1]C|CCN(CC)CCNC(=O)c1cc(Cl)c(N)cc1OC|CC[N:1](CC)CCNC(=O)c1cc(Cl)c(N)cc1OC|CCN(CC)CCNC(=O)c1cc(Cl)c(N)cc1[O:1]C|CC[N:1](CC)CCNC(=O)c1cc(Cl)c(N)cc1OC|CCN(CC)CCNC(=O)c1cc(Cl)c([NH2:1])cc1OC|CCN(CC)CCNC(=O)c1cc(Cl)c(N)[cH:1]c1OC|CCN(CCNC(=O)c1cc(Cl)c(N)cc1OC)C[CH3:1]|CC[N:1](CCNC(=O)c1cc(Cl)c([NH2:1])cc1OC)[CH2:1]C|CCN(CC)CCNC(=O)c1c(OC)cc(N)c(Cl)[cH:1]1|CCN(CCNC(=O)c1cc(Cl)c(N)cc1OC)[CH2:1]C|CC[N:1](CC)CCNC(=O)c1cc(Cl)c(N)cc1OC|CCN(CC)CC[NH:1]C(=O)c1cc(Cl)c(N)cc1OC|CCN(CC)CCNC(=O)c1cc(Cl)c(N)cc1OC|CCN(CCNC(=O)c1cc(Cl)c(N)cc1OC)[CH2:1]C|CCN(CC)[CH2:1]CNC(=O)c1cc(Cl)c(N)cc1OC|CCN(CC)CCNC(=O)c1cc(Cl)c(N)cc1OC|CCN(CC)CCNC(=O)c1cc(Cl)c([NH2:1])[cH:1]c1OC|CCN(CC)CCNC(=O)c1cc(Cl)c(N)cc1OC|CC[N:1](CC)CCNC(=O)c1cc(Cl)c(N)cc1OC|CCN(CC)CCNC(=O)c1cc(Cl)c(N)cc1OC|CCN(CC)CCNC(=O)[c:1]1[cH:1][c:1](Cl)[c:1]([NH2:1])[cH:1][c:1]1OC|CC[N:1](CC)CCNC(=O)c1cc(Cl)c(N)cc1OC|CCN(CC)CCNC(=O)c1cc(Cl)c(N)cc1[O:1]C|CC[N:1](CC)CCNC(=O)c1cc(Cl)c(N)cc1OC|CCN(CC)CCNC(=O)c1cc(Cl)c(N)[cH:1]c1OC|CCN(CC)CCNC(=O)c1cc(Cl)c([NH2:1])cc1OC|CCN(CCNC(=O)c1cc(Cl)c(N)cc1OC)C[CH3:1]|CC[N:1](CCNC(=O)c1cc(Cl)c([NH2:1])cc1OC)[CH2:1]C|CCN(CC)CCNC(=O)c1c(OC)cc(N)c(Cl)[cH:1]1|CCN(CCNC(=O)c1cc(Cl)c(N)cc1OC)[CH2:1]C|CCN(CC)CC[NH:1]C(=O)c1cc(Cl)c(N)cc1OC|CC[N:1](CC)CCNC(=O)c1cc(Cl)c(N)cc1OC|CCN(CC)CCNC(=O)c1cc(Cl)c(N)cc1OC|CCN(CCNC(=O)c1cc(Cl)c(N)cc1OC)[CH2:1]C|CCN(CC)[CH2:1]CNC(=O)c1cc(Cl)c(N)cc1OC|CCN(CC)CCNC(=O)c1cc(Cl)c(N)cc1OC|CCN(CC)CCNC(=O)c1cc(Cl)c([NH2:1])[cH:1]c1OC|CCN(CC)CCNC(=O)c1cc(Cl)c(N)cc1OC|CC[N:1](CC)CCNC(=O)c1cc(Cl)c(N)cc1OC|CCN(CC)CCNC(=O)[c:1]1[cH:1][c:1](Cl)[c:1]([NH2:1])[cH:1][c:1]1OC|CCN(CC)CCNC(=O)[c:1]1[cH:1][c:1](Cl)[c:1]([NH2:1])[cH:1][c:1]1OC|CC[N:1](CC)CCNC(=O)c1cc(Cl)c(N)cc1OC|CCN(CC)CCNC(=O)c1cc(Cl)c(N)cc1[O:1]C|CC[N:1](CC)CCNC(=O)c1cc(Cl)c(N)cc1OC|CCN(CC)CCNC(=O)c1cc(Cl)c([NH2:1])cc1OC|CCN(CC)CCNC(=O)c1cc(Cl)c(N)[cH:1]c1OC|CCN(CCNC(=O)c1cc(Cl)c(N)cc1OC)C[CH3:1]|CCN(CC)CC[NH:1]C(=O)c1cc(Cl)c(N)cc1OC|CCN(CC)CCNC(=O)c1c(OC)cc(N)c(Cl)[cH:1]1|CCN(CCNC(=O)c1cc(Cl)c(N)cc1OC)[CH2:1]C|CC[N:1](CC)CCNC(=O)c1cc(Cl)c(N)cc1OC|CCN(CCNC(=O)c1cc(Cl)c(N)cc1OC)[CH2:1]C|CCN(CC)CCNC(=O)c1cc(Cl)c([NH2:1])[cH:1]c1OC|CCN(CC)CCNC(=O)c1cc(Cl)c(N)cc1OC|CCN(CC)[CH2:1]CNC(=O)c1cc(Cl)c(N)cc1OC|CCN(CC)CC[NH:1][C:1](=O)c1cc(Cl)c(N)cc1OC|CCN(CC)CCNC(=O)c1cc(Cl)c(N)cc1OC|CCN(CC)CCNC(=O)[c:1]1[cH:1][c:1](Cl)[c:1]([NH2:1])[cH:1][c:1]1OC|CC[N:1](CC)CCNC(=O)c1cc(Cl)c(N)cc1OC|CCN(CC)CCNC(=O)c1cc(Cl)c(N)cc1OC|CC[N:1](CCNC(=O)c1cc(Cl)c([NH2:1])cc1OC)[CH2:1]C
14,CCN(CC)CCNC(=O)c1cc(Cl)c(N)cc1OC,CYP2D6,CCN(CC)CCNC(=O)c1cc(Cl)c(N)c(O)c1OC|CCN(CC)CCNC(=O)c1cc(Cl)c(NO)cc1OC|CCNCCNC(=O)c1cc(Cl)c(N)cc1OC|CCNCCNC(=O)c1cc(Cl)c(NC(=O)C(F)(F)C(F)(F)C(F)(F)F)cc1OC|CC[N+](O)(CC)CCNC(=O)c1cc(Cl)c(N)cc1OC,CCN(CC)CCNC(=O)c1cc(Cl)c(N)[cH:1]c1OC|CCN(CC)CCNC(=O)c1cc(Cl)c([NH2:1])cc1OC|CC[N:1](CC)CCNC(=O)c1cc(Cl)c(N)cc1OC|CC[N:1](CCNC(=O)c1cc(Cl)c([NH2:1])cc1OC)[CH2:1][CH3:1],CC[N:1](CC)CCNC(=O)c1cc(Cl)c(N)cc1OC|CCN(CC)CCNC(=O)c1cc(Cl)c(N)cc1[O:1]C|CC[N:1](CC)CCNC(=O)c1cc(Cl)c(N)cc1OC|CCN(CC)CCNC(=O)c1cc(Cl)c([NH2:1])cc1OC|CCN(CC)CCNC(=O)c1cc(Cl)c(N)[cH:1]c1OC|CCN(CCNC(=O)c1cc(Cl)c(N)cc1OC)C[CH3:1]|CCN(CC)CC[NH:1]C(=O)c1cc(Cl)c(N)cc1OC|CCN(CC)CCNC(=O)c1c(OC)cc(N)c(Cl)[cH:1]1|CCN(CCNC(=O)c1cc(Cl)c(N)cc1OC)[CH2:1]C|CC[N:1](CC)CCNC(=O)c1cc(Cl)c(N)cc1OC|CCN(CCNC(=O)c1cc(Cl)c(N)cc1OC)[CH2:1]C|CCN(CC)CCNC(=O)c1cc(Cl)c(N)cc1OC|CCN(CC)[CH2:1]CNC(=O)c1cc(Cl)c(N)cc1OC|CCN(CC)CCNC(=O)c1cc(Cl)c(N)cc1OC|CCN(CC)CCNC(=O)c1cc(Cl)c([NH2:1])[cH:1]c1OC|CCN(CC)CCNC(=O)c1cc(Cl)c(N)cc1OC|CCN(CC)CCNC(=O)[c:1]1[cH:1][c:1](Cl)[c:1]([NH2:1])[cH:1][c:1]1OC|CC[N:1](CC)CCNC(=O)c1cc(Cl)c(N)cc1OC|CC[N:1](CCNC(=O)c1cc(Cl)c([NH2:1])cc1OC)[CH2:1]C|CCN(CC)CCNC(=O)c1cc(Cl)c(N)cc1OC|CC[N:1](CC)CCNC(=O)c1cc(Cl)c(N)cc1OC|CCN(CC)CCNC(=O)c1cc(Cl)c(N)cc1[O:1]C|CC[N:1](CC)CCNC(=O)c1cc(Cl)c(N)cc1OC|CCN(CC)CCNC(=O)c1cc(Cl)c([NH2:1])cc1OC|CCN(CC)CCNC(=O)c1cc(Cl)c(N)[cH:1]c1OC|CCN(CCNC(=O)c1cc(Cl)c(N)cc1OC)C[CH3:1]|CC[N:1](CCNC(=O)c1cc(Cl)c([NH2:1])cc1OC)[CH2:1]C|CCN(CC)CCNC(=O)c1c(OC)cc(N)c(Cl)[cH:1]1|CCN(CCNC(=O)c1cc(Cl)c(N)cc1OC)[CH2:1]C|CC[N:1](CC)CCNC(=O)c1cc(Cl)c(N)cc1OC|CCN(CC)CC[NH:1]C(=O)c1cc(Cl)c(N)cc1OC|CCN(CC)CCNC(=O)c1cc(Cl)c(N)cc1OC|CCN(CCNC(=O)c1cc(Cl)c(N)cc1OC)[CH2:1]C|CCN(CC)[CH2:1]CNC(=O)c1cc(Cl)c(N)cc1OC|CCN(CC)CCNC(=O)c1cc(Cl)c(N)cc1OC|CCN(CC)CCNC(=O)c1cc(Cl)c([NH2:1])[cH:1]c1OC|CCN(CC)CCNC(=O)c1cc(Cl)c(N)cc1OC|CC[N:1](CC)CCNC(=O)c1cc(Cl)c(N)cc1OC|CCN(CC)CCNC(=O)c1cc(Cl)c(N)cc1OC|CCN(CC)CCNC(=O)[c:1]1[cH:1][c:1](Cl)[c:1]([NH2:1])[cH:1][c:1]1OC|CC[N:1](CC)CCNC(=O)c1cc(Cl)c(N)cc1OC|CCN(CC)CCNC(=O)c1cc(Cl)c(N)cc1[O:1]C|CC[N:1](CC)CCNC(=O)c1cc(Cl)c(N)cc1OC|CCN(CC)CCNC(=O)c1cc(Cl)c(N)[cH:1]c1OC|CCN(CC)CCNC(=O)c1cc(Cl)c([NH2:1])cc1OC|CCN(CCNC(=O)c1cc(Cl)c(N)cc1OC)C[CH3:1]|CC[N:1](CCNC(=O)c1cc(Cl)c([NH2:1])cc1OC)[CH2:1]C|CCN(CC)CCNC(=O)c1c(OC)cc(N)c(Cl)[cH:1]1|CCN(CCNC(=O)c1cc(Cl)c(N)cc1OC)[CH2:1]C|CCN(CC)CC[NH:1]C(=O)c1cc(Cl)c(N)cc1OC|CC[N:1](CC)CCNC(=O)c1cc(Cl)c(N)cc1OC|CCN(CC)CCNC(=O)c1cc(Cl)c(N)cc1OC|CCN(CCNC(=O)c1cc(Cl)c(N)cc1OC)[CH2:1]C|CCN(CC)[CH2:1]CNC(=O)c1cc(Cl)c(N)cc1OC|CCN(CC)CCNC(=O)c1cc(Cl)c(N)cc1OC|CCN(CC)CCNC(=O)c1cc(Cl)c([NH2:1])[cH:1]c1OC|CCN(CC)CCNC(=O)c1cc(Cl)c(N)cc1OC|CC[N:1](CC)CCNC(=O)c1cc(Cl)c(N)cc1OC|CCN(CC)CCNC(=O)[c:1]1[cH:1][c:1](Cl)[c:1]([NH2:1])[cH:1][c:1]1OC|CCN(CC)CCNC(=O)[c:1]1[cH:1][c:1](Cl)[c:1]([NH2:1])[cH:1][c:1]1OC|CC[N:1](CC)CCNC(=O)c1cc(Cl)c(N)cc1OC|CCN(CC)CCNC(=O)c1cc(Cl)c(N)cc1[O:1]C|CC[N:1](CC)CCNC(=O)c1cc(Cl)c(N)cc1OC|CCN(CC)CCNC(=O)c1cc(Cl)c([NH2:1])cc1OC|CCN(CC)CCNC(=O)c1cc(Cl)c(N)[cH:1]c1OC|CCN(CCNC(=O)c1cc(Cl)c(N)cc1OC)C[CH3:1]|CCN(CC)CC[NH:1]C(=O)c1cc(Cl)c(N)cc1OC|CCN(CC)CCNC(=O)c1c(OC)cc(N)c(Cl)[cH:1]1|CCN(CCNC(=O)c1cc(Cl)c(N)cc1OC)[CH2:1]C|CC[N:1](CC)CCNC(=O)c1cc(Cl)c(N)cc1OC|CCN(CCNC(=O)c1cc(Cl)c(N)cc1OC)[CH2:1]C|CCN(CC)CCNC(=O)c1cc(Cl)c([NH2:1])[cH:1]c1OC|CCN(CC)CCNC(=O)c1cc(Cl)c(N)cc1OC|CCN(CC)[CH2:1]CNC(=O)c1cc(Cl)c(N)cc1OC|CCN(CC)CC[NH:1][C:1](=O)c1cc(Cl)c(N)cc1OC|CCN(CC)CCNC(=O)c1cc(Cl)c(N)cc1OC|CCN(CC)CCNC(=O)[c:1]1[cH:1][c:1](Cl)[c:1]([NH2:1])[cH:1][c:1]1OC|CC[N:1](CC)CCNC(=O)c1cc(Cl)c(N)cc1OC|CCN(CC)CCNC(=O)c1cc(Cl)c(N)cc1OC|CC[N:1](CCNC(=O)c1cc(Cl)c([NH2:1])cc1OC)[CH2:1]C
15,CCN(CC)CCNC(=O)c1cc(Cl)c(N)cc1OC,CYP3A4,CCN(CC)CCNC(=O)c1cc(Cl)c(N)c(O)c1OC|CCN(CC)CCNC(=O)c1cc(Cl)c(NO)cc1OC|CCNCCNC(=O)c1cc(Cl)c(N)cc1OC|CCNCCNC(=O)c1cc(Cl)c(NC(=O)C(F)(F)C(F)(F)C(F)(F)F)cc1OC|CC[N+](O)(CC)CCNC(=O)c1cc(Cl)c(N)cc1OC,CCN(CC)CCNC(=O)c1cc(Cl)c(N)[cH:1]c1OC|CCN(CC)CCNC(=O)c1cc(Cl)c([NH2:1])cc1OC|CC[N:1](CC)CCNC(=O)c1cc(Cl)c(N)cc1OC|CC[N:1](CCNC(=O)c1cc(Cl)c([NH2:1])cc1OC)[CH2:1][CH3:1],CC[N:1](CC)CCNC(=O)c1cc(Cl)c(N)cc1OC|CCN(CC)CCNC(=O)c1cc(Cl)c(N)cc1[O:1]C|CC[N:1](CC)CCNC(=O)c1cc(Cl)c(N)cc1OC|CCN(CC)CCNC(=O)c1cc(Cl)c([NH2:1])cc1OC|CCN(CC)CCNC(=O)c1cc(Cl)c(N)[cH:1]c1OC|CCN(CCNC(=O)c1cc(Cl)c(N)cc1OC)C[CH3:1]|CCN(CC)CC[NH:1]C(=O)c1cc(Cl)c(N)cc1OC|CCN(CC)CCNC(=O)c1c(OC)cc(N)c(Cl)[cH:1]1|CCN(CCNC(=O)c1cc(Cl)c(N)cc1OC)[CH2:1]C|CC[N:1](CC)CCNC(=O)c1cc(Cl)c(N)cc1OC|CCN(CCNC(=O)c1cc(Cl)c(N)cc1OC)[CH2:1]C|CCN(CC)CCNC(=O)c1cc(Cl)c(N)cc1OC|CCN(CC)[CH2:1]CNC(=O)c1cc(Cl)c(N)cc1OC|CCN(CC)CCNC(=O)c1cc(Cl)c(N)cc1OC|CCN(CC)CCNC(=O)c1cc(Cl)c([NH2:1])[cH:1]c1OC|CCN(CC)CCNC(=O)c1cc(Cl)c(N)cc1OC|CCN(CC)CCNC(=O)[c:1]1[cH:1][c:1](Cl)[c:1]([NH2:1])[cH:1][c:1]1OC|CC[N:1](CC)CCNC(=O)c1cc(Cl)c(N)cc1OC|CC[N:1](CCNC(=O)c1cc(Cl)c([NH2:1])cc1OC)[CH2:1]C|CCN(CC)CCNC(=O)c1cc(Cl)c(N)cc1OC|CC[N:1](CC)CCNC(=O)c1cc(Cl)c(N)cc1OC|CCN(CC)CCNC(=O)c1cc(Cl)c(N)cc1[O:1]C|CC[N:1](CC)CCNC(=O)c1cc(Cl)c(N)cc1OC|CCN(CC)CCNC(=O)c1cc(Cl)c([NH2:1])cc1OC|CCN(CC)CCNC(=O)c1cc(Cl)c(N)[cH:1]c1OC|CCN(CCNC(=O)c1cc(Cl)c(N)cc1OC)C[CH3:1]|CC[N:1](CCNC(=O)c1cc(Cl)c([NH2:1])cc1OC)[CH2:1]C|CCN(CC)CCNC(=O)c1c(OC)cc(N)c(Cl)[cH:1]1|CCN(CCNC(=O)c1cc(Cl)c(N)cc1OC)[CH2:1]C|CC[N:1](CC)CCNC(=O)c1cc(Cl)c(N)cc1OC|CCN(CC)CC[NH:1]C(=O)c1cc(Cl)c(N)cc1OC|CCN(CC)CCNC(=O)c1cc(Cl)c(N)cc1OC|CCN(CCNC(=O)c1cc(Cl)c(N)cc1OC)[CH2:1]C|CCN(CC)[CH2:1]CNC(=O)c1cc(Cl)c(N)cc1OC|CCN(CC)CCNC(=O)c1cc(Cl)c(N)cc1OC|CCN(CC)CCNC(=O)c1cc(Cl)c([NH2:1])[cH:1]c1OC|CCN(CC)CCNC(=O)c1cc(Cl)c(N)cc1OC|CC[N:1](CC)CCNC(=O)c1cc(Cl)c(N)cc1OC|CCN(CC)CCNC(=O)c1cc(Cl)c(N)cc1OC|CCN(CC)CCNC(=O)[c:1]1[cH:1][c:1](Cl)[c:1]([NH2:1])[cH:1][c:1]1OC|CC[N:1](CC)CCNC(=O)c1cc(Cl)c(N)cc1OC|CCN(CC)CCNC(=O)c1cc(Cl)c(N)cc1[O:1]C|CC[N:1](CC)CCNC(=O)c1cc(Cl)c(N)cc1OC|CCN(CC)CCNC(=O)c1cc(Cl)c(N)[cH:1]c1OC|CCN(CC)CCNC(=O)c1cc(Cl)c([NH2:1])cc1OC|CCN(CCNC(=O)c1cc(Cl)c(N)cc1OC)C[CH3:1]|CC[N:1](CCNC(=O)c1cc(Cl)c([NH2:1])cc1OC)[CH2:1]C|CCN(CC)CCNC(=O)c1c(OC)cc(N)c(Cl)[cH:1]1|CCN(CCNC(=O)c1cc(Cl)c(N)cc1OC)[CH2:1]C|CCN(CC)CC[NH:1]C(=O)c1cc(Cl)c(N)cc1OC|CC[N:1](CC)CCNC(=O)c1cc(Cl)c(N)cc1OC|CCN(CC)CCNC(=O)c1cc(Cl)c(N)cc1OC|CCN(CCNC(=O)c1cc(Cl)c(N)cc1OC)[CH2:1]C|CCN(CC)[CH2:1]CNC(=O)c1cc(Cl)c(N)cc1OC|CCN(CC)CCNC(=O)c1cc(Cl)c(N)cc1OC|CCN(CC)CCNC(=O)c1cc(Cl)c([NH2:1])[cH:1]c1OC|CCN(CC)CCNC(=O)c1cc(Cl)c(N)cc1OC|CC[N:1](CC)CCNC(=O)c1cc(Cl)c(N)cc1OC|CCN(CC)CCNC(=O)[c:1]1[cH:1][c:1](Cl)[c:1]([NH2:1])[cH:1][c:1]1OC|CCN(CC)CCNC(=O)[c:1]1[cH:1][c:1](Cl)[c:1]([NH2:1])[cH:1][c:1]1OC|CC[N:1](CC)CCNC(=O)c1cc(Cl)c(N)cc1OC|CCN(CC)CCNC(=O)c1cc(Cl)c(N)cc1[O:1]C|CC[N:1](CC)CCNC(=O)c1cc(Cl)c(N)cc1OC|CCN(CC)CCNC(=O)c1cc(Cl)c([NH2:1])cc1OC|CCN(CC)CCNC(=O)c1cc(Cl)c(N)[cH:1]c1OC|CCN(CCNC(=O)c1cc(Cl)c(N)cc1OC)C[CH3:1]|CCN(CC)CC[NH:1]C(=O)c1cc(Cl)c(N)cc1OC|CCN(CC)CCNC(=O)c1c(OC)cc(N)c(Cl)[cH:1]1|CCN(CCNC(=O)c1cc(Cl)c(N)cc1OC)[CH2:1]C|CC[N:1](CC)CCNC(=O)c1cc(Cl)c(N)cc1OC|CCN(CCNC(=O)c1cc(Cl)c(N)cc1OC)[CH2:1]C|CCN(CC)CCNC(=O)c1cc(Cl)c([NH2:1])[cH:1]c1OC|CCN(CC)CCNC(=O)c1cc(Cl)c(N)cc1OC|CCN(CC)[CH2:1]CNC(=O)c1cc(Cl)c(N)cc1OC|CCN(CC)CC[NH:1][C:1](=O)c1cc(Cl)c(N)cc1OC|CCN(CC)CCNC(=O)c1cc(Cl)c(N)cc1OC|CCN(CC)CCNC(=O)[c:1]1[cH:1][c:1](Cl)[c:1]([NH2:1])[cH:1][c:1]1OC|CC[N:1](CC)CCNC(=O)c1cc(Cl)c(N)cc1OC|CCN(CC)CCNC(=O)c1cc(Cl)c(N)cc1OC|CC[N:1](CCNC(=O)c1cc(Cl)c([NH2:1])cc1OC)[CH2:1]C
16,CCN(c1cc(-c2ccc(CN3CCOCC3)cc2)cc(C(=O)NCc2c(C)cc(C)[nH]c2=O)c1C)C1CCOCC1,CYP3A4,Cc1cc(C)c(CNC(=O)c2cc(-c3ccc(CN4CCOCC4)cc3)cc(NC3CCOCC3)c2C)c(=O)[nH]1,CC[N:1](c1cc(-c2ccc(CN3CCOCC3)cc2)cc(C(=O)NCc2c(C)cc(C)[nH]c2=O)c1C)C1CCOCC1,CC[N:1](c1cc(-c2ccc(CN3CCOCC3)cc2)cc(C(=O)NCc2c(C)cc(C)[nH]c2=O)c1C)C1CCOCC1|CCN(c1cc(-c2ccc(CN3CCOC[CH2:1]3)cc2)cc(C(=O)NCc2c(C)cc(C)[nH]c2=O)c1C)C1CCOCC1|CC[N:1](c1cc(-c2ccc(CN3CCOCC3)cc2)cc(C(=O)NCc2c(C)cc(C)[nH]c2=O)c1C)C1CCOCC1|CCN(c1cc(-c2ccc(C[N:1]3CC[O:1][CH2:1][CH2:1]3)cc2)cc(C(=O)NCc2c(C)cc(C)[nH]c2=O)c1C)C1CCOCC1|CCN(c1cc(-c2ccc(CN3CCOCC3)cc2)cc(C(=O)[NH:1]Cc2c(C)cc(C)[nH]c2=O)c1C)C1CCOCC1|CCN(c1cc(-c2ccc(CN3CCOCC3)cc2)cc(C(=O)NCc2c(C)cc(C)[nH]c2=O)c1C)C1CCOC[CH2:1]1|CCN(c1cc(-c2ccc(CN3CCO[CH2:1]C3)cc2)cc(C(=O)NCc2c(C)cc(C)[nH]c2=O)c1C)C1CCOCC1|CCN(c1cc(-c2ccc(CN3CCOCC3)cc2)cc(C(=O)NCc2c(C)cc([CH3:1])[nH]c2=O)c1C)C1CCOCC1|CCN(c1cc(-c2ccc(CN3CC[O:1][CH2:1]C3)cc2)cc(C(=O)NCc2c(C)cc(C)[nH]c2=O)c1C)C1CCOCC1|CCN(c1cc(-c2ccc(CN3CCOCC3)cc2)cc(C(=O)NCc2c(C)cc(C)[nH]c2=O)c1C)C1CC[O:1][CH2:1]C1|CCN(c1cc(-c2ccc(CN3CCOCC3)cc2)cc(C(=O)NCc2c(C)cc(C)[nH]c2=O)c1C)C1CCO[CH2:1]C1|CCN(c1cc(-c2ccc(CN3CC[O:1][CH2:1]C3)cc2)cc(C(=O)NCc2c(C)cc(C)[nH]c2=O)c1C)C1CCOCC1|CCN(c1cc(-c2ccc(CN3CCOCC3)cc2)cc(C(=O)NCc2c([CH3:1])cc(C)[nH]c2=O)c1C)C1CCOCC1|Cc1cc(C)c(CNC(=O)c2cc(-c3ccc(CN4C[CH2:1]OC[CH2:1]4)cc3)cc([N:1](C3CCOCC3)[CH2:1]C)c2C)c(=O)[nH]1|CCN(c1cc(-c2ccc(CN3CCOCC3)cc2)cc(C(=O)NCc2c(C)[cH:1]c(C)[nH]c2=O)c1C)C1CCOCC1|CCN(c1cc(-c2ccc(CN3CCOCC3)cc2)cc(C(=O)NCc2c(C)cc(C)[nH]c2=O)c1C)[CH:1]1CCOC[CH2:1]1|CCN(c1cc(-c2ccc(CN3CCOCC3)cc2)cc(C(=O)NCc2c(C)cc(C)[nH]c2=O)c1C)C1CC[O:1][CH2:1]C1|CCN(c1cc(-c2ccc(C[N:1]3CCOCC3)cc2)cc(C(=O)NCc2c(C)cc(C)[nH]c2=O)c1C)C1CCOCC1|CCN(c1cc(-c2ccc(CN3CCOCC3)cc2)cc(C(=O)[NH:1]Cc2c(C)cc(C)[nH]c2=O)c1C)C1CCOCC1|CCN(c1cc(-c2ccc(CN3CCOCC3)cc2)cc(C(=O)NCc2c(C)cc(C)[nH]c2=O)c1C)C1CC[O:1][CH2:1]C1
17,CCN[C@H]1C[C@H](C)S(=O)(=O)c2sc(S(N)(=O)=O)cc21,CYP3A4,C[C@H]1C[C@H](N)c2cc(S(N)(=O)=O)sc2S1(=O)=O,CC[NH:1][C@H]1C[C@H](C)S(=O)(=O)c2sc(S(N)(=O)=O)cc21,CC[NH:1][C@H]1C[C@H](C)S(=O)(=O)c2sc(S(N)(=O)=O)cc21|CC[NH:1][C@H]1C[C@H](C)S(=O)(=O)c2sc(S(N)(=O)=O)cc21|C[C@H]1C[C@H](N[CH2:1]C)c2cc(S(N)(=O)=O)sc2S1(=O)=O|C[C@H]1C[C@H](NC[CH3:1])c2cc(S(N)(=O)=O)sc2S1(=O)=O|CCN[C@H]1C[C@H]([CH3:1])S(=O)(=O)c2sc(S(N)(=O)=O)cc21|CC[NH:1][C@H]1C[C@H](C)S(=O)(=O)c2sc(S(N)(=O)=O)cc21|CCN[C@H]1C[C@H](C)S(=O)(=O)c2sc(S(N)(=O)=O)cc21|CCN[C@H]1C[C@H](C)S(=O)(=O)[c:1]2[s:1][c:1](S(N)(=O)=O)[cH:1][c:1]21|CCN[C@H]1C[C@H](C)S(=O)(=O)c2sc(S(=O)(=O)[NH2:1])cc21|CCN[C@H]1C[C@H:1](C)S(=O)(=O)c2sc(S(N)(=O)=O)cc21|CCN[C@H]1C[C@H](C)S(=O)(=O)c2sc([S:1](N)(=O)=O)cc21|CC[NH:1][C@H]1C[C@H](C)S(=O)(=O)c2sc(S(N)(=O)=O)cc21|C[C@H]1C[C@H](N[CH2:1]C)c2cc(S(N)(=O)=O)sc2S1(=O)=O|CCN[C@H]1C[C@H](C)S(=O)(=O)[c:1]2[s:1][c:1](S(N)(=O)=O)[cH:1][c:1]21|C[C@H]1C[C@H](N[CH2:1]C)c2cc(S(N)(=O)=O)sc2S1(=O)=O|CCN[C@H:1]1C[C@H](C)S(=O)(=O)c2sc(S(N)(=O)=O)cc21|CCN[C@H]1C[C@H]([CH3:1])S(=O)(=O)c2sc(S(N)(=O)=O)cc21|CCN[C@H]1C[C@H]([CH3:1])S(=O)(=O)c2sc(S(N)(=O)=O)cc21|CC[NH:1][C@H]1C[C@H](C)S(=O)(=O)c2sc(S(N)(=O)=O)cc21|CCN[C@@H]1c2cc(S(N)(=O)=O)sc2S(=O)(=O)[C@@H](C)[CH2:1]1
18,CCOC(=O)Nc1ccc2c(c1)N(C(=O)CN(CC)CC)c1ccccc1CC2,CYP1A2,CCNCC(=O)N1c2ccccc2CCc2ccc(NC(=O)OCC)cc21,CCOC(=O)Nc1ccc2c(c1)N(C(=O)C[N:1](CC)CC)c1ccccc1CC2,CCOC(=O)Nc1ccc2c(c1)N(C(=O)C[N:1](CC)CC)c1ccccc1CC2|CCOC(=O)[NH:1]c1ccc2c(c1)N(C(=O)CN(CC)CC)c1ccccc1CC2|CCOC(=O)Nc1ccc2c(c1)N(C(=O)CN(CC)CC)c1ccccc1[CH2:1]C2|CCOC(=O)Nc1ccc2c(c1)[N:1](C(=O)CN(CC)CC)c1ccccc1CC2|CCN(CC)CC(=O)N1c2ccccc2CCc2ccc(NC(=O)[O:1]CC)cc21|CCOC(=O)Nc1ccc2c(c1)N(C(=O)CN(CC)CC)c1ccccc1C[CH2:1]2|CCN(CC)[CH2:1]C(=O)N1c2ccccc2CCc2ccc(N[C:1](=O)[O:1]CC)cc21|CCN(CC)CC(=O)N1c2ccccc2CCc2ccc(N[C:1](=O)[O:1]C[CH3:1])cc21|CCOC(=O)Nc1ccc2c(c1)N(C(=O)CN(CC)CC)c1ccccc1[CH2:1][CH2:1]2|CCOC(=O)[NH:1]c1ccc2c(c1)[N:1](C(=O)CN(CC)CC)c1ccccc1CC2|CCOC(=O)Nc1ccc2c(c1)N(C(=O)CN(CC)CC)c1c[cH:1]ccc1CC2|CCO[C:1](=O)Nc1ccc2c(c1)N(C(=O)CN(CC)CC)c1ccccc1CC2|CCOC(=O)Nc1ccc2c(c1)N([C:1](=O)CN(CC)CC)c1ccccc1CC2|CCN(CC)CC(=O)N1c2ccccc2CCc2c[cH:1]c([NH:1]C(=O)[O:1]CC)cc21|CCOC(=O)Nc1ccc2c(c1)N([C:1](=O)CN(CC)CC)c1ccccc1CC2|CCOC(=O)Nc1ccc2c(c1)N(C(=O)CN(CC)CC)c1cc[cH:1]cc1CC2|CCOC(=O)Nc1ccc2c([cH:1]1)N(C(=O)CN(CC)CC)c1ccccc1CC2|CCN(CC)CC(=O)[N:1]1c2ccccc2CCc2ccc(NC(=O)[O:1]CC)cc21|CCO[C:1](=O)[NH:1]c1ccc2c(c1)N(C(=O)CN(CC)CC)c1ccccc1CC2|CCOC(=O)[NH:1]c1ccc2c(c1)N([C:1](=[O:1])[CH2:1]N(CC)CC)c1ccccc1CC2|CCOC(=O)Nc1ccc2c(c1)N(C(=O)C[N:1](CC)CC)c1ccccc1CC2|CCOC(=O)[NH:1]c1ccc2c(c1)N(C(=O)CN(CC)CC)c1ccccc1CC2|CCOC(=O)Nc1ccc2c(c1)[N:1](C(=O)CN(CC)CC)c1ccccc1CC2|CCOC(=O)Nc1ccc2c(c1)N(C(=O)CN(CC)CC)c1ccccc1[CH2:1]C2|CCN(CC)CC(=O)N1c2ccccc2CCc2ccc(NC(=O)[O:1]CC)cc21|CCOC(=O)Nc1ccc2c(c1)N(C(=O)CN(CC)CC)c1ccccc1C[CH2:1]2|CCN(CC)[CH2:1]C(=O)N1c2ccccc2CCc2ccc(N[C:1](=O)[O:1]CC)cc21|CCN(CC)CC(=O)N1c2ccccc2CCc2ccc(N[C:1](=O)[O:1]C[CH3:1])cc21|CCOC(=O)Nc1ccc2c(c1)N(C(=O)CN(CC)CC)c1ccccc1[CH2:1][CH2:1]2|CCOC(=O)[NH:1]c1ccc2c(c1)[N:1](C(=O)CN(CC)CC)c1ccccc1CC2|CCOC(=O)Nc1ccc2c(c1)N(C(=O)CN(CC)CC)c1c[cH:1]ccc1CC2|CCO[C:1](=O)Nc1ccc2c(c1)N(C(=O)CN(CC)CC)c1ccccc1CC2|CCOC(=O)Nc1ccc2c(c1)N([C:1](=O)CN(CC)CC)c1ccccc1CC2|CCN(CC)CC(=O)N1c2ccccc2CCc2c[cH:1]c([NH:1]C(=O)[O:1]CC)cc21|CCOC(=O)Nc1ccc2c(c1)N([C:1](=O)CN(CC)CC)c1ccccc1CC2|CCOC(=O)Nc1ccc2c(c1)N(C(=O)CN(CC)CC)c1cc[cH:1]cc1CC2|CCOC(=O)Nc1ccc2c([cH:1]1)N(C(=O)CN(CC)CC)c1ccccc1CC2|CCN(CC)CC(=O)[N:1]1c2ccccc2CCc2ccc(NC(=O)[O:1]CC)cc21|CCO[C:1](=O)[NH:1]c1ccc2c(c1)N(C(=O)CN(CC)CC)c1ccccc1CC2|CCOC(=O)[NH:1]c1ccc2c(c1)N([C:1](=[O:1])[CH2:1]N(CC)CC)c1ccccc1CC2|CCOC(=O)Nc1ccc2c(c1)N(C(=O)C[N:1](CC)CC)c1ccccc1CC2|CCOC(=O)[NH:1]c1ccc2c(c1)N(C(=O)CN(CC)CC)c1ccccc1CC2|CCOC(=O)Nc1ccc2c(c1)N(C(=O)CN(CC)CC)c1ccccc1[CH2:1]C2|CCOC(=O)Nc1ccc2c(c1)[N:1](C(=O)CN(CC)CC)c1ccccc1CC2|CCN(CC)CC(=O)N1c2ccccc2CCc2ccc(NC(=O)[O:1]CC)cc21|CCOC(=O)Nc1ccc2c(c1)N(C(=O)CN(CC)CC)c1ccccc1C[CH2:1]2|CCN(CC)[CH2:1]C(=O)N1c2ccccc2CCc2ccc(N[C:1](=O)[O:1]CC)cc21|CCN(CC)CC(=O)N1c2ccccc2CCc2ccc(N[C:1](=O)[O:1]C[CH3:1])cc21|CCOC(=O)Nc1ccc2c(c1)N(C(=O)CN(CC)CC)c1ccccc1[CH2:1][CH2:1]2|CCOC(=O)[NH:1]c1ccc2c(c1)[N:1](C(=O)CN(CC)CC)c1ccccc1CC2|CCOC(=O)Nc1ccc2c(c1)N(C(=O)CN(CC)CC)c1c[cH:1]ccc1CC2|CCOC(=O)Nc1ccc2c(c1)N([C:1](=O)CN(CC)CC)c1ccccc1CC2|CCO[C:1](=O)Nc1ccc2c(c1)N(C(=O)CN(CC)CC)c1ccccc1CC2|CCOC(=O)Nc1ccc2c(c1)N(C(=O)CN(CC)CC)c1cc[cH:1]cc1CC2|CCN(CC)CC(=O)N1c2ccccc2CCc2c[cH:1]c([NH:1]C(=O)[O:1]CC)cc21|CCOC(=O)Nc1ccc2c(c1)N([C:1](=O)CN(CC)CC)c1ccccc1CC2|CCOC(=O)Nc1ccc2c([cH:1]1)N(C(=O)CN(CC)CC)c1ccccc1CC2|CCOC(=O)[NH:1]c1ccc2c(c1)N([C:1](=[O:1])[CH2:1]N(CC)CC)c1ccccc1CC2|CCO[C:1](=O)[NH:1]c1ccc2c(c1)N(C(=O)CN(CC)CC)c1ccccc1CC2|CCOC(=O)Nc1cc2c(c[cH:1]1)CCc1ccccc1N2C(=O)CN(CC)CC
19,CCOC(=O)Nc1ccc2c(c1)N(C(=O)CN(CC)CC)c1ccccc1CC2,CYP2C9,CCNCC(=O)N1c2ccccc2CCc2ccc(NC(=O)OCC)cc21,CCOC(=O)Nc1ccc2c(c1)N(C(=O)C[N:1](CC)CC)c1ccccc1CC2,CCOC(=O)Nc1ccc2c(c1)N(C(=O)C[N:1](CC)CC)c1ccccc1CC2|CCOC(=O)[NH:1]c1ccc2c(c1)N(C(=O)CN(CC)CC)c1ccccc1CC2|CCOC(=O)Nc1ccc2c(c1)N(C(=O)CN(CC)CC)c1ccccc1[CH2:1]C2|CCOC(=O)Nc1ccc2c(c1)[N:1](C(=O)CN(CC)CC)c1ccccc1CC2|CCN(CC)CC(=O)N1c2ccccc2CCc2ccc(NC(=O)[O:1]CC)cc21|CCOC(=O)Nc1ccc2c(c1)N(C(=O)CN(CC)CC)c1ccccc1C[CH2:1]2|CCN(CC)[CH2:1]C(=O)N1c2ccccc2CCc2ccc(N[C:1](=O)[O:1]CC)cc21|CCN(CC)CC(=O)N1c2ccccc2CCc2ccc(N[C:1](=O)[O:1]C[CH3:1])cc21|CCOC(=O)Nc1ccc2c(c1)N(C(=O)CN(CC)CC)c1ccccc1[CH2:1][CH2:1]2|CCOC(=O)[NH:1]c1ccc2c(c1)[N:1](C(=O)CN(CC)CC)c1ccccc1CC2|CCOC(=O)Nc1ccc2c(c1)N(C(=O)CN(CC)CC)c1c[cH:1]ccc1CC2|CCO[C:1](=O)Nc1ccc2c(c1)N(C(=O)CN(CC)CC)c1ccccc1CC2|CCOC(=O)Nc1ccc2c(c1)N([C:1](=O)CN(CC)CC)c1ccccc1CC2|CCN(CC)CC(=O)N1c2ccccc2CCc2c[cH:1]c([NH:1]C(=O)[O:1]CC)cc21|CCOC(=O)Nc1ccc2c(c1)N([C:1](=O)CN(CC)CC)c1ccccc1CC2|CCOC(=O)Nc1ccc2c(c1)N(C(=O)CN(CC)CC)c1cc[cH:1]cc1CC2|CCOC(=O)Nc1ccc2c([cH:1]1)N(C(=O)CN(CC)CC)c1ccccc1CC2|CCN(CC)CC(=O)[N:1]1c2ccccc2CCc2ccc(NC(=O)[O:1]CC)cc21|CCO[C:1](=O)[NH:1]c1ccc2c(c1)N(C(=O)CN(CC)CC)c1ccccc1CC2|CCOC(=O)[NH:1]c1ccc2c(c1)N([C:1](=[O:1])[CH2:1]N(CC)CC)c1ccccc1CC2|CCOC(=O)Nc1ccc2c(c1)N(C(=O)C[N:1](CC)CC)c1ccccc1CC2|CCOC(=O)[NH:1]c1ccc2c(c1)N(C(=O)CN(CC)CC)c1ccccc1CC2|CCOC(=O)Nc1ccc2c(c1)[N:1](C(=O)CN(CC)CC)c1ccccc1CC2|CCOC(=O)Nc1ccc2c(c1)N(C(=O)CN(CC)CC)c1ccccc1[CH2:1]C2|CCN(CC)CC(=O)N1c2ccccc2CCc2ccc(NC(=O)[O:1]CC)cc21|CCOC(=O)Nc1ccc2c(c1)N(C(=O)CN(CC)CC)c1ccccc1C[CH2:1]2|CCN(CC)[CH2:1]C(=O)N1c2ccccc2CCc2ccc(N[C:1](=O)[O:1]CC)cc21|CCN(CC)CC(=O)N1c2ccccc2CCc2ccc(N[C:1](=O)[O:1]C[CH3:1])cc21|CCOC(=O)Nc1ccc2c(c1)N(C(=O)CN(CC)CC)c1ccccc1[CH2:1][CH2:1]2|CCOC(=O)[NH:1]c1ccc2c(c1)[N:1](C(=O)CN(CC)CC)c1ccccc1CC2|CCOC(=O)Nc1ccc2c(c1)N(C(=O)CN(CC)CC)c1c[cH:1]ccc1CC2|CCO[C:1](=O)Nc1ccc2c(c1)N(C(=O)CN(CC)CC)c1ccccc1CC2|CCOC(=O)Nc1ccc2c(c1)N([C:1](=O)CN(CC)CC)c1ccccc1CC2|CCN(CC)CC(=O)N1c2ccccc2CCc2c[cH:1]c([NH:1]C(=O)[O:1]CC)cc21|CCOC(=O)Nc1ccc2c(c1)N([C:1](=O)CN(CC)CC)c1ccccc1CC2|CCOC(=O)Nc1ccc2c(c1)N(C(=O)CN(CC)CC)c1cc[cH:1]cc1CC2|CCOC(=O)Nc1ccc2c([cH:1]1)N(C(=O)CN(CC)CC)c1ccccc1CC2|CCN(CC)CC(=O)[N:1]1c2ccccc2CCc2ccc(NC(=O)[O:1]CC)cc21|CCO[C:1](=O)[NH:1]c1ccc2c(c1)N(C(=O)CN(CC)CC)c1ccccc1CC2|CCOC(=O)[NH:1]c1ccc2c(c1)N([C:1](=[O:1])[CH2:1]N(CC)CC)c1ccccc1CC2|CCOC(=O)Nc1ccc2c(c1)N(C(=O)C[N:1](CC)CC)c1ccccc1CC2|CCOC(=O)[NH:1]c1ccc2c(c1)N(C(=O)CN(CC)CC)c1ccccc1CC2|CCOC(=O)Nc1ccc2c(c1)N(C(=O)CN(CC)CC)c1ccccc1[CH2:1]C2|CCOC(=O)Nc1ccc2c(c1)[N:1](C(=O)CN(CC)CC)c1ccccc1CC2|CCN(CC)CC(=O)N1c2ccccc2CCc2ccc(NC(=O)[O:1]CC)cc21|CCOC(=O)Nc1ccc2c(c1)N(C(=O)CN(CC)CC)c1ccccc1C[CH2:1]2|CCN(CC)[CH2:1]C(=O)N1c2ccccc2CCc2ccc(N[C:1](=O)[O:1]CC)cc21|CCN(CC)CC(=O)N1c2ccccc2CCc2ccc(N[C:1](=O)[O:1]C[CH3:1])cc21|CCOC(=O)Nc1ccc2c(c1)N(C(=O)CN(CC)CC)c1ccccc1[CH2:1][CH2:1]2|CCOC(=O)[NH:1]c1ccc2c(c1)[N:1](C(=O)CN(CC)CC)c1ccccc1CC2|CCOC(=O)Nc1ccc2c(c1)N(C(=O)CN(CC)CC)c1c[cH:1]ccc1CC2|CCOC(=O)Nc1ccc2c(c1)N([C:1](=O)CN(CC)CC)c1ccccc1CC2|CCO[C:1](=O)Nc1ccc2c(c1)N(C(=O)CN(CC)CC)c1ccccc1CC2|CCOC(=O)Nc1ccc2c(c1)N(C(=O)CN(CC)CC)c1cc[cH:1]cc1CC2|CCN(CC)CC(=O)N1c2ccccc2CCc2c[cH:1]c([NH:1]C(=O)[O:1]CC)cc21|CCOC(=O)Nc1ccc2c(c1)N([C:1](=O)CN(CC)CC)c1ccccc1CC2|CCOC(=O)Nc1ccc2c([cH:1]1)N(C(=O)CN(CC)CC)c1ccccc1CC2|CCOC(=O)[NH:1]c1ccc2c(c1)N([C:1](=[O:1])[CH2:1]N(CC)CC)c1ccccc1CC2|CCO[C:1](=O)[NH:1]c1ccc2c(c1)N(C(=O)CN(CC)CC)c1ccccc1CC2|CCOC(=O)Nc1cc2c(c[cH:1]1)CCc1ccccc1N2C(=O)CN(CC)CC
20,CCOC(=O)Nc1ccc2c(c1)N(C(=O)CN(CC)CC)c1ccccc1CC2,CYP3A4,CCNCC(=O)N1c2ccccc2CCc2ccc(NC(=O)OCC)cc21,CCOC(=O)Nc1ccc2c(c1)N(C(=O)C[N:1](CC)CC)c1ccccc1CC2,CCOC(=O)Nc1ccc2c(c1)N(C(=O)C[N:1](CC)CC)c1ccccc1CC2|CCOC(=O)[NH:1]c1ccc2c(c1)N(C(=O)CN(CC)CC)c1ccccc1CC2|CCOC(=O)Nc1ccc2c(c1)N(C(=O)CN(CC)CC)c1ccccc1[CH2:1]C2|CCOC(=O)Nc1ccc2c(c1)[N:1](C(=O)CN(CC)CC)c1ccccc1CC2|CCN(CC)CC(=O)N1c2ccccc2CCc2ccc(NC(=O)[O:1]CC)cc21|CCOC(=O)Nc1ccc2c(c1)N(C(=O)CN(CC)CC)c1ccccc1C[CH2:1]2|CCN(CC)[CH2:1]C(=O)N1c2ccccc2CCc2ccc(N[C:1](=O)[O:1]CC)cc21|CCN(CC)CC(=O)N1c2ccccc2CCc2ccc(N[C:1](=O)[O:1]C[CH3:1])cc21|CCOC(=O)Nc1ccc2c(c1)N(C(=O)CN(CC)CC)c1ccccc1[CH2:1][CH2:1]2|CCOC(=O)[NH:1]c1ccc2c(c1)[N:1](C(=O)CN(CC)CC)c1ccccc1CC2|CCOC(=O)Nc1ccc2c(c1)N(C(=O)CN(CC)CC)c1c[cH:1]ccc1CC2|CCO[C:1](=O)Nc1ccc2c(c1)N(C(=O)CN(CC)CC)c1ccccc1CC2|CCOC(=O)Nc1ccc2c(c1)N([C:1](=O)CN(CC)CC)c1ccccc1CC2|CCN(CC)CC(=O)N1c2ccccc2CCc2c[cH:1]c([NH:1]C(=O)[O:1]CC)cc21|CCOC(=O)Nc1ccc2c(c1)N([C:1](=O)CN(CC)CC)c1ccccc1CC2|CCOC(=O)Nc1ccc2c(c1)N(C(=O)CN(CC)CC)c1cc[cH:1]cc1CC2|CCOC(=O)Nc1ccc2c([cH:1]1)N(C(=O)CN(CC)CC)c1ccccc1CC2|CCN(CC)CC(=O)[N:1]1c2ccccc2CCc2ccc(NC(=O)[O:1]CC)cc21|CCO[C:1](=O)[NH:1]c1ccc2c(c1)N(C(=O)CN(CC)CC)c1ccccc1CC2|CCOC(=O)[NH:1]c1ccc2c(c1)N([C:1](=[O:1])[CH2:1]N(CC)CC)c1ccccc1CC2|CCOC(=O)Nc1ccc2c(c1)N(C(=O)C[N:1](CC)CC)c1ccccc1CC2|CCOC(=O)[NH:1]c1ccc2c(c1)N(C(=O)CN(CC)CC)c1ccccc1CC2|CCOC(=O)Nc1ccc2c(c1)[N:1](C(=O)CN(CC)CC)c1ccccc1CC2|CCOC(=O)Nc1ccc2c(c1)N(C(=O)CN(CC)CC)c1ccccc1[CH2:1]C2|CCN(CC)CC(=O)N1c2ccccc2CCc2ccc(NC(=O)[O:1]CC)cc21|CCOC(=O)Nc1ccc2c(c1)N(C(=O)CN(CC)CC)c1ccccc1C[CH2:1]2|CCN(CC)[CH2:1]C(=O)N1c2ccccc2CCc2ccc(N[C:1](=O)[O:1]CC)cc21|CCN(CC)CC(=O)N1c2ccccc2CCc2ccc(N[C:1](=O)[O:1]C[CH3:1])cc21|CCOC(=O)Nc1ccc2c(c1)N(C(=O)CN(CC)CC)c1ccccc1[CH2:1][CH2:1]2|CCOC(=O)[NH:1]c1ccc2c(c1)[N:1](C(=O)CN(CC)CC)c1ccccc1CC2|CCOC(=O)Nc1ccc2c(c1)N(C(=O)CN(CC)CC)c1c[cH:1]ccc1CC2|CCO[C:1](=O)Nc1ccc2c(c1)N(C(=O)CN(CC)CC)c1ccccc1CC2|CCOC(=O)Nc1ccc2c(c1)N([C:1](=O)CN(CC)CC)c1ccccc1CC2|CCN(CC)CC(=O)N1c2ccccc2CCc2c[cH:1]c([NH:1]C(=O)[O:1]CC)cc21|CCOC(=O)Nc1ccc2c(c1)N([C:1](=O)CN(CC)CC)c1ccccc1CC2|CCOC(=O)Nc1ccc2c(c1)N(C(=O)CN(CC)CC)c1cc[cH:1]cc1CC2|CCOC(=O)Nc1ccc2c([cH:1]1)N(C(=O)CN(CC)CC)c1ccccc1CC2|CCN(CC)CC(=O)[N:1]1c2ccccc2CCc2ccc(NC(=O)[O:1]CC)cc21|CCO[C:1](=O)[NH:1]c1ccc2c(c1)N(C(=O)CN(CC)CC)c1ccccc1CC2|CCOC(=O)[NH:1]c1ccc2c(c1)N([C:1](=[O:1])[CH2:1]N(CC)CC)c1ccccc1CC2|CCOC(=O)Nc1ccc2c(c1)N(C(=O)C[N:1](CC)CC)c1ccccc1CC2|CCOC(=O)[NH:1]c1ccc2c(c1)N(C(=O)CN(CC)CC)c1ccccc1CC2|CCOC(=O)Nc1ccc2c(c1)N(C(=O)CN(CC)CC)c1ccccc1[CH2:1]C2|CCOC(=O)Nc1ccc2c(c1)[N:1](C(=O)CN(CC)CC)c1ccccc1CC2|CCN(CC)CC(=O)N1c2ccccc2CCc2ccc(NC(=O)[O:1]CC)cc21|CCOC(=O)Nc1ccc2c(c1)N(C(=O)CN(CC)CC)c1ccccc1C[CH2:1]2|CCN(CC)[CH2:1]C(=O)N1c2ccccc2CCc2ccc(N[C:1](=O)[O:1]CC)cc21|CCN(CC)CC(=O)N1c2ccccc2CCc2ccc(N[C:1](=O)[O:1]C[CH3:1])cc21|CCOC(=O)Nc1ccc2c(c1)N(C(=O)CN(CC)CC)c1ccccc1[CH2:1][CH2:1]2|CCOC(=O)[NH:1]c1ccc2c(c1)[N:1](C(=O)CN(CC)CC)c1ccccc1CC2|CCOC(=O)Nc1ccc2c(c1)N(C(=O)CN(CC)CC)c1c[cH:1]ccc1CC2|CCOC(=O)Nc1ccc2c(c1)N([C:1](=O)CN(CC)CC)c1ccccc1CC2|CCO[C:1](=O)Nc1ccc2c(c1)N(C(=O)CN(CC)CC)c1ccccc1CC2|CCOC(=O)Nc1ccc2c(c1)N(C(=O)CN(CC)CC)c1cc[cH:1]cc1CC2|CCN(CC)CC(=O)N1c2ccccc2CCc2c[cH:1]c([NH:1]C(=O)[O:1]CC)cc21|CCOC(=O)Nc1ccc2c(c1)N([C:1](=O)CN(CC)CC)c1ccccc1CC2|CCOC(=O)Nc1ccc2c([cH:1]1)N(C(=O)CN(CC)CC)c1ccccc1CC2|CCOC(=O)[NH:1]c1ccc2c(c1)N([C:1](=[O:1])[CH2:1]N(CC)CC)c1ccccc1CC2|CCO[C:1](=O)[NH:1]c1ccc2c(c1)N(C(=O)CN(CC)CC)c1ccccc1CC2|CCOC(=O)Nc1cc2c(c[cH:1]1)CCc1ccccc1N2C(=O)CN(CC)CC
21,CCOC(=O)c1c(CSc2ccccc2)n(C)c2cc(Br)c(O)c(CN(C)C)c12,CYP1A2,CCOC(=O)c1c(CS(=O)c2ccccc2)n(C)c2cc(Br)c(O)c(CN(C)C)c12|CCOC(=O)c1c(CSc2ccccc2)n(C)c2cc(Br)c(O)c(CNC)c12,CCOC(=O)c1c(CSc2ccccc2)n(C)c2cc(Br)c(O)c(C[N:1](C)C)c12|CCOC(=O)c1c(C[S:1]c2ccccc2)n(C)c2cc(Br)c(O)c(CN(C)C)c12,CCOC(=O)c1c(CSc2ccccc2)n(C)c2cc(Br)c(O)c(C[N:1](C)C)c12|CCOC(=O)c1c(C[S:1]c2ccccc2)n(C)c2cc(Br)c(O)c(CN(C)C)c12|CCOC(=O)c1c(CSc2ccccc2)n(C)c2cc(Br)c([OH:1])c(CN(C)C)c12|CCOC(=O)c1c(CSc2ccccc2)n(C)c2cc(Br)[c:1]([OH:1])c(CN(C)C)c12|CC[O:1]C(=O)c1c(CSc2ccccc2)n(C)c2cc(Br)c(O)c(CN(C)C)c12|CCOC(=O)c1c(CSc2ccccc2)[n:1](C)c2cc(Br)c(O)c(CN(C)C)c12|CCOC(=O)c1c(C[S:1]c2ccccc2)n(C)c2cc(Br)c(O)c(CN(C)C)c12|CCOC(=O)c1c(CSc2cc[cH:1]cc2)n(C)c2cc(Br)c(O)c(CN(C)C)c12|CCOC(=O)c1c(CSc2ccccc2)n(C)c2cc(Br)c(O)c([CH2:1]N(C)C)c12|CCOC(=O)c1c(CSc2ccccc2)n(C)c2cc(Br)c(O)c(C[N:1](C)C)c12|CCOC(=O)c1c(CSc2ccccc2)n(C)c2cc(Br)[c:1]([OH:1])c(CN(C)C)c12|CCOC(=O)[c:1]1[c:1](CSc2ccccc2)[n:1](C)[c:1]2[cH:1][c:1](Br)[c:1]([OH:1])[c:1](CN(C)C)[c:1]12|CCOC(=O)c1c(CSc2ccccc2)n(C)c2c[c:1](Br)c(O)c(CN(C)C)c12|CCOC(=O)c1c([CH2:1]Sc2ccccc2)n(C)c2cc(Br)c(O)c(CN(C)C)c12|CCOC(=O)c1c(CSc2ccccc2)n(C)c2cc(Br)c(O)c(CN(C)C)c12|CN(C)Cc1c(O)c(Br)cc2c1c(C(=O)OC[CH3:1])c(CSc1ccccc1)n2C|CCOC(=O)c1c2c(CN(C)C)c(O)c(Br)cc2n(C)[c:1]1CSc1ccccc1|CCOC(=O)[c:1]1c(CSc2ccccc2)n(C)c2cc(Br)c(O)c(CN(C)C)c21|CCOC(=O)c1c(CS[c:1]2[cH:1][cH:1][cH:1][cH:1][cH:1]2)n(C)c2cc(Br)c(O)c(CN(C)C)c12|CCOC(=O)[c:1]1[c:1](CSc2ccccc2)[n:1](C)[c:1]2cc(Br)c(O)c(CN(C)C)[c:1]12|CCOC(=O)c1c(CSc2ccccc2)n(C)c2cc(Br)c(O)c(C[N:1](C)C)c12|CCOC(=O)c1c(C[S:1]c2ccccc2)n(C)c2cc(Br)c(O)c(CN(C)C)c12|CCOC(=O)c1c(CSc2ccccc2)n(C)c2cc(Br)c([OH:1])c(CN(C)C)c12|CCOC(=O)c1c(CSc2ccccc2)n(C)c2cc(Br)[c:1]([OH:1])c(CN(C)C)c12|CC[O:1]C(=O)c1c(CSc2ccccc2)n(C)c2cc(Br)c(O)c(CN(C)C)c12|CCOC(=O)c1c(CSc2ccccc2)[n:1](C)c2cc(Br)c(O)c(CN(C)C)c12|CCOC(=O)c1c(C[S:1]c2ccccc2)n(C)c2cc(Br)c(O)c(CN(C)C)c12|CCOC(=O)c1c(CSc2cc[cH:1]cc2)n(C)c2cc(Br)c(O)c(CN(C)C)c12|CCOC(=O)c1c(CSc2ccccc2)n(C)c2cc(Br)c(O)c([CH2:1]N(C)C)c12|CCOC(=O)c1c(CSc2ccccc2)n(C)c2cc(Br)c(O)c(C[N:1](C)C)c12|CCOC(=O)c1c(CSc2ccccc2)n(C)c2cc(Br)[c:1]([OH:1])c(CN(C)C)c12|CCOC(=O)[c:1]1[c:1](CSc2ccccc2)[n:1](C)[c:1]2[cH:1][c:1](Br)[c:1]([OH:1])[c:1](CN(C)C)[c:1]12|CCOC(=O)c1c(CSc2ccccc2)n(C)c2c[c:1](Br)c(O)c(CN(C)C)c12|CCOC(=O)c1c([CH2:1]Sc2ccccc2)n(C)c2cc(Br)c(O)c(CN(C)C)c12|CCOC(=O)c1c(CSc2ccccc2)n(C)c2cc(Br)c(O)c(CN(C)C)c12|CCOC(=O)c1c2c(CN(C)C)c(O)c(Br)cc2n(C)[c:1]1CSc1ccccc1|CN(C)Cc1c(O)c(Br)cc2c1c(C(=O)OC[CH3:1])c(CSc1ccccc1)n2C|CCOC(=O)[c:1]1c(CSc2ccccc2)n(C)c2cc(Br)c(O)c(CN(C)C)c21|CCOC(=O)[c:1]1[c:1](CSc2ccccc2)[n:1](C)[c:1]2cc(Br)c(O)c(CN(C)C)[c:1]12|CCOC(=O)c1c(CS[c:1]2[cH:1][cH:1][cH:1][cH:1][cH:1]2)n(C)c2cc(Br)c(O)c(CN(C)C)c12|CCOC(=O)c1c(CSc2ccccc2)n(C)c2cc(Br)c(O)c(C[N:1](C)C)c12|CCOC(=O)c1c(C[S:1]c2ccccc2)n(C)c2cc(Br)c(O)c(CN(C)C)c12|CCOC(=O)c1c(CSc2ccccc2)n(C)c2cc(Br)c([OH:1])c(CN(C)C)c12|CCOC(=O)c1c(CSc2ccccc2)n(C)c2cc(Br)[c:1]([OH:1])c(CN(C)C)c12|CC[O:1]C(=O)c1c(CSc2ccccc2)n(C)c2cc(Br)c(O)c(CN(C)C)c12|CCOC(=O)c1c(CSc2ccccc2)[n:1](C)c2cc(Br)c(O)c(CN(C)C)c12|CCOC(=O)c1c(C[S:1]c2ccccc2)n(C)c2cc(Br)c(O)c(CN(C)C)c12|CCOC(=O)c1c(CSc2ccccc2)n(C)c2cc(Br)c(O)c([CH2:1]N(C)C)c12|CCOC(=O)c1c(CSc2cc[cH:1]cc2)n(C)c2cc(Br)c(O)c(CN(C)C)c12|CCOC(=O)c1c(CSc2ccccc2)n(C)c2cc(Br)c(O)c(C[N:1](C)C)c12|CCOC(=O)c1c(CSc2ccccc2)n(C)c2cc(Br)[c:1]([OH:1])c(CN(C)C)c12|CCOC(=O)[c:1]1[c:1](CSc2ccccc2)[n:1](C)[c:1]2[cH:1][c:1](Br)[c:1]([OH:1])[c:1](CN(C)C)[c:1]12|CCOC(=O)c1c([CH2:1]Sc2ccccc2)n(C)c2cc(Br)c(O)c(CN(C)C)c12|CCOC(=O)c1c(CSc2ccccc2)n(C)c2c[c:1](Br)c(O)c(CN(C)C)c12|CN(C)Cc1c(O)c(Br)cc2c1c(C(=O)OC[CH3:1])c(CSc1ccccc1)n2C|CCOC(=O)c1c(CSc2ccccc2)n(C)c2cc(Br)c(O)c(CN(C)C)c12|CCOC(=O)c1c2c(CN(C)C)c(O)c(Br)cc2n(C)[c:1]1CSc1ccccc1|CCOC(=O)[c:1]1c(CSc2ccccc2)n(C)c2cc(Br)c(O)c(CN(C)C)c21|CCOC(=O)[c:1]1[c:1](CSc2ccccc2)[n:1](C)[c:1]2cc(Br)c(O)c(CN(C)C)[c:1]12|CCOC(=O)c1c([CH2:1]Sc2ccccc2)n(C)c2cc(Br)c(O)c(CN(C)C)c12
22,CCOC(=O)c1c(CSc2ccccc2)n(C)c2cc(Br)c(O)c(CN(C)C)c12,CYP2D6,CCOC(=O)c1c(CS(=O)c2ccccc2)n(C)c2cc(Br)c(O)c(CN(C)C)c12,CCOC(=O)c1c(C[S:1]c2ccccc2)n(C)c2cc(Br)c(O)c(CN(C)C)c12,CCOC(=O)c1c(CSc2ccccc2)n(C)c2cc(Br)c(O)c(C[N:1](C)C)c12|CCOC(=O)c1c(C[S:1]c2ccccc2)n(C)c2cc(Br)c(O)c(CN(C)C)c12|CCOC(=O)c1c(CSc2ccccc2)n(C)c2cc(Br)c([OH:1])c(CN(C)C)c12|CCOC(=O)c1c(CSc2ccccc2)n(C)c2cc(Br)[c:1]([OH:1])c(CN(C)C)c12|CC[O:1]C(=O)c1c(CSc2ccccc2)n(C)c2cc(Br)c(O)c(CN(C)C)c12|CCOC(=O)c1c(CSc2ccccc2)[n:1](C)c2cc(Br)c(O)c(CN(C)C)c12|CCOC(=O)c1c(C[S:1]c2ccccc2)n(C)c2cc(Br)c(O)c(CN(C)C)c12|CCOC(=O)c1c(CSc2cc[cH:1]cc2)n(C)c2cc(Br)c(O)c(CN(C)C)c12|CCOC(=O)c1c(CSc2ccccc2)n(C)c2cc(Br)c(O)c([CH2:1]N(C)C)c12|CCOC(=O)c1c(CSc2ccccc2)n(C)c2cc(Br)c(O)c(C[N:1](C)C)c12|CCOC(=O)c1c(CSc2ccccc2)n(C)c2cc(Br)[c:1]([OH:1])c(CN(C)C)c12|CCOC(=O)[c:1]1[c:1](CSc2ccccc2)[n:1](C)[c:1]2[cH:1][c:1](Br)[c:1]([OH:1])[c:1](CN(C)C)[c:1]12|CCOC(=O)c1c(CSc2ccccc2)n(C)c2c[c:1](Br)c(O)c(CN(C)C)c12|CCOC(=O)c1c([CH2:1]Sc2ccccc2)n(C)c2cc(Br)c(O)c(CN(C)C)c12|CCOC(=O)c1c(CSc2ccccc2)n(C)c2cc(Br)c(O)c(CN(C)C)c12|CN(C)Cc1c(O)c(Br)cc2c1c(C(=O)OC[CH3:1])c(CSc1ccccc1)n2C|CCOC(=O)c1c2c(CN(C)C)c(O)c(Br)cc2n(C)[c:1]1CSc1ccccc1|CCOC(=O)[c:1]1c(CSc2ccccc2)n(C)c2cc(Br)c(O)c(CN(C)C)c21|CCOC(=O)c1c(CS[c:1]2[cH:1][cH:1][cH:1][cH:1][cH:1]2)n(C)c2cc(Br)c(O)c(CN(C)C)c12|CCOC(=O)[c:1]1[c:1](CSc2ccccc2)[n:1](C)[c:1]2cc(Br)c(O)c(CN(C)C)[c:1]12|CCOC(=O)c1c(CSc2ccccc2)n(C)c2cc(Br)c(O)c(C[N:1](C)C)c12|CCOC(=O)c1c(C[S:1]c2ccccc2)n(C)c2cc(Br)c(O)c(CN(C)C)c12|CCOC(=O)c1c(CSc2ccccc2)n(C)c2cc(Br)c([OH:1])c(CN(C)C)c12|CCOC(=O)c1c(CSc2ccccc2)n(C)c2cc(Br)[c:1]([OH:1])c(CN(C)C)c12|CC[O:1]C(=O)c1c(CSc2ccccc2)n(C)c2cc(Br)c(O)c(CN(C)C)c12|CCOC(=O)c1c(CSc2ccccc2)[n:1](C)c2cc(Br)c(O)c(CN(C)C)c12|CCOC(=O)c1c(C[S:1]c2ccccc2)n(C)c2cc(Br)c(O)c(CN(C)C)c12|CCOC(=O)c1c(CSc2cc[cH:1]cc2)n(C)c2cc(Br)c(O)c(CN(C)C)c12|CCOC(=O)c1c(CSc2ccccc2)n(C)c2cc(Br)c(O)c([CH2:1]N(C)C)c12|CCOC(=O)c1c(CSc2ccccc2)n(C)c2cc(Br)c(O)c(C[N:1](C)C)c12|CCOC(=O)c1c(CSc2ccccc2)n(C)c2cc(Br)[c:1]([OH:1])c(CN(C)C)c12|CCOC(=O)[c:1]1[c:1](CSc2ccccc2)[n:1](C)[c:1]2[cH:1][c:1](Br)[c:1]([OH:1])[c:1](CN(C)C)[c:1]12|CCOC(=O)c1c(CSc2ccccc2)n(C)c2c[c:1](Br)c(O)c(CN(C)C)c12|CCOC(=O)c1c([CH2:1]Sc2ccccc2)n(C)c2cc(Br)c(O)c(CN(C)C)c12|CCOC(=O)c1c(CSc2ccccc2)n(C)c2cc(Br)c(O)c(CN(C)C)c12|CCOC(=O)c1c2c(CN(C)C)c(O)c(Br)cc2n(C)[c:1]1CSc1ccccc1|CN(C)Cc1c(O)c(Br)cc2c1c(C(=O)OC[CH3:1])c(CSc1ccccc1)n2C|CCOC(=O)[c:1]1c(CSc2ccccc2)n(C)c2cc(Br)c(O)c(CN(C)C)c21|CCOC(=O)[c:1]1[c:1](CSc2ccccc2)[n:1](C)[c:1]2cc(Br)c(O)c(CN(C)C)[c:1]12|CCOC(=O)c1c(CS[c:1]2[cH:1][cH:1][cH:1][cH:1][cH:1]2)n(C)c2cc(Br)c(O)c(CN(C)C)c12|CCOC(=O)c1c(CSc2ccccc2)n(C)c2cc(Br)c(O)c(C[N:1](C)C)c12|CCOC(=O)c1c(C[S:1]c2ccccc2)n(C)c2cc(Br)c(O)c(CN(C)C)c12|CCOC(=O)c1c(CSc2ccccc2)n(C)c2cc(Br)c([OH:1])c(CN(C)C)c12|CCOC(=O)c1c(CSc2ccccc2)n(C)c2cc(Br)[c:1]([OH:1])c(CN(C)C)c12|CC[O:1]C(=O)c1c(CSc2ccccc2)n(C)c2cc(Br)c(O)c(CN(C)C)c12|CCOC(=O)c1c(CSc2ccccc2)[n:1](C)c2cc(Br)c(O)c(CN(C)C)c12|CCOC(=O)c1c(C[S:1]c2ccccc2)n(C)c2cc(Br)c(O)c(CN(C)C)c12|CCOC(=O)c1c(CSc2ccccc2)n(C)c2cc(Br)c(O)c([CH2:1]N(C)C)c12|CCOC(=O)c1c(CSc2cc[cH:1]cc2)n(C)c2cc(Br)c(O)c(CN(C)C)c12|CCOC(=O)c1c(CSc2ccccc2)n(C)c2cc(Br)c(O)c(C[N:1](C)C)c12|CCOC(=O)c1c(CSc2ccccc2)n(C)c2cc(Br)[c:1]([OH:1])c(CN(C)C)c12|CCOC(=O)[c:1]1[c:1](CSc2ccccc2)[n:1](C)[c:1]2[cH:1][c:1](Br)[c:1]([OH:1])[c:1](CN(C)C)[c:1]12|CCOC(=O)c1c([CH2:1]Sc2ccccc2)n(C)c2cc(Br)c(O)c(CN(C)C)c12|CCOC(=O)c1c(CSc2ccccc2)n(C)c2c[c:1](Br)c(O)c(CN(C)C)c12|CN(C)Cc1c(O)c(Br)cc2c1c(C(=O)OC[CH3:1])c(CSc1ccccc1)n2C|CCOC(=O)c1c(CSc2ccccc2)n(C)c2cc(Br)c(O)c(CN(C)C)c12|CCOC(=O)c1c2c(CN(C)C)c(O)c(Br)cc2n(C)[c:1]1CSc1ccccc1|CCOC(=O)[c:1]1c(CSc2ccccc2)n(C)c2cc(Br)c(O)c(CN(C)C)c21|CCOC(=O)[c:1]1[c:1](CSc2ccccc2)[n:1](C)[c:1]2cc(Br)c(O)c(CN(C)C)[c:1]12|CCOC(=O)c1c([CH2:1]Sc2ccccc2)n(C)c2cc(Br)c(O)c(CN(C)C)c12
23,CCOC(=O)c1c(CSc2ccccc2)n(C)c2cc(Br)c(O)c(CN(C)C)c12,CYP3A4,CCOC(=O)c1c(CS(=O)(=O)c2ccccc2)n(C)c2cc(Br)c(O)c(CN(C)C)c12|CCOC(=O)c1c(CS(=O)(=O)c2ccccc2)n(C)c2cc(Br)c(O)c(CNC)c12|CCOC(=O)c1c(CS(=O)c2ccccc2)n(C)c2cc(Br)c(O)c(CN(C)C)c12|CCOC(=O)c1c(CSc2ccccc2)n(C)c2cc(Br)c(O)c(CNC)c12|CCOC(=O)c1c(C[S+]([O-])c2ccccc2)n(C)c2cc(Br)c(O)c(CN(C)C)c12|CCOC(=O)c1c(C[S+]([O-])c2ccccc2)n(C)c2cc(Br)c(O)c(CNC)c12,CCOC(=O)c1c(CSc2ccccc2)n(C)c2cc(Br)c(O)c(C[N:1](C)C)c12|CCOC(=O)c1c(C[S:1]c2ccccc2)n(C)c2cc(Br)c(O)c(CN(C)C)c12|CCOC(=O)c1c(C[S:1]c2ccccc2)n(C)c2cc(Br)c(O)c(C[N:1](C)C)c12,CCOC(=O)c1c(CSc2ccccc2)n(C)c2cc(Br)c(O)c(C[N:1](C)C)c12|CCOC(=O)c1c(C[S:1]c2ccccc2)n(C)c2cc(Br)c(O)c(CN(C)C)c12|CCOC(=O)c1c(CSc2ccccc2)n(C)c2cc(Br)c([OH:1])c(CN(C)C)c12|CCOC(=O)c1c(CSc2ccccc2)n(C)c2cc(Br)[c:1]([OH:1])c(CN(C)C)c12|CC[O:1]C(=O)c1c(CSc2ccccc2)n(C)c2cc(Br)c(O)c(CN(C)C)c12|CCOC(=O)c1c(CSc2ccccc2)[n:1](C)c2cc(Br)c(O)c(CN(C)C)c12|CCOC(=O)c1c(C[S:1]c2ccccc2)n(C)c2cc(Br)c(O)c(CN(C)C)c12|CCOC(=O)c1c(CSc2cc[cH:1]cc2)n(C)c2cc(Br)c(O)c(CN(C)C)c12|CCOC(=O)c1c(CSc2ccccc2)n(C)c2cc(Br)c(O)c([CH2:1]N(C)C)c12|CCOC(=O)c1c(CSc2ccccc2)n(C)c2cc(Br)c(O)c(C[N:1](C)C)c12|CCOC(=O)c1c(CSc2ccccc2)n(C)c2cc(Br)[c:1]([OH:1])c(CN(C)C)c12|CCOC(=O)[c:1]1[c:1](CSc2ccccc2)[n:1](C)[c:1]2[cH:1][c:1](Br)[c:1]([OH:1])[c:1](CN(C)C)[c:1]12|CCOC(=O)c1c(CSc2ccccc2)n(C)c2c[c:1](Br)c(O)c(CN(C)C)c12|CCOC(=O)c1c([CH2:1]Sc2ccccc2)n(C)c2cc(Br)c(O)c(CN(C)C)c12|CCOC(=O)c1c(CSc2ccccc2)n(C)c2cc(Br)c(O)c(CN(C)C)c12|CN(C)Cc1c(O)c(Br)cc2c1c(C(=O)OC[CH3:1])c(CSc1ccccc1)n2C|CCOC(=O)c1c2c(CN(C)C)c(O)c(Br)cc2n(C)[c:1]1CSc1ccccc1|CCOC(=O)[c:1]1c(CSc2ccccc2)n(C)c2cc(Br)c(O)c(CN(C)C)c21|CCOC(=O)c1c(CS[c:1]2[cH:1][cH:1][cH:1][cH:1][cH:1]2)n(C)c2cc(Br)c(O)c(CN(C)C)c12|CCOC(=O)[c:1]1[c:1](CSc2ccccc2)[n:1](C)[c:1]2cc(Br)c(O)c(CN(C)C)[c:1]12|CCOC(=O)c1c(CSc2ccccc2)n(C)c2cc(Br)c(O)c(C[N:1](C)C)c12|CCOC(=O)c1c(C[S:1]c2ccccc2)n(C)c2cc(Br)c(O)c(CN(C)C)c12|CCOC(=O)c1c(CSc2ccccc2)n(C)c2cc(Br)c([OH:1])c(CN(C)C)c12|CCOC(=O)c1c(CSc2ccccc2)n(C)c2cc(Br)[c:1]([OH:1])c(CN(C)C)c12|CC[O:1]C(=O)c1c(CSc2ccccc2)n(C)c2cc(Br)c(O)c(CN(C)C)c12|CCOC(=O)c1c(CSc2ccccc2)[n:1](C)c2cc(Br)c(O)c(CN(C)C)c12|CCOC(=O)c1c(C[S:1]c2ccccc2)n(C)c2cc(Br)c(O)c(CN(C)C)c12|CCOC(=O)c1c(CSc2cc[cH:1]cc2)n(C)c2cc(Br)c(O)c(CN(C)C)c12|CCOC(=O)c1c(CSc2ccccc2)n(C)c2cc(Br)c(O)c([CH2:1]N(C)C)c12|CCOC(=O)c1c(CSc2ccccc2)n(C)c2cc(Br)c(O)c(C[N:1](C)C)c12|CCOC(=O)c1c(CSc2ccccc2)n(C)c2cc(Br)[c:1]([OH:1])c(CN(C)C)c12|CCOC(=O)[c:1]1[c:1](CSc2ccccc2)[n:1](C)[c:1]2[cH:1][c:1](Br)[c:1]([OH:1])[c:1](CN(C)C)[c:1]12|CCOC(=O)c1c(CSc2ccccc2)n(C)c2c[c:1](Br)c(O)c(CN(C)C)c12|CCOC(=O)c1c([CH2:1]Sc2ccccc2)n(C)c2cc(Br)c(O)c(CN(C)C)c12|CCOC(=O)c1c(CSc2ccccc2)n(C)c2cc(Br)c(O)c(CN(C)C)c12|CCOC(=O)c1c2c(CN(C)C)c(O)c(Br)cc2n(C)[c:1]1CSc1ccccc1|CN(C)Cc1c(O)c(Br)cc2c1c(C(=O)OC[CH3:1])c(CSc1ccccc1)n2C|CCOC(=O)[c:1]1c(CSc2ccccc2)n(C)c2cc(Br)c(O)c(CN(C)C)c21|CCOC(=O)[c:1]1[c:1](CSc2ccccc2)[n:1](C)[c:1]2cc(Br)c(O)c(CN(C)C)[c:1]12|CCOC(=O)c1c(CS[c:1]2[cH:1][cH:1][cH:1][cH:1][cH:1]2)n(C)c2cc(Br)c(O)c(CN(C)C)c12|CCOC(=O)c1c(CSc2ccccc2)n(C)c2cc(Br)c(O)c(C[N:1](C)C)c12|CCOC(=O)c1c(C[S:1]c2ccccc2)n(C)c2cc(Br)c(O)c(CN(C)C)c12|CCOC(=O)c1c(CSc2ccccc2)n(C)c2cc(Br)c([OH:1])c(CN(C)C)c12|CCOC(=O)c1c(CSc2ccccc2)n(C)c2cc(Br)[c:1]([OH:1])c(CN(C)C)c12|CC[O:1]C(=O)c1c(CSc2ccccc2)n(C)c2cc(Br)c(O)c(CN(C)C)c12|CCOC(=O)c1c(CSc2ccccc2)[n:1](C)c2cc(Br)c(O)c(CN(C)C)c12|CCOC(=O)c1c(C[S:1]c2ccccc2)n(C)c2cc(Br)c(O)c(CN(C)C)c12|CCOC(=O)c1c(CSc2ccccc2)n(C)c2cc(Br)c(O)c([CH2:1]N(C)C)c12|CCOC(=O)c1c(CSc2cc[cH:1]cc2)n(C)c2cc(Br)c(O)c(CN(C)C)c12|CCOC(=O)c1c(CSc2ccccc2)n(C)c2cc(Br)c(O)c(C[N:1](C)C)c12|CCOC(=O)c1c(CSc2ccccc2)n(C)c2cc(Br)[c:1]([OH:1])c(CN(C)C)c12|CCOC(=O)[c:1]1[c:1](CSc2ccccc2)[n:1](C)[c:1]2[cH:1][c:1](Br)[c:1]([OH:1])[c:1](CN(C)C)[c:1]12|CCOC(=O)c1c([CH2:1]Sc2ccccc2)n(C)c2cc(Br)c(O)c(CN(C)C)c12|CCOC(=O)c1c(CSc2ccccc2)n(C)c2c[c:1](Br)c(O)c(CN(C)C)c12|CN(C)Cc1c(O)c(Br)cc2c1c(C(=O)OC[CH3:1])c(CSc1ccccc1)n2C|CCOC(=O)c1c(CSc2ccccc2)n(C)c2cc(Br)c(O)c(CN(C)C)c12|CCOC(=O)c1c2c(CN(C)C)c(O)c(Br)cc2n(C)[c:1]1CSc1ccccc1|CCOC(=O)[c:1]1c(CSc2ccccc2)n(C)c2cc(Br)c(O)c(CN(C)C)c21|CCOC(=O)[c:1]1[c:1](CSc2ccccc2)[n:1](C)[c:1]2cc(Br)c(O)c(CN(C)C)[c:1]12|CCOC(=O)c1c([CH2:1]Sc2ccccc2)n(C)c2cc(Br)c(O)c(CN(C)C)c12
24,CN(C)CCCN1c2ccccc2CCc2ccccc21,CYP1A2,CN(C)CCCN1c2ccccc2CCc2cc(O)ccc21|CNCCCN1c2ccccc2CCc2ccccc21,CN(C)CCCN1c2ccccc2CCc2c[cH:1]ccc21|C[N:1](C)CCCN1c2ccccc2CCc2ccccc21,C[N:1](C)CCCN1c2ccccc2CCc2ccccc21|CN(C)CCCN1c2ccccc2CCc2cc[cH:1]cc21|CN(C)CCCN1c2ccccc2CC[c:1]2[cH:1][cH:1][cH:1][cH:1][c:1]21|CN(C)CCCN1c2ccccc2CC[c:1]2[cH:1][cH:1][cH:1][cH:1][c:1]21|CN(C)CCCN1c2ccccc2C[CH2:1]c2ccccc21|CN(C)CCCN1c2ccccc2CCc2c[cH:1]ccc21|CN(C)CCC[N:1]1c2ccccc2CCc2ccccc21|CN(C)CCCN1c2ccccc2CCc2c1[cH:1][cH:1][cH:1][cH:1]2|CN(C)CCCN1c2ccccc2[CH2:1][CH2:1]c2ccccc21|CN(C)CCCN1c2ccccc2CCc2c1ccc[cH:1]2|CN(C)CCC[N:1]1c2ccccc2CC[c:1]2[cH:1][cH:1][cH:1][cH:1][c:1]21|C[N:1](C)CCCN1c2ccccc2CCc2ccccc21|CN(C)CCC[N:1]1[c:1]2cccc[c:1]2[CH2:1][CH2:1][c:1]2[cH:1][cH:1][cH:1][cH:1][c:1]21|C[N:1](C)CCCN1c2ccccc2C[CH2:1]c2ccccc21|CN(C)CCC[N:1]1c2ccccc2C[CH2:1][c:1]2cccc[c:1]21|CN(C)CCCN1c2ccccc2CC[c:1]2[cH:1][cH:1][cH:1][cH:1][c:1]21|CN(C)CCCN1c2ccccc2CC[c:1]2[cH:1][cH:1][cH:1][cH:1][c:1]21|CN(C)CCC[N:1]1c2ccccc2[CH2:1][CH2:1][c:1]2[cH:1][cH:1][cH:1][cH:1][c:1]21|CN(C)CCCN1c2ccccc2CC[c:1]2[cH:1][cH:1][cH:1][cH:1][c:1]21|CN(C)CCC[N:1]1c2ccccc2C[CH2:1][c:1]2[cH:1][cH:1][cH:1][cH:1][c:1]21|C[N:1](C)CCCN1c2ccccc2CCc2ccccc21|CN(C)CCCN1c2ccccc2CCc2cc[cH:1]cc21|CN(C)CCCN1c2ccccc2CC[c:1]2[cH:1][cH:1][cH:1][cH:1][c:1]21|CN(C)CCCN1c2ccccc2CC[c:1]2[cH:1][cH:1][cH:1][cH:1][c:1]21|CN(C)CCCN1c2ccccc2C[CH2:1]c2ccccc21|CN(C)CCCN1c2ccccc2CCc2c[cH:1]ccc21|CN(C)CCC[N:1]1c2ccccc2CCc2ccccc21|CN(C)CCCN1c2ccccc2CCc2c1[cH:1][cH:1][cH:1][cH:1]2|CN(C)CCCN1c2ccccc2CCc2c1ccc[cH:1]2|CN(C)CCCN1c2ccccc2[CH2:1][CH2:1]c2ccccc21|CN(C)CCC[N:1]1c2ccccc2CC[c:1]2[cH:1][cH:1][cH:1][cH:1][c:1]21|C[N:1](C)CCCN1c2ccccc2CCc2ccccc21|CN(C)CCC[N:1]1[c:1]2cccc[c:1]2[CH2:1][CH2:1][c:1]2[cH:1][cH:1][cH:1][cH:1][c:1]21|C[N:1](C)CCCN1c2ccccc2C[CH2:1]c2ccccc21|CN(C)CCC[N:1]1c2ccccc2C[CH2:1][c:1]2cccc[c:1]21|CN(C)CCCN1c2ccccc2CC[c:1]2[cH:1][cH:1][cH:1][cH:1][c:1]21|CN(C)CCCN1c2ccccc2CC[c:1]2[cH:1][cH:1][cH:1][cH:1][c:1]21|CN(C)CCC[N:1]1c2ccccc2[CH2:1][CH2:1][c:1]2[cH:1][cH:1][cH:1][cH:1][c:1]21|CN(C)C[CH2:1]CN1c2ccccc2CCc2cc[cH:1]cc21|CN(C)CCC[N:1]1c2ccccc2C[CH2:1][c:1]2[cH:1][cH:1][cH:1][cH:1][c:1]21|C[N:1](C)CCCN1c2ccccc2CCc2ccccc21|CN(C)CCCN1c2ccccc2CC[c:1]2[cH:1][cH:1][cH:1][cH:1][c:1]21|CN(C)CCCN1c2ccccc2CC[c:1]2[cH:1][cH:1][cH:1][cH:1][c:1]21|CN(C)CCCN1c2ccccc2C[CH2:1]c2ccccc21|CN(C)CCC[N:1]1c2ccccc2CCc2ccccc21|CN(C)CCCN1c2ccccc2CCc2cc[cH:1]cc21|CN(C)CCCN1c2ccccc2CCc2c[cH:1]ccc21|CN(C)CCCN1c2ccccc2CCc2c1[cH:1][cH:1][cH:1][cH:1]2|CN(C)CCCN1c2ccccc2[CH2:1][CH2:1]c2ccccc21|CN(C)CCCN1c2ccccc2CCc2c1ccc[cH:1]2|CN(C)CCC[N:1]1c2ccccc2CC[c:1]2[cH:1][cH:1][cH:1][cH:1][c:1]21|C[N:1](C)CCCN1c2ccccc2CCc2ccccc21|CN(C)CCC[N:1]1[c:1]2cccc[c:1]2[CH2:1][CH2:1][c:1]2[cH:1][cH:1][cH:1][cH:1][c:1]21|C[N:1](C)CCCN1c2ccccc2C[CH2:1]c2ccccc21|CN(C)CCC[N:1]1c2ccccc2C[CH2:1][c:1]2cccc[c:1]21|CN(C)CCCN1c2ccccc2CC[c:1]2[cH:1][cH:1][cH:1][cH:1][c:1]21|CN(C)CCCN1c2ccccc2CC[c:1]2[cH:1][cH:1][cH:1][cH:1][c:1]21|CN(C)CCC[N:1]1c2ccccc2[CH2:1][CH2:1][c:1]2[cH:1][cH:1][cH:1][cH:1][c:1]21|CN(C)CCCN1c2ccccc2CC[c:1]2[cH:1][cH:1][cH:1][cH:1][c:1]21|CN(C)CCC[N:1]1c2ccccc2C[CH2:1][c:1]2[cH:1][cH:1][cH:1][cH:1][c:1]21
25,CN(C)CCCN1c2ccccc2CCc2ccccc21,CYP2D6,CN(C)CCCN1c2ccccc2CCc2cc(O)ccc21|CNCCCN1c2ccccc2CCc2ccccc21,CN(C)CCCN1c2ccccc2CCc2c[cH:1]ccc21|C[N:1](C)CCCN1c2ccccc2CCc2ccccc21,C[N:1](C)CCCN1c2ccccc2CCc2ccccc21|CN(C)CCCN1c2ccccc2CCc2cc[cH:1]cc21|CN(C)CCCN1c2ccccc2CC[c:1]2[cH:1][cH:1][cH:1][cH:1][c:1]21|CN(C)CCCN1c2ccccc2CC[c:1]2[cH:1][cH:1][cH:1][cH:1][c:1]21|CN(C)CCCN1c2ccccc2C[CH2:1]c2ccccc21|CN(C)CCCN1c2ccccc2CCc2c[cH:1]ccc21|CN(C)CCC[N:1]1c2ccccc2CCc2ccccc21|CN(C)CCCN1c2ccccc2CCc2c1[cH:1][cH:1][cH:1][cH:1]2|CN(C)CCCN1c2ccccc2[CH2:1][CH2:1]c2ccccc21|CN(C)CCCN1c2ccccc2CCc2c1ccc[cH:1]2|CN(C)CCC[N:1]1c2ccccc2CC[c:1]2[cH:1][cH:1][cH:1][cH:1][c:1]21|C[N:1](C)CCCN1c2ccccc2CCc2ccccc21|CN(C)CCC[N:1]1[c:1]2cccc[c:1]2[CH2:1][CH2:1][c:1]2[cH:1][cH:1][cH:1][cH:1][c:1]21|C[N:1](C)CCCN1c2ccccc2C[CH2:1]c2ccccc21|CN(C)CCC[N:1]1c2ccccc2C[CH2:1][c:1]2cccc[c:1]21|CN(C)CCCN1c2ccccc2CC[c:1]2[cH:1][cH:1][cH:1][cH:1][c:1]21|CN(C)CCCN1c2ccccc2CC[c:1]2[cH:1][cH:1][cH:1][cH:1][c:1]21|CN(C)CCC[N:1]1c2ccccc2[CH2:1][CH2:1][c:1]2[cH:1][cH:1][cH:1][cH:1][c:1]21|CN(C)CCCN1c2ccccc2CC[c:1]2[cH:1][cH:1][cH:1][cH:1][c:1]21|CN(C)CCC[N:1]1c2ccccc2C[CH2:1][c:1]2[cH:1][cH:1][cH:1][cH:1][c:1]21|C[N:1](C)CCCN1c2ccccc2CCc2ccccc21|CN(C)CCCN1c2ccccc2CCc2cc[cH:1]cc21|CN(C)CCCN1c2ccccc2CC[c:1]2[cH:1][cH:1][cH:1][cH:1][c:1]21|CN(C)CCCN1c2ccccc2CC[c:1]2[cH:1][cH:1][cH:1][cH:1][c:1]21|CN(C)CCCN1c2ccccc2C[CH2:1]c2ccccc21|CN(C)CCCN1c2ccccc2CCc2c[cH:1]ccc21|CN(C)CCC[N:1]1c2ccccc2CCc2ccccc21|CN(C)CCCN1c2ccccc2CCc2c1[cH:1][cH:1][cH:1][cH:1]2|CN(C)CCCN1c2ccccc2CCc2c1ccc[cH:1]2|CN(C)CCCN1c2ccccc2[CH2:1][CH2:1]c2ccccc21|CN(C)CCC[N:1]1c2ccccc2CC[c:1]2[cH:1][cH:1][cH:1][cH:1][c:1]21|C[N:1](C)CCCN1c2ccccc2CCc2ccccc21|CN(C)CCC[N:1]1[c:1]2cccc[c:1]2[CH2:1][CH2:1][c:1]2[cH:1][cH:1][cH:1][cH:1][c:1]21|C[N:1](C)CCCN1c2ccccc2C[CH2:1]c2ccccc21|CN(C)CCC[N:1]1c2ccccc2C[CH2:1][c:1]2cccc[c:1]21|CN(C)CCCN1c2ccccc2CC[c:1]2[cH:1][cH:1][cH:1][cH:1][c:1]21|CN(C)CCCN1c2ccccc2CC[c:1]2[cH:1][cH:1][cH:1][cH:1][c:1]21|CN(C)CCC[N:1]1c2ccccc2[CH2:1][CH2:1][c:1]2[cH:1][cH:1][cH:1][cH:1][c:1]21|CN(C)C[CH2:1]CN1c2ccccc2CCc2cc[cH:1]cc21|CN(C)CCC[N:1]1c2ccccc2C[CH2:1][c:1]2[cH:1][cH:1][cH:1][cH:1][c:1]21|C[N:1](C)CCCN1c2ccccc2CCc2ccccc21|CN(C)CCCN1c2ccccc2CC[c:1]2[cH:1][cH:1][cH:1][cH:1][c:1]21|CN(C)CCCN1c2ccccc2CC[c:1]2[cH:1][cH:1][cH:1][cH:1][c:1]21|CN(C)CCCN1c2ccccc2C[CH2:1]c2ccccc21|CN(C)CCC[N:1]1c2ccccc2CCc2ccccc21|CN(C)CCCN1c2ccccc2CCc2cc[cH:1]cc21|CN(C)CCCN1c2ccccc2CCc2c[cH:1]ccc21|CN(C)CCCN1c2ccccc2CCc2c1[cH:1][cH:1][cH:1][cH:1]2|CN(C)CCCN1c2ccccc2[CH2:1][CH2:1]c2ccccc21|CN(C)CCCN1c2ccccc2CCc2c1ccc[cH:1]2|CN(C)CCC[N:1]1c2ccccc2CC[c:1]2[cH:1][cH:1][cH:1][cH:1][c:1]21|C[N:1](C)CCCN1c2ccccc2CCc2ccccc21|CN(C)CCC[N:1]1[c:1]2cccc[c:1]2[CH2:1][CH2:1][c:1]2[cH:1][cH:1][cH:1][cH:1][c:1]21|C[N:1](C)CCCN1c2ccccc2C[CH2:1]c2ccccc21|CN(C)CCC[N:1]1c2ccccc2C[CH2:1][c:1]2cccc[c:1]21|CN(C)CCCN1c2ccccc2CC[c:1]2[cH:1][cH:1][cH:1][cH:1][c:1]21|CN(C)CCCN1c2ccccc2CC[c:1]2[cH:1][cH:1][cH:1][cH:1][c:1]21|CN(C)CCC[N:1]1c2ccccc2[CH2:1][CH2:1][c:1]2[cH:1][cH:1][cH:1][cH:1][c:1]21|CN(C)CCCN1c2ccccc2CC[c:1]2[cH:1][cH:1][cH:1][cH:1][c:1]21|CN(C)CCC[N:1]1c2ccccc2C[CH2:1][c:1]2[cH:1][cH:1][cH:1][cH:1][c:1]21
26,CN(C)CCCN1c2ccccc2CCc2ccccc21,CYP3A4,CN(C)CCCN1c2ccccc2CCc2cc(O)ccc21|CNCCCN1c2ccccc2CCc2ccccc21,CN(C)CCCN1c2ccccc2CCc2c[cH:1]ccc21|C[N:1](C)CCCN1c2ccccc2CCc2ccccc21,C[N:1](C)CCCN1c2ccccc2CCc2ccccc21|CN(C)CCCN1c2ccccc2CCc2cc[cH:1]cc21|CN(C)CCCN1c2ccccc2CC[c:1]2[cH:1][cH:1][cH:1][cH:1][c:1]21|CN(C)CCCN1c2ccccc2CC[c:1]2[cH:1][cH:1][cH:1][cH:1][c:1]21|CN(C)CCCN1c2ccccc2C[CH2:1]c2ccccc21|CN(C)CCCN1c2ccccc2CCc2c[cH:1]ccc21|CN(C)CCC[N:1]1c2ccccc2CCc2ccccc21|CN(C)CCCN1c2ccccc2CCc2c1[cH:1][cH:1][cH:1][cH:1]2|CN(C)CCCN1c2ccccc2[CH2:1][CH2:1]c2ccccc21|CN(C)CCCN1c2ccccc2CCc2c1ccc[cH:1]2|CN(C)CCC[N:1]1c2ccccc2CC[c:1]2[cH:1][cH:1][cH:1][cH:1][c:1]21|C[N:1](C)CCCN1c2ccccc2CCc2ccccc21|CN(C)CCC[N:1]1[c:1]2cccc[c:1]2[CH2:1][CH2:1][c:1]2[cH:1][cH:1][cH:1][cH:1][c:1]21|C[N:1](C)CCCN1c2ccccc2C[CH2:1]c2ccccc21|CN(C)CCC[N:1]1c2ccccc2C[CH2:1][c:1]2cccc[c:1]21|CN(C)CCCN1c2ccccc2CC[c:1]2[cH:1][cH:1][cH:1][cH:1][c:1]21|CN(C)CCCN1c2ccccc2CC[c:1]2[cH:1][cH:1][cH:1][cH:1][c:1]21|CN(C)CCC[N:1]1c2ccccc2[CH2:1][CH2:1][c:1]2[cH:1][cH:1][cH:1][cH:1][c:1]21|CN(C)CCCN1c2ccccc2CC[c:1]2[cH:1][cH:1][cH:1][cH:1][c:1]21|CN(C)CCC[N:1]1c2ccccc2C[CH2:1][c:1]2[cH:1][cH:1][cH:1][cH:1][c:1]21|C[N:1](C)CCCN1c2ccccc2CCc2ccccc21|CN(C)CCCN1c2ccccc2CCc2cc[cH:1]cc21|CN(C)CCCN1c2ccccc2CC[c:1]2[cH:1][cH:1][cH:1][cH:1][c:1]21|CN(C)CCCN1c2ccccc2CC[c:1]2[cH:1][cH:1][cH:1][cH:1][c:1]21|CN(C)CCCN1c2ccccc2C[CH2:1]c2ccccc21|CN(C)CCCN1c2ccccc2CCc2c[cH:1]ccc21|CN(C)CCC[N:1]1c2ccccc2CCc2ccccc21|CN(C)CCCN1c2ccccc2CCc2c1[cH:1][cH:1][cH:1][cH:1]2|CN(C)CCCN1c2ccccc2CCc2c1ccc[cH:1]2|CN(C)CCCN1c2ccccc2[CH2:1][CH2:1]c2ccccc21|CN(C)CCC[N:1]1c2ccccc2CC[c:1]2[cH:1][cH:1][cH:1][cH:1][c:1]21|C[N:1](C)CCCN1c2ccccc2CCc2ccccc21|CN(C)CCC[N:1]1[c:1]2cccc[c:1]2[CH2:1][CH2:1][c:1]2[cH:1][cH:1][cH:1][cH:1][c:1]21|C[N:1](C)CCCN1c2ccccc2C[CH2:1]c2ccccc21|CN(C)CCC[N:1]1c2ccccc2C[CH2:1][c:1]2cccc[c:1]21|CN(C)CCCN1c2ccccc2CC[c:1]2[cH:1][cH:1][cH:1][cH:1][c:1]21|CN(C)CCCN1c2ccccc2CC[c:1]2[cH:1][cH:1][cH:1][cH:1][c:1]21|CN(C)CCC[N:1]1c2ccccc2[CH2:1][CH2:1][c:1]2[cH:1][cH:1][cH:1][cH:1][c:1]21|CN(C)C[CH2:1]CN1c2ccccc2CCc2cc[cH:1]cc21|CN(C)CCC[N:1]1c2ccccc2C[CH2:1][c:1]2[cH:1][cH:1][cH:1][cH:1][c:1]21|C[N:1](C)CCCN1c2ccccc2CCc2ccccc21|CN(C)CCCN1c2ccccc2CC[c:1]2[cH:1][cH:1][cH:1][cH:1][c:1]21|CN(C)CCCN1c2ccccc2CC[c:1]2[cH:1][cH:1][cH:1][cH:1][c:1]21|CN(C)CCCN1c2ccccc2C[CH2:1]c2ccccc21|CN(C)CCC[N:1]1c2ccccc2CCc2ccccc21|CN(C)CCCN1c2ccccc2CCc2cc[cH:1]cc21|CN(C)CCCN1c2ccccc2CCc2c[cH:1]ccc21|CN(C)CCCN1c2ccccc2CCc2c1[cH:1][cH:1][cH:1][cH:1]2|CN(C)CCCN1c2ccccc2[CH2:1][CH2:1]c2ccccc21|CN(C)CCCN1c2ccccc2CCc2c1ccc[cH:1]2|CN(C)CCC[N:1]1c2ccccc2CC[c:1]2[cH:1][cH:1][cH:1][cH:1][c:1]21|C[N:1](C)CCCN1c2ccccc2CCc2ccccc21|CN(C)CCC[N:1]1[c:1]2cccc[c:1]2[CH2:1][CH2:1][c:1]2[cH:1][cH:1][cH:1][cH:1][c:1]21|C[N:1](C)CCCN1c2ccccc2C[CH2:1]c2ccccc21|CN(C)CCC[N:1]1c2ccccc2C[CH2:1][c:1]2cccc[c:1]21|CN(C)CCCN1c2ccccc2CC[c:1]2[cH:1][cH:1][cH:1][cH:1][c:1]21|CN(C)CCCN1c2ccccc2CC[c:1]2[cH:1][cH:1][cH:1][cH:1][c:1]21|CN(C)CCC[N:1]1c2ccccc2[CH2:1][CH2:1][c:1]2[cH:1][cH:1][cH:1][cH:1][c:1]21|CN(C)CCCN1c2ccccc2CC[c:1]2[cH:1][cH:1][cH:1][cH:1][c:1]21|CN(C)CCC[N:1]1c2ccccc2C[CH2:1][c:1]2[cH:1][cH:1][cH:1][cH:1][c:1]21
27,CN1CCc2cccc3c2[C@H]1Cc1ccc(O)c(O)c1-3,CYP3A4,Oc1ccc2c(c1O)-c1cccc3c1[C@@H](C2)NCC3,C[N:1]1CCc2cccc3c2[C@H]1Cc1ccc(O)c(O)c1-3,C[N:1]1CCc2cccc3c2[C@H]1Cc1ccc(O)c(O)c1-3|CN1CCc2cccc3c2[C@H]1Cc1ccc(O)c([OH:1])c1-3|CN1CCc2cccc3c2[C@H]1C[c:1]1[cH:1][cH:1][c:1]([OH:1])[c:1]([OH:1])[c:1]1-3|CN1CCc2cccc3c2[C@H]1Cc1ccc([OH:1])c(O)c1-3|C[N:1]1CCc2cccc3c2[C@H]1Cc1ccc(O)c(O)c1-3|CN1CCc2c[cH:1]cc3c2[C@H]1Cc1ccc(O)c(O)c1-3|CN1C[CH2:1]c2cccc3c2[C@H]1Cc1ccc(O)c(O)c1-3|C[N:1]1CCc2cccc3c2[C@H]1Cc1ccc(O)c(O)c1-3|CN1CCc2cc[cH:1]c3c2[C@H]1Cc1ccc(O)c(O)c1-3|CN1CCc2cccc3c2[C@H]1Cc1ccc(O)c([OH:1])c1-3|CN1CCc2cccc3c2[C@H]1Cc1ccc([OH:1])c(O)c1-3|C[N:1]1CCc2cccc3c2[C@H]1Cc1ccc(O)c(O)c1-3|CN1CCc2cccc3c2[C@H]1Cc1ccc(O)c([OH:1])c1-3|CN1CCc2cccc3c2[C@H]1Cc1c-3c(O)c(O)c[cH:1]1|Oc1ccc2c(c1O)-c1cccc3c1[C@@H](C2)N([CH3:1])CC3|CN1CCc2c3c(cc[cH:1]2)-c2c(ccc(O)c2O)C[C@H]31|CN1CCc2cccc3c2[C@H]1Cc1c[cH:1][c:1]([OH:1])c(O)c1-3|CN1CCc2cccc3c2[C@H]1Cc1c[cH:1][c:1]([OH:1])c(O)c1-3|CN1CCc2cccc3c2[C@H]1Cc1ccc(O)c([OH:1])c1-3|C[N:1]1CCc2cccc3c2[C@H]1Cc1ccc(O)c(O)c1-3
28,CN1c2ccccc2C(=O)N2CCc3c([nH]c4ccccc34)C21,CYP3A4,CN1c2ccccc2C(=O)N2CC=C3C(=Nc4ccccc43)C21,CN1c2ccccc2C(=O)N2C[CH2:1][c:1]3[c:1]([nH:1][c:1]4cccc[c:1]34)C21,C[N:1]1c2ccccc2C(=O)N2CCc3c([nH]c4ccccc34)C21|CN1c2ccccc2C(=O)N2CCc3c([nH]c4c[cH:1]ccc34)C21|CN1c2c[cH:1]ccc2C(=O)N2CCc3c([nH]c4ccccc34)C21|CN1c2cc[cH:1]cc2C(=O)N2CCc3c([nH]c4ccccc34)C21|CN1c2ccccc2C(=O)N2CCc3c([nH]c4ccccc34)C21|CN1c2ccccc2C(=O)N2CCc3c([nH]c4cc[cH:1]cc34)C21|CN1c2c([cH:1][cH:1][cH:1][cH:1]2)C(=O)N2CCc3c([nH]c4ccccc34)C21|CN1c2ccccc2C(=O)N2CCc3c([nH]c4c3[cH:1][cH:1][cH:1][cH:1]4)C21|CN1C2c3[nH]c4ccccc4c3CCN2C(=O)[c:1]2[cH:1][cH:1][cH:1][cH:1][c:1]21|CN1c2ccccc2C(=O)[N:1]2CCc3c([nH]c4ccccc34)[CH:1]12|C[N:1]1c2ccccc2C(=O)N2CCc3c([nH]c4ccccc34)C21|C[N:1]1c2ccccc2C(=O)N2CC[c:1]3[c:1]([nH:1][c:1]4cccc[c:1]34)C21|C[N:1]1c2ccccc2C(=O)N2CC[c:1]3[c:1]([nH:1][c:1]4cccc[c:1]34)C21|CN1c2ccccc2C(=O)N2CCc3c([nH][c:1]4[cH:1][cH:1][cH:1][cH:1][c:1]34)C21|CN1c2ccccc2C(=O)N2CCc3c([nH]c4ccc[cH:1]c34)C21|O=C1c2ccccc2N([CH3:1])C2c3[nH]c4ccccc4c3CCN12|C[N:1]1c2ccccc2C(=O)N2CC[c:1]3[c:1]([nH:1][c:1]4cccc[c:1]34)[CH:1]21|CN1C2c3[nH]c4ccccc4c3CCN2C(=O)[c:1]2[cH:1][cH:1][cH:1][cH:1][c:1]21|CN1c2ccccc2C(=O)N2C[CH2:1]c3c([nH]c4ccccc34)C21|CN1c2ccccc2[C:1](=O)[N:1]2CCc3c([nH]c4ccccc34)C12
29,CNC(=O)c1ccccc1Sc1ccc2c(/C=C/c3ccccn3)n[nH]c2c1,CYP1A2,CNC(=O)c1ccccc1Sc1ccc2c(/C=C/c3cccc[n+]3[O-])n[nH]c2c1|CNC(=O)c1ccccc1Sc1ccc2c(C3OC3c3ccccn3)n[nH]c2c1,CNC(=O)c1ccccc1Sc1ccc2c(/C=C/c3cccc[n:1]3)n[nH]c2c1|CNC(=O)c1ccccc1Sc1ccc2c(/[CH:1]=[CH:1]/c3ccccn3)n[nH]c2c1,C[NH:1]C(=O)c1ccccc1Sc1ccc2c(/C=C/c3ccccn3)n[nH]c2c1|CNC(=O)c1ccccc1[S:1]c1ccc2c(/C=C/c3ccccn3)n[nH]c2c1|CNC(=O)c1ccccc1[S:1]c1ccc2c(/C=C/c3ccccn3)n[nH]c2c1|O=C(N[CH3:1])c1ccccc1Sc1ccc2c(/C=C/c3ccccn3)n[nH]c2c1|CNC(=O)c1ccccc1Sc1ccc2c(/C=C/c3cc[cH:1]cn3)n[nH]c2c1|CNC(=O)c1c(Sc2ccc3c(/C=C/c4ccccn4)n[nH]c3c2)[cH:1][cH:1][cH:1][cH:1]1|CNC(=O)c1ccccc1Sc1ccc2c(/C=C/c3cccc[n:1]3)n[nH]c2c1|CNC(=O)c1ccccc1[S:1]c1ccc2c(/C=C/c3ccccn3)n[nH]c2c1|CNC(=O)c1cc[cH:1]cc1Sc1ccc2c(/C=C/c3ccccn3)n[nH]c2c1|C[NH:1]C(=O)c1ccccc1Sc1ccc2c(/C=C/c3ccccn3)n[nH]c2c1|C[NH:1]C(=O)c1ccccc1Sc1ccc2c(/C=C/c3ccccn3)n[nH]c2c1|CNC(=O)c1ccccc1[S:1]c1ccc2c(/C=C/c3ccccn3)n[nH]c2c1|CNC(=O)c1ccccc1Sc1ccc2c(/C=C/c3ccccn3)[n:1][nH]c2c1|CNC(=O)c1ccccc1[S:1]c1ccc2c(/C=C/c3ccccn3)n[nH]c2c1|C[NH:1]C(=O)c1ccccc1Sc1cc[c:1]2[c:1](/C=C/c3ccccn3)[n:1][nH:1][c:1]2c1|CNC(=O)c1c[cH:1]ccc1Sc1ccc2c(/C=C/c3ccccn3)n[nH]c2c1|CNC(=O)c1ccccc1Sc1ccc2c(/C=C/c3ccccn3)n[nH]c2c1|CNC(=O)c1ccccc1Sc1ccc2c(/C=C/c3cc[cH:1]cn3)n[nH]c2c1|CNC(=O)c1ccccc1Sc1ccc2c(/C=C/[c:1]3[cH:1][cH:1][cH:1][cH:1][n:1]3)n[nH]c2c1|CNC(=O)c1ccccc1Sc1ccc2c(/C=C/c3ccccn3)n[nH:1]c2c1|C[NH:1]C(=O)c1ccccc1Sc1ccc2c(/C=C/c3ccccn3)n[nH]c2c1|CNC(=O)c1ccccc1[S:1]c1ccc2c(/C=C/c3ccccn3)n[nH]c2c1|CNC(=O)c1ccccc1[S:1]c1ccc2c(/C=C/c3ccccn3)n[nH]c2c1|O=C(N[CH3:1])c1ccccc1Sc1ccc2c(/C=C/c3ccccn3)n[nH]c2c1|CNC(=O)c1ccccc1Sc1ccc2c(/C=C/c3cc[cH:1]cn3)n[nH]c2c1|CNC(=O)c1ccccc1Sc1ccc2c(/C=C/c3cccc[n:1]3)n[nH]c2c1|CNC(=O)c1c(Sc2ccc3c(/C=C/c4ccccn4)n[nH]c3c2)[cH:1][cH:1][cH:1][cH:1]1|CNC(=O)c1ccccc1[S:1]c1ccc2c(/C=C/c3ccccn3)n[nH]c2c1|CNC(=O)c1ccccc1Sc1ccc2c(/C=C/c3ccccn3)[n:1][nH]c2c1|C[NH:1]C(=O)c1ccccc1Sc1ccc2c(/C=C/c3ccccn3)n[nH]c2c1|CNC(=O)c1ccccc1[S:1]c1ccc2c(/C=C/c3ccccn3)n[nH]c2c1|C[NH:1]C(=O)c1ccccc1Sc1ccc2c(/C=C/c3ccccn3)n[nH]c2c1|CNC(=O)c1cc[cH:1]cc1Sc1ccc2c(/C=C/c3ccccn3)n[nH]c2c1|CNC(=O)c1ccccc1[S:1]c1ccc2c(/C=C/c3ccccn3)n[nH]c2c1|CNC(=O)c1c[cH:1]ccc1Sc1ccc2c(/C=C/c3ccccn3)n[nH]c2c1|CNC(=O)c1ccccc1Sc1ccc2c(/C=C/c3ccccn3)n[nH]c2c1|CNC(=O)c1ccccc1Sc1ccc2c(/C=C/c3cc[cH:1]cn3)n[nH]c2c1|CNC(=O)c1ccccc1Sc1ccc2c(/C=C/[c:1]3[cH:1][cH:1][cH:1][cH:1][n:1]3)n[nH]c2c1|C[NH:1]C(=O)c1ccccc1Sc1cc[c:1]2[c:1](/C=C/c3ccccn3)[n:1][nH:1][c:1]2c1|CNC(=O)c1ccccc1Sc1ccc2c(/C=C/c3ccccn3)n[nH:1]c2c1
30,CNC(=O)c1ccccc1Sc1ccc2c(/C=C/c3ccccn3)n[nH]c2c1,CYP3A4,CNC(=O)c1ccccc1S(=O)c1ccc2c(/C=C/c3ccccn3)n[nH]c2c1|O=C(NCO)c1ccccc1Sc1ccc2c(/C=C/c3ccccn3)n[nH]c2c1,CNC(=O)c1ccccc1[S:1]c1ccc2c(/C=C/c3ccccn3)n[nH]c2c1|O=C(N[CH3:1])c1ccccc1Sc1ccc2c(/C=C/c3ccccn3)n[nH]c2c1,C[NH:1]C(=O)c1ccccc1Sc1ccc2c(/C=C/c3ccccn3)n[nH]c2c1|CNC(=O)c1ccccc1[S:1]c1ccc2c(/C=C/c3ccccn3)n[nH]c2c1|CNC(=O)c1ccccc1[S:1]c1ccc2c(/C=C/c3ccccn3)n[nH]c2c1|O=C(N[CH3:1])c1ccccc1Sc1ccc2c(/C=C/c3ccccn3)n[nH]c2c1|CNC(=O)c1ccccc1Sc1ccc2c(/C=C/c3cc[cH:1]cn3)n[nH]c2c1|CNC(=O)c1c(Sc2ccc3c(/C=C/c4ccccn4)n[nH]c3c2)[cH:1][cH:1][cH:1][cH:1]1|CNC(=O)c1ccccc1Sc1ccc2c(/C=C/c3cccc[n:1]3)n[nH]c2c1|CNC(=O)c1ccccc1[S:1]c1ccc2c(/C=C/c3ccccn3)n[nH]c2c1|CNC(=O)c1cc[cH:1]cc1Sc1ccc2c(/C=C/c3ccccn3)n[nH]c2c1|C[NH:1]C(=O)c1ccccc1Sc1ccc2c(/C=C/c3ccccn3)n[nH]c2c1|C[NH:1]C(=O)c1ccccc1Sc1ccc2c(/C=C/c3ccccn3)n[nH]c2c1|CNC(=O)c1ccccc1[S:1]c1ccc2c(/C=C/c3ccccn3)n[nH]c2c1|CNC(=O)c1ccccc1Sc1ccc2c(/C=C/c3ccccn3)[n:1][nH]c2c1|CNC(=O)c1ccccc1[S:1]c1ccc2c(/C=C/c3ccccn3)n[nH]c2c1|C[NH:1]C(=O)c1ccccc1Sc1cc[c:1]2[c:1](/C=C/c3ccccn3)[n:1][nH:1][c:1]2c1|CNC(=O)c1c[cH:1]ccc1Sc1ccc2c(/C=C/c3ccccn3)n[nH]c2c1|CNC(=O)c1ccccc1Sc1ccc2c(/C=C/c3ccccn3)n[nH]c2c1|CNC(=O)c1ccccc1Sc1ccc2c(/C=C/c3cc[cH:1]cn3)n[nH]c2c1|CNC(=O)c1ccccc1Sc1ccc2c(/C=C/[c:1]3[cH:1][cH:1][cH:1][cH:1][n:1]3)n[nH]c2c1|CNC(=O)c1ccccc1Sc1ccc2c(/C=C/c3ccccn3)n[nH:1]c2c1|C[NH:1]C(=O)c1ccccc1Sc1ccc2c(/C=C/c3ccccn3)n[nH]c2c1|CNC(=O)c1ccccc1[S:1]c1ccc2c(/C=C/c3ccccn3)n[nH]c2c1|CNC(=O)c1ccccc1[S:1]c1ccc2c(/C=C/c3ccccn3)n[nH]c2c1|O=C(N[CH3:1])c1ccccc1Sc1ccc2c(/C=C/c3ccccn3)n[nH]c2c1|CNC(=O)c1ccccc1Sc1ccc2c(/C=C/c3cc[cH:1]cn3)n[nH]c2c1|CNC(=O)c1ccccc1Sc1ccc2c(/C=C/c3cccc[n:1]3)n[nH]c2c1|CNC(=O)c1c(Sc2ccc3c(/C=C/c4ccccn4)n[nH]c3c2)[cH:1][cH:1][cH:1][cH:1]1|CNC(=O)c1ccccc1[S:1]c1ccc2c(/C=C/c3ccccn3)n[nH]c2c1|CNC(=O)c1ccccc1Sc1ccc2c(/C=C/c3ccccn3)[n:1][nH]c2c1|C[NH:1]C(=O)c1ccccc1Sc1ccc2c(/C=C/c3ccccn3)n[nH]c2c1|CNC(=O)c1ccccc1[S:1]c1ccc2c(/C=C/c3ccccn3)n[nH]c2c1|C[NH:1]C(=O)c1ccccc1Sc1ccc2c(/C=C/c3ccccn3)n[nH]c2c1|CNC(=O)c1cc[cH:1]cc1Sc1ccc2c(/C=C/c3ccccn3)n[nH]c2c1|CNC(=O)c1ccccc1[S:1]c1ccc2c(/C=C/c3ccccn3)n[nH]c2c1|CNC(=O)c1c[cH:1]ccc1Sc1ccc2c(/C=C/c3ccccn3)n[nH]c2c1|CNC(=O)c1ccccc1Sc1ccc2c(/C=C/c3ccccn3)n[nH]c2c1|CNC(=O)c1ccccc1Sc1ccc2c(/C=C/c3cc[cH:1]cn3)n[nH]c2c1|CNC(=O)c1ccccc1Sc1ccc2c(/C=C/[c:1]3[cH:1][cH:1][cH:1][cH:1][n:1]3)n[nH]c2c1|C[NH:1]C(=O)c1ccccc1Sc1cc[c:1]2[c:1](/C=C/c3ccccn3)[n:1][nH:1][c:1]2c1|CNC(=O)c1ccccc1Sc1ccc2c(/C=C/c3ccccn3)n[nH:1]c2c1
31,CNCC[C@@H](Oc1ccccc1C)c1ccccc1,CYP1A2,CNCC[C@@H](Oc1ccc(O)cc1C)c1ccccc1|Cc1ccccc1O[C@@H](CCN)c1ccccc1|Cc1ccccc1O[C@H](CCN)c1ccccc1,CNCC[C@@H](Oc1cc[cH:1]cc1C)c1ccccc1|Cc1ccccc1O[C@H](CC[NH:1]C)c1ccccc1,Cc1ccccc1O[C@H](CC[NH:1]C)c1ccccc1|CNCC[C@@H](Oc1cc[cH:1]cc1C)c1ccccc1|CNCC[C@@H](Oc1ccccc1[CH3:1])c1ccccc1|CNCC[C@H](c1ccccc1)[O:1]c1ccccc1C|CNCC[C@@H](Oc1ccc[cH:1]c1C)c1ccccc1|Cc1ccccc1O[C@H](CCN[CH3:1])c1ccccc1|CNCC[C@@H](Oc1ccccc1C)c1cc[cH:1]cc1|Cc1ccccc1O[C@H](CC[NH:1]C)c1ccccc1|CNCC[C@@H](Oc1ccccc1[CH3:1])c1ccccc1|Cc1ccccc1O[C@H](CC[NH:1]C)c1ccccc1|CNCC[C@@H](Oc1cc[cH:1]cc1C)c1ccccc1|CNCC[C@@H](O[c:1]1c(C)[cH:1][cH:1][cH:1][cH:1]1)c1ccccc1|Cc1ccccc1O[C@H](CC[NH:1]C)c1ccccc1|CNCC[C@H:1](c1ccccc1)[O:1]c1ccccc1C|CNCC[C@@H](Oc1cc[cH:1]cc1C)c1ccccc1|CNCC[C@@H](Oc1ccccc1[CH3:1])c1ccccc1|CNCC[C@H](c1ccccc1)[O:1]c1ccccc1C|CNCC[C@@H](Oc1ccc[cH:1]c1C)c1ccccc1|CNCC[C@@H](Oc1ccc[cH:1]c1C)c1ccccc1|CNCC[C@@H](Oc1ccccc1C)c1cc[cH:1]cc1|Cc1ccccc1O[C@H](CC[NH:1]C)c1ccccc1|CNCC[C@@H](Oc1cc[cH:1]cc1C)c1ccccc1|CNCC[C@@H](Oc1ccccc1[CH3:1])c1ccccc1|CNCC[C@H](c1ccccc1)[O:1]c1ccccc1C|CNCC[C@@H](Oc1ccc[cH:1]c1C)c1ccccc1|Cc1ccccc1O[C@H](CCN[CH3:1])c1ccccc1|CNCC[C@@H](Oc1ccccc1C)c1cc[cH:1]cc1|Cc1ccccc1O[C@H](CC[NH:1]C)c1ccccc1|Cc1ccccc1O[C@H](CC[NH:1]C)c1ccccc1|CNCC[C@@H](Oc1ccccc1[CH3:1])c1ccccc1|CNCC[C@@H](Oc1cc[cH:1]cc1C)c1ccccc1|CNCC[C@@H](O[c:1]1c(C)[cH:1][cH:1][cH:1][cH:1]1)c1ccccc1|Cc1ccccc1O[C@H](CC[NH:1]C)c1ccccc1|CNCC[C@@H](Oc1cc[cH:1]cc1C)c1ccccc1|CNCC[C@H:1](c1ccccc1)[O:1]c1ccccc1C|CNCC[C@@H](Oc1ccccc1[CH3:1])c1ccccc1|CNCC[C@H](c1ccccc1)[O:1]c1ccccc1C|CNCC[C@@H](Oc1ccc[cH:1]c1C)c1ccccc1|CNCC[C@@H](Oc1ccc[cH:1]c1C)c1ccccc1|CNCC[C@@H](Oc1ccccc1C)c1cc[cH:1]cc1|CNCC[C@@H](Oc1cc[cH:1]cc1C)c1ccccc1|Cc1ccccc1O[C@H](CC[NH:1]C)c1ccccc1|CNCC[C@@H](Oc1ccccc1[CH3:1])c1ccccc1|CNCC[C@H](c1ccccc1)[O:1]c1ccccc1C|CNCC[C@@H](Oc1ccc[cH:1]c1C)c1ccccc1|Cc1ccccc1O[C@H](CCN[CH3:1])c1ccccc1|CNCC[C@@H](Oc1ccccc1C)c1cc[cH:1]cc1|Cc1ccccc1O[C@H](CC[NH:1]C)c1ccccc1|CNCC[C@@H](Oc1ccccc1[CH3:1])c1ccccc1|CNCC[C@@H](Oc1cc[cH:1]cc1C)c1ccccc1|Cc1ccccc1O[C@H](CC[NH:1]C)c1ccccc1|CNCC[C@@H](O[c:1]1c(C)[cH:1][cH:1][cH:1][cH:1]1)c1ccccc1|Cc1ccccc1O[C@H](CC[NH:1]C)c1ccccc1|CNCC[C@@H](Oc1cc[cH:1]cc1C)c1ccccc1|CNCC[C@H:1](c1ccccc1)[O:1]c1ccccc1C|CNCC[C@@H](Oc1ccccc1[CH3:1])c1ccccc1|CNCC[C@@H](Oc1ccc[cH:1]c1C)c1ccccc1|CNCC[C@H](c1ccccc1)[O:1]c1ccccc1C|CNCC[C@@H](Oc1ccc[cH:1]c1C)c1ccccc1|CNCC[C@@H](Oc1ccccc1C)c1cc[cH:1]cc1|Cc1ccccc1O[C@H](CC[NH:1]C)c1ccccc1|CNCC[C@@H](Oc1ccccc1[CH3:1])c1ccccc1|CNCC[C@@H](Oc1cc[cH:1]cc1C)c1ccccc1|CNCC[C@H](c1ccccc1)[O:1]c1ccccc1C|CNCC[C@@H](Oc1ccc[cH:1]c1C)c1ccccc1|Cc1ccccc1O[C@H](CCN[CH3:1])c1ccccc1|CNCC[C@@H](Oc1ccccc1C)c1cc[cH:1]cc1|Cc1ccccc1O[C@H](CC[NH:1]C)c1ccccc1|CNCC[C@@H](Oc1ccccc1[CH3:1])c1ccccc1|Cc1ccccc1O[C@H](CC[NH:1]C)c1ccccc1|CNCC[C@@H](Oc1cc[cH:1]cc1C)c1ccccc1|CNCC[C@@H](O[c:1]1c(C)[cH:1][cH:1][cH:1][cH:1]1)c1ccccc1|Cc1ccccc1O[C@H](CC[NH:1]C)c1ccccc1|CNCC[C@H:1](c1ccccc1)[O:1]c1ccccc1C|CNCC[C@@H](Oc1cc[cH:1]cc1C)c1ccccc1|CNCC[C@@H](Oc1ccccc1[CH3:1])c1ccccc1|CNCC[C@@H](Oc1ccc[cH:1]c1C)c1ccccc1|CNCC[C@H](c1ccccc1)[O:1]c1ccccc1C|CNCC[C@@H](Oc1ccccc1C)c1cc[cH:1]cc1|Cc1ccccc1O[C@H](CC[NH:1]C)c1ccccc1
32,CNCC[C@@H](Oc1ccccc1C)c1ccccc1,CYP2C9,CNCC[C@@H](Oc1ccc(O)cc1C)c1ccccc1|CNCC[C@@H](Oc1ccccc1CO)c1ccccc1|Cc1ccccc1O[C@H](CCN)c1ccccc1,CNCC[C@@H](Oc1cc[cH:1]cc1C)c1ccccc1|CNCC[C@@H](Oc1ccccc1[CH3:1])c1ccccc1|Cc1ccccc1O[C@H](CC[NH:1]C)c1ccccc1,Cc1ccccc1O[C@H](CC[NH:1]C)c1ccccc1|CNCC[C@@H](Oc1cc[cH:1]cc1C)c1ccccc1|CNCC[C@@H](Oc1ccccc1[CH3:1])c1ccccc1|CNCC[C@H](c1ccccc1)[O:1]c1ccccc1C|CNCC[C@@H](Oc1ccc[cH:1]c1C)c1ccccc1|Cc1ccccc1O[C@H](CCN[CH3:1])c1ccccc1|CNCC[C@@H](Oc1ccccc1C)c1cc[cH:1]cc1|Cc1ccccc1O[C@H](CC[NH:1]C)c1ccccc1|CNCC[C@@H](Oc1ccccc1[CH3:1])c1ccccc1|Cc1ccccc1O[C@H](CC[NH:1]C)c1ccccc1|CNCC[C@@H](Oc1cc[cH:1]cc1C)c1ccccc1|CNCC[C@@H](O[c:1]1c(C)[cH:1][cH:1][cH:1][cH:1]1)c1ccccc1|Cc1ccccc1O[C@H](CC[NH:1]C)c1ccccc1|CNCC[C@H:1](c1ccccc1)[O:1]c1ccccc1C|CNCC[C@@H](Oc1cc[cH:1]cc1C)c1ccccc1|CNCC[C@@H](Oc1ccccc1[CH3:1])c1ccccc1|CNCC[C@H](c1ccccc1)[O:1]c1ccccc1C|CNCC[C@@H](Oc1ccc[cH:1]c1C)c1ccccc1|CNCC[C@@H](Oc1ccc[cH:1]c1C)c1ccccc1|CNCC[C@@H](Oc1ccccc1C)c1cc[cH:1]cc1|Cc1ccccc1O[C@H](CC[NH:1]C)c1ccccc1|CNCC[C@@H](Oc1cc[cH:1]cc1C)c1ccccc1|CNCC[C@@H](Oc1ccccc1[CH3:1])c1ccccc1|CNCC[C@H](c1ccccc1)[O:1]c1ccccc1C|CNCC[C@@H](Oc1ccc[cH:1]c1C)c1ccccc1|Cc1ccccc1O[C@H](CCN[CH3:1])c1ccccc1|CNCC[C@@H](Oc1ccccc1C)c1cc[cH:1]cc1|Cc1ccccc1O[C@H](CC[NH:1]C)c1ccccc1|Cc1ccccc1O[C@H](CC[NH:1]C)c1ccccc1|CNCC[C@@H](Oc1ccccc1[CH3:1])c1ccccc1|CNCC[C@@H](Oc1cc[cH:1]cc1C)c1ccccc1|CNCC[C@@H](O[c:1]1c(C)[cH:1][cH:1][cH:1][cH:1]1)c1ccccc1|Cc1ccccc1O[C@H](CC[NH:1]C)c1ccccc1|CNCC[C@@H](Oc1cc[cH:1]cc1C)c1ccccc1|CNCC[C@H:1](c1ccccc1)[O:1]c1ccccc1C|CNCC[C@@H](Oc1ccccc1[CH3:1])c1ccccc1|CNCC[C@H](c1ccccc1)[O:1]c1ccccc1C|CNCC[C@@H](Oc1ccc[cH:1]c1C)c1ccccc1|CNCC[C@@H](Oc1ccc[cH:1]c1C)c1ccccc1|CNCC[C@@H](Oc1ccccc1C)c1cc[cH:1]cc1|CNCC[C@@H](Oc1cc[cH:1]cc1C)c1ccccc1|Cc1ccccc1O[C@H](CC[NH:1]C)c1ccccc1|CNCC[C@@H](Oc1ccccc1[CH3:1])c1ccccc1|CNCC[C@H](c1ccccc1)[O:1]c1ccccc1C|CNCC[C@@H](Oc1ccc[cH:1]c1C)c1ccccc1|Cc1ccccc1O[C@H](CCN[CH3:1])c1ccccc1|CNCC[C@@H](Oc1ccccc1C)c1cc[cH:1]cc1|Cc1ccccc1O[C@H](CC[NH:1]C)c1ccccc1|CNCC[C@@H](Oc1ccccc1[CH3:1])c1ccccc1|CNCC[C@@H](Oc1cc[cH:1]cc1C)c1ccccc1|Cc1ccccc1O[C@H](CC[NH:1]C)c1ccccc1|CNCC[C@@H](O[c:1]1c(C)[cH:1][cH:1][cH:1][cH:1]1)c1ccccc1|Cc1ccccc1O[C@H](CC[NH:1]C)c1ccccc1|CNCC[C@@H](Oc1cc[cH:1]cc1C)c1ccccc1|CNCC[C@H:1](c1ccccc1)[O:1]c1ccccc1C|CNCC[C@@H](Oc1ccccc1[CH3:1])c1ccccc1|CNCC[C@@H](Oc1ccc[cH:1]c1C)c1ccccc1|CNCC[C@H](c1ccccc1)[O:1]c1ccccc1C|CNCC[C@@H](Oc1ccc[cH:1]c1C)c1ccccc1|CNCC[C@@H](Oc1ccccc1C)c1cc[cH:1]cc1|Cc1ccccc1O[C@H](CC[NH:1]C)c1ccccc1|CNCC[C@@H](Oc1ccccc1[CH3:1])c1ccccc1|CNCC[C@@H](Oc1cc[cH:1]cc1C)c1ccccc1|CNCC[C@H](c1ccccc1)[O:1]c1ccccc1C|CNCC[C@@H](Oc1ccc[cH:1]c1C)c1ccccc1|Cc1ccccc1O[C@H](CCN[CH3:1])c1ccccc1|CNCC[C@@H](Oc1ccccc1C)c1cc[cH:1]cc1|Cc1ccccc1O[C@H](CC[NH:1]C)c1ccccc1|CNCC[C@@H](Oc1ccccc1[CH3:1])c1ccccc1|Cc1ccccc1O[C@H](CC[NH:1]C)c1ccccc1|CNCC[C@@H](Oc1cc[cH:1]cc1C)c1ccccc1|CNCC[C@@H](O[c:1]1c(C)[cH:1][cH:1][cH:1][cH:1]1)c1ccccc1|Cc1ccccc1O[C@H](CC[NH:1]C)c1ccccc1|CNCC[C@H:1](c1ccccc1)[O:1]c1ccccc1C|CNCC[C@@H](Oc1cc[cH:1]cc1C)c1ccccc1|CNCC[C@@H](Oc1ccccc1[CH3:1])c1ccccc1|CNCC[C@@H](Oc1ccc[cH:1]c1C)c1ccccc1|CNCC[C@H](c1ccccc1)[O:1]c1ccccc1C|CNCC[C@@H](Oc1ccccc1C)c1cc[cH:1]cc1|Cc1ccccc1O[C@H](CC[NH:1]C)c1ccccc1
33,CNCC[C@@H](Oc1ccccc1C)c1ccccc1,CYP2D6,CNCC[C@@H](Oc1ccc(O)cc1C)c1ccccc1|CNCC[C@@H](Oc1ccccc1CO)c1ccccc1|CNCC[C@H](Oc1ccccc1C)c1ccc(O)cc1|Cc1ccccc1O[C@@H](CCN)c1ccccc1|Cc1ccccc1O[C@H](CCN)c1ccccc1,CNCC[C@@H](Oc1cc[cH:1]cc1C)c1ccccc1|CNCC[C@@H](Oc1ccccc1C)c1cc[cH:1]cc1|CNCC[C@@H](Oc1ccccc1[CH3:1])c1ccccc1|Cc1ccccc1O[C@H](CC[NH:1]C)c1ccccc1,Cc1ccccc1O[C@H](CC[NH:1]C)c1ccccc1|CNCC[C@@H](Oc1cc[cH:1]cc1C)c1ccccc1|CNCC[C@@H](Oc1ccccc1[CH3:1])c1ccccc1|CNCC[C@H](c1ccccc1)[O:1]c1ccccc1C|CNCC[C@@H](Oc1ccc[cH:1]c1C)c1ccccc1|Cc1ccccc1O[C@H](CCN[CH3:1])c1ccccc1|CNCC[C@@H](Oc1ccccc1C)c1cc[cH:1]cc1|Cc1ccccc1O[C@H](CC[NH:1]C)c1ccccc1|CNCC[C@@H](Oc1ccccc1[CH3:1])c1ccccc1|Cc1ccccc1O[C@H](CC[NH:1]C)c1ccccc1|CNCC[C@@H](Oc1cc[cH:1]cc1C)c1ccccc1|CNCC[C@@H](O[c:1]1c(C)[cH:1][cH:1][cH:1][cH:1]1)c1ccccc1|Cc1ccccc1O[C@H](CC[NH:1]C)c1ccccc1|CNCC[C@H:1](c1ccccc1)[O:1]c1ccccc1C|CNCC[C@@H](Oc1cc[cH:1]cc1C)c1ccccc1|CNCC[C@@H](Oc1ccccc1[CH3:1])c1ccccc1|CNCC[C@H](c1ccccc1)[O:1]c1ccccc1C|CNCC[C@@H](Oc1ccc[cH:1]c1C)c1ccccc1|CNCC[C@@H](Oc1ccc[cH:1]c1C)c1ccccc1|CNCC[C@@H](Oc1ccccc1C)c1cc[cH:1]cc1|Cc1ccccc1O[C@H](CC[NH:1]C)c1ccccc1|CNCC[C@@H](Oc1cc[cH:1]cc1C)c1ccccc1|CNCC[C@@H](Oc1ccccc1[CH3:1])c1ccccc1|CNCC[C@H](c1ccccc1)[O:1]c1ccccc1C|CNCC[C@@H](Oc1ccc[cH:1]c1C)c1ccccc1|Cc1ccccc1O[C@H](CCN[CH3:1])c1ccccc1|CNCC[C@@H](Oc1ccccc1C)c1cc[cH:1]cc1|Cc1ccccc1O[C@H](CC[NH:1]C)c1ccccc1|Cc1ccccc1O[C@H](CC[NH:1]C)c1ccccc1|CNCC[C@@H](Oc1ccccc1[CH3:1])c1ccccc1|CNCC[C@@H](Oc1cc[cH:1]cc1C)c1ccccc1|CNCC[C@@H](O[c:1]1c(C)[cH:1][cH:1][cH:1][cH:1]1)c1ccccc1|Cc1ccccc1O[C@H](CC[NH:1]C)c1ccccc1|CNCC[C@@H](Oc1cc[cH:1]cc1C)c1ccccc1|CNCC[C@H:1](c1ccccc1)[O:1]c1ccccc1C|CNCC[C@@H](Oc1ccccc1[CH3:1])c1ccccc1|CNCC[C@H](c1ccccc1)[O:1]c1ccccc1C|CNCC[C@@H](Oc1ccc[cH:1]c1C)c1ccccc1|CNCC[C@@H](Oc1ccc[cH:1]c1C)c1ccccc1|CNCC[C@@H](Oc1ccccc1C)c1cc[cH:1]cc1|CNCC[C@@H](Oc1cc[cH:1]cc1C)c1ccccc1|Cc1ccccc1O[C@H](CC[NH:1]C)c1ccccc1|CNCC[C@@H](Oc1ccccc1[CH3:1])c1ccccc1|CNCC[C@H](c1ccccc1)[O:1]c1ccccc1C|CNCC[C@@H](Oc1ccc[cH:1]c1C)c1ccccc1|Cc1ccccc1O[C@H](CCN[CH3:1])c1ccccc1|CNCC[C@@H](Oc1ccccc1C)c1cc[cH:1]cc1|Cc1ccccc1O[C@H](CC[NH:1]C)c1ccccc1|CNCC[C@@H](Oc1ccccc1[CH3:1])c1ccccc1|CNCC[C@@H](Oc1cc[cH:1]cc1C)c1ccccc1|Cc1ccccc1O[C@H](CC[NH:1]C)c1ccccc1|CNCC[C@@H](O[c:1]1c(C)[cH:1][cH:1][cH:1][cH:1]1)c1ccccc1|Cc1ccccc1O[C@H](CC[NH:1]C)c1ccccc1|CNCC[C@@H](Oc1cc[cH:1]cc1C)c1ccccc1|CNCC[C@H:1](c1ccccc1)[O:1]c1ccccc1C|CNCC[C@@H](Oc1ccccc1[CH3:1])c1ccccc1|CNCC[C@@H](Oc1ccc[cH:1]c1C)c1ccccc1|CNCC[C@H](c1ccccc1)[O:1]c1ccccc1C|CNCC[C@@H](Oc1ccc[cH:1]c1C)c1ccccc1|CNCC[C@@H](Oc1ccccc1C)c1cc[cH:1]cc1|Cc1ccccc1O[C@H](CC[NH:1]C)c1ccccc1|CNCC[C@@H](Oc1ccccc1[CH3:1])c1ccccc1|CNCC[C@@H](Oc1cc[cH:1]cc1C)c1ccccc1|CNCC[C@H](c1ccccc1)[O:1]c1ccccc1C|CNCC[C@@H](Oc1ccc[cH:1]c1C)c1ccccc1|Cc1ccccc1O[C@H](CCN[CH3:1])c1ccccc1|CNCC[C@@H](Oc1ccccc1C)c1cc[cH:1]cc1|Cc1ccccc1O[C@H](CC[NH:1]C)c1ccccc1|CNCC[C@@H](Oc1ccccc1[CH3:1])c1ccccc1|Cc1ccccc1O[C@H](CC[NH:1]C)c1ccccc1|CNCC[C@@H](Oc1cc[cH:1]cc1C)c1ccccc1|CNCC[C@@H](O[c:1]1c(C)[cH:1][cH:1][cH:1][cH:1]1)c1ccccc1|Cc1ccccc1O[C@H](CC[NH:1]C)c1ccccc1|CNCC[C@H:1](c1ccccc1)[O:1]c1ccccc1C|CNCC[C@@H](Oc1cc[cH:1]cc1C)c1ccccc1|CNCC[C@@H](Oc1ccccc1[CH3:1])c1ccccc1|CNCC[C@@H](Oc1ccc[cH:1]c1C)c1ccccc1|CNCC[C@H](c1ccccc1)[O:1]c1ccccc1C|CNCC[C@@H](Oc1ccccc1C)c1cc[cH:1]cc1|Cc1ccccc1O[C@H](CC[NH:1]C)c1ccccc1
34,CNCC[C@@H](Oc1ccccc1C)c1ccccc1,CYP3A4,CNCC[C@@H](Oc1ccc(O)cc1C)c1ccccc1|CNCC[C@@H](Oc1ccccc1CO)c1ccccc1|Cc1ccccc1O[C@H](CCN)c1ccccc1,CNCC[C@@H](Oc1cc[cH:1]cc1C)c1ccccc1|CNCC[C@@H](Oc1ccccc1[CH3:1])c1ccccc1|Cc1ccccc1O[C@H](CC[NH:1]C)c1ccccc1,Cc1ccccc1O[C@H](CC[NH:1]C)c1ccccc1|CNCC[C@@H](Oc1cc[cH:1]cc1C)c1ccccc1|CNCC[C@@H](Oc1ccccc1[CH3:1])c1ccccc1|CNCC[C@H](c1ccccc1)[O:1]c1ccccc1C|CNCC[C@@H](Oc1ccc[cH:1]c1C)c1ccccc1|Cc1ccccc1O[C@H](CCN[CH3:1])c1ccccc1|CNCC[C@@H](Oc1ccccc1C)c1cc[cH:1]cc1|Cc1ccccc1O[C@H](CC[NH:1]C)c1ccccc1|CNCC[C@@H](Oc1ccccc1[CH3:1])c1ccccc1|Cc1ccccc1O[C@H](CC[NH:1]C)c1ccccc1|CNCC[C@@H](Oc1cc[cH:1]cc1C)c1ccccc1|CNCC[C@@H](O[c:1]1c(C)[cH:1][cH:1][cH:1][cH:1]1)c1ccccc1|Cc1ccccc1O[C@H](CC[NH:1]C)c1ccccc1|CNCC[C@H:1](c1ccccc1)[O:1]c1ccccc1C|CNCC[C@@H](Oc1cc[cH:1]cc1C)c1ccccc1|CNCC[C@@H](Oc1ccccc1[CH3:1])c1ccccc1|CNCC[C@H](c1ccccc1)[O:1]c1ccccc1C|CNCC[C@@H](Oc1ccc[cH:1]c1C)c1ccccc1|CNCC[C@@H](Oc1ccc[cH:1]c1C)c1ccccc1|CNCC[C@@H](Oc1ccccc1C)c1cc[cH:1]cc1|Cc1ccccc1O[C@H](CC[NH:1]C)c1ccccc1|CNCC[C@@H](Oc1cc[cH:1]cc1C)c1ccccc1|CNCC[C@@H](Oc1ccccc1[CH3:1])c1ccccc1|CNCC[C@H](c1ccccc1)[O:1]c1ccccc1C|CNCC[C@@H](Oc1ccc[cH:1]c1C)c1ccccc1|Cc1ccccc1O[C@H](CCN[CH3:1])c1ccccc1|CNCC[C@@H](Oc1ccccc1C)c1cc[cH:1]cc1|Cc1ccccc1O[C@H](CC[NH:1]C)c1ccccc1|Cc1ccccc1O[C@H](CC[NH:1]C)c1ccccc1|CNCC[C@@H](Oc1ccccc1[CH3:1])c1ccccc1|CNCC[C@@H](Oc1cc[cH:1]cc1C)c1ccccc1|CNCC[C@@H](O[c:1]1c(C)[cH:1][cH:1][cH:1][cH:1]1)c1ccccc1|Cc1ccccc1O[C@H](CC[NH:1]C)c1ccccc1|CNCC[C@@H](Oc1cc[cH:1]cc1C)c1ccccc1|CNCC[C@H:1](c1ccccc1)[O:1]c1ccccc1C|CNCC[C@@H](Oc1ccccc1[CH3:1])c1ccccc1|CNCC[C@H](c1ccccc1)[O:1]c1ccccc1C|CNCC[C@@H](Oc1ccc[cH:1]c1C)c1ccccc1|CNCC[C@@H](Oc1ccc[cH:1]c1C)c1ccccc1|CNCC[C@@H](Oc1ccccc1C)c1cc[cH:1]cc1|CNCC[C@@H](Oc1cc[cH:1]cc1C)c1ccccc1|Cc1ccccc1O[C@H](CC[NH:1]C)c1ccccc1|CNCC[C@@H](Oc1ccccc1[CH3:1])c1ccccc1|CNCC[C@H](c1ccccc1)[O:1]c1ccccc1C|CNCC[C@@H](Oc1ccc[cH:1]c1C)c1ccccc1|Cc1ccccc1O[C@H](CCN[CH3:1])c1ccccc1|CNCC[C@@H](Oc1ccccc1C)c1cc[cH:1]cc1|Cc1ccccc1O[C@H](CC[NH:1]C)c1ccccc1|CNCC[C@@H](Oc1ccccc1[CH3:1])c1ccccc1|CNCC[C@@H](Oc1cc[cH:1]cc1C)c1ccccc1|Cc1ccccc1O[C@H](CC[NH:1]C)c1ccccc1|CNCC[C@@H](O[c:1]1c(C)[cH:1][cH:1][cH:1][cH:1]1)c1ccccc1|Cc1ccccc1O[C@H](CC[NH:1]C)c1ccccc1|CNCC[C@@H](Oc1cc[cH:1]cc1C)c1ccccc1|CNCC[C@H:1](c1ccccc1)[O:1]c1ccccc1C|CNCC[C@@H](Oc1ccccc1[CH3:1])c1ccccc1|CNCC[C@@H](Oc1ccc[cH:1]c1C)c1ccccc1|CNCC[C@H](c1ccccc1)[O:1]c1ccccc1C|CNCC[C@@H](Oc1ccc[cH:1]c1C)c1ccccc1|CNCC[C@@H](Oc1ccccc1C)c1cc[cH:1]cc1|Cc1ccccc1O[C@H](CC[NH:1]C)c1ccccc1|CNCC[C@@H](Oc1ccccc1[CH3:1])c1ccccc1|CNCC[C@@H](Oc1cc[cH:1]cc1C)c1ccccc1|CNCC[C@H](c1ccccc1)[O:1]c1ccccc1C|CNCC[C@@H](Oc1ccc[cH:1]c1C)c1ccccc1|Cc1ccccc1O[C@H](CCN[CH3:1])c1ccccc1|CNCC[C@@H](Oc1ccccc1C)c1cc[cH:1]cc1|Cc1ccccc1O[C@H](CC[NH:1]C)c1ccccc1|CNCC[C@@H](Oc1ccccc1[CH3:1])c1ccccc1|Cc1ccccc1O[C@H](CC[NH:1]C)c1ccccc1|CNCC[C@@H](Oc1cc[cH:1]cc1C)c1ccccc1|CNCC[C@@H](O[c:1]1c(C)[cH:1][cH:1][cH:1][cH:1]1)c1ccccc1|Cc1ccccc1O[C@H](CC[NH:1]C)c1ccccc1|CNCC[C@H:1](c1ccccc1)[O:1]c1ccccc1C|CNCC[C@@H](Oc1cc[cH:1]cc1C)c1ccccc1|CNCC[C@@H](Oc1ccccc1[CH3:1])c1ccccc1|CNCC[C@@H](Oc1ccc[cH:1]c1C)c1ccccc1|CNCC[C@H](c1ccccc1)[O:1]c1ccccc1C|CNCC[C@@H](Oc1ccccc1C)c1cc[cH:1]cc1|Cc1ccccc1O[C@H](CC[NH:1]C)c1ccccc1
35,COc1c(-c2ccc3cc(NS(C)(=O)=O)ccc3c2)cc(-n2ccc(=O)[nH]c2=O)cc1C(C)(C)C,CYP2D6,COc1c(-c2ccc3cc(NS(C)(=O)=O)ccc3c2)cc(-n2ccc(=O)[nH]c2=O)cc1C(C)(C)CO,COc1c(-c2ccc3cc(NS(C)(=O)=O)ccc3c2)cc(-n2ccc(=O)[nH]c2=O)cc1C(C)(C)[CH3:1],CC(C)(C)c1cc(-n2ccc(=O)[nH]c2=O)cc(-c2ccc3cc(NS(C)(=O)=O)ccc3c2)c1[O:1]C|COc1c(-c2ccc3cc(NS(C)(=O)=O)ccc3c2)cc(-n2ccc(=O)[nH]c2=O)cc1C(C)(C)[CH3:1]|COc1c(-c2ccc3cc([NH:1]S(C)(=O)=O)ccc3c2)cc(-n2ccc(=O)[nH]c2=O)cc1C(C)(C)C|COc1c(-c2ccc3cc(N[S:1](C)(=O)=O)ccc3c2)cc(-n2ccc(=O)[nH]c2=O)cc1C(C)(C)C|COc1c(-c2ccc3cc(NS(C)(=O)=O)ccc3c2)cc(-[n:1]2[cH:1][cH:1][c:1](=O)[nH:1][c:1]2=O)cc1C(C)(C)C|COc1c(-c2ccc3cc(NS(C)(=O)=O)ccc3c2)cc(-[n:1]2[cH:1][cH:1][c:1](=O)[nH:1][c:1]2=O)cc1C(C)(C)C|COc1c(-c2ccc3cc(NS(C)(=O)=O)ccc3c2)cc(-n2c[cH:1]c(=O)[nH]c2=O)cc1C(C)(C)C|COc1c(-c2ccc3cc(NS(C)(=O)=O)ccc3c2)cc(-[n:1]2[cH:1][cH:1][c:1](=O)[nH:1][c:1]2=O)cc1C(C)(C)C|COc1c(-c2cc[c:1]3[cH:1][c:1](NS(C)(=O)=O)[cH:1][cH:1][c:1]3c2)cc(-n2ccc(=O)[nH]c2=O)cc1C(C)(C)C|COc1c(-c2cc3ccc(NS(C)(=O)=O)cc3[cH:1]c2)cc(-n2ccc(=O)[nH]c2=O)cc1C(C)(C)C|COc1c(C(C)(C)C)cc(-n2ccc(=O)[nH]c2=O)cc1-[c:1]1[cH:1][cH:1][c:1]2cc(NS(C)(=O)=O)cc[c:1]2[cH:1]1|COc1c(-c2ccc3cc(NS(C)(=O)=O)ccc3c2)cc(-[n:1]2[cH:1][cH:1][c:1](=O)[nH:1][c:1]2=O)cc1C(C)(C)C|COc1c(-c2cc[c:1]3[cH:1][c:1](NS(C)(=O)=[O:1])[cH:1][cH:1][c:1]3c2)cc(-n2ccc(=O)[nH]c2=O)cc1C(C)(C)C|COc1c(-c2ccc3cc(NS(C)(=O)=O)c[cH:1]c3c2)cc(-n2ccc(=O)[nH]c2=O)cc1C(C)(C)C|COc1c(-c2ccc3cc(NS(C)(=O)=O)ccc3c2)cc(-[n:1]2[cH:1][cH:1][c:1](=O)[nH:1][c:1]2=O)cc1C(C)(C)C|CO[c:1]1[c:1](-c2ccc3cc(NS(C)(=O)=O)ccc3c2)[cH:1][c:1](-n2ccc(=O)[nH]c2=O)[cH:1][c:1]1C(C)(C)C|CC(C)(C)c1cc(-n2ccc(=O)[nH][c:1]2=[O:1])cc(-c2ccc3cc(NS(C)(=O)=O)ccc3c2)c1[O:1]C|COc1c(-c2ccc3cc(NS(C)(=O)=O)ccc3[cH:1]2)cc(-n2ccc(=O)[nH]c2=O)cc1C(C)(C)C|CS(=O)(=O)Nc1ccc2cc(-c3cc(-n4ccc(=O)[nH]c4=O)cc([C:1](C)(C)[CH3:1])c3[O:1][CH3:1])ccc2c1|COc1c(-c2ccc3cc(NS(C)(=O)=O)ccc3c2)cc(-n2ccc(=O)[nH]c2=O)cc1C(C)(C)C|COc1c(-c2ccc3cc(NS(C)(=O)=O)ccc3c2)cc(-n2ccc(=O)[nH]c2=O)cc1C(C)(C)[CH3:1]|CC(C)(C)c1cc(-n2ccc(=O)[nH]c2=O)cc(-c2ccc3cc(NS(C)(=O)=O)ccc3c2)c1[O:1]C|COc1c(-c2ccc3cc([NH:1]S(C)(=O)=O)ccc3c2)cc(-n2ccc(=O)[nH]c2=O)cc1C(C)(C)C|COc1c(-c2ccc3cc(NS(C)(=O)=O)ccc3c2)cc(-[n:1]2[cH:1][cH:1][c:1](=O)[nH:1][c:1]2=O)cc1C(C)(C)C|COc1c(-c2ccc3cc(NS(C)(=O)=O)ccc3c2)cc(-[n:1]2[cH:1][cH:1][c:1](=O)[nH:1][c:1]2=O)cc1C(C)(C)C|COc1c(-c2ccc3cc(N[S:1](C)(=O)=O)ccc3c2)cc(-n2ccc(=O)[nH]c2=O)cc1C(C)(C)C|COc1c(-c2ccc3cc(NS(C)(=O)=O)ccc3c2)cc(-[n:1]2[cH:1][cH:1][c:1](=O)[nH:1][c:1]2=O)cc1C(C)(C)C|COc1c(-c2ccc3cc(NS(C)(=O)=O)ccc3c2)cc(-n2c[cH:1]c(=O)[nH]c2=O)cc1C(C)(C)C|COc1c(-c2cc[c:1]3[cH:1][c:1](NS(C)(=O)=[O:1])[cH:1][cH:1][c:1]3c2)cc(-n2ccc(=O)[nH]c2=O)cc1C(C)(C)C|COc1c(-c2cc[c:1]3[cH:1][c:1](NS(C)(=O)=O)[cH:1][cH:1][c:1]3c2)cc(-n2ccc(=O)[nH]c2=O)cc1C(C)(C)C|COc1c(-c2cc3ccc(NS(C)(=O)=O)cc3[cH:1]c2)cc(-n2ccc(=O)[nH]c2=O)cc1C(C)(C)C|COc1c(-c2ccc3cc(NS(C)(=O)=O)ccc3c2)cc(-[n:1]2[cH:1][cH:1][c:1](=O)[nH:1][c:1]2=O)cc1C(C)(C)C|COc1c(C(C)(C)C)cc(-n2ccc(=O)[nH]c2=O)cc1-[c:1]1[cH:1][cH:1][c:1]2cc(NS(C)(=O)=O)cc[c:1]2[cH:1]1|COc1c(-c2ccc3cc(NS(C)(=O)=O)c[cH:1]c3c2)cc(-n2ccc(=O)[nH]c2=O)cc1C(C)(C)C|COc1c(-c2ccc3cc(NS(C)(=O)=O)ccc3c2)cc(-[n:1]2[cH:1][cH:1][c:1](=O)[nH:1][c:1]2=O)cc1C(C)(C)C|CO[c:1]1[c:1](-c2ccc3cc(NS(C)(=O)=O)ccc3c2)[cH:1][c:1](-n2ccc(=O)[nH]c2=O)[cH:1][c:1]1C(C)(C)C|COc1c(-c2ccc3cc(NS(C)(=O)=O)ccc3c2)cc(-[n:1]2[cH:1][cH:1][c:1](=O)[nH:1][c:1]2=O)cc1C(C)(C)C|COc1c(-c2ccc3cc(NS(C)(=O)=O)ccc3[cH:1]2)cc(-n2ccc(=O)[nH]c2=O)cc1C(C)(C)C|CS(=O)(=O)Nc1ccc2cc(-c3cc(-n4ccc(=O)[nH]c4=O)cc([C:1](C)(C)[CH3:1])c3[O:1][CH3:1])ccc2c1|COc1c(-c2ccc3cc(NS(C)(=O)=O)ccc3c2)cc(-n2ccc(=O)[nH]c2=O)cc1C(C)(C)C
36,COc1c(-c2ccc3cc(NS(C)(=O)=O)ccc3c2)cc(-n2ccc(=O)[nH]c2=O)cc1C(C)(C)C,CYP3A4,COc1c(-c2ccc3cc(NS(C)(=O)=O)ccc3c2)cc(-n2ccc(=O)[nH]c2=O)cc1C(C)(C)CO,COc1c(-c2ccc3cc(NS(C)(=O)=O)ccc3c2)cc(-n2ccc(=O)[nH]c2=O)cc1C(C)(C)[CH3:1],CC(C)(C)c1cc(-n2ccc(=O)[nH]c2=O)cc(-c2ccc3cc(NS(C)(=O)=O)ccc3c2)c1[O:1]C|COc1c(-c2ccc3cc(NS(C)(=O)=O)ccc3c2)cc(-n2ccc(=O)[nH]c2=O)cc1C(C)(C)[CH3:1]|COc1c(-c2ccc3cc([NH:1]S(C)(=O)=O)ccc3c2)cc(-n2ccc(=O)[nH]c2=O)cc1C(C)(C)C|COc1c(-c2ccc3cc(N[S:1](C)(=O)=O)ccc3c2)cc(-n2ccc(=O)[nH]c2=O)cc1C(C)(C)C|COc1c(-c2ccc3cc(NS(C)(=O)=O)ccc3c2)cc(-[n:1]2[cH:1][cH:1][c:1](=O)[nH:1][c:1]2=O)cc1C(C)(C)C|COc1c(-c2ccc3cc(NS(C)(=O)=O)ccc3c2)cc(-[n:1]2[cH:1][cH:1][c:1](=O)[nH:1][c:1]2=O)cc1C(C)(C)C|COc1c(-c2ccc3cc(NS(C)(=O)=O)ccc3c2)cc(-n2c[cH:1]c(=O)[nH]c2=O)cc1C(C)(C)C|COc1c(-c2ccc3cc(NS(C)(=O)=O)ccc3c2)cc(-[n:1]2[cH:1][cH:1][c:1](=O)[nH:1][c:1]2=O)cc1C(C)(C)C|COc1c(-c2cc[c:1]3[cH:1][c:1](NS(C)(=O)=O)[cH:1][cH:1][c:1]3c2)cc(-n2ccc(=O)[nH]c2=O)cc1C(C)(C)C|COc1c(-c2cc3ccc(NS(C)(=O)=O)cc3[cH:1]c2)cc(-n2ccc(=O)[nH]c2=O)cc1C(C)(C)C|COc1c(C(C)(C)C)cc(-n2ccc(=O)[nH]c2=O)cc1-[c:1]1[cH:1][cH:1][c:1]2cc(NS(C)(=O)=O)cc[c:1]2[cH:1]1|COc1c(-c2ccc3cc(NS(C)(=O)=O)ccc3c2)cc(-[n:1]2[cH:1][cH:1][c:1](=O)[nH:1][c:1]2=O)cc1C(C)(C)C|COc1c(-c2cc[c:1]3[cH:1][c:1](NS(C)(=O)=[O:1])[cH:1][cH:1][c:1]3c2)cc(-n2ccc(=O)[nH]c2=O)cc1C(C)(C)C|COc1c(-c2ccc3cc(NS(C)(=O)=O)c[cH:1]c3c2)cc(-n2ccc(=O)[nH]c2=O)cc1C(C)(C)C|COc1c(-c2ccc3cc(NS(C)(=O)=O)ccc3c2)cc(-[n:1]2[cH:1][cH:1][c:1](=O)[nH:1][c:1]2=O)cc1C(C)(C)C|CO[c:1]1[c:1](-c2ccc3cc(NS(C)(=O)=O)ccc3c2)[cH:1][c:1](-n2ccc(=O)[nH]c2=O)[cH:1][c:1]1C(C)(C)C|CC(C)(C)c1cc(-n2ccc(=O)[nH][c:1]2=[O:1])cc(-c2ccc3cc(NS(C)(=O)=O)ccc3c2)c1[O:1]C|COc1c(-c2ccc3cc(NS(C)(=O)=O)ccc3[cH:1]2)cc(-n2ccc(=O)[nH]c2=O)cc1C(C)(C)C|CS(=O)(=O)Nc1ccc2cc(-c3cc(-n4ccc(=O)[nH]c4=O)cc([C:1](C)(C)[CH3:1])c3[O:1][CH3:1])ccc2c1|COc1c(-c2ccc3cc(NS(C)(=O)=O)ccc3c2)cc(-n2ccc(=O)[nH]c2=O)cc1C(C)(C)C|COc1c(-c2ccc3cc(NS(C)(=O)=O)ccc3c2)cc(-n2ccc(=O)[nH]c2=O)cc1C(C)(C)[CH3:1]|CC(C)(C)c1cc(-n2ccc(=O)[nH]c2=O)cc(-c2ccc3cc(NS(C)(=O)=O)ccc3c2)c1[O:1]C|COc1c(-c2ccc3cc([NH:1]S(C)(=O)=O)ccc3c2)cc(-n2ccc(=O)[nH]c2=O)cc1C(C)(C)C|COc1c(-c2ccc3cc(NS(C)(=O)=O)ccc3c2)cc(-[n:1]2[cH:1][cH:1][c:1](=O)[nH:1][c:1]2=O)cc1C(C)(C)C|COc1c(-c2ccc3cc(NS(C)(=O)=O)ccc3c2)cc(-[n:1]2[cH:1][cH:1][c:1](=O)[nH:1][c:1]2=O)cc1C(C)(C)C|COc1c(-c2ccc3cc(N[S:1](C)(=O)=O)ccc3c2)cc(-n2ccc(=O)[nH]c2=O)cc1C(C)(C)C|COc1c(-c2ccc3cc(NS(C)(=O)=O)ccc3c2)cc(-[n:1]2[cH:1][cH:1][c:1](=O)[nH:1][c:1]2=O)cc1C(C)(C)C|COc1c(-c2ccc3cc(NS(C)(=O)=O)ccc3c2)cc(-n2c[cH:1]c(=O)[nH]c2=O)cc1C(C)(C)C|COc1c(-c2cc[c:1]3[cH:1][c:1](NS(C)(=O)=[O:1])[cH:1][cH:1][c:1]3c2)cc(-n2ccc(=O)[nH]c2=O)cc1C(C)(C)C|COc1c(-c2cc[c:1]3[cH:1][c:1](NS(C)(=O)=O)[cH:1][cH:1][c:1]3c2)cc(-n2ccc(=O)[nH]c2=O)cc1C(C)(C)C|COc1c(-c2cc3ccc(NS(C)(=O)=O)cc3[cH:1]c2)cc(-n2ccc(=O)[nH]c2=O)cc1C(C)(C)C|COc1c(-c2ccc3cc(NS(C)(=O)=O)ccc3c2)cc(-[n:1]2[cH:1][cH:1][c:1](=O)[nH:1][c:1]2=O)cc1C(C)(C)C|COc1c(C(C)(C)C)cc(-n2ccc(=O)[nH]c2=O)cc1-[c:1]1[cH:1][cH:1][c:1]2cc(NS(C)(=O)=O)cc[c:1]2[cH:1]1|COc1c(-c2ccc3cc(NS(C)(=O)=O)c[cH:1]c3c2)cc(-n2ccc(=O)[nH]c2=O)cc1C(C)(C)C|COc1c(-c2ccc3cc(NS(C)(=O)=O)ccc3c2)cc(-[n:1]2[cH:1][cH:1][c:1](=O)[nH:1][c:1]2=O)cc1C(C)(C)C|CO[c:1]1[c:1](-c2ccc3cc(NS(C)(=O)=O)ccc3c2)[cH:1][c:1](-n2ccc(=O)[nH]c2=O)[cH:1][c:1]1C(C)(C)C|COc1c(-c2ccc3cc(NS(C)(=O)=O)ccc3c2)cc(-[n:1]2[cH:1][cH:1][c:1](=O)[nH:1][c:1]2=O)cc1C(C)(C)C|COc1c(-c2ccc3cc(NS(C)(=O)=O)ccc3[cH:1]2)cc(-n2ccc(=O)[nH]c2=O)cc1C(C)(C)C|CS(=O)(=O)Nc1ccc2cc(-c3cc(-n4ccc(=O)[nH]c4=O)cc([C:1](C)(C)[CH3:1])c3[O:1][CH3:1])ccc2c1|COc1c(-c2ccc3cc(NS(C)(=O)=O)ccc3c2)cc(-n2ccc(=O)[nH]c2=O)cc1C(C)(C)C
37,COc1ccc(CC(C)NCC(O)c2ccc(O)c(NC=O)c2)cc1,CYP2C9,CC(Cc1ccc(O)cc1)NCC(O)c1ccc(O)c(NC=O)c1|C[C@H](Cc1ccc(O)cc1)NC[C@@H](O)c1ccc(O)c(NC=O)c1,CC(Cc1ccc([O:1]C)cc1)NCC(O)c1ccc(O)c(NC=O)c1,CC(Cc1ccc([O:1]C)cc1)NCC(O)c1ccc(O)c(NC=O)c1|COc1ccc(CC(C)NCC(O)c2ccc(O)c([NH:1]C=O)c2)cc1|COc1ccc(CC(C)NCC(O)c2ccc(O)c(NC=O)c2)c[cH:1]1|COc1ccc(CC(C)NCC(O)c2ccc([OH:1])c(NC=O)c2)cc1|COc1ccc(CC(C)NCC(O)[c:1]2[cH:1][cH:1][c:1]([OH:1])[c:1]([NH:1]C=O)[cH:1]2)cc1|COc1ccc(CC(C)NC[CH:1](c2ccc(O)c(NC=O)c2)[OH:1])cc1|COc1ccc(CC(C)NCC(O)c2ccc([OH:1])c(NC=O)c2)cc1|CC(Cc1ccc([O:1]C)cc1)NCC(O)c1ccc(O)c(NC=O)c1|COc1ccc(CC(C)NCC(O)[c:1]2[cH:1][cH:1][c:1]([OH:1])[c:1]([NH:1]C=O)[cH:1]2)cc1|COc1ccc(CC(C)NCC(O)c2cc(NC=O)[c:1]([OH:1])[cH:1]c2)cc1|CC(Cc1ccc([O:1]C)cc1)NCC(O)c1ccc(O)c(NC=O)c1|COc1ccc(CC(C)NCC(O)c2ccc(O)[c:1](NC=O)c2)cc1|COc1ccc(C[CH:1](C)NCC(O)c2ccc(O)c(NC=O)c2)cc1|COc1ccc(CC(C)NCC(O)c2ccc(O)c(NC=O)c2)[cH:1]c1|CC(Cc1ccc([O:1]C)cc1)NCC(O)c1ccc(O)c(NC=O)c1|COc1ccc(CC(C)[NH:1]CC(O)c2ccc(O)c(NC=O)c2)cc1|CC(Cc1ccc([O:1]C)cc1)NCC(O)c1ccc(O)c(NC=O)c1|COc1ccc(CC(C)NCC(O)c2ccc(O)c(NC=O)c2)cc1|COc1ccc(CC(NCC(O)c2ccc(O)c(NC=O)c2)[CH3:1])cc1|COc1ccc(CC(C)NCC(O)[c:1]2[cH:1][cH:1][c:1]([OH:1])[c:1](NC=O)[cH:1]2)cc1|CC(Cc1ccc([O:1]C)cc1)NCC(O)c1ccc(O)c(NC=O)c1|COc1ccc(CC(C)NCC(O)c2ccc(O)c(NC=O)c2)c[cH:1]1|COc1ccc(CC(C)NCC(O)c2ccc(O)c([NH:1]C=O)c2)cc1|COc1ccc(CC(C)NCC(O)[c:1]2[cH:1][cH:1][c:1]([OH:1])[c:1]([NH:1]C=O)[cH:1]2)cc1|COc1ccc(CC(C)NC[CH:1](c2ccc(O)c(NC=O)c2)[OH:1])cc1|CC(Cc1ccc([O:1]C)cc1)NCC(O)c1ccc(O)c(NC=O)c1|COc1ccc(CC(C)NCC(O)c2cc(NC=O)[c:1]([OH:1])[cH:1]c2)cc1|COc1ccc(CC(C)NCC(O)[c:1]2[cH:1][cH:1][c:1]([OH:1])[c:1]([NH:1]C=O)[cH:1]2)cc1|COc1ccc(CC(C)NCC(O)c2ccc(O)[c:1](NC=O)c2)cc1|COc1ccc(CC(C)NCC(O)c2ccc(O)c(NC=O)c2)[cH:1]c1|COc1ccc(C[CH:1](C)NCC(O)c2ccc(O)c(NC=O)c2)cc1|CC(Cc1ccc([O:1]C)cc1)NCC(O)c1ccc(O)c(NC=O)c1|CC(Cc1ccc([O:1]C)cc1)NCC(O)c1ccc(O)c(NC=O)c1|CC(Cc1ccc([O:1]C)cc1)NCC(O)c1ccc(O)c(NC=O)c1|COc1ccc(CC(C)NCC(O)c2ccc(O)c(NC=O)c2)cc1|COc1ccc(CC(NCC(O)c2ccc(O)c(NC=O)c2)[CH3:1])cc1|COc1ccc(CC(C)NCC(O)[c:1]2[cH:1][cH:1][c:1]([OH:1])[c:1](NC=O)[cH:1]2)cc1|COc1ccc(CC(C)[NH:1]CC(O)c2ccc(O)c(NC=O)c2)cc1|CC(Cc1ccc([O:1]C)cc1)NCC(O)c1ccc(O)c(NC=O)c1|COc1ccc(CC(C)NCC(O)c2ccc(O)c(NC=O)c2)cc1
38,COc1ccc(CC(C)NCC(O)c2ccc(O)c(NC=O)c2)cc1,CYP2D6,CC(Cc1ccc(O)cc1)NCC(O)c1ccc(O)c(NC=O)c1|C[C@H](Cc1ccc(O)cc1)NC[C@@H](O)c1ccc(O)c(NC=O)c1,CC(Cc1ccc([O:1]C)cc1)NCC(O)c1ccc(O)c(NC=O)c1,CC(Cc1ccc([O:1]C)cc1)NCC(O)c1ccc(O)c(NC=O)c1|COc1ccc(CC(C)NCC(O)c2ccc(O)c([NH:1]C=O)c2)cc1|COc1ccc(CC(C)NCC(O)c2ccc(O)c(NC=O)c2)c[cH:1]1|COc1ccc(CC(C)NCC(O)c2ccc([OH:1])c(NC=O)c2)cc1|COc1ccc(CC(C)NCC(O)[c:1]2[cH:1][cH:1][c:1]([OH:1])[c:1]([NH:1]C=O)[cH:1]2)cc1|COc1ccc(CC(C)NC[CH:1](c2ccc(O)c(NC=O)c2)[OH:1])cc1|COc1ccc(CC(C)NCC(O)c2ccc([OH:1])c(NC=O)c2)cc1|CC(Cc1ccc([O:1]C)cc1)NCC(O)c1ccc(O)c(NC=O)c1|COc1ccc(CC(C)NCC(O)[c:1]2[cH:1][cH:1][c:1]([OH:1])[c:1]([NH:1]C=O)[cH:1]2)cc1|COc1ccc(CC(C)NCC(O)c2cc(NC=O)[c:1]([OH:1])[cH:1]c2)cc1|CC(Cc1ccc([O:1]C)cc1)NCC(O)c1ccc(O)c(NC=O)c1|COc1ccc(CC(C)NCC(O)c2ccc(O)[c:1](NC=O)c2)cc1|COc1ccc(C[CH:1](C)NCC(O)c2ccc(O)c(NC=O)c2)cc1|COc1ccc(CC(C)NCC(O)c2ccc(O)c(NC=O)c2)[cH:1]c1|CC(Cc1ccc([O:1]C)cc1)NCC(O)c1ccc(O)c(NC=O)c1|COc1ccc(CC(C)[NH:1]CC(O)c2ccc(O)c(NC=O)c2)cc1|CC(Cc1ccc([O:1]C)cc1)NCC(O)c1ccc(O)c(NC=O)c1|COc1ccc(CC(C)NCC(O)c2ccc(O)c(NC=O)c2)cc1|COc1ccc(CC(NCC(O)c2ccc(O)c(NC=O)c2)[CH3:1])cc1|COc1ccc(CC(C)NCC(O)[c:1]2[cH:1][cH:1][c:1]([OH:1])[c:1](NC=O)[cH:1]2)cc1|CC(Cc1ccc([O:1]C)cc1)NCC(O)c1ccc(O)c(NC=O)c1|COc1ccc(CC(C)NCC(O)c2ccc(O)c(NC=O)c2)c[cH:1]1|COc1ccc(CC(C)NCC(O)c2ccc(O)c([NH:1]C=O)c2)cc1|COc1ccc(CC(C)NCC(O)[c:1]2[cH:1][cH:1][c:1]([OH:1])[c:1]([NH:1]C=O)[cH:1]2)cc1|COc1ccc(CC(C)NC[CH:1](c2ccc(O)c(NC=O)c2)[OH:1])cc1|CC(Cc1ccc([O:1]C)cc1)NCC(O)c1ccc(O)c(NC=O)c1|COc1ccc(CC(C)NCC(O)c2cc(NC=O)[c:1]([OH:1])[cH:1]c2)cc1|COc1ccc(CC(C)NCC(O)[c:1]2[cH:1][cH:1][c:1]([OH:1])[c:1]([NH:1]C=O)[cH:1]2)cc1|COc1ccc(CC(C)NCC(O)c2ccc(O)[c:1](NC=O)c2)cc1|COc1ccc(CC(C)NCC(O)c2ccc(O)c(NC=O)c2)[cH:1]c1|COc1ccc(C[CH:1](C)NCC(O)c2ccc(O)c(NC=O)c2)cc1|CC(Cc1ccc([O:1]C)cc1)NCC(O)c1ccc(O)c(NC=O)c1|CC(Cc1ccc([O:1]C)cc1)NCC(O)c1ccc(O)c(NC=O)c1|CC(Cc1ccc([O:1]C)cc1)NCC(O)c1ccc(O)c(NC=O)c1|COc1ccc(CC(C)NCC(O)c2ccc(O)c(NC=O)c2)cc1|COc1ccc(CC(NCC(O)c2ccc(O)c(NC=O)c2)[CH3:1])cc1|COc1ccc(CC(C)NCC(O)[c:1]2[cH:1][cH:1][c:1]([OH:1])[c:1](NC=O)[cH:1]2)cc1|COc1ccc(CC(C)[NH:1]CC(O)c2ccc(O)c(NC=O)c2)cc1|CC(Cc1ccc([O:1]C)cc1)NCC(O)c1ccc(O)c(NC=O)c1|COc1ccc(CC(C)NCC(O)c2ccc(O)c(NC=O)c2)cc1
39,COc1ccc(S(=O)(=O)N2Cc3[nH]c4ccccc4c3CC2C(N)=O)cc1,CYP2C9,NC(=O)C1Cc2c([nH]c3ccccc23)CN1S(=O)(=O)c1ccc(O)cc1,C[O:1]c1ccc(S(=O)(=O)N2Cc3[nH]c4ccccc4c3CC2C(N)=O)cc1,C[O:1]c1ccc(S(=O)(=O)N2Cc3[nH]c4ccccc4c3CC2C(N)=O)cc1|COc1ccc(S(=O)(=O)N2Cc3[nH]c4cc[cH:1]cc4c3CC2C(N)=O)cc1|COc1ccc(S(=O)(=O)N2Cc3[nH]c4c[cH:1]ccc4c3CC2C(N)=O)cc1|COc1ccc(S(=O)(=O)N2Cc3[nH]c4ccccc4c3CC2C(N)=O)c[cH:1]1|COc1ccc(S(=O)(=O)N2Cc3[nH]c4c(ccc[cH:1]4)c3CC2C(N)=O)cc1|COc1ccc(S(=O)(=O)[N:1]2Cc3[nH]c4ccccc4c3CC2C(N)=O)cc1|C[O:1]c1ccc(S(=O)(=O)N2C[c:1]3[nH:1][c:1]4cccc[c:1]4[c:1]3CC2C(N)=O)cc1|C[O:1]c1ccc(S(=O)(=O)N2Cc3[nH]c4ccccc4c3CC2C(N)=O)cc1|COc1ccc(S(=O)(=O)N2Cc3[nH]c4ccc[cH:1]c4c3CC2C(N)=O)cc1|COc1ccc(S(=O)(=O)N2Cc3[nH]c4ccccc4c3CC2C(N)=O)cc1|COc1ccc(S(=O)(=O)N2Cc3[nH]c4ccccc4c3CC2C(N)=O)[cH:1]c1|C[O:1]c1ccc(S(=O)(=O)N2C[c:1]3[nH:1][c:1]4cccc[c:1]4[c:1]3CC2C(N)=O)cc1|C[O:1]c1ccc(S(=O)(=O)N2Cc3[nH]c4ccccc4c3CC2C(N)=O)cc1|NC(=O)C1Cc2c([nH]c3ccccc23)CN1S(=O)(=O)c1ccc(O[CH3:1])cc1|COc1ccc(S(=O)(=O)N2Cc3[nH]c4ccccc4c3[CH2:1][CH:1]2C(N)=O)cc1|C[O:1]c1ccc(S(=O)(=O)N2C[c:1]3[nH:1][c:1]4cccc[c:1]4[c:1]3[CH2:1]C2C(N)=O)cc1|COc1ccc(S(=O)(=O)N2C[c:1]3[nH:1][c:1]4cccc[c:1]4[c:1]3CC2C(N)=O)cc1|COc1ccc(S(=O)(=O)N2Cc3[nH]c4ccccc4c3[CH2:1]C2C(N)=O)cc1|COc1ccc(S(=O)(=O)N2C(C(N)=O)Cc3c([nH]c4ccccc34)[CH2:1]2)cc1|COc1ccc([S:1](=O)(=O)N2Cc3[nH]c4ccccc4c3CC2C(N)=O)cc1|C[O:1]c1ccc(S(=O)(=O)N2Cc3[nH]c4ccccc4c3CC2C(N)=O)cc1|COc1ccc(S(=O)(=O)N2Cc3[nH]c4cc[cH:1]cc4c3CC2C(N)=O)cc1|COc1ccc(S(=O)(=O)N2Cc3[nH]c4c[cH:1]ccc4c3CC2C(N)=O)cc1|COc1ccc(S(=O)(=O)N2Cc3[nH]c4ccccc4c3CC2C(N)=O)c[cH:1]1|COc1ccc(S(=O)(=O)N2Cc3[nH]c4c(ccc[cH:1]4)c3CC2C(N)=O)cc1|COc1ccc(S(=O)(=O)[N:1]2Cc3[nH]c4ccccc4c3CC2C(N)=O)cc1|C[O:1]c1ccc(S(=O)(=O)N2C[c:1]3[nH:1][c:1]4cccc[c:1]4[c:1]3CC2C(N)=O)cc1|C[O:1]c1ccc(S(=O)(=O)N2Cc3[nH]c4ccccc4c3CC2C(N)=O)cc1|COc1ccc(S(=O)(=O)N2Cc3[nH]c4ccc[cH:1]c4c3CC2C(N)=O)cc1|COc1ccc(S(=O)(=O)N2Cc3[nH]c4ccccc4c3CC2C(N)=O)cc1|C[O:1]c1ccc(S(=O)(=O)N2C[c:1]3[nH:1][c:1]4cccc[c:1]4[c:1]3CC2C(N)=O)cc1|COc1ccc(S(=O)(=O)N2Cc3[nH]c4ccccc4c3CC2C(N)=O)[cH:1]c1|C[O:1]c1ccc(S(=O)(=O)N2Cc3[nH]c4ccccc4c3CC2C(N)=O)cc1|COc1ccc(S(=O)(=O)N2Cc3[nH]c4ccccc4c3[CH2:1][CH:1]2C(N)=O)cc1|NC(=O)C1Cc2c([nH]c3ccccc23)CN1S(=O)(=O)c1ccc(O[CH3:1])cc1|COc1ccc(S(=O)(=O)N2C(C(N)=O)Cc3c([nH]c4ccccc34)[CH2:1]2)cc1|C[O:1]c1ccc(S(=O)(=O)N2C[c:1]3[nH:1][c:1]4cccc[c:1]4[c:1]3[CH2:1]C2C(N)=O)cc1|COc1ccc([S:1](=O)(=O)N2Cc3[nH]c4ccccc4c3CC2C(N)=O)cc1|COc1ccc(S(=O)(=O)N2Cc3[nH]c4ccccc4c3[CH2:1]C2C(N)=O)cc1|COc1ccc(S(=O)(=O)N2C[c:1]3[nH:1][c:1]4cccc[c:1]4[c:1]3CC2C(N)=O)cc1|C[O:1]c1ccc(S(=O)(=O)N2Cc3[nH]c4ccccc4c3CC2C(N)=O)cc1|COc1ccc(S(=O)(=O)N2Cc3[nH]c4cc[cH:1]cc4c3CC2C(N)=O)cc1|COc1ccc(S(=O)(=O)N2Cc3[nH]c4c[cH:1]ccc4c3CC2C(N)=O)cc1|COc1ccc(S(=O)(=O)N2Cc3[nH]c4ccccc4c3CC2C(N)=O)c[cH:1]1|COc1ccc(S(=O)(=O)N2Cc3[nH]c4c(ccc[cH:1]4)c3CC2C(N)=O)cc1|COc1ccc(S(=O)(=O)[N:1]2Cc3[nH]c4ccccc4c3CC2C(N)=O)cc1|C[O:1]c1ccc(S(=O)(=O)N2C[c:1]3[nH:1][c:1]4cccc[c:1]4[c:1]3CC2C(N)=O)cc1|C[O:1]c1ccc(S(=O)(=O)N2Cc3[nH]c4ccccc4c3CC2C(N)=O)cc1|COc1ccc(S(=O)(=O)N2Cc3[nH]c4ccccc4c3[CH2:1][CH:1]2C(N)=O)cc1|COc1ccc(S(=O)(=O)N2Cc3[nH]c4ccc[cH:1]c4c3CC2C(N)=O)cc1|C[O:1]c1ccc(S(=O)(=O)N2C[c:1]3[nH:1][c:1]4cccc[c:1]4[c:1]3CC2C(N)=O)cc1|COc1ccc(S(=O)(=O)N2Cc3[nH]c4ccccc4[c:1]3[CH2:1]C2C(N)=O)cc1|COc1ccc(S(=O)(=O)N2Cc3[nH]c4ccccc4c3CC2C(N)=O)[cH:1]c1|C[O:1]c1ccc(S(=O)(=O)N2Cc3[nH]c4ccccc4c3CC2C(N)=O)cc1|COc1ccc(S(=O)(=O)N2Cc3[nH]c4ccccc4c3[CH2:1]C2C(N)=O)cc1|COc1ccc(S(=O)(=O)N2Cc3[nH]c4ccccc4c3CC2C(N)=O)cc1|COc1ccc(S(=O)(=O)N2C(C(N)=O)Cc3c([nH]c4ccccc34)[CH2:1]2)cc1|COc1ccc(S(=O)(=O)N2C[c:1]3[nH:1][c:1]4cccc[c:1]4[c:1]3CC2C(N)=O)cc1|NC(=O)C1Cc2c([nH]c3ccccc23)CN1S(=O)(=O)c1ccc(O[CH3:1])cc1|COc1ccc([S:1](=O)(=O)N2Cc3[nH]c4ccccc4c3CC2C(N)=O)cc1
40,COc1ccc(S(=O)(=O)N2Cc3[nH]c4ccccc4c3CC2C(N)=O)cc1,CYP2D6,NC(=O)C1Cc2c([nH]c3ccccc23)CN1S(=O)(=O)c1ccc(O)cc1,C[O:1]c1ccc(S(=O)(=O)N2Cc3[nH]c4ccccc4c3CC2C(N)=O)cc1,C[O:1]c1ccc(S(=O)(=O)N2Cc3[nH]c4ccccc4c3CC2C(N)=O)cc1|COc1ccc(S(=O)(=O)N2Cc3[nH]c4cc[cH:1]cc4c3CC2C(N)=O)cc1|COc1ccc(S(=O)(=O)N2Cc3[nH]c4c[cH:1]ccc4c3CC2C(N)=O)cc1|COc1ccc(S(=O)(=O)N2Cc3[nH]c4ccccc4c3CC2C(N)=O)c[cH:1]1|COc1ccc(S(=O)(=O)N2Cc3[nH]c4c(ccc[cH:1]4)c3CC2C(N)=O)cc1|COc1ccc(S(=O)(=O)[N:1]2Cc3[nH]c4ccccc4c3CC2C(N)=O)cc1|C[O:1]c1ccc(S(=O)(=O)N2C[c:1]3[nH:1][c:1]4cccc[c:1]4[c:1]3CC2C(N)=O)cc1|C[O:1]c1ccc(S(=O)(=O)N2Cc3[nH]c4ccccc4c3CC2C(N)=O)cc1|COc1ccc(S(=O)(=O)N2Cc3[nH]c4ccc[cH:1]c4c3CC2C(N)=O)cc1|COc1ccc(S(=O)(=O)N2Cc3[nH]c4ccccc4c3CC2C(N)=O)cc1|COc1ccc(S(=O)(=O)N2Cc3[nH]c4ccccc4c3CC2C(N)=O)[cH:1]c1|C[O:1]c1ccc(S(=O)(=O)N2C[c:1]3[nH:1][c:1]4cccc[c:1]4[c:1]3CC2C(N)=O)cc1|C[O:1]c1ccc(S(=O)(=O)N2Cc3[nH]c4ccccc4c3CC2C(N)=O)cc1|NC(=O)C1Cc2c([nH]c3ccccc23)CN1S(=O)(=O)c1ccc(O[CH3:1])cc1|COc1ccc(S(=O)(=O)N2Cc3[nH]c4ccccc4c3[CH2:1][CH:1]2C(N)=O)cc1|C[O:1]c1ccc(S(=O)(=O)N2C[c:1]3[nH:1][c:1]4cccc[c:1]4[c:1]3[CH2:1]C2C(N)=O)cc1|COc1ccc(S(=O)(=O)N2C[c:1]3[nH:1][c:1]4cccc[c:1]4[c:1]3CC2C(N)=O)cc1|COc1ccc(S(=O)(=O)N2Cc3[nH]c4ccccc4c3[CH2:1]C2C(N)=O)cc1|COc1ccc(S(=O)(=O)N2C(C(N)=O)Cc3c([nH]c4ccccc34)[CH2:1]2)cc1|COc1ccc([S:1](=O)(=O)N2Cc3[nH]c4ccccc4c3CC2C(N)=O)cc1|C[O:1]c1ccc(S(=O)(=O)N2Cc3[nH]c4ccccc4c3CC2C(N)=O)cc1|COc1ccc(S(=O)(=O)N2Cc3[nH]c4cc[cH:1]cc4c3CC2C(N)=O)cc1|COc1ccc(S(=O)(=O)N2Cc3[nH]c4c[cH:1]ccc4c3CC2C(N)=O)cc1|COc1ccc(S(=O)(=O)N2Cc3[nH]c4ccccc4c3CC2C(N)=O)c[cH:1]1|COc1ccc(S(=O)(=O)N2Cc3[nH]c4c(ccc[cH:1]4)c3CC2C(N)=O)cc1|COc1ccc(S(=O)(=O)[N:1]2Cc3[nH]c4ccccc4c3CC2C(N)=O)cc1|C[O:1]c1ccc(S(=O)(=O)N2C[c:1]3[nH:1][c:1]4cccc[c:1]4[c:1]3CC2C(N)=O)cc1|C[O:1]c1ccc(S(=O)(=O)N2Cc3[nH]c4ccccc4c3CC2C(N)=O)cc1|COc1ccc(S(=O)(=O)N2Cc3[nH]c4ccc[cH:1]c4c3CC2C(N)=O)cc1|COc1ccc(S(=O)(=O)N2Cc3[nH]c4ccccc4c3CC2C(N)=O)cc1|C[O:1]c1ccc(S(=O)(=O)N2C[c:1]3[nH:1][c:1]4cccc[c:1]4[c:1]3CC2C(N)=O)cc1|COc1ccc(S(=O)(=O)N2Cc3[nH]c4ccccc4c3CC2C(N)=O)[cH:1]c1|C[O:1]c1ccc(S(=O)(=O)N2Cc3[nH]c4ccccc4c3CC2C(N)=O)cc1|COc1ccc(S(=O)(=O)N2Cc3[nH]c4ccccc4c3[CH2:1][CH:1]2C(N)=O)cc1|NC(=O)C1Cc2c([nH]c3ccccc23)CN1S(=O)(=O)c1ccc(O[CH3:1])cc1|COc1ccc(S(=O)(=O)N2C(C(N)=O)Cc3c([nH]c4ccccc34)[CH2:1]2)cc1|C[O:1]c1ccc(S(=O)(=O)N2C[c:1]3[nH:1][c:1]4cccc[c:1]4[c:1]3[CH2:1]C2C(N)=O)cc1|COc1ccc([S:1](=O)(=O)N2Cc3[nH]c4ccccc4c3CC2C(N)=O)cc1|COc1ccc(S(=O)(=O)N2Cc3[nH]c4ccccc4c3[CH2:1]C2C(N)=O)cc1|COc1ccc(S(=O)(=O)N2C[c:1]3[nH:1][c:1]4cccc[c:1]4[c:1]3CC2C(N)=O)cc1|C[O:1]c1ccc(S(=O)(=O)N2Cc3[nH]c4ccccc4c3CC2C(N)=O)cc1|COc1ccc(S(=O)(=O)N2Cc3[nH]c4cc[cH:1]cc4c3CC2C(N)=O)cc1|COc1ccc(S(=O)(=O)N2Cc3[nH]c4c[cH:1]ccc4c3CC2C(N)=O)cc1|COc1ccc(S(=O)(=O)N2Cc3[nH]c4ccccc4c3CC2C(N)=O)c[cH:1]1|COc1ccc(S(=O)(=O)N2Cc3[nH]c4c(ccc[cH:1]4)c3CC2C(N)=O)cc1|COc1ccc(S(=O)(=O)[N:1]2Cc3[nH]c4ccccc4c3CC2C(N)=O)cc1|C[O:1]c1ccc(S(=O)(=O)N2C[c:1]3[nH:1][c:1]4cccc[c:1]4[c:1]3CC2C(N)=O)cc1|C[O:1]c1ccc(S(=O)(=O)N2Cc3[nH]c4ccccc4c3CC2C(N)=O)cc1|COc1ccc(S(=O)(=O)N2Cc3[nH]c4ccccc4c3[CH2:1][CH:1]2C(N)=O)cc1|COc1ccc(S(=O)(=O)N2Cc3[nH]c4ccc[cH:1]c4c3CC2C(N)=O)cc1|C[O:1]c1ccc(S(=O)(=O)N2C[c:1]3[nH:1][c:1]4cccc[c:1]4[c:1]3CC2C(N)=O)cc1|COc1ccc(S(=O)(=O)N2Cc3[nH]c4ccccc4[c:1]3[CH2:1]C2C(N)=O)cc1|COc1ccc(S(=O)(=O)N2Cc3[nH]c4ccccc4c3CC2C(N)=O)[cH:1]c1|C[O:1]c1ccc(S(=O)(=O)N2Cc3[nH]c4ccccc4c3CC2C(N)=O)cc1|COc1ccc(S(=O)(=O)N2Cc3[nH]c4ccccc4c3[CH2:1]C2C(N)=O)cc1|COc1ccc(S(=O)(=O)N2Cc3[nH]c4ccccc4c3CC2C(N)=O)cc1|COc1ccc(S(=O)(=O)N2C(C(N)=O)Cc3c([nH]c4ccccc34)[CH2:1]2)cc1|COc1ccc(S(=O)(=O)N2C[c:1]3[nH:1][c:1]4cccc[c:1]4[c:1]3CC2C(N)=O)cc1|NC(=O)C1Cc2c([nH]c3ccccc23)CN1S(=O)(=O)c1ccc(O[CH3:1])cc1|COc1ccc([S:1](=O)(=O)N2Cc3[nH]c4ccccc4c3CC2C(N)=O)cc1
41,COc1ccc(S(=O)(=O)N2Cc3[nH]c4ccccc4c3CC2C(N)=O)cc1,CYP3A4,COc1ccc(S(=O)(=O)N2Cc3[nH]c4ccccc4c3C=C2C(N)=O)cc1|COc1ccc(S(=O)(=O)N2Cc3[nH]c4ccccc4c3CC2C(N)=O)cc1O,COc1ccc(S(=O)(=O)N2Cc3[nH]c4ccccc4c3CC2C(N)=O)c[cH:1]1|COc1ccc(S(=O)(=O)N2Cc3[nH]c4ccccc4c3[CH2:1][CH:1]2C(N)=O)cc1,C[O:1]c1ccc(S(=O)(=O)N2Cc3[nH]c4ccccc4c3CC2C(N)=O)cc1|COc1ccc(S(=O)(=O)N2Cc3[nH]c4cc[cH:1]cc4c3CC2C(N)=O)cc1|COc1ccc(S(=O)(=O)N2Cc3[nH]c4c[cH:1]ccc4c3CC2C(N)=O)cc1|COc1ccc(S(=O)(=O)N2Cc3[nH]c4ccccc4c3CC2C(N)=O)c[cH:1]1|COc1ccc(S(=O)(=O)N2Cc3[nH]c4c(ccc[cH:1]4)c3CC2C(N)=O)cc1|COc1ccc(S(=O)(=O)[N:1]2Cc3[nH]c4ccccc4c3CC2C(N)=O)cc1|C[O:1]c1ccc(S(=O)(=O)N2C[c:1]3[nH:1][c:1]4cccc[c:1]4[c:1]3CC2C(N)=O)cc1|C[O:1]c1ccc(S(=O)(=O)N2Cc3[nH]c4ccccc4c3CC2C(N)=O)cc1|COc1ccc(S(=O)(=O)N2Cc3[nH]c4ccc[cH:1]c4c3CC2C(N)=O)cc1|COc1ccc(S(=O)(=O)N2Cc3[nH]c4ccccc4c3CC2C(N)=O)cc1|COc1ccc(S(=O)(=O)N2Cc3[nH]c4ccccc4c3CC2C(N)=O)[cH:1]c1|C[O:1]c1ccc(S(=O)(=O)N2C[c:1]3[nH:1][c:1]4cccc[c:1]4[c:1]3CC2C(N)=O)cc1|C[O:1]c1ccc(S(=O)(=O)N2Cc3[nH]c4ccccc4c3CC2C(N)=O)cc1|NC(=O)C1Cc2c([nH]c3ccccc23)CN1S(=O)(=O)c1ccc(O[CH3:1])cc1|COc1ccc(S(=O)(=O)N2Cc3[nH]c4ccccc4c3[CH2:1][CH:1]2C(N)=O)cc1|C[O:1]c1ccc(S(=O)(=O)N2C[c:1]3[nH:1][c:1]4cccc[c:1]4[c:1]3[CH2:1]C2C(N)=O)cc1|COc1ccc(S(=O)(=O)N2C[c:1]3[nH:1][c:1]4cccc[c:1]4[c:1]3CC2C(N)=O)cc1|COc1ccc(S(=O)(=O)N2Cc3[nH]c4ccccc4c3[CH2:1]C2C(N)=O)cc1|COc1ccc(S(=O)(=O)N2C(C(N)=O)Cc3c([nH]c4ccccc34)[CH2:1]2)cc1|COc1ccc([S:1](=O)(=O)N2Cc3[nH]c4ccccc4c3CC2C(N)=O)cc1|C[O:1]c1ccc(S(=O)(=O)N2Cc3[nH]c4ccccc4c3CC2C(N)=O)cc1|COc1ccc(S(=O)(=O)N2Cc3[nH]c4cc[cH:1]cc4c3CC2C(N)=O)cc1|COc1ccc(S(=O)(=O)N2Cc3[nH]c4c[cH:1]ccc4c3CC2C(N)=O)cc1|COc1ccc(S(=O)(=O)N2Cc3[nH]c4ccccc4c3CC2C(N)=O)c[cH:1]1|COc1ccc(S(=O)(=O)N2Cc3[nH]c4c(ccc[cH:1]4)c3CC2C(N)=O)cc1|COc1ccc(S(=O)(=O)[N:1]2Cc3[nH]c4ccccc4c3CC2C(N)=O)cc1|C[O:1]c1ccc(S(=O)(=O)N2C[c:1]3[nH:1][c:1]4cccc[c:1]4[c:1]3CC2C(N)=O)cc1|C[O:1]c1ccc(S(=O)(=O)N2Cc3[nH]c4ccccc4c3CC2C(N)=O)cc1|COc1ccc(S(=O)(=O)N2Cc3[nH]c4ccc[cH:1]c4c3CC2C(N)=O)cc1|COc1ccc(S(=O)(=O)N2Cc3[nH]c4ccccc4c3CC2C(N)=O)cc1|C[O:1]c1ccc(S(=O)(=O)N2C[c:1]3[nH:1][c:1]4cccc[c:1]4[c:1]3CC2C(N)=O)cc1|COc1ccc(S(=O)(=O)N2Cc3[nH]c4ccccc4c3CC2C(N)=O)[cH:1]c1|C[O:1]c1ccc(S(=O)(=O)N2Cc3[nH]c4ccccc4c3CC2C(N)=O)cc1|COc1ccc(S(=O)(=O)N2Cc3[nH]c4ccccc4c3[CH2:1][CH:1]2C(N)=O)cc1|NC(=O)C1Cc2c([nH]c3ccccc23)CN1S(=O)(=O)c1ccc(O[CH3:1])cc1|COc1ccc(S(=O)(=O)N2C(C(N)=O)Cc3c([nH]c4ccccc34)[CH2:1]2)cc1|C[O:1]c1ccc(S(=O)(=O)N2C[c:1]3[nH:1][c:1]4cccc[c:1]4[c:1]3[CH2:1]C2C(N)=O)cc1|COc1ccc([S:1](=O)(=O)N2Cc3[nH]c4ccccc4c3CC2C(N)=O)cc1|COc1ccc(S(=O)(=O)N2Cc3[nH]c4ccccc4c3[CH2:1]C2C(N)=O)cc1|COc1ccc(S(=O)(=O)N2C[c:1]3[nH:1][c:1]4cccc[c:1]4[c:1]3CC2C(N)=O)cc1|C[O:1]c1ccc(S(=O)(=O)N2Cc3[nH]c4ccccc4c3CC2C(N)=O)cc1|COc1ccc(S(=O)(=O)N2Cc3[nH]c4cc[cH:1]cc4c3CC2C(N)=O)cc1|COc1ccc(S(=O)(=O)N2Cc3[nH]c4c[cH:1]ccc4c3CC2C(N)=O)cc1|COc1ccc(S(=O)(=O)N2Cc3[nH]c4ccccc4c3CC2C(N)=O)c[cH:1]1|COc1ccc(S(=O)(=O)N2Cc3[nH]c4c(ccc[cH:1]4)c3CC2C(N)=O)cc1|COc1ccc(S(=O)(=O)[N:1]2Cc3[nH]c4ccccc4c3CC2C(N)=O)cc1|C[O:1]c1ccc(S(=O)(=O)N2C[c:1]3[nH:1][c:1]4cccc[c:1]4[c:1]3CC2C(N)=O)cc1|C[O:1]c1ccc(S(=O)(=O)N2Cc3[nH]c4ccccc4c3CC2C(N)=O)cc1|COc1ccc(S(=O)(=O)N2Cc3[nH]c4ccccc4c3[CH2:1][CH:1]2C(N)=O)cc1|COc1ccc(S(=O)(=O)N2Cc3[nH]c4ccc[cH:1]c4c3CC2C(N)=O)cc1|C[O:1]c1ccc(S(=O)(=O)N2C[c:1]3[nH:1][c:1]4cccc[c:1]4[c:1]3CC2C(N)=O)cc1|COc1ccc(S(=O)(=O)N2Cc3[nH]c4ccccc4[c:1]3[CH2:1]C2C(N)=O)cc1|COc1ccc(S(=O)(=O)N2Cc3[nH]c4ccccc4c3CC2C(N)=O)[cH:1]c1|C[O:1]c1ccc(S(=O)(=O)N2Cc3[nH]c4ccccc4c3CC2C(N)=O)cc1|COc1ccc(S(=O)(=O)N2Cc3[nH]c4ccccc4c3[CH2:1]C2C(N)=O)cc1|COc1ccc(S(=O)(=O)N2Cc3[nH]c4ccccc4c3CC2C(N)=O)cc1|COc1ccc(S(=O)(=O)N2C(C(N)=O)Cc3c([nH]c4ccccc34)[CH2:1]2)cc1|COc1ccc(S(=O)(=O)N2C[c:1]3[nH:1][c:1]4cccc[c:1]4[c:1]3CC2C(N)=O)cc1|NC(=O)C1Cc2c([nH]c3ccccc23)CN1S(=O)(=O)c1ccc(O[CH3:1])cc1|COc1ccc([S:1](=O)(=O)N2Cc3[nH]c4ccccc4c3CC2C(N)=O)cc1
42,COc1ccc2ccc(=O)oc2c1CC=C(C)C,CYP1A2,C=C(C)/C=C/c1c(OC)ccc2ccc(=O)oc12|CC(C)=CCc1c(O)ccc2ccc(=O)oc12|COc1ccc2cc(O)c(=O)oc2c1CC=C(C)C|COc1ccc2ccc(=O)oc2c1C/C=C(\C)CO,CC(C)=CCc1c([O:1]C)ccc2ccc(=O)oc12|COc1ccc2c[cH:1]c(=O)oc2c1CC=C(C)C|COc1ccc2ccc(=O)oc2c1CC=C(C)[CH3:1]|COc1ccc2ccc(=O)oc2c1[CH2:1][CH:1]=[C:1](C)[CH3:1],COc1ccc2ccc(=O)oc2c1[CH2:1][CH:1]=[C:1](C)[CH3:1]|CC(C)=CCc1c([O:1]C)ccc2ccc(=O)oc12|COc1ccc2ccc(=O)oc2c1CC=C(C)[CH3:1]|COc1ccc2ccc(=O)oc2c1CC=C(C)[CH3:1]|COc1ccc2c[cH:1]c(=O)oc2c1CC=C(C)C|COc1ccc2ccc(=O)oc2c1C[CH:1]=[C:1](C)C|COc1cc[c:1]2[cH:1][cH:1][c:1](=O)[o:1][c:1]2c1CC=C(C)C|COc1ccc2ccc(=O)oc2c1[CH2:1]C=C(C)C|COc1ccc2ccc(=O)oc2c1CC=C(C)[CH3:1]|COc1ccc2c(o[c:1](=[O:1])c[cH:1]2)c1CC=C(C)C|COc1ccc2ccc(=O)oc2c1[CH2:1][CH:1]=[C:1](C)[CH3:1]|COc1ccc2ccc(=O)oc2c1C[CH:1]=[C:1](C)[CH3:1]|COc1cc[c:1]2[cH:1][cH:1][c:1](=O)[o:1][c:1]2c1CC=C(C)C|COc1c[cH:1]c2ccc(=O)oc2c1CC=C(C)C|COc1ccc2ccc(=O)oc2c1C[CH:1]=C(C)C|COc1ccc2ccc(=O)oc2c1[CH2:1][CH:1]=[C:1](C)C|COc1cc[c:1]2[cH:1][cH:1][c:1](=O)[o:1][c:1]2c1CC=C(C)C|COc1c(CC=C(C)C)c2oc(=O)ccc2c[cH:1]1|COc1ccc2ccc(=O)oc2c1C[CH:1]=[C:1](C)C|COc1ccc2c(oc(=O)c[cH:1]2)c1CC=C(C)C|COc1ccc2ccc(=O)oc2c1[CH2:1][CH:1]=[C:1](C)[CH3:1]|CC(C)=CCc1c([O:1]C)ccc2ccc(=O)oc12|COc1ccc2ccc(=O)oc2c1CC=C(C)[CH3:1]|COc1ccc2ccc(=O)oc2c1CC=C(C)[CH3:1]|COc1ccc2c[cH:1]c(=O)oc2c1CC=C(C)C|COc1ccc2ccc(=O)oc2c1C[CH:1]=[C:1](C)C|COc1cc[c:1]2[cH:1][cH:1][c:1](=O)[o:1][c:1]2c1CC=C(C)C|COc1ccc2ccc(=O)oc2c1CC=C(C)[CH3:1]|COc1ccc2ccc(=O)oc2c1[CH2:1]C=C(C)C|COc1ccc2c(o[c:1](=[O:1])c[cH:1]2)c1CC=C(C)C|COc1ccc2ccc(=O)oc2c1[CH2:1][CH:1]=[C:1](C)[CH3:1]|COc1ccc2ccc(=O)oc2c1C[CH:1]=[C:1](C)[CH3:1]|COc1cc[c:1]2[cH:1][cH:1][c:1](=O)[o:1][c:1]2c1CC=C(C)C|COc1c[cH:1]c2ccc(=O)oc2c1CC=C(C)C|COc1ccc2ccc(=O)oc2c1C[CH:1]=C(C)C|COc1ccc2ccc(=O)oc2c1[CH2:1][CH:1]=[C:1](C)C|COc1c(CC=C(C)C)c2oc(=O)ccc2c[cH:1]1|COc1ccc2ccc(=O)oc2c1C[CH:1]=[C:1](C)C|COc1cc[c:1]2[cH:1][cH:1][c:1](=O)[o:1][c:1]2c1CC=C(C)C|COc1ccc2c(oc(=O)c[cH:1]2)c1CC=C(C)C|COc1ccc2ccc(=O)oc2c1[CH2:1][CH:1]=[C:1](C)[CH3:1]|CC(C)=CCc1c([O:1]C)ccc2ccc(=O)oc12|COc1ccc2ccc(=O)oc2c1CC=C(C)[CH3:1]|COc1ccc2ccc(=O)oc2c1CC=C(C)[CH3:1]|COc1ccc2c[cH:1]c(=O)oc2c1CC=C(C)C|COc1ccc2ccc(=O)oc2c1C[CH:1]=[C:1](C)C|COc1ccc2ccc(=O)oc2c1CC=C(C)[CH3:1]|COc1cc[c:1]2[cH:1][cH:1][c:1](=O)[o:1][c:1]2c1CC=C(C)C|COc1ccc2ccc(=O)oc2c1[CH2:1][CH:1]=[C:1](C)[CH3:1]|COc1ccc2c(o[c:1](=[O:1])c[cH:1]2)c1CC=C(C)C|COc1ccc2ccc(=O)oc2c1[CH2:1]C=C(C)C|COc1ccc2c(oc(=O)c[cH:1]2)c1CC=C(C)C|COc1c[cH:1]c2ccc(=O)oc2c1CC=C(C)C|COc1cc[c:1]2[cH:1][cH:1][c:1](=O)[o:1][c:1]2c1CC=C(C)C|COc1ccc2ccc(=O)oc2c1C[CH:1]=[C:1](C)[CH3:1]|COc1ccc2ccc(=O)oc2c1C[CH:1]=C(C)C|COc1c(CC=C(C)C)c2oc(=O)ccc2c[cH:1]1|COc1ccc2ccc(=O)oc2c1[CH2:1][CH:1]=[C:1](C)C|COc1ccc2ccc(=O)oc2c1C[CH:1]=[C:1](C)C|COc1cc[c:1]2[cH:1][cH:1][c:1](=O)[o:1][c:1]2c1CC=C(C)C|COc1ccc2ccc(=O)oc2c1[CH2:1][CH:1]=[C:1](C)[CH3:1]|CC(C)=CCc1c([O:1]C)ccc2ccc(=O)oc12|COc1ccc2ccc(=O)oc2c1CC=C(C)[CH3:1]|COc1ccc2ccc(=O)oc2c1CC=C(C)[CH3:1]|COc1ccc2c[cH:1]c(=O)oc2c1CC=C(C)C|COc1ccc2ccc(=O)oc2c1C[CH:1]=[C:1](C)C|COc1ccc2ccc(=O)oc2c1[CH2:1]C=C(C)C|COc1cc[c:1]2[cH:1][cH:1][c:1](=O)[o:1][c:1]2c1CC=C(C)C|COc1ccc2ccc(=O)oc2c1CC=C(C)[CH3:1]|COc1ccc2c(o[c:1](=[O:1])c[cH:1]2)c1CC=C(C)C|COc1ccc2ccc(=O)oc2c1[CH2:1][CH:1]=[C:1](C)[CH3:1]|COc1cc[c:1]2[cH:1][cH:1][c:1](=O)[o:1][c:1]2c1CC=C(C)C|COc1ccc2ccc(=O)oc2c1C[CH:1]=[C:1](C)[CH3:1]|COc1ccc2ccc(=O)oc2c1C[CH:1]=C(C)C|COc1c[cH:1]c2ccc(=O)oc2c1CC=C(C)C|COc1ccc2ccc(=O)oc2c1C[CH:1]=[C:1](C)C|COc1c(CC=C(C)C)c2oc(=O)ccc2c[cH:1]1|COc1ccc2ccc(=O)oc2c1[CH2:1][CH:1]=[C:1](C)C|COc1cc[c:1]2[cH:1][cH:1][c:1](=O)[o:1][c:1]2c1CC=C(C)C|COc1ccc2c(oc(=O)c[cH:1]2)c1[CH2:1][CH:1]=[C:1](C)[CH3:1]
43,COc1ccc2ccc(=O)oc2c1CC=C(C)C,CYP2C9,C=C(C)/C=C/c1c(OC)ccc2ccc(=O)oc12|CC(C)=CCc1c(O)ccc2ccc(=O)oc12|COc1ccc2cc(O)c(=O)oc2c1CC=C(C)C|COc1ccc2ccc(=O)oc2c1C/C=C(\C)CO,CC(C)=CCc1c([O:1]C)ccc2ccc(=O)oc12|COc1ccc2c[cH:1]c(=O)oc2c1CC=C(C)C|COc1ccc2ccc(=O)oc2c1CC=C(C)[CH3:1]|COc1ccc2ccc(=O)oc2c1[CH2:1][CH:1]=[C:1](C)[CH3:1],COc1ccc2ccc(=O)oc2c1[CH2:1][CH:1]=[C:1](C)[CH3:1]|CC(C)=CCc1c([O:1]C)ccc2ccc(=O)oc12|COc1ccc2ccc(=O)oc2c1CC=C(C)[CH3:1]|COc1ccc2ccc(=O)oc2c1CC=C(C)[CH3:1]|COc1ccc2c[cH:1]c(=O)oc2c1CC=C(C)C|COc1ccc2ccc(=O)oc2c1C[CH:1]=[C:1](C)C|COc1cc[c:1]2[cH:1][cH:1][c:1](=O)[o:1][c:1]2c1CC=C(C)C|COc1ccc2ccc(=O)oc2c1[CH2:1]C=C(C)C|COc1ccc2ccc(=O)oc2c1CC=C(C)[CH3:1]|COc1ccc2c(o[c:1](=[O:1])c[cH:1]2)c1CC=C(C)C|COc1ccc2ccc(=O)oc2c1[CH2:1][CH:1]=[C:1](C)[CH3:1]|COc1ccc2ccc(=O)oc2c1C[CH:1]=[C:1](C)[CH3:1]|COc1cc[c:1]2[cH:1][cH:1][c:1](=O)[o:1][c:1]2c1CC=C(C)C|COc1c[cH:1]c2ccc(=O)oc2c1CC=C(C)C|COc1ccc2ccc(=O)oc2c1C[CH:1]=C(C)C|COc1ccc2ccc(=O)oc2c1[CH2:1][CH:1]=[C:1](C)C|COc1cc[c:1]2[cH:1][cH:1][c:1](=O)[o:1][c:1]2c1CC=C(C)C|COc1c(CC=C(C)C)c2oc(=O)ccc2c[cH:1]1|COc1ccc2ccc(=O)oc2c1C[CH:1]=[C:1](C)C|COc1ccc2c(oc(=O)c[cH:1]2)c1CC=C(C)C|COc1ccc2ccc(=O)oc2c1[CH2:1][CH:1]=[C:1](C)[CH3:1]|CC(C)=CCc1c([O:1]C)ccc2ccc(=O)oc12|COc1ccc2ccc(=O)oc2c1CC=C(C)[CH3:1]|COc1ccc2ccc(=O)oc2c1CC=C(C)[CH3:1]|COc1ccc2c[cH:1]c(=O)oc2c1CC=C(C)C|COc1ccc2ccc(=O)oc2c1C[CH:1]=[C:1](C)C|COc1cc[c:1]2[cH:1][cH:1][c:1](=O)[o:1][c:1]2c1CC=C(C)C|COc1ccc2ccc(=O)oc2c1CC=C(C)[CH3:1]|COc1ccc2ccc(=O)oc2c1[CH2:1]C=C(C)C|COc1ccc2c(o[c:1](=[O:1])c[cH:1]2)c1CC=C(C)C|COc1ccc2ccc(=O)oc2c1[CH2:1][CH:1]=[C:1](C)[CH3:1]|COc1ccc2ccc(=O)oc2c1C[CH:1]=[C:1](C)[CH3:1]|COc1cc[c:1]2[cH:1][cH:1][c:1](=O)[o:1][c:1]2c1CC=C(C)C|COc1c[cH:1]c2ccc(=O)oc2c1CC=C(C)C|COc1ccc2ccc(=O)oc2c1C[CH:1]=C(C)C|COc1ccc2ccc(=O)oc2c1[CH2:1][CH:1]=[C:1](C)C|COc1c(CC=C(C)C)c2oc(=O)ccc2c[cH:1]1|COc1ccc2ccc(=O)oc2c1C[CH:1]=[C:1](C)C|COc1cc[c:1]2[cH:1][cH:1][c:1](=O)[o:1][c:1]2c1CC=C(C)C|COc1ccc2c(oc(=O)c[cH:1]2)c1CC=C(C)C|COc1ccc2ccc(=O)oc2c1[CH2:1][CH:1]=[C:1](C)[CH3:1]|CC(C)=CCc1c([O:1]C)ccc2ccc(=O)oc12|COc1ccc2ccc(=O)oc2c1CC=C(C)[CH3:1]|COc1ccc2ccc(=O)oc2c1CC=C(C)[CH3:1]|COc1ccc2c[cH:1]c(=O)oc2c1CC=C(C)C|COc1ccc2ccc(=O)oc2c1C[CH:1]=[C:1](C)C|COc1ccc2ccc(=O)oc2c1CC=C(C)[CH3:1]|COc1cc[c:1]2[cH:1][cH:1][c:1](=O)[o:1][c:1]2c1CC=C(C)C|COc1ccc2ccc(=O)oc2c1[CH2:1][CH:1]=[C:1](C)[CH3:1]|COc1ccc2c(o[c:1](=[O:1])c[cH:1]2)c1CC=C(C)C|COc1ccc2ccc(=O)oc2c1[CH2:1]C=C(C)C|COc1ccc2c(oc(=O)c[cH:1]2)c1CC=C(C)C|COc1c[cH:1]c2ccc(=O)oc2c1CC=C(C)C|COc1cc[c:1]2[cH:1][cH:1][c:1](=O)[o:1][c:1]2c1CC=C(C)C|COc1ccc2ccc(=O)oc2c1C[CH:1]=[C:1](C)[CH3:1]|COc1ccc2ccc(=O)oc2c1C[CH:1]=C(C)C|COc1c(CC=C(C)C)c2oc(=O)ccc2c[cH:1]1|COc1ccc2ccc(=O)oc2c1[CH2:1][CH:1]=[C:1](C)C|COc1ccc2ccc(=O)oc2c1C[CH:1]=[C:1](C)C|COc1cc[c:1]2[cH:1][cH:1][c:1](=O)[o:1][c:1]2c1CC=C(C)C|COc1ccc2ccc(=O)oc2c1[CH2:1][CH:1]=[C:1](C)[CH3:1]|CC(C)=CCc1c([O:1]C)ccc2ccc(=O)oc12|COc1ccc2ccc(=O)oc2c1CC=C(C)[CH3:1]|COc1ccc2ccc(=O)oc2c1CC=C(C)[CH3:1]|COc1ccc2c[cH:1]c(=O)oc2c1CC=C(C)C|COc1ccc2ccc(=O)oc2c1C[CH:1]=[C:1](C)C|COc1ccc2ccc(=O)oc2c1[CH2:1]C=C(C)C|COc1cc[c:1]2[cH:1][cH:1][c:1](=O)[o:1][c:1]2c1CC=C(C)C|COc1ccc2ccc(=O)oc2c1CC=C(C)[CH3:1]|COc1ccc2c(o[c:1](=[O:1])c[cH:1]2)c1CC=C(C)C|COc1ccc2ccc(=O)oc2c1[CH2:1][CH:1]=[C:1](C)[CH3:1]|COc1cc[c:1]2[cH:1][cH:1][c:1](=O)[o:1][c:1]2c1CC=C(C)C|COc1ccc2ccc(=O)oc2c1C[CH:1]=[C:1](C)[CH3:1]|COc1ccc2ccc(=O)oc2c1C[CH:1]=C(C)C|COc1c[cH:1]c2ccc(=O)oc2c1CC=C(C)C|COc1ccc2ccc(=O)oc2c1C[CH:1]=[C:1](C)C|COc1c(CC=C(C)C)c2oc(=O)ccc2c[cH:1]1|COc1ccc2ccc(=O)oc2c1[CH2:1][CH:1]=[C:1](C)C|COc1cc[c:1]2[cH:1][cH:1][c:1](=O)[o:1][c:1]2c1CC=C(C)C|COc1ccc2c(oc(=O)c[cH:1]2)c1[CH2:1][CH:1]=[C:1](C)[CH3:1]
44,COc1ccc2ccc(=O)oc2c1CC=C(C)C,CYP2D6,C=C(C)/C=C/c1c(OC)ccc2ccc(=O)oc12|CC(C)=CCc1c(O)ccc2ccc(=O)oc12|COc1ccc2cc(O)c(=O)oc2c1CC=C(C)C|COc1ccc2ccc(=O)oc2c1C/C=C(\C)CO,CC(C)=CCc1c([O:1]C)ccc2ccc(=O)oc12|COc1ccc2c[cH:1]c(=O)oc2c1CC=C(C)C|COc1ccc2ccc(=O)oc2c1CC=C(C)[CH3:1]|COc1ccc2ccc(=O)oc2c1[CH2:1][CH:1]=[C:1](C)[CH3:1],COc1ccc2ccc(=O)oc2c1[CH2:1][CH:1]=[C:1](C)[CH3:1]|CC(C)=CCc1c([O:1]C)ccc2ccc(=O)oc12|COc1ccc2ccc(=O)oc2c1CC=C(C)[CH3:1]|COc1ccc2ccc(=O)oc2c1CC=C(C)[CH3:1]|COc1ccc2c[cH:1]c(=O)oc2c1CC=C(C)C|COc1ccc2ccc(=O)oc2c1C[CH:1]=[C:1](C)C|COc1cc[c:1]2[cH:1][cH:1][c:1](=O)[o:1][c:1]2c1CC=C(C)C|COc1ccc2ccc(=O)oc2c1[CH2:1]C=C(C)C|COc1ccc2ccc(=O)oc2c1CC=C(C)[CH3:1]|COc1ccc2c(o[c:1](=[O:1])c[cH:1]2)c1CC=C(C)C|COc1ccc2ccc(=O)oc2c1[CH2:1][CH:1]=[C:1](C)[CH3:1]|COc1ccc2ccc(=O)oc2c1C[CH:1]=[C:1](C)[CH3:1]|COc1cc[c:1]2[cH:1][cH:1][c:1](=O)[o:1][c:1]2c1CC=C(C)C|COc1c[cH:1]c2ccc(=O)oc2c1CC=C(C)C|COc1ccc2ccc(=O)oc2c1C[CH:1]=C(C)C|COc1ccc2ccc(=O)oc2c1[CH2:1][CH:1]=[C:1](C)C|COc1cc[c:1]2[cH:1][cH:1][c:1](=O)[o:1][c:1]2c1CC=C(C)C|COc1c(CC=C(C)C)c2oc(=O)ccc2c[cH:1]1|COc1ccc2ccc(=O)oc2c1C[CH:1]=[C:1](C)C|COc1ccc2c(oc(=O)c[cH:1]2)c1CC=C(C)C|COc1ccc2ccc(=O)oc2c1[CH2:1][CH:1]=[C:1](C)[CH3:1]|CC(C)=CCc1c([O:1]C)ccc2ccc(=O)oc12|COc1ccc2ccc(=O)oc2c1CC=C(C)[CH3:1]|COc1ccc2ccc(=O)oc2c1CC=C(C)[CH3:1]|COc1ccc2c[cH:1]c(=O)oc2c1CC=C(C)C|COc1ccc2ccc(=O)oc2c1C[CH:1]=[C:1](C)C|COc1cc[c:1]2[cH:1][cH:1][c:1](=O)[o:1][c:1]2c1CC=C(C)C|COc1ccc2ccc(=O)oc2c1CC=C(C)[CH3:1]|COc1ccc2ccc(=O)oc2c1[CH2:1]C=C(C)C|COc1ccc2c(o[c:1](=[O:1])c[cH:1]2)c1CC=C(C)C|COc1ccc2ccc(=O)oc2c1[CH2:1][CH:1]=[C:1](C)[CH3:1]|COc1ccc2ccc(=O)oc2c1C[CH:1]=[C:1](C)[CH3:1]|COc1cc[c:1]2[cH:1][cH:1][c:1](=O)[o:1][c:1]2c1CC=C(C)C|COc1c[cH:1]c2ccc(=O)oc2c1CC=C(C)C|COc1ccc2ccc(=O)oc2c1C[CH:1]=C(C)C|COc1ccc2ccc(=O)oc2c1[CH2:1][CH:1]=[C:1](C)C|COc1c(CC=C(C)C)c2oc(=O)ccc2c[cH:1]1|COc1ccc2ccc(=O)oc2c1C[CH:1]=[C:1](C)C|COc1cc[c:1]2[cH:1][cH:1][c:1](=O)[o:1][c:1]2c1CC=C(C)C|COc1ccc2c(oc(=O)c[cH:1]2)c1CC=C(C)C|COc1ccc2ccc(=O)oc2c1[CH2:1][CH:1]=[C:1](C)[CH3:1]|CC(C)=CCc1c([O:1]C)ccc2ccc(=O)oc12|COc1ccc2ccc(=O)oc2c1CC=C(C)[CH3:1]|COc1ccc2ccc(=O)oc2c1CC=C(C)[CH3:1]|COc1ccc2c[cH:1]c(=O)oc2c1CC=C(C)C|COc1ccc2ccc(=O)oc2c1C[CH:1]=[C:1](C)C|COc1ccc2ccc(=O)oc2c1CC=C(C)[CH3:1]|COc1cc[c:1]2[cH:1][cH:1][c:1](=O)[o:1][c:1]2c1CC=C(C)C|COc1ccc2ccc(=O)oc2c1[CH2:1][CH:1]=[C:1](C)[CH3:1]|COc1ccc2c(o[c:1](=[O:1])c[cH:1]2)c1CC=C(C)C|COc1ccc2ccc(=O)oc2c1[CH2:1]C=C(C)C|COc1ccc2c(oc(=O)c[cH:1]2)c1CC=C(C)C|COc1c[cH:1]c2ccc(=O)oc2c1CC=C(C)C|COc1cc[c:1]2[cH:1][cH:1][c:1](=O)[o:1][c:1]2c1CC=C(C)C|COc1ccc2ccc(=O)oc2c1C[CH:1]=[C:1](C)[CH3:1]|COc1ccc2ccc(=O)oc2c1C[CH:1]=C(C)C|COc1c(CC=C(C)C)c2oc(=O)ccc2c[cH:1]1|COc1ccc2ccc(=O)oc2c1[CH2:1][CH:1]=[C:1](C)C|COc1ccc2ccc(=O)oc2c1C[CH:1]=[C:1](C)C|COc1cc[c:1]2[cH:1][cH:1][c:1](=O)[o:1][c:1]2c1CC=C(C)C|COc1ccc2ccc(=O)oc2c1[CH2:1][CH:1]=[C:1](C)[CH3:1]|CC(C)=CCc1c([O:1]C)ccc2ccc(=O)oc12|COc1ccc2ccc(=O)oc2c1CC=C(C)[CH3:1]|COc1ccc2ccc(=O)oc2c1CC=C(C)[CH3:1]|COc1ccc2c[cH:1]c(=O)oc2c1CC=C(C)C|COc1ccc2ccc(=O)oc2c1C[CH:1]=[C:1](C)C|COc1ccc2ccc(=O)oc2c1[CH2:1]C=C(C)C|COc1cc[c:1]2[cH:1][cH:1][c:1](=O)[o:1][c:1]2c1CC=C(C)C|COc1ccc2ccc(=O)oc2c1CC=C(C)[CH3:1]|COc1ccc2c(o[c:1](=[O:1])c[cH:1]2)c1CC=C(C)C|COc1ccc2ccc(=O)oc2c1[CH2:1][CH:1]=[C:1](C)[CH3:1]|COc1cc[c:1]2[cH:1][cH:1][c:1](=O)[o:1][c:1]2c1CC=C(C)C|COc1ccc2ccc(=O)oc2c1C[CH:1]=[C:1](C)[CH3:1]|COc1ccc2ccc(=O)oc2c1C[CH:1]=C(C)C|COc1c[cH:1]c2ccc(=O)oc2c1CC=C(C)C|COc1ccc2ccc(=O)oc2c1C[CH:1]=[C:1](C)C|COc1c(CC=C(C)C)c2oc(=O)ccc2c[cH:1]1|COc1ccc2ccc(=O)oc2c1[CH2:1][CH:1]=[C:1](C)C|COc1cc[c:1]2[cH:1][cH:1][c:1](=O)[o:1][c:1]2c1CC=C(C)C|COc1ccc2c(oc(=O)c[cH:1]2)c1[CH2:1][CH:1]=[C:1](C)[CH3:1]
45,COc1ccc2ccc(=O)oc2c1CC=C(C)C,CYP3A4,C=C(C)/C=C/c1c(OC)ccc2ccc(=O)oc12|CC(C)=CCc1c(O)ccc2ccc(=O)oc12|COc1ccc2ccc(=O)oc2c1C/C=C(\C)CO,CC(C)=CCc1c([O:1]C)ccc2ccc(=O)oc12|COc1ccc2ccc(=O)oc2c1CC=C(C)[CH3:1]|COc1ccc2ccc(=O)oc2c1[CH2:1][CH:1]=[C:1](C)[CH3:1],COc1ccc2ccc(=O)oc2c1[CH2:1][CH:1]=[C:1](C)[CH3:1]|CC(C)=CCc1c([O:1]C)ccc2ccc(=O)oc12|COc1ccc2ccc(=O)oc2c1CC=C(C)[CH3:1]|COc1ccc2ccc(=O)oc2c1CC=C(C)[CH3:1]|COc1ccc2c[cH:1]c(=O)oc2c1CC=C(C)C|COc1ccc2ccc(=O)oc2c1C[CH:1]=[C:1](C)C|COc1cc[c:1]2[cH:1][cH:1][c:1](=O)[o:1][c:1]2c1CC=C(C)C|COc1ccc2ccc(=O)oc2c1[CH2:1]C=C(C)C|COc1ccc2ccc(=O)oc2c1CC=C(C)[CH3:1]|COc1ccc2c(o[c:1](=[O:1])c[cH:1]2)c1CC=C(C)C|COc1ccc2ccc(=O)oc2c1[CH2:1][CH:1]=[C:1](C)[CH3:1]|COc1ccc2ccc(=O)oc2c1C[CH:1]=[C:1](C)[CH3:1]|COc1cc[c:1]2[cH:1][cH:1][c:1](=O)[o:1][c:1]2c1CC=C(C)C|COc1c[cH:1]c2ccc(=O)oc2c1CC=C(C)C|COc1ccc2ccc(=O)oc2c1C[CH:1]=C(C)C|COc1ccc2ccc(=O)oc2c1[CH2:1][CH:1]=[C:1](C)C|COc1cc[c:1]2[cH:1][cH:1][c:1](=O)[o:1][c:1]2c1CC=C(C)C|COc1c(CC=C(C)C)c2oc(=O)ccc2c[cH:1]1|COc1ccc2ccc(=O)oc2c1C[CH:1]=[C:1](C)C|COc1ccc2c(oc(=O)c[cH:1]2)c1CC=C(C)C|COc1ccc2ccc(=O)oc2c1[CH2:1][CH:1]=[C:1](C)[CH3:1]|CC(C)=CCc1c([O:1]C)ccc2ccc(=O)oc12|COc1ccc2ccc(=O)oc2c1CC=C(C)[CH3:1]|COc1ccc2ccc(=O)oc2c1CC=C(C)[CH3:1]|COc1ccc2c[cH:1]c(=O)oc2c1CC=C(C)C|COc1ccc2ccc(=O)oc2c1C[CH:1]=[C:1](C)C|COc1cc[c:1]2[cH:1][cH:1][c:1](=O)[o:1][c:1]2c1CC=C(C)C|COc1ccc2ccc(=O)oc2c1CC=C(C)[CH3:1]|COc1ccc2ccc(=O)oc2c1[CH2:1]C=C(C)C|COc1ccc2c(o[c:1](=[O:1])c[cH:1]2)c1CC=C(C)C|COc1ccc2ccc(=O)oc2c1[CH2:1][CH:1]=[C:1](C)[CH3:1]|COc1ccc2ccc(=O)oc2c1C[CH:1]=[C:1](C)[CH3:1]|COc1cc[c:1]2[cH:1][cH:1][c:1](=O)[o:1][c:1]2c1CC=C(C)C|COc1c[cH:1]c2ccc(=O)oc2c1CC=C(C)C|COc1ccc2ccc(=O)oc2c1C[CH:1]=C(C)C|COc1ccc2ccc(=O)oc2c1[CH2:1][CH:1]=[C:1](C)C|COc1c(CC=C(C)C)c2oc(=O)ccc2c[cH:1]1|COc1ccc2ccc(=O)oc2c1C[CH:1]=[C:1](C)C|COc1cc[c:1]2[cH:1][cH:1][c:1](=O)[o:1][c:1]2c1CC=C(C)C|COc1ccc2c(oc(=O)c[cH:1]2)c1CC=C(C)C|COc1ccc2ccc(=O)oc2c1[CH2:1][CH:1]=[C:1](C)[CH3:1]|CC(C)=CCc1c([O:1]C)ccc2ccc(=O)oc12|COc1ccc2ccc(=O)oc2c1CC=C(C)[CH3:1]|COc1ccc2ccc(=O)oc2c1CC=C(C)[CH3:1]|COc1ccc2c[cH:1]c(=O)oc2c1CC=C(C)C|COc1ccc2ccc(=O)oc2c1C[CH:1]=[C:1](C)C|COc1ccc2ccc(=O)oc2c1CC=C(C)[CH3:1]|COc1cc[c:1]2[cH:1][cH:1][c:1](=O)[o:1][c:1]2c1CC=C(C)C|COc1ccc2ccc(=O)oc2c1[CH2:1][CH:1]=[C:1](C)[CH3:1]|COc1ccc2c(o[c:1](=[O:1])c[cH:1]2)c1CC=C(C)C|COc1ccc2ccc(=O)oc2c1[CH2:1]C=C(C)C|COc1ccc2c(oc(=O)c[cH:1]2)c1CC=C(C)C|COc1c[cH:1]c2ccc(=O)oc2c1CC=C(C)C|COc1cc[c:1]2[cH:1][cH:1][c:1](=O)[o:1][c:1]2c1CC=C(C)C|COc1ccc2ccc(=O)oc2c1C[CH:1]=[C:1](C)[CH3:1]|COc1ccc2ccc(=O)oc2c1C[CH:1]=C(C)C|COc1c(CC=C(C)C)c2oc(=O)ccc2c[cH:1]1|COc1ccc2ccc(=O)oc2c1[CH2:1][CH:1]=[C:1](C)C|COc1ccc2ccc(=O)oc2c1C[CH:1]=[C:1](C)C|COc1cc[c:1]2[cH:1][cH:1][c:1](=O)[o:1][c:1]2c1CC=C(C)C|COc1ccc2ccc(=O)oc2c1[CH2:1][CH:1]=[C:1](C)[CH3:1]|CC(C)=CCc1c([O:1]C)ccc2ccc(=O)oc12|COc1ccc2ccc(=O)oc2c1CC=C(C)[CH3:1]|COc1ccc2ccc(=O)oc2c1CC=C(C)[CH3:1]|COc1ccc2c[cH:1]c(=O)oc2c1CC=C(C)C|COc1ccc2ccc(=O)oc2c1C[CH:1]=[C:1](C)C|COc1ccc2ccc(=O)oc2c1[CH2:1]C=C(C)C|COc1cc[c:1]2[cH:1][cH:1][c:1](=O)[o:1][c:1]2c1CC=C(C)C|COc1ccc2ccc(=O)oc2c1CC=C(C)[CH3:1]|COc1ccc2c(o[c:1](=[O:1])c[cH:1]2)c1CC=C(C)C|COc1ccc2ccc(=O)oc2c1[CH2:1][CH:1]=[C:1](C)[CH3:1]|COc1cc[c:1]2[cH:1][cH:1][c:1](=O)[o:1][c:1]2c1CC=C(C)C|COc1ccc2ccc(=O)oc2c1C[CH:1]=[C:1](C)[CH3:1]|COc1ccc2ccc(=O)oc2c1C[CH:1]=C(C)C|COc1c[cH:1]c2ccc(=O)oc2c1CC=C(C)C|COc1ccc2ccc(=O)oc2c1C[CH:1]=[C:1](C)C|COc1c(CC=C(C)C)c2oc(=O)ccc2c[cH:1]1|COc1ccc2ccc(=O)oc2c1[CH2:1][CH:1]=[C:1](C)C|COc1cc[c:1]2[cH:1][cH:1][c:1](=O)[o:1][c:1]2c1CC=C(C)C|COc1ccc2c(oc(=O)c[cH:1]2)c1[CH2:1][CH:1]=[C:1](C)[CH3:1]
46,COc1ccccc1Oc1c(NS(=O)(=O)c2ccc(C(C)(C)C)cc2)nc(-c2ncccn2)nc1OCCO,CYP2C9,COc1ccccc1Oc1c(NS(=O)(=O)c2ccc(C(C)(C)CO)cc2)nc(-c2ncccn2)nc1OCCO,COc1ccccc1Oc1c(NS(=O)(=O)c2ccc(C(C)(C)[CH3:1])cc2)nc(-c2ncccn2)nc1OCCO,COc1ccccc1Oc1c(NS(=O)(=O)c2ccc(C(C)(C)[CH3:1])cc2)nc(-c2ncccn2)nc1OCCO|CC(C)(C)c1ccc(S(=O)(=O)Nc2nc(-c3ncccn3)nc(OCCO)c2Oc2ccccc2[O:1]C)cc1|CC(C)(C)c1ccc(S(=O)(=O)Nc2nc(-c3ncccn3)nc(OCCO)c2Oc2ccccc2O[CH3:1])cc1|COc1ccccc1Oc1c(NS(=O)(=O)c2ccc(C(C)(C)C)cc2)nc(-c2ncccn2)nc1OC[CH2:1][OH:1]|CC(C)(C)c1ccc(S(=O)(=O)N[c:1]2[n:1][c:1](-c3ncccn3)[n:1][c:1](OCCO)[c:1]2Oc2ccccc2[O:1]C)cc1|COc1c[cH:1]ccc1Oc1c(NS(=O)(=O)c2ccc(C(C)(C)C)cc2)nc(-c2ncccn2)nc1OCCO|COc1ccccc1O[c:1]1[c:1](NS(=O)(=O)c2ccc(C(C)(C)C)cc2)[n:1][c:1](-c2ncccn2)[n:1][c:1]1OCCO|COc1ccccc1Oc1c(OCCO)nc(-c2ncccn2)nc1[NH:1]S(=O)(=O)c1ccc(C(C)(C)C)cc1|COc1ccccc1Oc1c(NS(=O)(=O)c2ccc(C(C)(C)C)cc2)nc(-c2ncccn2)nc1OC[CH2:1]O|CC(C)(C)c1ccc(S(=O)(=O)N[c:1]2[n:1][c:1](-c3ncccn3)[n:1][c:1](OCCO)[c:1]2Oc2ccccc2[O:1]C)cc1|CC(C)(C)c1ccc(S(=O)(=O)N[c:1]2[n:1][c:1](-c3ncccn3)[n:1][c:1](OCCO)[c:1]2Oc2ccccc2[O:1]C)cc1|COc1ccccc1Oc1c(NS(=O)(=O)c2ccc(C(C)(C)C)cc2)nc(-c2ncc[cH:1]n2)nc1OCCO|COc1ccccc1Oc1c(NS(=O)(=O)c2ccc(C(C)(C)C)cc2)nc(-c2ncccn2)nc1OCCO|COc1ccccc1O[c:1]1[c:1](NS(=O)(=O)c2ccc(C(C)(C)[CH3:1])cc2)[n:1][c:1](-c2ncccn2)[n:1][c:1]1OCCO|CC(C)(C)c1ccc(S(=O)(=O)[NH:1][c:1]2nc(-c3ncccn3)nc(OCCO)c2Oc2ccccc2[O:1]C)cc1|COc1ccccc1Oc1c(NS(=O)(=O)c2ccc(C(C)(C)C)cc2)nc(-c2nc[cH:1]cn2)nc1OCCO|COc1ccccc1Oc1c(NS(=O)(=O)c2ccc([C:1](C)(C)C)cc2)nc(-c2ncccn2)nc1OCCO|COc1ccccc1Oc1c(NS(=O)(=O)c2ccc(C(C)(C)C)cc2)nc(-c2nccc[n:1]2)nc1OCCO|COc1ccccc1Oc1c(NS(=O)(=O)c2ccc(C(C)(C)C)cc2)nc(-c2ncccn2)nc1OCC[OH:1]|COc1ccccc1Oc1c(NS(=O)(=O)c2ccc(C(C)(C)C)cc2)nc(-c2ncccn2)n[c:1]1[O:1]CCO|COc1ccccc1Oc1c(NS(=O)(=O)c2ccc(C(C)(C)[CH3:1])cc2)nc(-c2ncccn2)nc1OCCO|CC(C)(C)c1ccc(S(=O)(=O)Nc2nc(-c3ncccn3)nc(OCCO)c2Oc2ccccc2[O:1]C)cc1|CC(C)(C)c1ccc(S(=O)(=O)Nc2nc(-c3ncccn3)nc(OCCO)c2Oc2ccccc2O[CH3:1])cc1|COc1ccccc1Oc1c(NS(=O)(=O)c2ccc(C(C)(C)C)cc2)nc(-c2ncccn2)nc1OC[CH2:1][OH:1]|COc1c[cH:1]ccc1Oc1c(NS(=O)(=O)c2ccc(C(C)(C)C)cc2)nc(-c2ncccn2)nc1OCCO|CC(C)(C)c1ccc(S(=O)(=O)N[c:1]2[n:1][c:1](-c3ncccn3)[n:1][c:1](OCCO)[c:1]2Oc2ccccc2[O:1]C)cc1|COc1ccccc1Oc1c(NS(=O)(=O)c2ccc(C(C)(C)C)cc2)nc(-c2ncccn2)nc1OC[CH2:1]O|COc1ccccc1Oc1c(OCCO)nc(-c2ncccn2)nc1[NH:1]S(=O)(=O)c1ccc(C(C)(C)C)cc1|CC(C)(C)c1ccc(S(=O)(=O)N[c:1]2[n:1][c:1](-c3ncccn3)[n:1][c:1](OCCO)[c:1]2Oc2ccccc2[O:1]C)cc1|COc1ccccc1O[c:1]1[c:1](NS(=O)(=O)c2ccc(C(C)(C)C)cc2)[n:1][c:1](-c2ncccn2)[n:1][c:1]1OCCO|CC(C)(C)c1ccc(S(=O)(=O)N[c:1]2[n:1][c:1](-c3ncccn3)[n:1][c:1](OCCO)[c:1]2Oc2ccccc2[O:1]C)cc1|COc1ccccc1Oc1c(NS(=O)(=O)c2ccc(C(C)(C)C)cc2)nc(-c2ncccn2)nc1OCCO|CC(C)(C)c1ccc(S(=O)(=O)[NH:1][c:1]2nc(-c3ncccn3)nc(OCCO)c2Oc2ccccc2[O:1]C)cc1|COc1ccccc1Oc1c(NS(=O)(=O)c2ccc(C(C)(C)C)cc2)nc(-c2ncc[cH:1]n2)nc1OCCO|COc1ccccc1O[c:1]1[c:1](NS(=O)(=O)c2ccc(C(C)(C)[CH3:1])cc2)[n:1][c:1](-c2ncccn2)[n:1][c:1]1OCCO|COc1ccccc1Oc1c(NS(=O)(=O)c2ccc(C(C)(C)C)cc2)nc(-c2nc[cH:1]cn2)nc1OCCO|COc1ccccc1Oc1c(NS(=O)(=O)c2ccc([C:1](C)(C)C)cc2)nc(-c2ncccn2)nc1OCCO|CC(C)(C)c1ccc(S(=O)(=O)[NH:1][c:1]2nc(-c3ncccn3)nc(OCCO)c2Oc2ccccc2[O:1]C)cc1|COc1ccccc1Oc1c(NS(=O)(=O)c2ccc(C(C)(C)C)cc2)nc(-c2nccc[n:1]2)nc1OCCO|CO[c:1]1c(Oc2c(NS(=O)(=O)c3ccc(C(C)(C)C)cc3)nc(-c3ncccn3)nc2OCCO)c[cH:1][cH:1][cH:1]1
47,COc1ccccc1Oc1c(NS(=O)(=O)c2ccc(C(C)(C)C)cc2)nc(-c2ncccn2)nc1OCCO,CYP3A4,CC(C)(C)c1ccc(S(=O)(=O)Nc2nc(-c3ncccn3)nc(OCCO)c2Oc2ccccc2O)cc1|COc1ccccc1Oc1c(NS(=O)(=O)c2ccc(C(C)(C)CO)cc2)nc(-c2ncccn2)nc1OCCO,CC(C)(C)c1ccc(S(=O)(=O)Nc2nc(-c3ncccn3)nc(OCCO)c2Oc2ccccc2[O:1]C)cc1|COc1ccccc1Oc1c(NS(=O)(=O)c2ccc(C(C)(C)[CH3:1])cc2)nc(-c2ncccn2)nc1OCCO,COc1ccccc1Oc1c(NS(=O)(=O)c2ccc(C(C)(C)[CH3:1])cc2)nc(-c2ncccn2)nc1OCCO|CC(C)(C)c1ccc(S(=O)(=O)Nc2nc(-c3ncccn3)nc(OCCO)c2Oc2ccccc2[O:1]C)cc1|CC(C)(C)c1ccc(S(=O)(=O)Nc2nc(-c3ncccn3)nc(OCCO)c2Oc2ccccc2O[CH3:1])cc1|COc1ccccc1Oc1c(NS(=O)(=O)c2ccc(C(C)(C)C)cc2)nc(-c2ncccn2)nc1OC[CH2:1][OH:1]|CC(C)(C)c1ccc(S(=O)(=O)N[c:1]2[n:1][c:1](-c3ncccn3)[n:1][c:1](OCCO)[c:1]2Oc2ccccc2[O:1]C)cc1|COc1c[cH:1]ccc1Oc1c(NS(=O)(=O)c2ccc(C(C)(C)C)cc2)nc(-c2ncccn2)nc1OCCO|COc1ccccc1O[c:1]1[c:1](NS(=O)(=O)c2ccc(C(C)(C)C)cc2)[n:1][c:1](-c2ncccn2)[n:1][c:1]1OCCO|COc1ccccc1Oc1c(OCCO)nc(-c2ncccn2)nc1[NH:1]S(=O)(=O)c1ccc(C(C)(C)C)cc1|COc1ccccc1Oc1c(NS(=O)(=O)c2ccc(C(C)(C)C)cc2)nc(-c2ncccn2)nc1OC[CH2:1]O|CC(C)(C)c1ccc(S(=O)(=O)N[c:1]2[n:1][c:1](-c3ncccn3)[n:1][c:1](OCCO)[c:1]2Oc2ccccc2[O:1]C)cc1|CC(C)(C)c1ccc(S(=O)(=O)N[c:1]2[n:1][c:1](-c3ncccn3)[n:1][c:1](OCCO)[c:1]2Oc2ccccc2[O:1]C)cc1|COc1ccccc1Oc1c(NS(=O)(=O)c2ccc(C(C)(C)C)cc2)nc(-c2ncc[cH:1]n2)nc1OCCO|COc1ccccc1Oc1c(NS(=O)(=O)c2ccc(C(C)(C)C)cc2)nc(-c2ncccn2)nc1OCCO|COc1ccccc1O[c:1]1[c:1](NS(=O)(=O)c2ccc(C(C)(C)[CH3:1])cc2)[n:1][c:1](-c2ncccn2)[n:1][c:1]1OCCO|CC(C)(C)c1ccc(S(=O)(=O)[NH:1][c:1]2nc(-c3ncccn3)nc(OCCO)c2Oc2ccccc2[O:1]C)cc1|COc1ccccc1Oc1c(NS(=O)(=O)c2ccc(C(C)(C)C)cc2)nc(-c2nc[cH:1]cn2)nc1OCCO|COc1ccccc1Oc1c(NS(=O)(=O)c2ccc([C:1](C)(C)C)cc2)nc(-c2ncccn2)nc1OCCO|COc1ccccc1Oc1c(NS(=O)(=O)c2ccc(C(C)(C)C)cc2)nc(-c2nccc[n:1]2)nc1OCCO|COc1ccccc1Oc1c(NS(=O)(=O)c2ccc(C(C)(C)C)cc2)nc(-c2ncccn2)nc1OCC[OH:1]|COc1ccccc1Oc1c(NS(=O)(=O)c2ccc(C(C)(C)C)cc2)nc(-c2ncccn2)n[c:1]1[O:1]CCO|COc1ccccc1Oc1c(NS(=O)(=O)c2ccc(C(C)(C)[CH3:1])cc2)nc(-c2ncccn2)nc1OCCO|CC(C)(C)c1ccc(S(=O)(=O)Nc2nc(-c3ncccn3)nc(OCCO)c2Oc2ccccc2[O:1]C)cc1|CC(C)(C)c1ccc(S(=O)(=O)Nc2nc(-c3ncccn3)nc(OCCO)c2Oc2ccccc2O[CH3:1])cc1|COc1ccccc1Oc1c(NS(=O)(=O)c2ccc(C(C)(C)C)cc2)nc(-c2ncccn2)nc1OC[CH2:1][OH:1]|COc1c[cH:1]ccc1Oc1c(NS(=O)(=O)c2ccc(C(C)(C)C)cc2)nc(-c2ncccn2)nc1OCCO|CC(C)(C)c1ccc(S(=O)(=O)N[c:1]2[n:1][c:1](-c3ncccn3)[n:1][c:1](OCCO)[c:1]2Oc2ccccc2[O:1]C)cc1|COc1ccccc1Oc1c(NS(=O)(=O)c2ccc(C(C)(C)C)cc2)nc(-c2ncccn2)nc1OC[CH2:1]O|COc1ccccc1Oc1c(OCCO)nc(-c2ncccn2)nc1[NH:1]S(=O)(=O)c1ccc(C(C)(C)C)cc1|CC(C)(C)c1ccc(S(=O)(=O)N[c:1]2[n:1][c:1](-c3ncccn3)[n:1][c:1](OCCO)[c:1]2Oc2ccccc2[O:1]C)cc1|COc1ccccc1O[c:1]1[c:1](NS(=O)(=O)c2ccc(C(C)(C)C)cc2)[n:1][c:1](-c2ncccn2)[n:1][c:1]1OCCO|CC(C)(C)c1ccc(S(=O)(=O)N[c:1]2[n:1][c:1](-c3ncccn3)[n:1][c:1](OCCO)[c:1]2Oc2ccccc2[O:1]C)cc1|COc1ccccc1Oc1c(NS(=O)(=O)c2ccc(C(C)(C)C)cc2)nc(-c2ncccn2)nc1OCCO|CC(C)(C)c1ccc(S(=O)(=O)[NH:1][c:1]2nc(-c3ncccn3)nc(OCCO)c2Oc2ccccc2[O:1]C)cc1|COc1ccccc1Oc1c(NS(=O)(=O)c2ccc(C(C)(C)C)cc2)nc(-c2ncc[cH:1]n2)nc1OCCO|COc1ccccc1O[c:1]1[c:1](NS(=O)(=O)c2ccc(C(C)(C)[CH3:1])cc2)[n:1][c:1](-c2ncccn2)[n:1][c:1]1OCCO|COc1ccccc1Oc1c(NS(=O)(=O)c2ccc(C(C)(C)C)cc2)nc(-c2nc[cH:1]cn2)nc1OCCO|COc1ccccc1Oc1c(NS(=O)(=O)c2ccc([C:1](C)(C)C)cc2)nc(-c2ncccn2)nc1OCCO|CC(C)(C)c1ccc(S(=O)(=O)[NH:1][c:1]2nc(-c3ncccn3)nc(OCCO)c2Oc2ccccc2[O:1]C)cc1|COc1ccccc1Oc1c(NS(=O)(=O)c2ccc(C(C)(C)C)cc2)nc(-c2nccc[n:1]2)nc1OCCO|CO[c:1]1c(Oc2c(NS(=O)(=O)c3ccc(C(C)(C)C)cc3)nc(-c3ncccn3)nc2OCCO)c[cH:1][cH:1][cH:1]1
48,C[C@H]1CNCCCN1S(=O)(=O)c1cccc2cncc(F)c12,CYP3A4,C[C@H]1CN=CCCN1S(=O)(=O)c1cccc2cncc(F)c12|C[C@H]1CNC(O)CCN1S(=O)(=O)c1cccc2cncc(F)c12,C[C@H]1CN[CH2:1]CCN1S(=O)(=O)c1cccc2cncc(F)c12|C[C@H]1C[NH:1][CH2:1]CCN1S(=O)(=O)c1cccc2cncc(F)c12,C[C@H]1CN[CH2:1]CCN1S(=O)(=O)c1cccc2cncc(F)c12|C[C@H]1CNCCCN1S(=O)(=O)c1cccc2c[n:1]cc(F)c12|C[C@H]1C[NH:1][CH2:1]CCN1S(=O)(=O)c1cccc2cncc(F)c12|C[C@H]1CNCCCN1S(=O)(=O)c1cccc2c1c(F)cn[cH:1]2|C[C@H]1C[NH:1]CCCN1S(=O)(=O)c1cccc2cncc(F)c12|C[C@@H]1N(S(=O)(=O)c2cccc3cncc(F)c23)CCC[NH:1][CH2:1]1|C[C@H]1CNCCCN1S(=O)(=O)c1cccc2c1c(F)cn[cH:1]2|C[C@H]1C[NH:1][CH2:1]C[CH2:1][N:1]1S(=O)(=O)c1cccc2cncc(F)c12|C[C@H:1]1CNCCC[N:1]1S(=O)(=O)c1cccc2cncc(F)c12|C[C@H]1CNCCCN1S(=O)(=O)c1cc[cH:1]c2cncc(F)c12|C[C@H]1CNCCCN1S(=O)(=O)c1cccc2cn[cH:1]c(F)c12|C[C@@H]1N(S(=O)(=O)c2cccc3cncc(F)c23)CCCN[CH2:1]1|C[C@H]1CNC[CH2:1]CN1S(=O)(=O)c1cccc2cncc(F)c12|C[C@H]1C[NH:1]CCCN1S(=O)(=O)c1cccc2cncc(F)c12|C[C@H]1C[NH:1]CCCN1S(=O)(=O)c1cccc2cncc(F)c12|C[C@H]1CNCCC[N:1]1S(=O)(=O)c1cccc2cncc(F)c12|C[C@H]1CNCCCN1S(=O)(=O)c1cccc2c[n:1]cc(F)c12|C[C@H]1CNCCCN1[S:1](=O)(=O)c1cccc2cncc(F)c12|C[C@H]1C[NH:1][CH2:1]CCN1S(=O)(=O)c1cccc2cncc(F)c12|C[C@@H]1N(S(=O)(=O)c2cccc3cncc(F)c23)CCC[NH:1][CH2:1]1
49,Cc1cc2c(s1)Nc1ccccc1N=C2N1CCN(C)CC1,CYP1A2,CN1CCN(C2=Nc3ccccc3Nc3sc(CO)cc32)CC1|Cc1cc2c(s1)Nc1ccc(O)cc1N=C2N1CCN(C)CC1|Cc1cc2c(s1)Nc1ccccc1N=C2N1CCNCC1|Cc1cc2c(s1)Nc1ccccc1N=C2N1CC[N+](C)([O-])CC1,CN1CCN(C2=Nc3ccccc3Nc3sc([CH3:1])cc32)CC1|Cc1cc2c(s1)Nc1cc[cH:1]cc1N=C2N1CCN(C)CC1|Cc1cc2c(s1)Nc1ccccc1N=C2N1CC[N:1](C)CC1,Cc1cc2c(s1)Nc1ccccc1N=C2N1CC[N:1](C)CC1|Cc1cc2c(s1)Nc1ccccc1N=C2N1CC[N:1](C)CC1|CN1CCN([C:1]2=[N:1]c3ccccc3[NH:1][c:1]3sc([CH3:1])c[c:1]32)CC1|Cc1c[c:1]2[c:1](s1)[NH:1]c1ccccc1[N:1]=[C:1]2N1CC[N:1](C)CC1|Cc1cc2c(s1)Nc1ccccc1[N:1]=[C:1]2N1CC[N:1](C)CC1|CN1CCN(C2=Nc3ccccc3Nc3sc([CH3:1])cc32)CC1|Cc1c[c:1]2[c:1](s1)[NH:1]c1ccccc1[N:1]=[C:1]2N1CC[N:1](C)CC1|Cc1c[c:1]2[c:1](s1)[NH:1][c:1]1cc[cH:1]c[c:1]1[N:1]=[C:1]2N1CCN(C)CC1|Cc1cc2c(s1)[NH:1][c:1]1cccc[c:1]1[N:1]=[C:1]2N1CC[N:1](C)CC1|Cc1cc2c(s1)[NH:1][c:1]1cccc[c:1]1[N:1]=[C:1]2N1CC[N:1](C)CC1|Cc1cc2c(s1)Nc1c[cH:1]ccc1N=C2N1CCN(C)CC1|Cc1cc2c(s1)Nc1ccccc1[N:1]=[C:1]2N1CC[N:1](C)CC1|Cc1c[c:1]2[c:1](s1)[NH:1][c:1]1[cH:1]ccc[c:1]1[N:1]=[C:1]2N1CCN(C)CC1|Cc1cc2c(s1)Nc1cc[cH:1]cc1N=C2N1CCN(C)CC1|Cc1c[c:1]2[c:1](s1)[NH:1]c1cc[cH:1]cc1[N:1]=[C:1]2N1CCN(C)CC1|Cc1cc2c(s1)[NH:1][c:1]1[cH:1]c[cH:1][cH:1][c:1]1[N:1]=[C:1]2N1CCN(C)CC1|Cc1cc2c(s1)Nc1ccccc1[N:1]=[C:1]2[N:1]1CC[N:1](C)CC1|Cc1cc2c(s1)Nc1ccccc1N=C2N1CC[N:1](C)CC1|CN1CCN(C2=Nc3ccccc3Nc3sc([CH3:1])cc32)CC1|Cc1c[c:1]2[c:1](s1)[NH:1][c:1]1cc[cH:1]c[c:1]1[N:1]=[C:1]2N1CCN(C)CC1|Cc1cc2c(s1)Nc1ccccc1N=C2N1CC[N:1](C)CC1|Cc1cc2c(s1)Nc1ccccc1N=C2N1CC[N:1](C)CC1|CN1CCN([C:1]2=[N:1]c3ccccc3[NH:1][c:1]3sc([CH3:1])c[c:1]32)CC1|Cc1c[c:1]2[c:1](s1)[NH:1]c1ccccc1[N:1]=[C:1]2N1CC[N:1](C)CC1|Cc1cc2c(s1)Nc1ccccc1[N:1]=[C:1]2N1CC[N:1](C)CC1|CN1CCN(C2=Nc3ccccc3Nc3sc([CH3:1])cc32)CC1|Cc1cc2c(s1)Nc1ccccc1[N:1]=[C:1]2N1CC[N:1](C)CC1|Cc1cc2c(s1)[NH:1][c:1]1cccc[c:1]1[N:1]=[C:1]2N1CC[N:1](C)CC1|Cc1c[c:1]2[c:1](s1)[NH:1][c:1]1cc[cH:1]c[c:1]1[N:1]=[C:1]2N1CCN(C)CC1|Cc1cc2c(s1)Nc1c[cH:1]ccc1N=C2N1CCN(C)CC1|Cc1c[c:1]2[c:1](s1)[NH:1]c1ccccc1[N:1]=[C:1]2N1CC[N:1](C)CC1|Cc1cc2c(s1)[NH:1][c:1]1[cH:1]c[cH:1][cH:1][c:1]1[N:1]=[C:1]2N1CCN(C)CC1|Cc1cc2c(s1)Nc1cc[cH:1]cc1N=C2N1CCN(C)CC1|Cc1c[c:1]2[c:1](s1)[NH:1][c:1]1[cH:1]ccc[c:1]1[N:1]=[C:1]2N1CCN(C)CC1|Cc1cc2c(s1)[NH:1][c:1]1cc[cH:1]c[c:1]1[N:1]=[C:1]2N1CCN(C)CC1|Cc1c[c:1]2[c:1](s1)[NH:1]c1cc[cH:1]cc1[N:1]=[C:1]2N1CCN(C)CC1|Cc1cc2c(s1)Nc1ccccc1[N:1]=[C:1]2[N:1]1CC[N:1](C)CC1|Cc1cc2c(s1)Nc1ccccc1N=C2N1CC[N:1](C)CC1|CN1CCN(C2=Nc3ccccc3Nc3sc([CH3:1])cc32)CC1|Cc1cc2c(s1)Nc1ccccc1[N:1]=[C:1]2[N:1]1CC[N:1](C)CC1|Cc1cc2c(s1)Nc1ccccc1N=C2N1CC[N:1](C)CC1|Cc1cc2c(s1)Nc1ccccc1N=C2N1CC[N:1](C)CC1|CN1CCN([C:1]2=[N:1]c3ccccc3[NH:1][c:1]3sc([CH3:1])c[c:1]32)CC1|Cc1c[c:1]2[c:1](s1)[NH:1]c1ccccc1[N:1]=[C:1]2N1CC[N:1](C)CC1|Cc1cc2c(s1)Nc1ccccc1[N:1]=[C:1]2N1CC[N:1](C)CC1|CN1CCN(C2=Nc3ccccc3Nc3sc([CH3:1])cc32)CC1|Cc1c[c:1]2[c:1](s1)[NH:1][c:1]1cc[cH:1]c[c:1]1[N:1]=[C:1]2N1CCN(C)CC1|Cc1cc2c(s1)Nc1ccccc1[N:1]=[C:1]2N1CC[N:1](C)CC1|Cc1cc2c(s1)[NH:1][c:1]1cccc[c:1]1[N:1]=[C:1]2N1CC[N:1](C)CC1|Cc1cc2c(s1)Nc1c[cH:1]ccc1N=C2N1CCN(C)CC1|Cc1cc2c(s1)[NH:1][c:1]1[cH:1]c[cH:1][cH:1][c:1]1[N:1]=[C:1]2N1CCN(C)CC1|Cc1c[c:1]2[c:1](s1)[NH:1]c1ccccc1[N:1]=[C:1]2N1CC[N:1](C)CC1|Cc1c[c:1]2[c:1](s1)[NH:1][c:1]1[cH:1]ccc[c:1]1[N:1]=[C:1]2N1CCN(C)CC1|Cc1cc2c(s1)Nc1cc[cH:1]cc1N=C2N1CCN(C)CC1|Cc1c[c:1]2[c:1](s1)[NH:1]c1cc[cH:1]cc1[N:1]=[C:1]2N1CCN(C)CC1|Cc1cc2c(s1)[NH:1][c:1]1cc[cH:1]c[c:1]1[N:1]=[C:1]2N1CCN(C)CC1|Cc1cc2c(s1)Nc1ccccc1[N:1]=[C:1]2[N:1]1CC[N:1](C)CC1|Cc1cc2c(s1)Nc1ccccc1N=C2N1CC[N:1](C)CC1|Cc1cc2c(s1)Nc1ccccc1[N:1]=[C:1]2[N:1]1CC[N:1](C)CC1|Cc1cc2c(s1)N[c:1]1[cH:1][cH:1][cH:1][cH:1][c:1]1N=C2N1CCN(C)CC1|Cc1cc2c(s1)Nc1ccccc1N=C2N1CC[N:1](C)CC1|Cc1cc2c(s1)Nc1ccccc1N=C2N1CC[N:1](C)CC1|CN1CCN([C:1]2=[N:1]c3ccccc3[NH:1][c:1]3sc([CH3:1])c[c:1]32)CC1|Cc1c[c:1]2[c:1](s1)[NH:1]c1ccccc1[N:1]=[C:1]2N1CC[N:1](C)CC1|Cc1cc2c(s1)Nc1ccccc1[N:1]=[C:1]2N1CC[N:1](C)CC1|CN1CCN(C2=Nc3ccccc3Nc3sc([CH3:1])cc32)CC1|Cc1c[c:1]2[c:1](s1)[NH:1]c1ccccc1[N:1]=[C:1]2N1CC[N:1](C)CC1|Cc1cc2c(s1)[NH:1][c:1]1cccc[c:1]1[N:1]=[C:1]2N1CC[N:1](C)CC1|Cc1c[c:1]2[c:1](s1)[NH:1][c:1]1cc[cH:1]c[c:1]1[N:1]=[C:1]2N1CCN(C)CC1|Cc1cc2c(s1)[NH:1][c:1]1cccc[c:1]1[N:1]=[C:1]2N1CC[N:1](C)CC1|Cc1cc2c(s1)Nc1c[cH:1]ccc1N=C2N1CCN(C)CC1|Cc1cc2c(s1)Nc1ccccc1[N:1]=[C:1]2N1CC[N:1](C)CC1|Cc1cc2c(s1)Nc1cc[cH:1]cc1N=C2N1CCN(C)CC1|Cc1c[c:1]2[c:1](s1)[NH:1][c:1]1[cH:1]ccc[c:1]1[N:1]=[C:1]2N1CCN(C)CC1|Cc1c[c:1]2[c:1](s1)[NH:1]c1cc[cH:1]cc1[N:1]=[C:1]2N1CCN(C)CC1|Cc1cc2c(s1)Nc1ccccc1[N:1]=[C:1]2[N:1]1CC[N:1](C)CC1|Cc1cc2c(s1)[NH:1][c:1]1[cH:1]c[cH:1][cH:1][c:1]1[N:1]=[C:1]2N1CCN(C)CC1|Cc1cc2c(s1)Nc1ccccc1N=C2N1CC[N:1](C)CC1|Cc1cc2c(s1)Nc1ccccc1N=C2N1CCN(C)[CH2:1]C1|Cc1c[c:1]2[c:1](s1)[NH:1][c:1]1cc[cH:1]c[c:1]1[N:1]=[C:1]2N1CCN(C)CC1
50,Cc1cc2c(s1)Nc1ccccc1N=C2N1CCN(C)CC1,CYP2C9,CN1CCN(C2=Nc3ccccc3Nc3sc(CO)cc32)CC1|Cc1cc2c(s1)Nc1ccc(O)cc1N=C2N1CCN(C)CC1|Cc1cc2c(s1)Nc1ccccc1N=C2N1CC[N+](C)([O-])CC1,CN1CCN(C2=Nc3ccccc3Nc3sc([CH3:1])cc32)CC1|Cc1cc2c(s1)Nc1cc[cH:1]cc1N=C2N1CCN(C)CC1|Cc1cc2c(s1)Nc1ccccc1N=C2N1CC[N:1](C)CC1,Cc1cc2c(s1)Nc1ccccc1N=C2N1CC[N:1](C)CC1|Cc1cc2c(s1)Nc1ccccc1N=C2N1CC[N:1](C)CC1|CN1CCN([C:1]2=[N:1]c3ccccc3[NH:1][c:1]3sc([CH3:1])c[c:1]32)CC1|Cc1c[c:1]2[c:1](s1)[NH:1]c1ccccc1[N:1]=[C:1]2N1CC[N:1](C)CC1|Cc1cc2c(s1)Nc1ccccc1[N:1]=[C:1]2N1CC[N:1](C)CC1|CN1CCN(C2=Nc3ccccc3Nc3sc([CH3:1])cc32)CC1|Cc1c[c:1]2[c:1](s1)[NH:1]c1ccccc1[N:1]=[C:1]2N1CC[N:1](C)CC1|Cc1c[c:1]2[c:1](s1)[NH:1][c:1]1cc[cH:1]c[c:1]1[N:1]=[C:1]2N1CCN(C)CC1|Cc1cc2c(s1)[NH:1][c:1]1cccc[c:1]1[N:1]=[C:1]2N1CC[N:1](C)CC1|Cc1cc2c(s1)[NH:1][c:1]1cccc[c:1]1[N:1]=[C:1]2N1CC[N:1](C)CC1|Cc1cc2c(s1)Nc1c[cH:1]ccc1N=C2N1CCN(C)CC1|Cc1cc2c(s1)Nc1ccccc1[N:1]=[C:1]2N1CC[N:1](C)CC1|Cc1c[c:1]2[c:1](s1)[NH:1][c:1]1[cH:1]ccc[c:1]1[N:1]=[C:1]2N1CCN(C)CC1|Cc1cc2c(s1)Nc1cc[cH:1]cc1N=C2N1CCN(C)CC1|Cc1c[c:1]2[c:1](s1)[NH:1]c1cc[cH:1]cc1[N:1]=[C:1]2N1CCN(C)CC1|Cc1cc2c(s1)[NH:1][c:1]1[cH:1]c[cH:1][cH:1][c:1]1[N:1]=[C:1]2N1CCN(C)CC1|Cc1cc2c(s1)Nc1ccccc1[N:1]=[C:1]2[N:1]1CC[N:1](C)CC1|Cc1cc2c(s1)Nc1ccccc1N=C2N1CC[N:1](C)CC1|CN1CCN(C2=Nc3ccccc3Nc3sc([CH3:1])cc32)CC1|Cc1c[c:1]2[c:1](s1)[NH:1][c:1]1cc[cH:1]c[c:1]1[N:1]=[C:1]2N1CCN(C)CC1|Cc1cc2c(s1)Nc1ccccc1N=C2N1CC[N:1](C)CC1|Cc1cc2c(s1)Nc1ccccc1N=C2N1CC[N:1](C)CC1|CN1CCN([C:1]2=[N:1]c3ccccc3[NH:1][c:1]3sc([CH3:1])c[c:1]32)CC1|Cc1c[c:1]2[c:1](s1)[NH:1]c1ccccc1[N:1]=[C:1]2N1CC[N:1](C)CC1|Cc1cc2c(s1)Nc1ccccc1[N:1]=[C:1]2N1CC[N:1](C)CC1|CN1CCN(C2=Nc3ccccc3Nc3sc([CH3:1])cc32)CC1|Cc1cc2c(s1)Nc1ccccc1[N:1]=[C:1]2N1CC[N:1](C)CC1|Cc1cc2c(s1)[NH:1][c:1]1cccc[c:1]1[N:1]=[C:1]2N1CC[N:1](C)CC1|Cc1c[c:1]2[c:1](s1)[NH:1][c:1]1cc[cH:1]c[c:1]1[N:1]=[C:1]2N1CCN(C)CC1|Cc1cc2c(s1)Nc1c[cH:1]ccc1N=C2N1CCN(C)CC1|Cc1c[c:1]2[c:1](s1)[NH:1]c1ccccc1[N:1]=[C:1]2N1CC[N:1](C)CC1|Cc1cc2c(s1)[NH:1][c:1]1[cH:1]c[cH:1][cH:1][c:1]1[N:1]=[C:1]2N1CCN(C)CC1|Cc1cc2c(s1)Nc1cc[cH:1]cc1N=C2N1CCN(C)CC1|Cc1c[c:1]2[c:1](s1)[NH:1][c:1]1[cH:1]ccc[c:1]1[N:1]=[C:1]2N1CCN(C)CC1|Cc1cc2c(s1)[NH:1][c:1]1cc[cH:1]c[c:1]1[N:1]=[C:1]2N1CCN(C)CC1|Cc1c[c:1]2[c:1](s1)[NH:1]c1cc[cH:1]cc1[N:1]=[C:1]2N1CCN(C)CC1|Cc1cc2c(s1)Nc1ccccc1[N:1]=[C:1]2[N:1]1CC[N:1](C)CC1|Cc1cc2c(s1)Nc1ccccc1N=C2N1CC[N:1](C)CC1|CN1CCN(C2=Nc3ccccc3Nc3sc([CH3:1])cc32)CC1|Cc1cc2c(s1)Nc1ccccc1[N:1]=[C:1]2[N:1]1CC[N:1](C)CC1|Cc1cc2c(s1)Nc1ccccc1N=C2N1CC[N:1](C)CC1|Cc1cc2c(s1)Nc1ccccc1N=C2N1CC[N:1](C)CC1|CN1CCN([C:1]2=[N:1]c3ccccc3[NH:1][c:1]3sc([CH3:1])c[c:1]32)CC1|Cc1c[c:1]2[c:1](s1)[NH:1]c1ccccc1[N:1]=[C:1]2N1CC[N:1](C)CC1|Cc1cc2c(s1)Nc1ccccc1[N:1]=[C:1]2N1CC[N:1](C)CC1|CN1CCN(C2=Nc3ccccc3Nc3sc([CH3:1])cc32)CC1|Cc1c[c:1]2[c:1](s1)[NH:1][c:1]1cc[cH:1]c[c:1]1[N:1]=[C:1]2N1CCN(C)CC1|Cc1cc2c(s1)Nc1ccccc1[N:1]=[C:1]2N1CC[N:1](C)CC1|Cc1cc2c(s1)[NH:1][c:1]1cccc[c:1]1[N:1]=[C:1]2N1CC[N:1](C)CC1|Cc1cc2c(s1)Nc1c[cH:1]ccc1N=C2N1CCN(C)CC1|Cc1cc2c(s1)[NH:1][c:1]1[cH:1]c[cH:1][cH:1][c:1]1[N:1]=[C:1]2N1CCN(C)CC1|Cc1c[c:1]2[c:1](s1)[NH:1]c1ccccc1[N:1]=[C:1]2N1CC[N:1](C)CC1|Cc1c[c:1]2[c:1](s1)[NH:1][c:1]1[cH:1]ccc[c:1]1[N:1]=[C:1]2N1CCN(C)CC1|Cc1cc2c(s1)Nc1cc[cH:1]cc1N=C2N1CCN(C)CC1|Cc1c[c:1]2[c:1](s1)[NH:1]c1cc[cH:1]cc1[N:1]=[C:1]2N1CCN(C)CC1|Cc1cc2c(s1)[NH:1][c:1]1cc[cH:1]c[c:1]1[N:1]=[C:1]2N1CCN(C)CC1|Cc1cc2c(s1)Nc1ccccc1[N:1]=[C:1]2[N:1]1CC[N:1](C)CC1|Cc1cc2c(s1)Nc1ccccc1N=C2N1CC[N:1](C)CC1|Cc1cc2c(s1)Nc1ccccc1[N:1]=[C:1]2[N:1]1CC[N:1](C)CC1|Cc1cc2c(s1)N[c:1]1[cH:1][cH:1][cH:1][cH:1][c:1]1N=C2N1CCN(C)CC1|Cc1cc2c(s1)Nc1ccccc1N=C2N1CC[N:1](C)CC1|Cc1cc2c(s1)Nc1ccccc1N=C2N1CC[N:1](C)CC1|CN1CCN([C:1]2=[N:1]c3ccccc3[NH:1][c:1]3sc([CH3:1])c[c:1]32)CC1|Cc1c[c:1]2[c:1](s1)[NH:1]c1ccccc1[N:1]=[C:1]2N1CC[N:1](C)CC1|Cc1cc2c(s1)Nc1ccccc1[N:1]=[C:1]2N1CC[N:1](C)CC1|CN1CCN(C2=Nc3ccccc3Nc3sc([CH3:1])cc32)CC1|Cc1c[c:1]2[c:1](s1)[NH:1]c1ccccc1[N:1]=[C:1]2N1CC[N:1](C)CC1|Cc1cc2c(s1)[NH:1][c:1]1cccc[c:1]1[N:1]=[C:1]2N1CC[N:1](C)CC1|Cc1c[c:1]2[c:1](s1)[NH:1][c:1]1cc[cH:1]c[c:1]1[N:1]=[C:1]2N1CCN(C)CC1|Cc1cc2c(s1)[NH:1][c:1]1cccc[c:1]1[N:1]=[C:1]2N1CC[N:1](C)CC1|Cc1cc2c(s1)Nc1c[cH:1]ccc1N=C2N1CCN(C)CC1|Cc1cc2c(s1)Nc1ccccc1[N:1]=[C:1]2N1CC[N:1](C)CC1|Cc1cc2c(s1)Nc1cc[cH:1]cc1N=C2N1CCN(C)CC1|Cc1c[c:1]2[c:1](s1)[NH:1][c:1]1[cH:1]ccc[c:1]1[N:1]=[C:1]2N1CCN(C)CC1|Cc1c[c:1]2[c:1](s1)[NH:1]c1cc[cH:1]cc1[N:1]=[C:1]2N1CCN(C)CC1|Cc1cc2c(s1)Nc1ccccc1[N:1]=[C:1]2[N:1]1CC[N:1](C)CC1|Cc1cc2c(s1)[NH:1][c:1]1[cH:1]c[cH:1][cH:1][c:1]1[N:1]=[C:1]2N1CCN(C)CC1|Cc1cc2c(s1)Nc1ccccc1N=C2N1CC[N:1](C)CC1|Cc1cc2c(s1)Nc1ccccc1N=C2N1CCN(C)[CH2:1]C1|Cc1c[c:1]2[c:1](s1)[NH:1][c:1]1cc[cH:1]c[c:1]1[N:1]=[C:1]2N1CCN(C)CC1
51,Cc1cc2c(s1)Nc1ccccc1N=C2N1CCN(C)CC1,CYP2D6,CN1CCN(C2=Nc3ccccc3Nc3sc(CO)cc32)CC1|Cc1cc2c(s1)Nc1ccc(O)cc1N=C2N1CCN(C)CC1|Cc1cc2c(s1)Nc1ccccc1N=C2N1CCNCC1,CN1CCN(C2=Nc3ccccc3Nc3sc([CH3:1])cc32)CC1|Cc1cc2c(s1)Nc1cc[cH:1]cc1N=C2N1CCN(C)CC1|Cc1cc2c(s1)Nc1ccccc1N=C2N1CC[N:1](C)CC1,Cc1cc2c(s1)Nc1ccccc1N=C2N1CC[N:1](C)CC1|Cc1cc2c(s1)Nc1ccccc1N=C2N1CC[N:1](C)CC1|CN1CCN([C:1]2=[N:1]c3ccccc3[NH:1][c:1]3sc([CH3:1])c[c:1]32)CC1|Cc1c[c:1]2[c:1](s1)[NH:1]c1ccccc1[N:1]=[C:1]2N1CC[N:1](C)CC1|Cc1cc2c(s1)Nc1ccccc1[N:1]=[C:1]2N1CC[N:1](C)CC1|CN1CCN(C2=Nc3ccccc3Nc3sc([CH3:1])cc32)CC1|Cc1c[c:1]2[c:1](s1)[NH:1]c1ccccc1[N:1]=[C:1]2N1CC[N:1](C)CC1|Cc1c[c:1]2[c:1](s1)[NH:1][c:1]1cc[cH:1]c[c:1]1[N:1]=[C:1]2N1CCN(C)CC1|Cc1cc2c(s1)[NH:1][c:1]1cccc[c:1]1[N:1]=[C:1]2N1CC[N:1](C)CC1|Cc1cc2c(s1)[NH:1][c:1]1cccc[c:1]1[N:1]=[C:1]2N1CC[N:1](C)CC1|Cc1cc2c(s1)Nc1c[cH:1]ccc1N=C2N1CCN(C)CC1|Cc1cc2c(s1)Nc1ccccc1[N:1]=[C:1]2N1CC[N:1](C)CC1|Cc1c[c:1]2[c:1](s1)[NH:1][c:1]1[cH:1]ccc[c:1]1[N:1]=[C:1]2N1CCN(C)CC1|Cc1cc2c(s1)Nc1cc[cH:1]cc1N=C2N1CCN(C)CC1|Cc1c[c:1]2[c:1](s1)[NH:1]c1cc[cH:1]cc1[N:1]=[C:1]2N1CCN(C)CC1|Cc1cc2c(s1)[NH:1][c:1]1[cH:1]c[cH:1][cH:1][c:1]1[N:1]=[C:1]2N1CCN(C)CC1|Cc1cc2c(s1)Nc1ccccc1[N:1]=[C:1]2[N:1]1CC[N:1](C)CC1|Cc1cc2c(s1)Nc1ccccc1N=C2N1CC[N:1](C)CC1|CN1CCN(C2=Nc3ccccc3Nc3sc([CH3:1])cc32)CC1|Cc1c[c:1]2[c:1](s1)[NH:1][c:1]1cc[cH:1]c[c:1]1[N:1]=[C:1]2N1CCN(C)CC1|Cc1cc2c(s1)Nc1ccccc1N=C2N1CC[N:1](C)CC1|Cc1cc2c(s1)Nc1ccccc1N=C2N1CC[N:1](C)CC1|CN1CCN([C:1]2=[N:1]c3ccccc3[NH:1][c:1]3sc([CH3:1])c[c:1]32)CC1|Cc1c[c:1]2[c:1](s1)[NH:1]c1ccccc1[N:1]=[C:1]2N1CC[N:1](C)CC1|Cc1cc2c(s1)Nc1ccccc1[N:1]=[C:1]2N1CC[N:1](C)CC1|CN1CCN(C2=Nc3ccccc3Nc3sc([CH3:1])cc32)CC1|Cc1cc2c(s1)Nc1ccccc1[N:1]=[C:1]2N1CC[N:1](C)CC1|Cc1cc2c(s1)[NH:1][c:1]1cccc[c:1]1[N:1]=[C:1]2N1CC[N:1](C)CC1|Cc1c[c:1]2[c:1](s1)[NH:1][c:1]1cc[cH:1]c[c:1]1[N:1]=[C:1]2N1CCN(C)CC1|Cc1cc2c(s1)Nc1c[cH:1]ccc1N=C2N1CCN(C)CC1|Cc1c[c:1]2[c:1](s1)[NH:1]c1ccccc1[N:1]=[C:1]2N1CC[N:1](C)CC1|Cc1cc2c(s1)[NH:1][c:1]1[cH:1]c[cH:1][cH:1][c:1]1[N:1]=[C:1]2N1CCN(C)CC1|Cc1cc2c(s1)Nc1cc[cH:1]cc1N=C2N1CCN(C)CC1|Cc1c[c:1]2[c:1](s1)[NH:1][c:1]1[cH:1]ccc[c:1]1[N:1]=[C:1]2N1CCN(C)CC1|Cc1cc2c(s1)[NH:1][c:1]1cc[cH:1]c[c:1]1[N:1]=[C:1]2N1CCN(C)CC1|Cc1c[c:1]2[c:1](s1)[NH:1]c1cc[cH:1]cc1[N:1]=[C:1]2N1CCN(C)CC1|Cc1cc2c(s1)Nc1ccccc1[N:1]=[C:1]2[N:1]1CC[N:1](C)CC1|Cc1cc2c(s1)Nc1ccccc1N=C2N1CC[N:1](C)CC1|CN1CCN(C2=Nc3ccccc3Nc3sc([CH3:1])cc32)CC1|Cc1cc2c(s1)Nc1ccccc1[N:1]=[C:1]2[N:1]1CC[N:1](C)CC1|Cc1cc2c(s1)Nc1ccccc1N=C2N1CC[N:1](C)CC1|Cc1cc2c(s1)Nc1ccccc1N=C2N1CC[N:1](C)CC1|CN1CCN([C:1]2=[N:1]c3ccccc3[NH:1][c:1]3sc([CH3:1])c[c:1]32)CC1|Cc1c[c:1]2[c:1](s1)[NH:1]c1ccccc1[N:1]=[C:1]2N1CC[N:1](C)CC1|Cc1cc2c(s1)Nc1ccccc1[N:1]=[C:1]2N1CC[N:1](C)CC1|CN1CCN(C2=Nc3ccccc3Nc3sc([CH3:1])cc32)CC1|Cc1c[c:1]2[c:1](s1)[NH:1][c:1]1cc[cH:1]c[c:1]1[N:1]=[C:1]2N1CCN(C)CC1|Cc1cc2c(s1)Nc1ccccc1[N:1]=[C:1]2N1CC[N:1](C)CC1|Cc1cc2c(s1)[NH:1][c:1]1cccc[c:1]1[N:1]=[C:1]2N1CC[N:1](C)CC1|Cc1cc2c(s1)Nc1c[cH:1]ccc1N=C2N1CCN(C)CC1|Cc1cc2c(s1)[NH:1][c:1]1[cH:1]c[cH:1][cH:1][c:1]1[N:1]=[C:1]2N1CCN(C)CC1|Cc1c[c:1]2[c:1](s1)[NH:1]c1ccccc1[N:1]=[C:1]2N1CC[N:1](C)CC1|Cc1c[c:1]2[c:1](s1)[NH:1][c:1]1[cH:1]ccc[c:1]1[N:1]=[C:1]2N1CCN(C)CC1|Cc1cc2c(s1)Nc1cc[cH:1]cc1N=C2N1CCN(C)CC1|Cc1c[c:1]2[c:1](s1)[NH:1]c1cc[cH:1]cc1[N:1]=[C:1]2N1CCN(C)CC1|Cc1cc2c(s1)[NH:1][c:1]1cc[cH:1]c[c:1]1[N:1]=[C:1]2N1CCN(C)CC1|Cc1cc2c(s1)Nc1ccccc1[N:1]=[C:1]2[N:1]1CC[N:1](C)CC1|Cc1cc2c(s1)Nc1ccccc1N=C2N1CC[N:1](C)CC1|Cc1cc2c(s1)Nc1ccccc1[N:1]=[C:1]2[N:1]1CC[N:1](C)CC1|Cc1cc2c(s1)N[c:1]1[cH:1][cH:1][cH:1][cH:1][c:1]1N=C2N1CCN(C)CC1|Cc1cc2c(s1)Nc1ccccc1N=C2N1CC[N:1](C)CC1|Cc1cc2c(s1)Nc1ccccc1N=C2N1CC[N:1](C)CC1|CN1CCN([C:1]2=[N:1]c3ccccc3[NH:1][c:1]3sc([CH3:1])c[c:1]32)CC1|Cc1c[c:1]2[c:1](s1)[NH:1]c1ccccc1[N:1]=[C:1]2N1CC[N:1](C)CC1|Cc1cc2c(s1)Nc1ccccc1[N:1]=[C:1]2N1CC[N:1](C)CC1|CN1CCN(C2=Nc3ccccc3Nc3sc([CH3:1])cc32)CC1|Cc1c[c:1]2[c:1](s1)[NH:1]c1ccccc1[N:1]=[C:1]2N1CC[N:1](C)CC1|Cc1cc2c(s1)[NH:1][c:1]1cccc[c:1]1[N:1]=[C:1]2N1CC[N:1](C)CC1|Cc1c[c:1]2[c:1](s1)[NH:1][c:1]1cc[cH:1]c[c:1]1[N:1]=[C:1]2N1CCN(C)CC1|Cc1cc2c(s1)[NH:1][c:1]1cccc[c:1]1[N:1]=[C:1]2N1CC[N:1](C)CC1|Cc1cc2c(s1)Nc1c[cH:1]ccc1N=C2N1CCN(C)CC1|Cc1cc2c(s1)Nc1ccccc1[N:1]=[C:1]2N1CC[N:1](C)CC1|Cc1cc2c(s1)Nc1cc[cH:1]cc1N=C2N1CCN(C)CC1|Cc1c[c:1]2[c:1](s1)[NH:1][c:1]1[cH:1]ccc[c:1]1[N:1]=[C:1]2N1CCN(C)CC1|Cc1c[c:1]2[c:1](s1)[NH:1]c1cc[cH:1]cc1[N:1]=[C:1]2N1CCN(C)CC1|Cc1cc2c(s1)Nc1ccccc1[N:1]=[C:1]2[N:1]1CC[N:1](C)CC1|Cc1cc2c(s1)[NH:1][c:1]1[cH:1]c[cH:1][cH:1][c:1]1[N:1]=[C:1]2N1CCN(C)CC1|Cc1cc2c(s1)Nc1ccccc1N=C2N1CC[N:1](C)CC1|Cc1cc2c(s1)Nc1ccccc1N=C2N1CCN(C)[CH2:1]C1|Cc1c[c:1]2[c:1](s1)[NH:1][c:1]1cc[cH:1]c[c:1]1[N:1]=[C:1]2N1CCN(C)CC1
52,Cc1cc2c(s1)Nc1ccccc1N=C2N1CCN(C)CC1,CYP3A4,CN1CCN(C2=Nc3ccccc3Nc3sc(CO)cc32)CC1|Cc1cc2c(s1)Nc1ccc(O)cc1N=C2N1CCN(C)CC1|Cc1cc2c(s1)Nc1ccccc1N=C2N1CCNCC1|Cc1cc2c(s1)Nc1ccccc1N=C2N1CC[N+](C)([O-])CC1,CN1CCN(C2=Nc3ccccc3Nc3sc([CH3:1])cc32)CC1|Cc1cc2c(s1)Nc1cc[cH:1]cc1N=C2N1CCN(C)CC1|Cc1cc2c(s1)Nc1ccccc1N=C2N1CC[N:1](C)CC1,Cc1cc2c(s1)Nc1ccccc1N=C2N1CC[N:1](C)CC1|Cc1cc2c(s1)Nc1ccccc1N=C2N1CC[N:1](C)CC1|CN1CCN([C:1]2=[N:1]c3ccccc3[NH:1][c:1]3sc([CH3:1])c[c:1]32)CC1|Cc1c[c:1]2[c:1](s1)[NH:1]c1ccccc1[N:1]=[C:1]2N1CC[N:1](C)CC1|Cc1cc2c(s1)Nc1ccccc1[N:1]=[C:1]2N1CC[N:1](C)CC1|CN1CCN(C2=Nc3ccccc3Nc3sc([CH3:1])cc32)CC1|Cc1c[c:1]2[c:1](s1)[NH:1]c1ccccc1[N:1]=[C:1]2N1CC[N:1](C)CC1|Cc1c[c:1]2[c:1](s1)[NH:1][c:1]1cc[cH:1]c[c:1]1[N:1]=[C:1]2N1CCN(C)CC1|Cc1cc2c(s1)[NH:1][c:1]1cccc[c:1]1[N:1]=[C:1]2N1CC[N:1](C)CC1|Cc1cc2c(s1)[NH:1][c:1]1cccc[c:1]1[N:1]=[C:1]2N1CC[N:1](C)CC1|Cc1cc2c(s1)Nc1c[cH:1]ccc1N=C2N1CCN(C)CC1|Cc1cc2c(s1)Nc1ccccc1[N:1]=[C:1]2N1CC[N:1](C)CC1|Cc1c[c:1]2[c:1](s1)[NH:1][c:1]1[cH:1]ccc[c:1]1[N:1]=[C:1]2N1CCN(C)CC1|Cc1cc2c(s1)Nc1cc[cH:1]cc1N=C2N1CCN(C)CC1|Cc1c[c:1]2[c:1](s1)[NH:1]c1cc[cH:1]cc1[N:1]=[C:1]2N1CCN(C)CC1|Cc1cc2c(s1)[NH:1][c:1]1[cH:1]c[cH:1][cH:1][c:1]1[N:1]=[C:1]2N1CCN(C)CC1|Cc1cc2c(s1)Nc1ccccc1[N:1]=[C:1]2[N:1]1CC[N:1](C)CC1|Cc1cc2c(s1)Nc1ccccc1N=C2N1CC[N:1](C)CC1|CN1CCN(C2=Nc3ccccc3Nc3sc([CH3:1])cc32)CC1|Cc1c[c:1]2[c:1](s1)[NH:1][c:1]1cc[cH:1]c[c:1]1[N:1]=[C:1]2N1CCN(C)CC1|Cc1cc2c(s1)Nc1ccccc1N=C2N1CC[N:1](C)CC1|Cc1cc2c(s1)Nc1ccccc1N=C2N1CC[N:1](C)CC1|CN1CCN([C:1]2=[N:1]c3ccccc3[NH:1][c:1]3sc([CH3:1])c[c:1]32)CC1|Cc1c[c:1]2[c:1](s1)[NH:1]c1ccccc1[N:1]=[C:1]2N1CC[N:1](C)CC1|Cc1cc2c(s1)Nc1ccccc1[N:1]=[C:1]2N1CC[N:1](C)CC1|CN1CCN(C2=Nc3ccccc3Nc3sc([CH3:1])cc32)CC1|Cc1cc2c(s1)Nc1ccccc1[N:1]=[C:1]2N1CC[N:1](C)CC1|Cc1cc2c(s1)[NH:1][c:1]1cccc[c:1]1[N:1]=[C:1]2N1CC[N:1](C)CC1|Cc1c[c:1]2[c:1](s1)[NH:1][c:1]1cc[cH:1]c[c:1]1[N:1]=[C:1]2N1CCN(C)CC1|Cc1cc2c(s1)Nc1c[cH:1]ccc1N=C2N1CCN(C)CC1|Cc1c[c:1]2[c:1](s1)[NH:1]c1ccccc1[N:1]=[C:1]2N1CC[N:1](C)CC1|Cc1cc2c(s1)[NH:1][c:1]1[cH:1]c[cH:1][cH:1][c:1]1[N:1]=[C:1]2N1CCN(C)CC1|Cc1cc2c(s1)Nc1cc[cH:1]cc1N=C2N1CCN(C)CC1|Cc1c[c:1]2[c:1](s1)[NH:1][c:1]1[cH:1]ccc[c:1]1[N:1]=[C:1]2N1CCN(C)CC1|Cc1cc2c(s1)[NH:1][c:1]1cc[cH:1]c[c:1]1[N:1]=[C:1]2N1CCN(C)CC1|Cc1c[c:1]2[c:1](s1)[NH:1]c1cc[cH:1]cc1[N:1]=[C:1]2N1CCN(C)CC1|Cc1cc2c(s1)Nc1ccccc1[N:1]=[C:1]2[N:1]1CC[N:1](C)CC1|Cc1cc2c(s1)Nc1ccccc1N=C2N1CC[N:1](C)CC1|CN1CCN(C2=Nc3ccccc3Nc3sc([CH3:1])cc32)CC1|Cc1cc2c(s1)Nc1ccccc1[N:1]=[C:1]2[N:1]1CC[N:1](C)CC1|Cc1cc2c(s1)Nc1ccccc1N=C2N1CC[N:1](C)CC1|Cc1cc2c(s1)Nc1ccccc1N=C2N1CC[N:1](C)CC1|CN1CCN([C:1]2=[N:1]c3ccccc3[NH:1][c:1]3sc([CH3:1])c[c:1]32)CC1|Cc1c[c:1]2[c:1](s1)[NH:1]c1ccccc1[N:1]=[C:1]2N1CC[N:1](C)CC1|Cc1cc2c(s1)Nc1ccccc1[N:1]=[C:1]2N1CC[N:1](C)CC1|CN1CCN(C2=Nc3ccccc3Nc3sc([CH3:1])cc32)CC1|Cc1c[c:1]2[c:1](s1)[NH:1][c:1]1cc[cH:1]c[c:1]1[N:1]=[C:1]2N1CCN(C)CC1|Cc1cc2c(s1)Nc1ccccc1[N:1]=[C:1]2N1CC[N:1](C)CC1|Cc1cc2c(s1)[NH:1][c:1]1cccc[c:1]1[N:1]=[C:1]2N1CC[N:1](C)CC1|Cc1cc2c(s1)Nc1c[cH:1]ccc1N=C2N1CCN(C)CC1|Cc1cc2c(s1)[NH:1][c:1]1[cH:1]c[cH:1][cH:1][c:1]1[N:1]=[C:1]2N1CCN(C)CC1|Cc1c[c:1]2[c:1](s1)[NH:1]c1ccccc1[N:1]=[C:1]2N1CC[N:1](C)CC1|Cc1c[c:1]2[c:1](s1)[NH:1][c:1]1[cH:1]ccc[c:1]1[N:1]=[C:1]2N1CCN(C)CC1|Cc1cc2c(s1)Nc1cc[cH:1]cc1N=C2N1CCN(C)CC1|Cc1c[c:1]2[c:1](s1)[NH:1]c1cc[cH:1]cc1[N:1]=[C:1]2N1CCN(C)CC1|Cc1cc2c(s1)[NH:1][c:1]1cc[cH:1]c[c:1]1[N:1]=[C:1]2N1CCN(C)CC1|Cc1cc2c(s1)Nc1ccccc1[N:1]=[C:1]2[N:1]1CC[N:1](C)CC1|Cc1cc2c(s1)Nc1ccccc1N=C2N1CC[N:1](C)CC1|Cc1cc2c(s1)Nc1ccccc1[N:1]=[C:1]2[N:1]1CC[N:1](C)CC1|Cc1cc2c(s1)N[c:1]1[cH:1][cH:1][cH:1][cH:1][c:1]1N=C2N1CCN(C)CC1|Cc1cc2c(s1)Nc1ccccc1N=C2N1CC[N:1](C)CC1|Cc1cc2c(s1)Nc1ccccc1N=C2N1CC[N:1](C)CC1|CN1CCN([C:1]2=[N:1]c3ccccc3[NH:1][c:1]3sc([CH3:1])c[c:1]32)CC1|Cc1c[c:1]2[c:1](s1)[NH:1]c1ccccc1[N:1]=[C:1]2N1CC[N:1](C)CC1|Cc1cc2c(s1)Nc1ccccc1[N:1]=[C:1]2N1CC[N:1](C)CC1|CN1CCN(C2=Nc3ccccc3Nc3sc([CH3:1])cc32)CC1|Cc1c[c:1]2[c:1](s1)[NH:1]c1ccccc1[N:1]=[C:1]2N1CC[N:1](C)CC1|Cc1cc2c(s1)[NH:1][c:1]1cccc[c:1]1[N:1]=[C:1]2N1CC[N:1](C)CC1|Cc1c[c:1]2[c:1](s1)[NH:1][c:1]1cc[cH:1]c[c:1]1[N:1]=[C:1]2N1CCN(C)CC1|Cc1cc2c(s1)[NH:1][c:1]1cccc[c:1]1[N:1]=[C:1]2N1CC[N:1](C)CC1|Cc1cc2c(s1)Nc1c[cH:1]ccc1N=C2N1CCN(C)CC1|Cc1cc2c(s1)Nc1ccccc1[N:1]=[C:1]2N1CC[N:1](C)CC1|Cc1cc2c(s1)Nc1cc[cH:1]cc1N=C2N1CCN(C)CC1|Cc1c[c:1]2[c:1](s1)[NH:1][c:1]1[cH:1]ccc[c:1]1[N:1]=[C:1]2N1CCN(C)CC1|Cc1c[c:1]2[c:1](s1)[NH:1]c1cc[cH:1]cc1[N:1]=[C:1]2N1CCN(C)CC1|Cc1cc2c(s1)Nc1ccccc1[N:1]=[C:1]2[N:1]1CC[N:1](C)CC1|Cc1cc2c(s1)[NH:1][c:1]1[cH:1]c[cH:1][cH:1][c:1]1[N:1]=[C:1]2N1CCN(C)CC1|Cc1cc2c(s1)Nc1ccccc1N=C2N1CC[N:1](C)CC1|Cc1cc2c(s1)Nc1ccccc1N=C2N1CCN(C)[CH2:1]C1|Cc1c[c:1]2[c:1](s1)[NH:1][c:1]1cc[cH:1]c[c:1]1[N:1]=[C:1]2N1CCN(C)CC1
53,Cc1ccc(S(=O)(=O)Nc2ccc(C(=O)/C=C/c3ccc(O)cc3)cc2)cc1,CYP1A2,Cc1ccc(S(=O)(=O)Nc2ccc(C(=O)/C=C/c3ccc(O)c(O)c3)cc2)cc1,Cc1ccc(S(=O)(=O)Nc2ccc(C(=O)/C=C/c3ccc(O)[cH:1]c3)cc2)cc1,O=C(/C=C/c1ccc(O)cc1)c1ccc(NS(=O)(=O)c2ccc([CH3:1])cc2)cc1|Cc1ccc(S(=O)(=O)Nc2ccc(C(=O)/C=C/c3ccc(O)[cH:1]c3)cc2)cc1|Cc1ccc(S(=O)(=O)Nc2ccc(C(=O)/C=C/c3ccc([OH:1])cc3)cc2)cc1|Cc1ccc(S(=O)(=O)Nc2ccc(C(=O)/C=C/c3ccc(O)c[cH:1]3)cc2)cc1|Cc1ccc(S(=O)(=O)Nc2ccc([C:1](/C=C/c3ccc(O)cc3)=[O:1])cc2)cc1|Cc1ccc(S(=O)(=O)Nc2ccc(C(=O)/C=C/c3ccc(O)cc3)cc2)c[cH:1]1|Cc1ccc(S(=O)(=O)Nc2ccc(C(=O)/C=C/c3ccc(O)cc3)cc2)cc1|Cc1ccc(S(=O)(=O)Nc2ccc(C(=O)/C=C/[c:1]3[cH:1][cH:1][c:1]([OH:1])[cH:1][cH:1]3)cc2)cc1|Cc1ccc(S(=O)(=O)Nc2ccc(C(=O)/[CH:1]=[CH:1]/c3ccc(O)cc3)cc2)cc1|Cc1ccc(S(=O)(=O)Nc2ccc(C(=O)/C=C/c3ccc(O)cc3)c[cH:1]2)cc1|Cc1ccc(S(=O)(=O)Nc2ccc(C(=O)/C=C/c3ccc([OH:1])cc3)cc2)cc1|Cc1ccc(S(=O)(=O)Nc2ccc(C(=O)/C=C/c3ccc(O)cc3)[cH:1]c2)cc1|Cc1ccc(S(=O)(=O)Nc2ccc(C(=O)/C=C/c3ccc([OH:1])cc3)cc2)cc1|Cc1ccc(S(=O)(=O)Nc2ccc(C(=O)/C=C/c3ccc(O)[cH:1]c3)cc2)cc1|Cc1ccc(S(=O)(=O)Nc2ccc(C(=O)/C=[CH:1]/c3ccc(O)cc3)cc2)cc1|Cc1ccc(S(=O)(=O)Nc2ccc([C:1](=O)/C=C/c3ccc(O)cc3)cc2)cc1|Cc1ccc(S(=O)(=O)Nc2ccc(C(=O)/C=C/c3ccc([OH:1])cc3)cc2)cc1|Cc1ccc(S(=O)(=O)[NH:1]c2ccc(C(=O)/C=C/c3ccc(O)cc3)cc2)cc1|Cc1ccc(S(=O)(=O)Nc2ccc(C(=O)/C=C/[c:1]3[cH:1][cH:1][c:1]([OH:1])[cH:1][cH:1]3)cc2)cc1|Cc1ccc(S(=O)(=O)Nc2ccc(C(=O)/C=[CH:1]/c3ccc(O)cc3)cc2)cc1|O=C(/C=C/c1ccc(O)cc1)c1ccc(NS(=O)(=O)c2ccc([CH3:1])cc2)cc1|Cc1ccc(S(=O)(=O)Nc2ccc(C(=O)/C=C/c3ccc(O)[cH:1]c3)cc2)cc1|Cc1ccc(S(=O)(=O)Nc2ccc(C(=O)/C=C/c3ccc([OH:1])cc3)cc2)cc1|Cc1ccc(S(=O)(=O)Nc2ccc(C(=O)/C=C/c3ccc(O)c[cH:1]3)cc2)cc1|Cc1ccc(S(=O)(=O)Nc2ccc([C:1](/C=C/c3ccc(O)cc3)=[O:1])cc2)cc1|Cc1ccc(S(=O)(=O)Nc2ccc(C(=O)/C=C/c3ccc(O)cc3)cc2)c[cH:1]1|Cc1ccc(S(=O)(=O)Nc2ccc(C(=O)/C=C/c3ccc(O)cc3)cc2)cc1|Cc1ccc(S(=O)(=O)Nc2ccc(C(=O)/[CH:1]=[CH:1]/c3ccc(O)cc3)cc2)cc1|Cc1ccc(S(=O)(=O)Nc2ccc(C(=O)/C=C/[c:1]3[cH:1][cH:1][c:1]([OH:1])[cH:1][cH:1]3)cc2)cc1|Cc1ccc(S(=O)(=O)Nc2ccc(C(=O)/C=C/c3ccc([OH:1])cc3)cc2)cc1|Cc1ccc(S(=O)(=O)Nc2ccc(C(=O)/C=C/c3ccc(O)[cH:1]c3)cc2)cc1|Cc1ccc(S(=O)(=O)Nc2ccc(C(=O)/C=C/c3ccc([OH:1])cc3)cc2)cc1|Cc1ccc(S(=O)(=O)Nc2ccc(C(=O)/C=C/c3ccc(O)cc3)[cH:1]c2)cc1|Cc1ccc(S(=O)(=O)Nc2ccc(C(=O)/C=C/c3ccc(O)cc3)c[cH:1]2)cc1|Cc1ccc(S(=O)(=O)Nc2ccc(C(=O)/C=[CH:1]/c3ccc(O)cc3)cc2)cc1|Cc1ccc(S(=O)(=O)Nc2ccc([C:1](=O)/C=C/c3ccc(O)cc3)cc2)cc1|Cc1ccc(S(=O)(=O)Nc2ccc(C(=O)/C=C/[c:1]3[cH:1][cH:1][c:1]([OH:1])[cH:1][cH:1]3)cc2)cc1|Cc1ccc(S(=O)(=O)Nc2ccc(C(=O)/C=C/c3ccc([OH:1])cc3)cc2)cc1|Cc1ccc(S(=O)(=O)[NH:1]c2ccc(C(=O)/C=C/c3ccc(O)cc3)cc2)cc1|O=C(/C=C/c1ccc(O)cc1)c1ccc(NS(=O)(=O)c2ccc([CH3:1])cc2)cc1|O=C(/C=C/c1ccc(O)cc1)c1ccc(NS(=O)(=O)c2ccc([CH3:1])cc2)cc1|Cc1ccc(S(=O)(=O)Nc2ccc(C(=O)/C=C/c3ccc(O)[cH:1]c3)cc2)cc1|Cc1ccc(S(=O)(=O)Nc2ccc(C(=O)/C=C/c3ccc([OH:1])cc3)cc2)cc1|Cc1ccc(S(=O)(=O)Nc2ccc(C(=O)/C=C/c3ccc(O)c[cH:1]3)cc2)cc1|Cc1ccc(S(=O)(=O)Nc2ccc([C:1](/C=C/c3ccc(O)cc3)=[O:1])cc2)cc1|Cc1ccc(S(=O)(=O)Nc2ccc(C(=O)/C=C/c3ccc(O)cc3)cc2)c[cH:1]1|Cc1ccc(S(=O)(=O)Nc2ccc(C(=O)/C=C/c3ccc(O)cc3)cc2)cc1|Cc1ccc(S(=O)(=O)Nc2ccc(C(=O)/C=C/c3ccc([OH:1])cc3)cc2)cc1|Cc1ccc(S(=O)(=O)Nc2ccc(C(=O)/[CH:1]=[CH:1]/c3ccc(O)cc3)cc2)cc1|Cc1ccc(S(=O)(=O)Nc2ccc(C(=O)/C=C/[c:1]3[cH:1][cH:1][c:1]([OH:1])[cH:1][cH:1]3)cc2)cc1|Cc1ccc(S(=O)(=O)Nc2ccc(C(=O)/C=C/c3ccc(O)[cH:1]c3)cc2)cc1|Cc1ccc(S(=O)(=O)Nc2ccc(C(=O)/C=C/c3ccc(O)cc3)c[cH:1]2)cc1|Cc1ccc(S(=O)(=O)Nc2ccc(C(=O)/C=C/c3ccc([OH:1])cc3)cc2)cc1|Cc1ccc(S(=O)(=O)Nc2ccc(C(=O)/C=C/c3ccc(O)cc3)[cH:1]c2)cc1|Cc1ccc(S(=O)(=O)Nc2ccc([C:1](=O)/C=C/c3ccc(O)cc3)cc2)cc1|Cc1ccc(S(=O)(=O)Nc2ccc(C(=O)/C=[CH:1]/c3ccc(O)cc3)cc2)cc1|Cc1ccc(S(=O)(=O)Nc2ccc(C(=O)/C=C/c3ccc([OH:1])cc3)cc2)cc1|Cc1ccc(S(=O)(=O)Nc2ccc(C(=O)/C=C/[c:1]3[cH:1][cH:1][c:1]([OH:1])[cH:1][cH:1]3)cc2)cc1|Cc1ccc(S(=O)(=O)[NH:1]c2ccc(C(=O)/C=C/c3ccc(O)cc3)cc2)cc1|O=C(/C=C/c1ccc(O)cc1)c1ccc(NS(=O)(=O)c2ccc([CH3:1])cc2)cc1|O=C(/C=C/c1ccc(O)cc1)c1ccc(NS(=O)(=O)c2ccc([CH3:1])cc2)cc1|Cc1ccc(S(=O)(=O)Nc2ccc(C(=O)/C=C/c3ccc(O)[cH:1]c3)cc2)cc1|Cc1ccc(S(=O)(=O)Nc2ccc(C(=O)/C=C/c3ccc([OH:1])cc3)cc2)cc1|Cc1ccc(S(=O)(=O)Nc2ccc(C(=O)/C=C/c3ccc([OH:1])cc3)cc2)cc1|Cc1ccc(S(=O)(=O)Nc2ccc(C(=O)/C=C/c3ccc(O)c[cH:1]3)cc2)cc1|Cc1ccc(S(=O)(=O)Nc2ccc([C:1](/C=C/c3ccc(O)cc3)=[O:1])cc2)cc1|Cc1ccc(S(=O)(=O)Nc2ccc(C(=O)/C=C/c3ccc(O)cc3)cc2)c[cH:1]1|Cc1ccc(S(=O)(=O)Nc2ccc(C(=O)/C=C/c3ccc(O)cc3)cc2)cc1|Cc1ccc(S(=O)(=O)Nc2ccc(C(=O)/C=C/c3ccc([OH:1])cc3)cc2)cc1|Cc1ccc(S(=O)(=O)Nc2ccc(C(=O)/C=C/[c:1]3[cH:1][cH:1][c:1]([OH:1])[cH:1][cH:1]3)cc2)cc1|Cc1ccc(S(=O)(=O)Nc2ccc(C(=O)/[CH:1]=[CH:1]/c3ccc(O)cc3)cc2)cc1|Cc1ccc(S(=O)(=O)Nc2ccc(C(=O)/C=C/c3ccc(O)cc3)c[cH:1]2)cc1|Cc1ccc(S(=O)(=O)Nc2ccc(C(=O)/C=C/c3ccc(O)cc3)[cH:1]c2)cc1|Cc1ccc(S(=O)(=O)Nc2ccc([C:1](=O)/C=C/c3ccc(O)cc3)cc2)cc1|Cc1ccc(S(=O)(=O)Nc2ccc(C(=O)/C=[CH:1]/c3ccc(O)cc3)cc2)cc1|Cc1ccc(S(=O)(=O)[NH:1]c2ccc(C(=O)/C=C/c3ccc(O)cc3)cc2)cc1|Cc1ccc(S(=O)(=O)Nc2ccc(C(=O)/C=C/c3ccc(O)[cH:1]c3)cc2)cc1|Cc1ccc(S(=O)(=O)Nc2ccc([C:1](=[O:1])/[CH:1]=[CH:1]/[c:1]3[cH:1][cH:1][c:1]([OH:1])[cH:1][cH:1]3)cc2)cc1|Cc1ccc(S(=O)(=O)Nc2ccc(C(=O)/C=C/[c:1]3[cH:1][cH:1][c:1]([OH:1])[cH:1][cH:1]3)cc2)cc1|Cc1ccc(S(=O)(=O)Nc2ccc(C(=O)/C=[CH:1]/c3ccc(O)cc3)cc2)cc1
54,Cc1ccc(S(=O)(=O)Nc2ccc(C(=O)/C=C/c3ccc(O)cc3)cc2)cc1,CYP2C9,O=C(/C=C/c1ccc(O)cc1)c1ccc(NS(=O)(=O)c2ccc(CO)cc2)cc1,O=C(/C=C/c1ccc(O)cc1)c1ccc(NS(=O)(=O)c2ccc([CH3:1])cc2)cc1,O=C(/C=C/c1ccc(O)cc1)c1ccc(NS(=O)(=O)c2ccc([CH3:1])cc2)cc1|Cc1ccc(S(=O)(=O)Nc2ccc(C(=O)/C=C/c3ccc(O)[cH:1]c3)cc2)cc1|Cc1ccc(S(=O)(=O)Nc2ccc(C(=O)/C=C/c3ccc([OH:1])cc3)cc2)cc1|Cc1ccc(S(=O)(=O)Nc2ccc(C(=O)/C=C/c3ccc(O)c[cH:1]3)cc2)cc1|Cc1ccc(S(=O)(=O)Nc2ccc([C:1](/C=C/c3ccc(O)cc3)=[O:1])cc2)cc1|Cc1ccc(S(=O)(=O)Nc2ccc(C(=O)/C=C/c3ccc(O)cc3)cc2)c[cH:1]1|Cc1ccc(S(=O)(=O)Nc2ccc(C(=O)/C=C/c3ccc(O)cc3)cc2)cc1|Cc1ccc(S(=O)(=O)Nc2ccc(C(=O)/C=C/[c:1]3[cH:1][cH:1][c:1]([OH:1])[cH:1][cH:1]3)cc2)cc1|Cc1ccc(S(=O)(=O)Nc2ccc(C(=O)/[CH:1]=[CH:1]/c3ccc(O)cc3)cc2)cc1|Cc1ccc(S(=O)(=O)Nc2ccc(C(=O)/C=C/c3ccc(O)cc3)c[cH:1]2)cc1|Cc1ccc(S(=O)(=O)Nc2ccc(C(=O)/C=C/c3ccc([OH:1])cc3)cc2)cc1|Cc1ccc(S(=O)(=O)Nc2ccc(C(=O)/C=C/c3ccc(O)cc3)[cH:1]c2)cc1|Cc1ccc(S(=O)(=O)Nc2ccc(C(=O)/C=C/c3ccc([OH:1])cc3)cc2)cc1|Cc1ccc(S(=O)(=O)Nc2ccc(C(=O)/C=C/c3ccc(O)[cH:1]c3)cc2)cc1|Cc1ccc(S(=O)(=O)Nc2ccc(C(=O)/C=[CH:1]/c3ccc(O)cc3)cc2)cc1|Cc1ccc(S(=O)(=O)Nc2ccc([C:1](=O)/C=C/c3ccc(O)cc3)cc2)cc1|Cc1ccc(S(=O)(=O)Nc2ccc(C(=O)/C=C/c3ccc([OH:1])cc3)cc2)cc1|Cc1ccc(S(=O)(=O)[NH:1]c2ccc(C(=O)/C=C/c3ccc(O)cc3)cc2)cc1|Cc1ccc(S(=O)(=O)Nc2ccc(C(=O)/C=C/[c:1]3[cH:1][cH:1][c:1]([OH:1])[cH:1][cH:1]3)cc2)cc1|Cc1ccc(S(=O)(=O)Nc2ccc(C(=O)/C=[CH:1]/c3ccc(O)cc3)cc2)cc1|O=C(/C=C/c1ccc(O)cc1)c1ccc(NS(=O)(=O)c2ccc([CH3:1])cc2)cc1|Cc1ccc(S(=O)(=O)Nc2ccc(C(=O)/C=C/c3ccc(O)[cH:1]c3)cc2)cc1|Cc1ccc(S(=O)(=O)Nc2ccc(C(=O)/C=C/c3ccc([OH:1])cc3)cc2)cc1|Cc1ccc(S(=O)(=O)Nc2ccc(C(=O)/C=C/c3ccc(O)c[cH:1]3)cc2)cc1|Cc1ccc(S(=O)(=O)Nc2ccc([C:1](/C=C/c3ccc(O)cc3)=[O:1])cc2)cc1|Cc1ccc(S(=O)(=O)Nc2ccc(C(=O)/C=C/c3ccc(O)cc3)cc2)c[cH:1]1|Cc1ccc(S(=O)(=O)Nc2ccc(C(=O)/C=C/c3ccc(O)cc3)cc2)cc1|Cc1ccc(S(=O)(=O)Nc2ccc(C(=O)/[CH:1]=[CH:1]/c3ccc(O)cc3)cc2)cc1|Cc1ccc(S(=O)(=O)Nc2ccc(C(=O)/C=C/[c:1]3[cH:1][cH:1][c:1]([OH:1])[cH:1][cH:1]3)cc2)cc1|Cc1ccc(S(=O)(=O)Nc2ccc(C(=O)/C=C/c3ccc([OH:1])cc3)cc2)cc1|Cc1ccc(S(=O)(=O)Nc2ccc(C(=O)/C=C/c3ccc(O)[cH:1]c3)cc2)cc1|Cc1ccc(S(=O)(=O)Nc2ccc(C(=O)/C=C/c3ccc([OH:1])cc3)cc2)cc1|Cc1ccc(S(=O)(=O)Nc2ccc(C(=O)/C=C/c3ccc(O)cc3)[cH:1]c2)cc1|Cc1ccc(S(=O)(=O)Nc2ccc(C(=O)/C=C/c3ccc(O)cc3)c[cH:1]2)cc1|Cc1ccc(S(=O)(=O)Nc2ccc(C(=O)/C=[CH:1]/c3ccc(O)cc3)cc2)cc1|Cc1ccc(S(=O)(=O)Nc2ccc([C:1](=O)/C=C/c3ccc(O)cc3)cc2)cc1|Cc1ccc(S(=O)(=O)Nc2ccc(C(=O)/C=C/[c:1]3[cH:1][cH:1][c:1]([OH:1])[cH:1][cH:1]3)cc2)cc1|Cc1ccc(S(=O)(=O)Nc2ccc(C(=O)/C=C/c3ccc([OH:1])cc3)cc2)cc1|Cc1ccc(S(=O)(=O)[NH:1]c2ccc(C(=O)/C=C/c3ccc(O)cc3)cc2)cc1|O=C(/C=C/c1ccc(O)cc1)c1ccc(NS(=O)(=O)c2ccc([CH3:1])cc2)cc1|O=C(/C=C/c1ccc(O)cc1)c1ccc(NS(=O)(=O)c2ccc([CH3:1])cc2)cc1|Cc1ccc(S(=O)(=O)Nc2ccc(C(=O)/C=C/c3ccc(O)[cH:1]c3)cc2)cc1|Cc1ccc(S(=O)(=O)Nc2ccc(C(=O)/C=C/c3ccc([OH:1])cc3)cc2)cc1|Cc1ccc(S(=O)(=O)Nc2ccc(C(=O)/C=C/c3ccc(O)c[cH:1]3)cc2)cc1|Cc1ccc(S(=O)(=O)Nc2ccc([C:1](/C=C/c3ccc(O)cc3)=[O:1])cc2)cc1|Cc1ccc(S(=O)(=O)Nc2ccc(C(=O)/C=C/c3ccc(O)cc3)cc2)c[cH:1]1|Cc1ccc(S(=O)(=O)Nc2ccc(C(=O)/C=C/c3ccc(O)cc3)cc2)cc1|Cc1ccc(S(=O)(=O)Nc2ccc(C(=O)/C=C/c3ccc([OH:1])cc3)cc2)cc1|Cc1ccc(S(=O)(=O)Nc2ccc(C(=O)/[CH:1]=[CH:1]/c3ccc(O)cc3)cc2)cc1|Cc1ccc(S(=O)(=O)Nc2ccc(C(=O)/C=C/[c:1]3[cH:1][cH:1][c:1]([OH:1])[cH:1][cH:1]3)cc2)cc1|Cc1ccc(S(=O)(=O)Nc2ccc(C(=O)/C=C/c3ccc(O)[cH:1]c3)cc2)cc1|Cc1ccc(S(=O)(=O)Nc2ccc(C(=O)/C=C/c3ccc(O)cc3)c[cH:1]2)cc1|Cc1ccc(S(=O)(=O)Nc2ccc(C(=O)/C=C/c3ccc([OH:1])cc3)cc2)cc1|Cc1ccc(S(=O)(=O)Nc2ccc(C(=O)/C=C/c3ccc(O)cc3)[cH:1]c2)cc1|Cc1ccc(S(=O)(=O)Nc2ccc([C:1](=O)/C=C/c3ccc(O)cc3)cc2)cc1|Cc1ccc(S(=O)(=O)Nc2ccc(C(=O)/C=[CH:1]/c3ccc(O)cc3)cc2)cc1|Cc1ccc(S(=O)(=O)Nc2ccc(C(=O)/C=C/c3ccc([OH:1])cc3)cc2)cc1|Cc1ccc(S(=O)(=O)Nc2ccc(C(=O)/C=C/[c:1]3[cH:1][cH:1][c:1]([OH:1])[cH:1][cH:1]3)cc2)cc1|Cc1ccc(S(=O)(=O)[NH:1]c2ccc(C(=O)/C=C/c3ccc(O)cc3)cc2)cc1|O=C(/C=C/c1ccc(O)cc1)c1ccc(NS(=O)(=O)c2ccc([CH3:1])cc2)cc1|O=C(/C=C/c1ccc(O)cc1)c1ccc(NS(=O)(=O)c2ccc([CH3:1])cc2)cc1|Cc1ccc(S(=O)(=O)Nc2ccc(C(=O)/C=C/c3ccc(O)[cH:1]c3)cc2)cc1|Cc1ccc(S(=O)(=O)Nc2ccc(C(=O)/C=C/c3ccc([OH:1])cc3)cc2)cc1|Cc1ccc(S(=O)(=O)Nc2ccc(C(=O)/C=C/c3ccc([OH:1])cc3)cc2)cc1|Cc1ccc(S(=O)(=O)Nc2ccc(C(=O)/C=C/c3ccc(O)c[cH:1]3)cc2)cc1|Cc1ccc(S(=O)(=O)Nc2ccc([C:1](/C=C/c3ccc(O)cc3)=[O:1])cc2)cc1|Cc1ccc(S(=O)(=O)Nc2ccc(C(=O)/C=C/c3ccc(O)cc3)cc2)c[cH:1]1|Cc1ccc(S(=O)(=O)Nc2ccc(C(=O)/C=C/c3ccc(O)cc3)cc2)cc1|Cc1ccc(S(=O)(=O)Nc2ccc(C(=O)/C=C/c3ccc([OH:1])cc3)cc2)cc1|Cc1ccc(S(=O)(=O)Nc2ccc(C(=O)/C=C/[c:1]3[cH:1][cH:1][c:1]([OH:1])[cH:1][cH:1]3)cc2)cc1|Cc1ccc(S(=O)(=O)Nc2ccc(C(=O)/[CH:1]=[CH:1]/c3ccc(O)cc3)cc2)cc1|Cc1ccc(S(=O)(=O)Nc2ccc(C(=O)/C=C/c3ccc(O)cc3)c[cH:1]2)cc1|Cc1ccc(S(=O)(=O)Nc2ccc(C(=O)/C=C/c3ccc(O)cc3)[cH:1]c2)cc1|Cc1ccc(S(=O)(=O)Nc2ccc([C:1](=O)/C=C/c3ccc(O)cc3)cc2)cc1|Cc1ccc(S(=O)(=O)Nc2ccc(C(=O)/C=[CH:1]/c3ccc(O)cc3)cc2)cc1|Cc1ccc(S(=O)(=O)[NH:1]c2ccc(C(=O)/C=C/c3ccc(O)cc3)cc2)cc1|Cc1ccc(S(=O)(=O)Nc2ccc(C(=O)/C=C/c3ccc(O)[cH:1]c3)cc2)cc1|Cc1ccc(S(=O)(=O)Nc2ccc([C:1](=[O:1])/[CH:1]=[CH:1]/[c:1]3[cH:1][cH:1][c:1]([OH:1])[cH:1][cH:1]3)cc2)cc1|Cc1ccc(S(=O)(=O)Nc2ccc(C(=O)/C=C/[c:1]3[cH:1][cH:1][c:1]([OH:1])[cH:1][cH:1]3)cc2)cc1|Cc1ccc(S(=O)(=O)Nc2ccc(C(=O)/C=[CH:1]/c3ccc(O)cc3)cc2)cc1
55,Cc1ccc(S(=O)(=O)Nc2ccc(C(=O)/C=C/c3ccc(O)cc3)cc2)cc1,CYP2D6,Cc1ccc(S(=O)(=O)Nc2ccc(C(=O)/C=C/c3ccc(O)c(O)c3)cc2)cc1|O=C(/C=C/c1ccc(O)cc1)c1ccc(NS(=O)(=O)c2ccc(CO)cc2)cc1,Cc1ccc(S(=O)(=O)Nc2ccc(C(=O)/C=C/c3ccc(O)[cH:1]c3)cc2)cc1|O=C(/C=C/c1ccc(O)cc1)c1ccc(NS(=O)(=O)c2ccc([CH3:1])cc2)cc1,O=C(/C=C/c1ccc(O)cc1)c1ccc(NS(=O)(=O)c2ccc([CH3:1])cc2)cc1|Cc1ccc(S(=O)(=O)Nc2ccc(C(=O)/C=C/c3ccc(O)[cH:1]c3)cc2)cc1|Cc1ccc(S(=O)(=O)Nc2ccc(C(=O)/C=C/c3ccc([OH:1])cc3)cc2)cc1|Cc1ccc(S(=O)(=O)Nc2ccc(C(=O)/C=C/c3ccc(O)c[cH:1]3)cc2)cc1|Cc1ccc(S(=O)(=O)Nc2ccc([C:1](/C=C/c3ccc(O)cc3)=[O:1])cc2)cc1|Cc1ccc(S(=O)(=O)Nc2ccc(C(=O)/C=C/c3ccc(O)cc3)cc2)c[cH:1]1|Cc1ccc(S(=O)(=O)Nc2ccc(C(=O)/C=C/c3ccc(O)cc3)cc2)cc1|Cc1ccc(S(=O)(=O)Nc2ccc(C(=O)/C=C/[c:1]3[cH:1][cH:1][c:1]([OH:1])[cH:1][cH:1]3)cc2)cc1|Cc1ccc(S(=O)(=O)Nc2ccc(C(=O)/[CH:1]=[CH:1]/c3ccc(O)cc3)cc2)cc1|Cc1ccc(S(=O)(=O)Nc2ccc(C(=O)/C=C/c3ccc(O)cc3)c[cH:1]2)cc1|Cc1ccc(S(=O)(=O)Nc2ccc(C(=O)/C=C/c3ccc([OH:1])cc3)cc2)cc1|Cc1ccc(S(=O)(=O)Nc2ccc(C(=O)/C=C/c3ccc(O)cc3)[cH:1]c2)cc1|Cc1ccc(S(=O)(=O)Nc2ccc(C(=O)/C=C/c3ccc([OH:1])cc3)cc2)cc1|Cc1ccc(S(=O)(=O)Nc2ccc(C(=O)/C=C/c3ccc(O)[cH:1]c3)cc2)cc1|Cc1ccc(S(=O)(=O)Nc2ccc(C(=O)/C=[CH:1]/c3ccc(O)cc3)cc2)cc1|Cc1ccc(S(=O)(=O)Nc2ccc([C:1](=O)/C=C/c3ccc(O)cc3)cc2)cc1|Cc1ccc(S(=O)(=O)Nc2ccc(C(=O)/C=C/c3ccc([OH:1])cc3)cc2)cc1|Cc1ccc(S(=O)(=O)[NH:1]c2ccc(C(=O)/C=C/c3ccc(O)cc3)cc2)cc1|Cc1ccc(S(=O)(=O)Nc2ccc(C(=O)/C=C/[c:1]3[cH:1][cH:1][c:1]([OH:1])[cH:1][cH:1]3)cc2)cc1|Cc1ccc(S(=O)(=O)Nc2ccc(C(=O)/C=[CH:1]/c3ccc(O)cc3)cc2)cc1|O=C(/C=C/c1ccc(O)cc1)c1ccc(NS(=O)(=O)c2ccc([CH3:1])cc2)cc1|Cc1ccc(S(=O)(=O)Nc2ccc(C(=O)/C=C/c3ccc(O)[cH:1]c3)cc2)cc1|Cc1ccc(S(=O)(=O)Nc2ccc(C(=O)/C=C/c3ccc([OH:1])cc3)cc2)cc1|Cc1ccc(S(=O)(=O)Nc2ccc(C(=O)/C=C/c3ccc(O)c[cH:1]3)cc2)cc1|Cc1ccc(S(=O)(=O)Nc2ccc([C:1](/C=C/c3ccc(O)cc3)=[O:1])cc2)cc1|Cc1ccc(S(=O)(=O)Nc2ccc(C(=O)/C=C/c3ccc(O)cc3)cc2)c[cH:1]1|Cc1ccc(S(=O)(=O)Nc2ccc(C(=O)/C=C/c3ccc(O)cc3)cc2)cc1|Cc1ccc(S(=O)(=O)Nc2ccc(C(=O)/[CH:1]=[CH:1]/c3ccc(O)cc3)cc2)cc1|Cc1ccc(S(=O)(=O)Nc2ccc(C(=O)/C=C/[c:1]3[cH:1][cH:1][c:1]([OH:1])[cH:1][cH:1]3)cc2)cc1|Cc1ccc(S(=O)(=O)Nc2ccc(C(=O)/C=C/c3ccc([OH:1])cc3)cc2)cc1|Cc1ccc(S(=O)(=O)Nc2ccc(C(=O)/C=C/c3ccc(O)[cH:1]c3)cc2)cc1|Cc1ccc(S(=O)(=O)Nc2ccc(C(=O)/C=C/c3ccc([OH:1])cc3)cc2)cc1|Cc1ccc(S(=O)(=O)Nc2ccc(C(=O)/C=C/c3ccc(O)cc3)[cH:1]c2)cc1|Cc1ccc(S(=O)(=O)Nc2ccc(C(=O)/C=C/c3ccc(O)cc3)c[cH:1]2)cc1|Cc1ccc(S(=O)(=O)Nc2ccc(C(=O)/C=[CH:1]/c3ccc(O)cc3)cc2)cc1|Cc1ccc(S(=O)(=O)Nc2ccc([C:1](=O)/C=C/c3ccc(O)cc3)cc2)cc1|Cc1ccc(S(=O)(=O)Nc2ccc(C(=O)/C=C/[c:1]3[cH:1][cH:1][c:1]([OH:1])[cH:1][cH:1]3)cc2)cc1|Cc1ccc(S(=O)(=O)Nc2ccc(C(=O)/C=C/c3ccc([OH:1])cc3)cc2)cc1|Cc1ccc(S(=O)(=O)[NH:1]c2ccc(C(=O)/C=C/c3ccc(O)cc3)cc2)cc1|O=C(/C=C/c1ccc(O)cc1)c1ccc(NS(=O)(=O)c2ccc([CH3:1])cc2)cc1|O=C(/C=C/c1ccc(O)cc1)c1ccc(NS(=O)(=O)c2ccc([CH3:1])cc2)cc1|Cc1ccc(S(=O)(=O)Nc2ccc(C(=O)/C=C/c3ccc(O)[cH:1]c3)cc2)cc1|Cc1ccc(S(=O)(=O)Nc2ccc(C(=O)/C=C/c3ccc([OH:1])cc3)cc2)cc1|Cc1ccc(S(=O)(=O)Nc2ccc(C(=O)/C=C/c3ccc(O)c[cH:1]3)cc2)cc1|Cc1ccc(S(=O)(=O)Nc2ccc([C:1](/C=C/c3ccc(O)cc3)=[O:1])cc2)cc1|Cc1ccc(S(=O)(=O)Nc2ccc(C(=O)/C=C/c3ccc(O)cc3)cc2)c[cH:1]1|Cc1ccc(S(=O)(=O)Nc2ccc(C(=O)/C=C/c3ccc(O)cc3)cc2)cc1|Cc1ccc(S(=O)(=O)Nc2ccc(C(=O)/C=C/c3ccc([OH:1])cc3)cc2)cc1|Cc1ccc(S(=O)(=O)Nc2ccc(C(=O)/[CH:1]=[CH:1]/c3ccc(O)cc3)cc2)cc1|Cc1ccc(S(=O)(=O)Nc2ccc(C(=O)/C=C/[c:1]3[cH:1][cH:1][c:1]([OH:1])[cH:1][cH:1]3)cc2)cc1|Cc1ccc(S(=O)(=O)Nc2ccc(C(=O)/C=C/c3ccc(O)[cH:1]c3)cc2)cc1|Cc1ccc(S(=O)(=O)Nc2ccc(C(=O)/C=C/c3ccc(O)cc3)c[cH:1]2)cc1|Cc1ccc(S(=O)(=O)Nc2ccc(C(=O)/C=C/c3ccc([OH:1])cc3)cc2)cc1|Cc1ccc(S(=O)(=O)Nc2ccc(C(=O)/C=C/c3ccc(O)cc3)[cH:1]c2)cc1|Cc1ccc(S(=O)(=O)Nc2ccc([C:1](=O)/C=C/c3ccc(O)cc3)cc2)cc1|Cc1ccc(S(=O)(=O)Nc2ccc(C(=O)/C=[CH:1]/c3ccc(O)cc3)cc2)cc1|Cc1ccc(S(=O)(=O)Nc2ccc(C(=O)/C=C/c3ccc([OH:1])cc3)cc2)cc1|Cc1ccc(S(=O)(=O)Nc2ccc(C(=O)/C=C/[c:1]3[cH:1][cH:1][c:1]([OH:1])[cH:1][cH:1]3)cc2)cc1|Cc1ccc(S(=O)(=O)[NH:1]c2ccc(C(=O)/C=C/c3ccc(O)cc3)cc2)cc1|O=C(/C=C/c1ccc(O)cc1)c1ccc(NS(=O)(=O)c2ccc([CH3:1])cc2)cc1|O=C(/C=C/c1ccc(O)cc1)c1ccc(NS(=O)(=O)c2ccc([CH3:1])cc2)cc1|Cc1ccc(S(=O)(=O)Nc2ccc(C(=O)/C=C/c3ccc(O)[cH:1]c3)cc2)cc1|Cc1ccc(S(=O)(=O)Nc2ccc(C(=O)/C=C/c3ccc([OH:1])cc3)cc2)cc1|Cc1ccc(S(=O)(=O)Nc2ccc(C(=O)/C=C/c3ccc([OH:1])cc3)cc2)cc1|Cc1ccc(S(=O)(=O)Nc2ccc(C(=O)/C=C/c3ccc(O)c[cH:1]3)cc2)cc1|Cc1ccc(S(=O)(=O)Nc2ccc([C:1](/C=C/c3ccc(O)cc3)=[O:1])cc2)cc1|Cc1ccc(S(=O)(=O)Nc2ccc(C(=O)/C=C/c3ccc(O)cc3)cc2)c[cH:1]1|Cc1ccc(S(=O)(=O)Nc2ccc(C(=O)/C=C/c3ccc(O)cc3)cc2)cc1|Cc1ccc(S(=O)(=O)Nc2ccc(C(=O)/C=C/c3ccc([OH:1])cc3)cc2)cc1|Cc1ccc(S(=O)(=O)Nc2ccc(C(=O)/C=C/[c:1]3[cH:1][cH:1][c:1]([OH:1])[cH:1][cH:1]3)cc2)cc1|Cc1ccc(S(=O)(=O)Nc2ccc(C(=O)/[CH:1]=[CH:1]/c3ccc(O)cc3)cc2)cc1|Cc1ccc(S(=O)(=O)Nc2ccc(C(=O)/C=C/c3ccc(O)cc3)c[cH:1]2)cc1|Cc1ccc(S(=O)(=O)Nc2ccc(C(=O)/C=C/c3ccc(O)cc3)[cH:1]c2)cc1|Cc1ccc(S(=O)(=O)Nc2ccc([C:1](=O)/C=C/c3ccc(O)cc3)cc2)cc1|Cc1ccc(S(=O)(=O)Nc2ccc(C(=O)/C=[CH:1]/c3ccc(O)cc3)cc2)cc1|Cc1ccc(S(=O)(=O)[NH:1]c2ccc(C(=O)/C=C/c3ccc(O)cc3)cc2)cc1|Cc1ccc(S(=O)(=O)Nc2ccc(C(=O)/C=C/c3ccc(O)[cH:1]c3)cc2)cc1|Cc1ccc(S(=O)(=O)Nc2ccc([C:1](=[O:1])/[CH:1]=[CH:1]/[c:1]3[cH:1][cH:1][c:1]([OH:1])[cH:1][cH:1]3)cc2)cc1|Cc1ccc(S(=O)(=O)Nc2ccc(C(=O)/C=C/[c:1]3[cH:1][cH:1][c:1]([OH:1])[cH:1][cH:1]3)cc2)cc1|Cc1ccc(S(=O)(=O)Nc2ccc(C(=O)/C=[CH:1]/c3ccc(O)cc3)cc2)cc1
56,Cc1ccc(S(=O)(=O)Nc2ccc(C(=O)/C=C/c3ccc(O)cc3)cc2)cc1,CYP3A4,Cc1ccc(S(=O)(=O)Nc2ccc(C(=O)/C=C/c3ccc(O)c(O)c3)cc2)cc1|O=C(/C=C/c1ccc(O)cc1)c1ccc(NS(=O)(=O)c2ccc(CO)cc2)cc1,Cc1ccc(S(=O)(=O)Nc2ccc(C(=O)/C=C/c3ccc(O)[cH:1]c3)cc2)cc1|O=C(/C=C/c1ccc(O)cc1)c1ccc(NS(=O)(=O)c2ccc([CH3:1])cc2)cc1,O=C(/C=C/c1ccc(O)cc1)c1ccc(NS(=O)(=O)c2ccc([CH3:1])cc2)cc1|Cc1ccc(S(=O)(=O)Nc2ccc(C(=O)/C=C/c3ccc(O)[cH:1]c3)cc2)cc1|Cc1ccc(S(=O)(=O)Nc2ccc(C(=O)/C=C/c3ccc([OH:1])cc3)cc2)cc1|Cc1ccc(S(=O)(=O)Nc2ccc(C(=O)/C=C/c3ccc(O)c[cH:1]3)cc2)cc1|Cc1ccc(S(=O)(=O)Nc2ccc([C:1](/C=C/c3ccc(O)cc3)=[O:1])cc2)cc1|Cc1ccc(S(=O)(=O)Nc2ccc(C(=O)/C=C/c3ccc(O)cc3)cc2)c[cH:1]1|Cc1ccc(S(=O)(=O)Nc2ccc(C(=O)/C=C/c3ccc(O)cc3)cc2)cc1|Cc1ccc(S(=O)(=O)Nc2ccc(C(=O)/C=C/[c:1]3[cH:1][cH:1][c:1]([OH:1])[cH:1][cH:1]3)cc2)cc1|Cc1ccc(S(=O)(=O)Nc2ccc(C(=O)/[CH:1]=[CH:1]/c3ccc(O)cc3)cc2)cc1|Cc1ccc(S(=O)(=O)Nc2ccc(C(=O)/C=C/c3ccc(O)cc3)c[cH:1]2)cc1|Cc1ccc(S(=O)(=O)Nc2ccc(C(=O)/C=C/c3ccc([OH:1])cc3)cc2)cc1|Cc1ccc(S(=O)(=O)Nc2ccc(C(=O)/C=C/c3ccc(O)cc3)[cH:1]c2)cc1|Cc1ccc(S(=O)(=O)Nc2ccc(C(=O)/C=C/c3ccc([OH:1])cc3)cc2)cc1|Cc1ccc(S(=O)(=O)Nc2ccc(C(=O)/C=C/c3ccc(O)[cH:1]c3)cc2)cc1|Cc1ccc(S(=O)(=O)Nc2ccc(C(=O)/C=[CH:1]/c3ccc(O)cc3)cc2)cc1|Cc1ccc(S(=O)(=O)Nc2ccc([C:1](=O)/C=C/c3ccc(O)cc3)cc2)cc1|Cc1ccc(S(=O)(=O)Nc2ccc(C(=O)/C=C/c3ccc([OH:1])cc3)cc2)cc1|Cc1ccc(S(=O)(=O)[NH:1]c2ccc(C(=O)/C=C/c3ccc(O)cc3)cc2)cc1|Cc1ccc(S(=O)(=O)Nc2ccc(C(=O)/C=C/[c:1]3[cH:1][cH:1][c:1]([OH:1])[cH:1][cH:1]3)cc2)cc1|Cc1ccc(S(=O)(=O)Nc2ccc(C(=O)/C=[CH:1]/c3ccc(O)cc3)cc2)cc1|O=C(/C=C/c1ccc(O)cc1)c1ccc(NS(=O)(=O)c2ccc([CH3:1])cc2)cc1|Cc1ccc(S(=O)(=O)Nc2ccc(C(=O)/C=C/c3ccc(O)[cH:1]c3)cc2)cc1|Cc1ccc(S(=O)(=O)Nc2ccc(C(=O)/C=C/c3ccc([OH:1])cc3)cc2)cc1|Cc1ccc(S(=O)(=O)Nc2ccc(C(=O)/C=C/c3ccc(O)c[cH:1]3)cc2)cc1|Cc1ccc(S(=O)(=O)Nc2ccc([C:1](/C=C/c3ccc(O)cc3)=[O:1])cc2)cc1|Cc1ccc(S(=O)(=O)Nc2ccc(C(=O)/C=C/c3ccc(O)cc3)cc2)c[cH:1]1|Cc1ccc(S(=O)(=O)Nc2ccc(C(=O)/C=C/c3ccc(O)cc3)cc2)cc1|Cc1ccc(S(=O)(=O)Nc2ccc(C(=O)/[CH:1]=[CH:1]/c3ccc(O)cc3)cc2)cc1|Cc1ccc(S(=O)(=O)Nc2ccc(C(=O)/C=C/[c:1]3[cH:1][cH:1][c:1]([OH:1])[cH:1][cH:1]3)cc2)cc1|Cc1ccc(S(=O)(=O)Nc2ccc(C(=O)/C=C/c3ccc([OH:1])cc3)cc2)cc1|Cc1ccc(S(=O)(=O)Nc2ccc(C(=O)/C=C/c3ccc(O)[cH:1]c3)cc2)cc1|Cc1ccc(S(=O)(=O)Nc2ccc(C(=O)/C=C/c3ccc([OH:1])cc3)cc2)cc1|Cc1ccc(S(=O)(=O)Nc2ccc(C(=O)/C=C/c3ccc(O)cc3)[cH:1]c2)cc1|Cc1ccc(S(=O)(=O)Nc2ccc(C(=O)/C=C/c3ccc(O)cc3)c[cH:1]2)cc1|Cc1ccc(S(=O)(=O)Nc2ccc(C(=O)/C=[CH:1]/c3ccc(O)cc3)cc2)cc1|Cc1ccc(S(=O)(=O)Nc2ccc([C:1](=O)/C=C/c3ccc(O)cc3)cc2)cc1|Cc1ccc(S(=O)(=O)Nc2ccc(C(=O)/C=C/[c:1]3[cH:1][cH:1][c:1]([OH:1])[cH:1][cH:1]3)cc2)cc1|Cc1ccc(S(=O)(=O)Nc2ccc(C(=O)/C=C/c3ccc([OH:1])cc3)cc2)cc1|Cc1ccc(S(=O)(=O)[NH:1]c2ccc(C(=O)/C=C/c3ccc(O)cc3)cc2)cc1|O=C(/C=C/c1ccc(O)cc1)c1ccc(NS(=O)(=O)c2ccc([CH3:1])cc2)cc1|O=C(/C=C/c1ccc(O)cc1)c1ccc(NS(=O)(=O)c2ccc([CH3:1])cc2)cc1|Cc1ccc(S(=O)(=O)Nc2ccc(C(=O)/C=C/c3ccc(O)[cH:1]c3)cc2)cc1|Cc1ccc(S(=O)(=O)Nc2ccc(C(=O)/C=C/c3ccc([OH:1])cc3)cc2)cc1|Cc1ccc(S(=O)(=O)Nc2ccc(C(=O)/C=C/c3ccc(O)c[cH:1]3)cc2)cc1|Cc1ccc(S(=O)(=O)Nc2ccc([C:1](/C=C/c3ccc(O)cc3)=[O:1])cc2)cc1|Cc1ccc(S(=O)(=O)Nc2ccc(C(=O)/C=C/c3ccc(O)cc3)cc2)c[cH:1]1|Cc1ccc(S(=O)(=O)Nc2ccc(C(=O)/C=C/c3ccc(O)cc3)cc2)cc1|Cc1ccc(S(=O)(=O)Nc2ccc(C(=O)/C=C/c3ccc([OH:1])cc3)cc2)cc1|Cc1ccc(S(=O)(=O)Nc2ccc(C(=O)/[CH:1]=[CH:1]/c3ccc(O)cc3)cc2)cc1|Cc1ccc(S(=O)(=O)Nc2ccc(C(=O)/C=C/[c:1]3[cH:1][cH:1][c:1]([OH:1])[cH:1][cH:1]3)cc2)cc1|Cc1ccc(S(=O)(=O)Nc2ccc(C(=O)/C=C/c3ccc(O)[cH:1]c3)cc2)cc1|Cc1ccc(S(=O)(=O)Nc2ccc(C(=O)/C=C/c3ccc(O)cc3)c[cH:1]2)cc1|Cc1ccc(S(=O)(=O)Nc2ccc(C(=O)/C=C/c3ccc([OH:1])cc3)cc2)cc1|Cc1ccc(S(=O)(=O)Nc2ccc(C(=O)/C=C/c3ccc(O)cc3)[cH:1]c2)cc1|Cc1ccc(S(=O)(=O)Nc2ccc([C:1](=O)/C=C/c3ccc(O)cc3)cc2)cc1|Cc1ccc(S(=O)(=O)Nc2ccc(C(=O)/C=[CH:1]/c3ccc(O)cc3)cc2)cc1|Cc1ccc(S(=O)(=O)Nc2ccc(C(=O)/C=C/c3ccc([OH:1])cc3)cc2)cc1|Cc1ccc(S(=O)(=O)Nc2ccc(C(=O)/C=C/[c:1]3[cH:1][cH:1][c:1]([OH:1])[cH:1][cH:1]3)cc2)cc1|Cc1ccc(S(=O)(=O)[NH:1]c2ccc(C(=O)/C=C/c3ccc(O)cc3)cc2)cc1|O=C(/C=C/c1ccc(O)cc1)c1ccc(NS(=O)(=O)c2ccc([CH3:1])cc2)cc1|O=C(/C=C/c1ccc(O)cc1)c1ccc(NS(=O)(=O)c2ccc([CH3:1])cc2)cc1|Cc1ccc(S(=O)(=O)Nc2ccc(C(=O)/C=C/c3ccc(O)[cH:1]c3)cc2)cc1|Cc1ccc(S(=O)(=O)Nc2ccc(C(=O)/C=C/c3ccc([OH:1])cc3)cc2)cc1|Cc1ccc(S(=O)(=O)Nc2ccc(C(=O)/C=C/c3ccc([OH:1])cc3)cc2)cc1|Cc1ccc(S(=O)(=O)Nc2ccc(C(=O)/C=C/c3ccc(O)c[cH:1]3)cc2)cc1|Cc1ccc(S(=O)(=O)Nc2ccc([C:1](/C=C/c3ccc(O)cc3)=[O:1])cc2)cc1|Cc1ccc(S(=O)(=O)Nc2ccc(C(=O)/C=C/c3ccc(O)cc3)cc2)c[cH:1]1|Cc1ccc(S(=O)(=O)Nc2ccc(C(=O)/C=C/c3ccc(O)cc3)cc2)cc1|Cc1ccc(S(=O)(=O)Nc2ccc(C(=O)/C=C/c3ccc([OH:1])cc3)cc2)cc1|Cc1ccc(S(=O)(=O)Nc2ccc(C(=O)/C=C/[c:1]3[cH:1][cH:1][c:1]([OH:1])[cH:1][cH:1]3)cc2)cc1|Cc1ccc(S(=O)(=O)Nc2ccc(C(=O)/[CH:1]=[CH:1]/c3ccc(O)cc3)cc2)cc1|Cc1ccc(S(=O)(=O)Nc2ccc(C(=O)/C=C/c3ccc(O)cc3)c[cH:1]2)cc1|Cc1ccc(S(=O)(=O)Nc2ccc(C(=O)/C=C/c3ccc(O)cc3)[cH:1]c2)cc1|Cc1ccc(S(=O)(=O)Nc2ccc([C:1](=O)/C=C/c3ccc(O)cc3)cc2)cc1|Cc1ccc(S(=O)(=O)Nc2ccc(C(=O)/C=[CH:1]/c3ccc(O)cc3)cc2)cc1|Cc1ccc(S(=O)(=O)[NH:1]c2ccc(C(=O)/C=C/c3ccc(O)cc3)cc2)cc1|Cc1ccc(S(=O)(=O)Nc2ccc(C(=O)/C=C/c3ccc(O)[cH:1]c3)cc2)cc1|Cc1ccc(S(=O)(=O)Nc2ccc([C:1](=[O:1])/[CH:1]=[CH:1]/[c:1]3[cH:1][cH:1][c:1]([OH:1])[cH:1][cH:1]3)cc2)cc1|Cc1ccc(S(=O)(=O)Nc2ccc(C(=O)/C=C/[c:1]3[cH:1][cH:1][c:1]([OH:1])[cH:1][cH:1]3)cc2)cc1|Cc1ccc(S(=O)(=O)Nc2ccc(C(=O)/C=[CH:1]/c3ccc(O)cc3)cc2)cc1
57,Cc1cccc(C)c1OCC(=O)N[C@@H](Cc1ccccc1)[C@@H](O)C[C@H](Cc1ccccc1)NC(=O)[C@H](C(C)C)N1CCCNC1=O,CYP3A4,Cc1cccc(C)c1OCC(=O)N[C@@H](Cc1ccccc1)[C@@H](O)C[C@H](Cc1ccccc1)NC(=O)[C@H](C(C)C)N1CC[C@@H](O)NC1=O|Cc1cccc(C)c1OCC(=O)N[C@@H](Cc1ccccc1)[C@@H](O)C[C@H](Cc1ccccc1)NC(=O)[C@H](C(C)C)N1CC[C@H](O)NC1=O,Cc1cccc(C)c1OCC(=O)N[C@@H](Cc1ccccc1)[C@@H](O)C[C@H](Cc1ccccc1)NC(=O)[C@H](C(C)C)N1CC[CH2:1]NC1=O,Cc1cccc(C)c1OCC(=O)N[C@@H](Cc1ccccc1)[C@@H](O)C[C@H](Cc1ccccc1)NC(=O)[C@H](C(C)C)N1C(=O)NCC[CH2:1]1|Cc1cccc(C)c1OCC(=O)N[C@@H](Cc1ccccc1)[C@@H](O)C[C@H](Cc1ccccc1)NC(=O)[C@H](C(C)C)N1CC[CH2:1]NC1=O|Cc1cccc([CH3:1])c1OCC(=O)N[C@@H](Cc1ccccc1)[C@@H](O)C[C@H](Cc1ccccc1)NC(=O)[C@H](C(C)C)N1CCCNC1=O|Cc1cccc(C)c1OCC(=O)N[C@@H](Cc1ccccc1)[C@@H](O)C[C@H](Cc1ccccc1)NC(=O)[C@H](C(C)C)[N:1]1C(=O)NCC[CH2:1]1|Cc1cccc(C)c1OCC(=O)N[C@@H](Cc1ccccc1)[C@@H](O)C[C@H](Cc1ccccc1)NC(=O)[C@H](C(C)[CH3:1])N1CCCNC1=O|Cc1cccc(C)c1OCC(=O)[NH:1][C@@H](Cc1ccccc1)[C@@H](O)C[C@H](Cc1ccccc1)NC(=O)[C@H](C(C)C)N1CCCNC1=O|Cc1cccc(C)c1OCC(=O)N[C@@H](Cc1ccccc1)[C@@H](O)C[C@H](Cc1ccccc1)NC(=O)[C@H](C(C)C)N1C[CH2:1]CNC1=O|Cc1cccc(C)c1OCC(=O)N[C@@H](Cc1ccccc1)[C@H:1](C[C@H](Cc1ccccc1)NC(=O)[C@H](C(C)C)N1CCCNC1=O)[OH:1]|Cc1cccc(C)c1OCC(=O)N[C@@H](Cc1cc[cH:1]cc1)[C@@H](O)C[C@H](Cc1ccccc1)NC(=O)[C@H](C(C)C)N1CCCNC1=O|Cc1c[cH:1]cc(C)c1OCC(=O)N[C@@H](Cc1ccccc1)[C@@H](O)C[C@H](Cc1ccccc1)NC(=O)[C@H](C(C)C)N1CCCNC1=O|Cc1cc[cH:1]c(C)c1OCC(=O)N[C@@H](Cc1ccccc1)[C@@H](O)C[C@H](Cc1ccccc1)NC(=O)[C@H](C(C)C)N1CCCNC1=O|Cc1cccc(C)c1OCC(=O)N[C@@H](Cc1ccccc1)[C@@H](O)C[C@H](Cc1ccccc1)NC(=O)[C@H](C(C)C)N1CC[CH2:1][NH:1]C1=O|CC(C)[C@@H](C(=O)N[C@@H](Cc1ccccc1)C[C@H](O)[C@H](Cc1ccccc1)NC(=O)CO[c:1]1[c:1](C)[cH:1][cH:1][cH:1][c:1]1[CH3:1])N1CCCNC1=O|Cc1cccc(C)c1OCC(=O)N[C@@H](Cc1ccccc1)[C@@H](O)C[C@H](Cc1ccccc1)NC(=O)[C@H](C(C)C)N1CCC[NH:1]C1=O|Cc1cccc(C)c1OCC(=O)N[C@@H](Cc1ccccc1)[C@@H](O)C[C@H](Cc1cc[cH:1]cc1)NC(=O)[C@H](C(C)C)N1CCCNC1=O|Cc1cccc(C)c1OCC(=O)N[C@@H](Cc1ccccc1)[C@@H](O)C[C@H](Cc1ccccc1)NC(=O)[C@@H](N1CCCNC1=O)[CH:1](C)[CH3:1]|Cc1cccc(C)c1OCC(=O)N[C@@H](Cc1ccccc1)[C@@H](O)C[C@H](Cc1ccccc1)NC(=O)[C@H](C(C)C)N1CCC[NH:1][C:1]1=O|Cc1cccc(C)c1OCC(=O)N[C@@H](Cc1ccccc1)[C@@H](O)C[C@H](Cc1ccccc1)NC(=O)[C@@H](N1CCCNC1=O)[CH:1](C)C|Cc1cccc(C)c1OCC(=O)N[C@@H](Cc1ccccc1)[C@@H](O)C[C@H](Cc1ccccc1)NC(=O)[C@H](C(C)C)N1CC[CH2:1]NC1=O|Cc1cccc(C)c1OCC(=O)N[C@@H](Cc1ccccc1)[C@@H](O)C[C@H](Cc1ccccc1)[NH:1]C(=O)[C@H](C(C)C)N1CCCNC1=O
58,Clc1ccc(CCCOCCCN2CCCCC2)cc1,CYP2D6,O=C(O)CCCCNCCCOCCCc1ccc(Cl)cc1|[O-][N+]1(CCCOCCCc2ccc(Cl)cc2)CCCCC1,Clc1ccc(CCCOCCC[N:1]2CCCCC2)cc1|Clc1ccc(CCCOCCC[N:1]2CCCC[CH2:1]2)cc1,Clc1ccc([CH2:1]CCOCCCN2CCCCC2)cc1|Clc1ccc(CCCOCCCN2CCCC[CH2:1]2)cc1|Clc1ccc(CCCOCCCN2CCC[CH2:1]C2)cc1|Clc1ccc(CCCOCCCN2CC[CH2:1]CC2)cc1|Clc1ccc(CCCOCCC[N:1]2CCCCC2)cc1|Clc1ccc(CCCOCCC[N:1]2CCCCC2)cc1|Clc1ccc(CC[CH2:1]OCCCN2CCCCC2)cc1|Clc1ccc(CCCOCCCN2CCCCC2)c[cH:1]1|Clc1ccc(CCCOCCC[N:1]2CCCC[CH2:1]2)cc1|Clc1ccc(C[CH2:1]COCCCN2CCCCC2)cc1|Clc1ccc(CCC[O:1]CCCN2CCCCC2)cc1|Clc1ccc(CCC[O:1]CCCN2CCCCC2)cc1|Clc1ccc(CCCOCCCN2CCCCC2)[cH:1]c1|Clc1ccc(CCCOCC[CH2:1]N2CCCCC2)cc1|Clc1ccc(CCCOCCCN2CCCC[CH2:1]2)cc1|Clc1ccc(CCCOCC[CH2:1]N2CCCCC2)cc1|Clc1ccc(CCCOCC[CH2:1]N2CCCCC2)cc1|Clc1ccc([CH2:1][CH2:1]COCCCN2CCCCC2)cc1|Clc1ccc(CCCO[CH2:1]CCN2CCCCC2)cc1|Clc1ccc([CH2:1]CC[O:1][CH2:1][CH2:1]C[N:1]2CCCCC2)cc1|Clc1ccc([CH2:1]CCOCCCN2CCCCC2)cc1|Clc1ccc(CCCOCCC[N:1]2CCCCC2)cc1|Clc1ccc(CCCOCCCN2CCC[CH2:1]C2)cc1|Clc1ccc(CCCOCCCN2CC[CH2:1]CC2)cc1|Clc1ccc(CCCOCCCN2CCCC[CH2:1]2)cc1|Clc1ccc(CCCOCCC[N:1]2CCCCC2)cc1|Clc1ccc(CC[CH2:1]OCCCN2CCCCC2)cc1|Clc1ccc(C[CH2:1]COCCCN2CCCCC2)cc1|Clc1ccc(CCCOCCC[N:1]2CCCC[CH2:1]2)cc1|Clc1ccc(CCC[O:1]CCCN2CCCCC2)cc1|Clc1ccc(CCCOCCCN2CCCCC2)c[cH:1]1|Clc1ccc(CCC[O:1]CCCN2CCCCC2)cc1|Clc1ccc(CCCOCC[CH2:1]N2CCCCC2)cc1|Clc1ccc(CCCOCCCN2CCCCC2)[cH:1]c1|Clc1ccc(CCCOCC[CH2:1]N2CCCCC2)cc1|Clc1ccc(CCCOCCCN2CCCC[CH2:1]2)cc1|Clc1ccc([CH2:1]CC[O:1][CH2:1][CH2:1]C[N:1]2CCCCC2)cc1|Clc1ccc(CCCOCC[CH2:1]N2CCCCC2)cc1|Clc1ccc(CCCO[CH2:1]CCN2CCCCC2)cc1|Clc1ccc(CCCOCCCN2CCCC[CH2:1]2)cc1
59,Clc1ccc(CCCOCCCN2CCCCC2)cc1,CYP3A4,O=C(O)CCCCNCCCOCCCc1ccc(Cl)cc1|[O-][N+]1(CCCOCCCc2ccc(Cl)cc2)CCCCC1,Clc1ccc(CCCOCCC[N:1]2CCCCC2)cc1|Clc1ccc(CCCOCCC[N:1]2CCCC[CH2:1]2)cc1,Clc1ccc([CH2:1]CCOCCCN2CCCCC2)cc1|Clc1ccc(CCCOCCCN2CCCC[CH2:1]2)cc1|Clc1ccc(CCCOCCCN2CCC[CH2:1]C2)cc1|Clc1ccc(CCCOCCCN2CC[CH2:1]CC2)cc1|Clc1ccc(CCCOCCC[N:1]2CCCCC2)cc1|Clc1ccc(CCCOCCC[N:1]2CCCCC2)cc1|Clc1ccc(CC[CH2:1]OCCCN2CCCCC2)cc1|Clc1ccc(CCCOCCCN2CCCCC2)c[cH:1]1|Clc1ccc(CCCOCCC[N:1]2CCCC[CH2:1]2)cc1|Clc1ccc(C[CH2:1]COCCCN2CCCCC2)cc1|Clc1ccc(CCC[O:1]CCCN2CCCCC2)cc1|Clc1ccc(CCC[O:1]CCCN2CCCCC2)cc1|Clc1ccc(CCCOCCCN2CCCCC2)[cH:1]c1|Clc1ccc(CCCOCC[CH2:1]N2CCCCC2)cc1|Clc1ccc(CCCOCCCN2CCCC[CH2:1]2)cc1|Clc1ccc(CCCOCC[CH2:1]N2CCCCC2)cc1|Clc1ccc(CCCOCC[CH2:1]N2CCCCC2)cc1|Clc1ccc([CH2:1][CH2:1]COCCCN2CCCCC2)cc1|Clc1ccc(CCCO[CH2:1]CCN2CCCCC2)cc1|Clc1ccc([CH2:1]CC[O:1][CH2:1][CH2:1]C[N:1]2CCCCC2)cc1|Clc1ccc([CH2:1]CCOCCCN2CCCCC2)cc1|Clc1ccc(CCCOCCC[N:1]2CCCCC2)cc1|Clc1ccc(CCCOCCCN2CCC[CH2:1]C2)cc1|Clc1ccc(CCCOCCCN2CC[CH2:1]CC2)cc1|Clc1ccc(CCCOCCCN2CCCC[CH2:1]2)cc1|Clc1ccc(CCCOCCC[N:1]2CCCCC2)cc1|Clc1ccc(CC[CH2:1]OCCCN2CCCCC2)cc1|Clc1ccc(C[CH2:1]COCCCN2CCCCC2)cc1|Clc1ccc(CCCOCCC[N:1]2CCCC[CH2:1]2)cc1|Clc1ccc(CCC[O:1]CCCN2CCCCC2)cc1|Clc1ccc(CCCOCCCN2CCCCC2)c[cH:1]1|Clc1ccc(CCC[O:1]CCCN2CCCCC2)cc1|Clc1ccc(CCCOCC[CH2:1]N2CCCCC2)cc1|Clc1ccc(CCCOCCCN2CCCCC2)[cH:1]c1|Clc1ccc(CCCOCC[CH2:1]N2CCCCC2)cc1|Clc1ccc(CCCOCCCN2CCCC[CH2:1]2)cc1|Clc1ccc([CH2:1]CC[O:1][CH2:1][CH2:1]C[N:1]2CCCCC2)cc1|Clc1ccc(CCCOCC[CH2:1]N2CCCCC2)cc1|Clc1ccc(CCCO[CH2:1]CCN2CCCCC2)cc1|Clc1ccc(CCCOCCCN2CCCC[CH2:1]2)cc1
60,Clc1ccccc1CN1CCc2sccc2C1,CYP1A2,Clc1ccccc1C[n+]1ccc2sccc2c1|O=C1C=C2CN(Cc3ccccc3Cl)CCC2S1|OC1c2ccsc2CCN1Cc1ccccc1Cl,Clc1ccccc1CN1CC[c:1]2[s:1][cH:1][cH:1][c:1]2C1|Clc1ccccc1CN1CCc2sccc2[CH2:1]1|Clc1ccccc1C[N:1]1[CH2:1][CH2:1][c:1]2scc[c:1]2[CH2:1]1,Clc1ccccc1CN1CCc2s[cH:1]cc2C1|Clc1ccccc1CN1CC[c:1]2[s:1][cH:1][cH:1][c:1]2C1|Clc1ccccc1C[N:1]1CCc2sccc2C1|Clc1ccccc1CN1CCc2sc[cH:1]c2C1|Clc1ccccc1CN1CC[c:1]2[s:1][cH:1][cH:1][c:1]2C1|Clc1ccccc1CN1CC[c:1]2[s:1][cH:1][cH:1][c:1]2C1|Clc1ccccc1C[N:1]1CCc2sccc2C1|Clc1ccccc1CN1CCc2c(cc[s:1]2)C1|Clc1ccccc1CN1Cc2ccsc2[CH2:1]C1|Clc1ccccc1C[N:1]1CCc2sccc2[CH2:1]1|Clc1ccccc1C[N:1]1Cc2ccsc2C[CH2:1]1|Clc1c[cH:1]ccc1CN1CCc2sccc2C1|Clc1ccccc1CN1CC[c:1]2[s:1][cH:1][cH:1][c:1]2C1|Clc1ccccc1CN1CC[c:1]2[s:1][cH:1][cH:1][c:1]2C1|Clc1ccccc1CN1CCc2sccc2[CH2:1]1|Clc1ccccc1CN1Cc2ccsc2C[CH2:1]1|Clc1ccccc1CN1CC[c:1]2[s:1][cH:1][cH:1][c:1]2C1|Clc1ccccc1CN1CC[c:1]2[s:1][cH:1][cH:1][c:1]2C1|Clc1ccccc1CN1Cc2ccsc2[CH2:1][CH2:1]1|Clc1ccccc1[CH2:1]N1CCc2sccc2C1|Clc1ccccc1CN1CCc2s[cH:1]cc2C1|Clc1ccccc1CN1CC[c:1]2[s:1][cH:1][cH:1][c:1]2C1|Clc1ccccc1C[N:1]1CCc2sccc2C1|Clc1ccccc1CN1CC[c:1]2[s:1][cH:1][cH:1][c:1]2C1|Clc1ccccc1CN1CCc2sc[cH:1]c2C1|Clc1ccccc1CN1CC[c:1]2[s:1][cH:1][cH:1][c:1]2C1|Clc1ccccc1C[N:1]1CCc2sccc2C1|Clc1ccccc1CN1CCc2c(cc[s:1]2)C1|Clc1ccccc1CN1Cc2ccsc2[CH2:1]C1|Clc1ccccc1C[N:1]1CCc2sccc2[CH2:1]1|Clc1ccccc1CN1CC[c:1]2[s:1][cH:1][cH:1][c:1]2C1|Clc1ccccc1C[N:1]1Cc2ccsc2C[CH2:1]1|Clc1c[cH:1]ccc1CN1CCc2sccc2C1|Clc1ccccc1CN1CC[c:1]2[s:1][cH:1][cH:1][c:1]2C1|Clc1ccccc1CN1Cc2ccsc2C[CH2:1]1|Clc1ccccc1CN1CC[c:1]2[s:1][cH:1][cH:1][c:1]2C1|Clc1ccccc1CN1CCc2sccc2[CH2:1]1|Clc1ccccc1[CH2:1]N1CCc2sccc2C1|Clc1ccccc1CN1Cc2ccsc2[CH2:1][CH2:1]1|Clc1ccccc1CN1CC[c:1]2[s:1][cH:1][cH:1][c:1]2C1|Clc1ccccc1CN1CCc2s[cH:1]cc2C1|Clc1ccccc1C[N:1]1CCc2sccc2C1|Clc1ccccc1CN1CC[c:1]2[s:1][cH:1][cH:1][c:1]2C1|Clc1ccccc1CN1CCc2sc[cH:1]c2C1|Clc1ccccc1CN1CC[c:1]2[s:1][cH:1][cH:1][c:1]2C1|Clc1ccccc1C[N:1]1CCc2sccc2C1|Clc1ccccc1CN1CC[c:1]2[s:1][cH:1][cH:1][c:1]2C1|Clc1ccccc1CN1Cc2ccsc2[CH2:1]C1|Clc1ccccc1CN1CCc2c(cc[s:1]2)C1|Clc1ccccc1C[N:1]1CCc2sccc2[CH2:1]1|Clc1c[cH:1]ccc1CN1CCc2sccc2C1|Clc1ccccc1C[N:1]1Cc2ccsc2C[CH2:1]1|Clc1ccccc1CN1CC[c:1]2[s:1][cH:1][cH:1][c:1]2C1|Clc1ccccc1CN1CC[c:1]2[s:1][cH:1][cH:1][c:1]2C1|Clc1ccccc1CN1Cc2ccsc2[CH2:1][CH2:1]1|Clc1ccccc1CN1Cc2ccsc2C[CH2:1]1|Clc1ccccc1CN1CCc2sccc2[CH2:1]1|Clc1ccccc1CN1CC[c:1]2[s:1][cH:1][cH:1][c:1]2C1|Clc1ccccc1CN1CC[c:1]2[s:1][cH:1][cH:1][c:1]2C1|Clc1ccccc1CN1CC[c:1]2[s:1][cH:1][cH:1][c:1]2C1|Clc1ccccc1CN1CCc2s[cH:1]cc2C1|Clc1ccccc1CN1CC[c:1]2[s:1][cH:1][cH:1][c:1]2C1|Clc1ccccc1C[N:1]1CCc2sccc2C1|Clc1ccccc1CN1CCc2sc[cH:1]c2C1|Clc1ccccc1CN1CC[c:1]2[s:1][cH:1][cH:1][c:1]2C1|Clc1ccccc1CN1CC[c:1]2[s:1][cH:1][cH:1][c:1]2C1|Clc1ccccc1C[N:1]1CCc2sccc2C1|Clc1ccccc1CN1CCc2c(cc[s:1]2)C1|Clc1ccccc1CN1Cc2ccsc2[CH2:1]C1|Clc1ccccc1C[N:1]1CCc2sccc2[CH2:1]1|Clc1ccccc1C[N:1]1Cc2ccsc2C[CH2:1]1|Clc1ccccc1CN1CC[c:1]2[s:1][cH:1][cH:1][c:1]2C1|Clc1c[cH:1]ccc1CN1CCc2sccc2C1|Clc1ccccc1CN1CC[c:1]2[s:1][cH:1][cH:1][c:1]2C1|Clc1ccccc1CN1Cc2ccsc2C[CH2:1]1|Clc1ccccc1CN1CCc2sccc2[CH2:1]1|Clc1ccccc1CN1Cc2ccsc2[CH2:1][CH2:1]1|Clc1ccccc1C[N:1]1CC[c:1]2[s:1][cH:1][cH:1][c:1]2[CH2:1]1|Clc1ccccc1CN1CC[c:1]2[s:1][cH:1][cH:1][c:1]2C1|Clc1ccccc1CN1CC[c:1]2[s:1][cH:1][cH:1][c:1]2C1
61,Clc1ccccc1CN1CCc2sccc2C1,CYP2C9,Clc1ccccc1C[n+]1ccc2sccc2c1|O=C1C=C2CN(Cc3ccccc3Cl)CCC2S1|OC1c2ccsc2CCN1Cc1ccccc1Cl,Clc1ccccc1CN1CC[c:1]2[s:1][cH:1][cH:1][c:1]2C1|Clc1ccccc1CN1CCc2sccc2[CH2:1]1|Clc1ccccc1C[N:1]1[CH2:1][CH2:1][c:1]2scc[c:1]2[CH2:1]1,Clc1ccccc1CN1CCc2s[cH:1]cc2C1|Clc1ccccc1CN1CC[c:1]2[s:1][cH:1][cH:1][c:1]2C1|Clc1ccccc1C[N:1]1CCc2sccc2C1|Clc1ccccc1CN1CCc2sc[cH:1]c2C1|Clc1ccccc1CN1CC[c:1]2[s:1][cH:1][cH:1][c:1]2C1|Clc1ccccc1CN1CC[c:1]2[s:1][cH:1][cH:1][c:1]2C1|Clc1ccccc1C[N:1]1CCc2sccc2C1|Clc1ccccc1CN1CCc2c(cc[s:1]2)C1|Clc1ccccc1CN1Cc2ccsc2[CH2:1]C1|Clc1ccccc1C[N:1]1CCc2sccc2[CH2:1]1|Clc1ccccc1C[N:1]1Cc2ccsc2C[CH2:1]1|Clc1c[cH:1]ccc1CN1CCc2sccc2C1|Clc1ccccc1CN1CC[c:1]2[s:1][cH:1][cH:1][c:1]2C1|Clc1ccccc1CN1CC[c:1]2[s:1][cH:1][cH:1][c:1]2C1|Clc1ccccc1CN1CCc2sccc2[CH2:1]1|Clc1ccccc1CN1Cc2ccsc2C[CH2:1]1|Clc1ccccc1CN1CC[c:1]2[s:1][cH:1][cH:1][c:1]2C1|Clc1ccccc1CN1CC[c:1]2[s:1][cH:1][cH:1][c:1]2C1|Clc1ccccc1CN1Cc2ccsc2[CH2:1][CH2:1]1|Clc1ccccc1[CH2:1]N1CCc2sccc2C1|Clc1ccccc1CN1CCc2s[cH:1]cc2C1|Clc1ccccc1CN1CC[c:1]2[s:1][cH:1][cH:1][c:1]2C1|Clc1ccccc1C[N:1]1CCc2sccc2C1|Clc1ccccc1CN1CC[c:1]2[s:1][cH:1][cH:1][c:1]2C1|Clc1ccccc1CN1CCc2sc[cH:1]c2C1|Clc1ccccc1CN1CC[c:1]2[s:1][cH:1][cH:1][c:1]2C1|Clc1ccccc1C[N:1]1CCc2sccc2C1|Clc1ccccc1CN1CCc2c(cc[s:1]2)C1|Clc1ccccc1CN1Cc2ccsc2[CH2:1]C1|Clc1ccccc1C[N:1]1CCc2sccc2[CH2:1]1|Clc1ccccc1CN1CC[c:1]2[s:1][cH:1][cH:1][c:1]2C1|Clc1ccccc1C[N:1]1Cc2ccsc2C[CH2:1]1|Clc1c[cH:1]ccc1CN1CCc2sccc2C1|Clc1ccccc1CN1CC[c:1]2[s:1][cH:1][cH:1][c:1]2C1|Clc1ccccc1CN1Cc2ccsc2C[CH2:1]1|Clc1ccccc1CN1CC[c:1]2[s:1][cH:1][cH:1][c:1]2C1|Clc1ccccc1CN1CCc2sccc2[CH2:1]1|Clc1ccccc1[CH2:1]N1CCc2sccc2C1|Clc1ccccc1CN1Cc2ccsc2[CH2:1][CH2:1]1|Clc1ccccc1CN1CC[c:1]2[s:1][cH:1][cH:1][c:1]2C1|Clc1ccccc1CN1CCc2s[cH:1]cc2C1|Clc1ccccc1C[N:1]1CCc2sccc2C1|Clc1ccccc1CN1CC[c:1]2[s:1][cH:1][cH:1][c:1]2C1|Clc1ccccc1CN1CCc2sc[cH:1]c2C1|Clc1ccccc1CN1CC[c:1]2[s:1][cH:1][cH:1][c:1]2C1|Clc1ccccc1C[N:1]1CCc2sccc2C1|Clc1ccccc1CN1CC[c:1]2[s:1][cH:1][cH:1][c:1]2C1|Clc1ccccc1CN1Cc2ccsc2[CH2:1]C1|Clc1ccccc1CN1CCc2c(cc[s:1]2)C1|Clc1ccccc1C[N:1]1CCc2sccc2[CH2:1]1|Clc1c[cH:1]ccc1CN1CCc2sccc2C1|Clc1ccccc1C[N:1]1Cc2ccsc2C[CH2:1]1|Clc1ccccc1CN1CC[c:1]2[s:1][cH:1][cH:1][c:1]2C1|Clc1ccccc1CN1CC[c:1]2[s:1][cH:1][cH:1][c:1]2C1|Clc1ccccc1CN1Cc2ccsc2[CH2:1][CH2:1]1|Clc1ccccc1CN1Cc2ccsc2C[CH2:1]1|Clc1ccccc1CN1CCc2sccc2[CH2:1]1|Clc1ccccc1CN1CC[c:1]2[s:1][cH:1][cH:1][c:1]2C1|Clc1ccccc1CN1CC[c:1]2[s:1][cH:1][cH:1][c:1]2C1|Clc1ccccc1CN1CC[c:1]2[s:1][cH:1][cH:1][c:1]2C1|Clc1ccccc1CN1CCc2s[cH:1]cc2C1|Clc1ccccc1CN1CC[c:1]2[s:1][cH:1][cH:1][c:1]2C1|Clc1ccccc1C[N:1]1CCc2sccc2C1|Clc1ccccc1CN1CCc2sc[cH:1]c2C1|Clc1ccccc1CN1CC[c:1]2[s:1][cH:1][cH:1][c:1]2C1|Clc1ccccc1CN1CC[c:1]2[s:1][cH:1][cH:1][c:1]2C1|Clc1ccccc1C[N:1]1CCc2sccc2C1|Clc1ccccc1CN1CCc2c(cc[s:1]2)C1|Clc1ccccc1CN1Cc2ccsc2[CH2:1]C1|Clc1ccccc1C[N:1]1CCc2sccc2[CH2:1]1|Clc1ccccc1C[N:1]1Cc2ccsc2C[CH2:1]1|Clc1ccccc1CN1CC[c:1]2[s:1][cH:1][cH:1][c:1]2C1|Clc1c[cH:1]ccc1CN1CCc2sccc2C1|Clc1ccccc1CN1CC[c:1]2[s:1][cH:1][cH:1][c:1]2C1|Clc1ccccc1CN1Cc2ccsc2C[CH2:1]1|Clc1ccccc1CN1CCc2sccc2[CH2:1]1|Clc1ccccc1CN1Cc2ccsc2[CH2:1][CH2:1]1|Clc1ccccc1C[N:1]1CC[c:1]2[s:1][cH:1][cH:1][c:1]2[CH2:1]1|Clc1ccccc1CN1CC[c:1]2[s:1][cH:1][cH:1][c:1]2C1|Clc1ccccc1CN1CC[c:1]2[s:1][cH:1][cH:1][c:1]2C1
62,Clc1ccccc1CN1CCc2sccc2C1,CYP2D6,Clc1ccccc1C[n+]1ccc2sccc2c1|O=C1C=C2CN(Cc3ccccc3Cl)CCC2S1|OC1c2ccsc2CCN1Cc1ccccc1Cl|[O-][s+]1ccc2c1CCN(Cc1ccccc1Cl)C2,Clc1ccccc1CN1CC[c:1]2[s:1][cH:1][cH:1][c:1]2C1|Clc1ccccc1CN1CCc2c(cc[s:1]2)C1|Clc1ccccc1CN1CCc2sccc2[CH2:1]1|Clc1ccccc1C[N:1]1[CH2:1][CH2:1][c:1]2scc[c:1]2[CH2:1]1,Clc1ccccc1CN1CCc2s[cH:1]cc2C1|Clc1ccccc1CN1CC[c:1]2[s:1][cH:1][cH:1][c:1]2C1|Clc1ccccc1C[N:1]1CCc2sccc2C1|Clc1ccccc1CN1CCc2sc[cH:1]c2C1|Clc1ccccc1CN1CC[c:1]2[s:1][cH:1][cH:1][c:1]2C1|Clc1ccccc1CN1CC[c:1]2[s:1][cH:1][cH:1][c:1]2C1|Clc1ccccc1C[N:1]1CCc2sccc2C1|Clc1ccccc1CN1CCc2c(cc[s:1]2)C1|Clc1ccccc1CN1Cc2ccsc2[CH2:1]C1|Clc1ccccc1C[N:1]1CCc2sccc2[CH2:1]1|Clc1ccccc1C[N:1]1Cc2ccsc2C[CH2:1]1|Clc1c[cH:1]ccc1CN1CCc2sccc2C1|Clc1ccccc1CN1CC[c:1]2[s:1][cH:1][cH:1][c:1]2C1|Clc1ccccc1CN1CC[c:1]2[s:1][cH:1][cH:1][c:1]2C1|Clc1ccccc1CN1CCc2sccc2[CH2:1]1|Clc1ccccc1CN1Cc2ccsc2C[CH2:1]1|Clc1ccccc1CN1CC[c:1]2[s:1][cH:1][cH:1][c:1]2C1|Clc1ccccc1CN1CC[c:1]2[s:1][cH:1][cH:1][c:1]2C1|Clc1ccccc1CN1Cc2ccsc2[CH2:1][CH2:1]1|Clc1ccccc1[CH2:1]N1CCc2sccc2C1|Clc1ccccc1CN1CCc2s[cH:1]cc2C1|Clc1ccccc1CN1CC[c:1]2[s:1][cH:1][cH:1][c:1]2C1|Clc1ccccc1C[N:1]1CCc2sccc2C1|Clc1ccccc1CN1CC[c:1]2[s:1][cH:1][cH:1][c:1]2C1|Clc1ccccc1CN1CCc2sc[cH:1]c2C1|Clc1ccccc1CN1CC[c:1]2[s:1][cH:1][cH:1][c:1]2C1|Clc1ccccc1C[N:1]1CCc2sccc2C1|Clc1ccccc1CN1CCc2c(cc[s:1]2)C1|Clc1ccccc1CN1Cc2ccsc2[CH2:1]C1|Clc1ccccc1C[N:1]1CCc2sccc2[CH2:1]1|Clc1ccccc1CN1CC[c:1]2[s:1][cH:1][cH:1][c:1]2C1|Clc1ccccc1C[N:1]1Cc2ccsc2C[CH2:1]1|Clc1c[cH:1]ccc1CN1CCc2sccc2C1|Clc1ccccc1CN1CC[c:1]2[s:1][cH:1][cH:1][c:1]2C1|Clc1ccccc1CN1Cc2ccsc2C[CH2:1]1|Clc1ccccc1CN1CC[c:1]2[s:1][cH:1][cH:1][c:1]2C1|Clc1ccccc1CN1CCc2sccc2[CH2:1]1|Clc1ccccc1[CH2:1]N1CCc2sccc2C1|Clc1ccccc1CN1Cc2ccsc2[CH2:1][CH2:1]1|Clc1ccccc1CN1CC[c:1]2[s:1][cH:1][cH:1][c:1]2C1|Clc1ccccc1CN1CCc2s[cH:1]cc2C1|Clc1ccccc1C[N:1]1CCc2sccc2C1|Clc1ccccc1CN1CC[c:1]2[s:1][cH:1][cH:1][c:1]2C1|Clc1ccccc1CN1CCc2sc[cH:1]c2C1|Clc1ccccc1CN1CC[c:1]2[s:1][cH:1][cH:1][c:1]2C1|Clc1ccccc1C[N:1]1CCc2sccc2C1|Clc1ccccc1CN1CC[c:1]2[s:1][cH:1][cH:1][c:1]2C1|Clc1ccccc1CN1Cc2ccsc2[CH2:1]C1|Clc1ccccc1CN1CCc2c(cc[s:1]2)C1|Clc1ccccc1C[N:1]1CCc2sccc2[CH2:1]1|Clc1c[cH:1]ccc1CN1CCc2sccc2C1|Clc1ccccc1C[N:1]1Cc2ccsc2C[CH2:1]1|Clc1ccccc1CN1CC[c:1]2[s:1][cH:1][cH:1][c:1]2C1|Clc1ccccc1CN1CC[c:1]2[s:1][cH:1][cH:1][c:1]2C1|Clc1ccccc1CN1Cc2ccsc2[CH2:1][CH2:1]1|Clc1ccccc1CN1Cc2ccsc2C[CH2:1]1|Clc1ccccc1CN1CCc2sccc2[CH2:1]1|Clc1ccccc1CN1CC[c:1]2[s:1][cH:1][cH:1][c:1]2C1|Clc1ccccc1CN1CC[c:1]2[s:1][cH:1][cH:1][c:1]2C1|Clc1ccccc1CN1CC[c:1]2[s:1][cH:1][cH:1][c:1]2C1|Clc1ccccc1CN1CCc2s[cH:1]cc2C1|Clc1ccccc1CN1CC[c:1]2[s:1][cH:1][cH:1][c:1]2C1|Clc1ccccc1C[N:1]1CCc2sccc2C1|Clc1ccccc1CN1CCc2sc[cH:1]c2C1|Clc1ccccc1CN1CC[c:1]2[s:1][cH:1][cH:1][c:1]2C1|Clc1ccccc1CN1CC[c:1]2[s:1][cH:1][cH:1][c:1]2C1|Clc1ccccc1C[N:1]1CCc2sccc2C1|Clc1ccccc1CN1CCc2c(cc[s:1]2)C1|Clc1ccccc1CN1Cc2ccsc2[CH2:1]C1|Clc1ccccc1C[N:1]1CCc2sccc2[CH2:1]1|Clc1ccccc1C[N:1]1Cc2ccsc2C[CH2:1]1|Clc1ccccc1CN1CC[c:1]2[s:1][cH:1][cH:1][c:1]2C1|Clc1c[cH:1]ccc1CN1CCc2sccc2C1|Clc1ccccc1CN1CC[c:1]2[s:1][cH:1][cH:1][c:1]2C1|Clc1ccccc1CN1Cc2ccsc2C[CH2:1]1|Clc1ccccc1CN1CCc2sccc2[CH2:1]1|Clc1ccccc1CN1Cc2ccsc2[CH2:1][CH2:1]1|Clc1ccccc1C[N:1]1CC[c:1]2[s:1][cH:1][cH:1][c:1]2[CH2:1]1|Clc1ccccc1CN1CC[c:1]2[s:1][cH:1][cH:1][c:1]2C1|Clc1ccccc1CN1CC[c:1]2[s:1][cH:1][cH:1][c:1]2C1
63,Clc1ccccc1CN1CCc2sccc2C1,CYP3A4,Clc1ccccc1CN1C=C2C=C[S+]=C2CC1|Clc1ccccc1C[n+]1ccc2sccc2c1|O=C1C=C2CN(Cc3ccccc3Cl)CCC2S1|O=S1C=CC2=C1CCN(Cc1ccccc1Cl)C2|OC1c2ccsc2CCN1Cc1ccccc1Cl|Oc1cc2c(s1)CCN(Cc1ccccc1Cl)C2|[O-][N+]1(Cc2ccccc2Cl)CCc2sccc2C1|c1cc2c(s1)CCNC2,Clc1ccccc1CN1CC[c:1]2[s:1][cH:1][cH:1][c:1]2C1|Clc1ccccc1CN1CC[c:1]2[s:1][cH:1][cH:1][c:1]2[CH2:1]1|Clc1ccccc1CN1CCc2s[cH:1]cc2C1|Clc1ccccc1CN1CCc2sccc2[CH2:1]1|Clc1ccccc1C[N:1]1CCc2sccc2C1|Clc1ccccc1C[N:1]1[CH2:1][CH2:1][c:1]2scc[c:1]2[CH2:1]1,Clc1ccccc1CN1CCc2s[cH:1]cc2C1|Clc1ccccc1CN1CC[c:1]2[s:1][cH:1][cH:1][c:1]2C1|Clc1ccccc1C[N:1]1CCc2sccc2C1|Clc1ccccc1CN1CCc2sc[cH:1]c2C1|Clc1ccccc1CN1CC[c:1]2[s:1][cH:1][cH:1][c:1]2C1|Clc1ccccc1CN1CC[c:1]2[s:1][cH:1][cH:1][c:1]2C1|Clc1ccccc1C[N:1]1CCc2sccc2C1|Clc1ccccc1CN1CCc2c(cc[s:1]2)C1|Clc1ccccc1CN1Cc2ccsc2[CH2:1]C1|Clc1ccccc1C[N:1]1CCc2sccc2[CH2:1]1|Clc1ccccc1C[N:1]1Cc2ccsc2C[CH2:1]1|Clc1c[cH:1]ccc1CN1CCc2sccc2C1|Clc1ccccc1CN1CC[c:1]2[s:1][cH:1][cH:1][c:1]2C1|Clc1ccccc1CN1CC[c:1]2[s:1][cH:1][cH:1][c:1]2C1|Clc1ccccc1CN1CCc2sccc2[CH2:1]1|Clc1ccccc1CN1Cc2ccsc2C[CH2:1]1|Clc1ccccc1CN1CC[c:1]2[s:1][cH:1][cH:1][c:1]2C1|Clc1ccccc1CN1CC[c:1]2[s:1][cH:1][cH:1][c:1]2C1|Clc1ccccc1CN1Cc2ccsc2[CH2:1][CH2:1]1|Clc1ccccc1[CH2:1]N1CCc2sccc2C1|Clc1ccccc1CN1CCc2s[cH:1]cc2C1|Clc1ccccc1CN1CC[c:1]2[s:1][cH:1][cH:1][c:1]2C1|Clc1ccccc1C[N:1]1CCc2sccc2C1|Clc1ccccc1CN1CC[c:1]2[s:1][cH:1][cH:1][c:1]2C1|Clc1ccccc1CN1CCc2sc[cH:1]c2C1|Clc1ccccc1CN1CC[c:1]2[s:1][cH:1][cH:1][c:1]2C1|Clc1ccccc1C[N:1]1CCc2sccc2C1|Clc1ccccc1CN1CCc2c(cc[s:1]2)C1|Clc1ccccc1CN1Cc2ccsc2[CH2:1]C1|Clc1ccccc1C[N:1]1CCc2sccc2[CH2:1]1|Clc1ccccc1CN1CC[c:1]2[s:1][cH:1][cH:1][c:1]2C1|Clc1ccccc1C[N:1]1Cc2ccsc2C[CH2:1]1|Clc1c[cH:1]ccc1CN1CCc2sccc2C1|Clc1ccccc1CN1CC[c:1]2[s:1][cH:1][cH:1][c:1]2C1|Clc1ccccc1CN1Cc2ccsc2C[CH2:1]1|Clc1ccccc1CN1CC[c:1]2[s:1][cH:1][cH:1][c:1]2C1|Clc1ccccc1CN1CCc2sccc2[CH2:1]1|Clc1ccccc1[CH2:1]N1CCc2sccc2C1|Clc1ccccc1CN1Cc2ccsc2[CH2:1][CH2:1]1|Clc1ccccc1CN1CC[c:1]2[s:1][cH:1][cH:1][c:1]2C1|Clc1ccccc1CN1CCc2s[cH:1]cc2C1|Clc1ccccc1C[N:1]1CCc2sccc2C1|Clc1ccccc1CN1CC[c:1]2[s:1][cH:1][cH:1][c:1]2C1|Clc1ccccc1CN1CCc2sc[cH:1]c2C1|Clc1ccccc1CN1CC[c:1]2[s:1][cH:1][cH:1][c:1]2C1|Clc1ccccc1C[N:1]1CCc2sccc2C1|Clc1ccccc1CN1CC[c:1]2[s:1][cH:1][cH:1][c:1]2C1|Clc1ccccc1CN1Cc2ccsc2[CH2:1]C1|Clc1ccccc1CN1CCc2c(cc[s:1]2)C1|Clc1ccccc1C[N:1]1CCc2sccc2[CH2:1]1|Clc1c[cH:1]ccc1CN1CCc2sccc2C1|Clc1ccccc1C[N:1]1Cc2ccsc2C[CH2:1]1|Clc1ccccc1CN1CC[c:1]2[s:1][cH:1][cH:1][c:1]2C1|Clc1ccccc1CN1CC[c:1]2[s:1][cH:1][cH:1][c:1]2C1|Clc1ccccc1CN1Cc2ccsc2[CH2:1][CH2:1]1|Clc1ccccc1CN1Cc2ccsc2C[CH2:1]1|Clc1ccccc1CN1CCc2sccc2[CH2:1]1|Clc1ccccc1CN1CC[c:1]2[s:1][cH:1][cH:1][c:1]2C1|Clc1ccccc1CN1CC[c:1]2[s:1][cH:1][cH:1][c:1]2C1|Clc1ccccc1CN1CC[c:1]2[s:1][cH:1][cH:1][c:1]2C1|Clc1ccccc1CN1CCc2s[cH:1]cc2C1|Clc1ccccc1CN1CC[c:1]2[s:1][cH:1][cH:1][c:1]2C1|Clc1ccccc1C[N:1]1CCc2sccc2C1|Clc1ccccc1CN1CCc2sc[cH:1]c2C1|Clc1ccccc1CN1CC[c:1]2[s:1][cH:1][cH:1][c:1]2C1|Clc1ccccc1CN1CC[c:1]2[s:1][cH:1][cH:1][c:1]2C1|Clc1ccccc1C[N:1]1CCc2sccc2C1|Clc1ccccc1CN1CCc2c(cc[s:1]2)C1|Clc1ccccc1CN1Cc2ccsc2[CH2:1]C1|Clc1ccccc1C[N:1]1CCc2sccc2[CH2:1]1|Clc1ccccc1C[N:1]1Cc2ccsc2C[CH2:1]1|Clc1ccccc1CN1CC[c:1]2[s:1][cH:1][cH:1][c:1]2C1|Clc1c[cH:1]ccc1CN1CCc2sccc2C1|Clc1ccccc1CN1CC[c:1]2[s:1][cH:1][cH:1][c:1]2C1|Clc1ccccc1CN1Cc2ccsc2C[CH2:1]1|Clc1ccccc1CN1CCc2sccc2[CH2:1]1|Clc1ccccc1CN1Cc2ccsc2[CH2:1][CH2:1]1|Clc1ccccc1C[N:1]1CC[c:1]2[s:1][cH:1][cH:1][c:1]2[CH2:1]1|Clc1ccccc1CN1CC[c:1]2[s:1][cH:1][cH:1][c:1]2C1|Clc1ccccc1CN1CC[c:1]2[s:1][cH:1][cH:1][c:1]2C1
64,Cn1c(=O)c2c(ncn2C)n(C)c1=O,CYP1A2,CC(=O)Nc1c(N)[nH]c(=O)n(C)c1=O|CC(=O)Nc1c(N)n(C)c(=O)n(C)c1=O|Cc1c(=O)[nH]c(O)c2c1ncn2C|Cn1c(=O)[nH]c(=O)c2c1[nH]c(=O)n2C|Cn1c(=O)[nH]c2[nH]c(=O)[nH]c2c1=O|Cn1c(=O)[nH]c2[nH]c(=O)n(C)c2c1=O|Cn1c(=O)[nH]c2[nH]cnc2c1=O|Cn1c(=O)[nH]c2ncn(C)c2c1=O|Cn1c(=O)c2[nH]c(=O)[nH]c2n(C)c1=O|Cn1c(=O)c2[nH]cnc2n(C)c1=O|Cn1c(=O)c2c([nH]c(=O)n2C)n(C)c1=O|Cn1cnc2c1c(=O)[nH]c(=O)n2C,Cn1c(=O)[c:1]2[c:1]([n:1][cH:1][n:1]2C)[n:1]([CH3:1])c1=O|Cn1c(=O)[n:1](C)c(=O)c2c1n[cH:1]n2C|Cn1c(=O)c2c(n[cH:1][n:1]2C)[n:1](C)c1=O|Cn1c(=O)c2c(n[cH:1][n:1]2C)n(C)c1=O|Cn1c(=O)c2c(n[cH:1]n2C)[n:1](C)c1=O|Cn1c(=O)c2c(n[cH:1]n2C)n(C)c1=O|Cn1c(=O)c2c(nc[n:1]2C)[n:1](C)c1=O|Cn1c(=O)c2c(nc[n:1]2C)n(C)c1=O|Cn1c(=O)c2c(ncn2C)[n:1](C)c1=O|Cn1c(=O)n(C)[c:1]2[n:1][cH:1][n:1]([CH3:1])[c:1]2c1=O|Cn1cn[c:1]2c1[c:1](=[O:1])[n:1]([CH3:1])[c:1](=O)n2[CH3:1]|Cn1cnc2c1c(=O)[n:1](C)c(=O)n2C,Cn1c(=O)c2c(nc[n:1]2C)n(C)c1=O|Cn1c(=O)c2c(nc[n:1]2C)n(C)c1=O|Cn1c(=O)c2c(ncn2C)[n:1](C)c1=O|Cn1cnc2c1c(=O)[n:1](C)c(=O)n2C|Cn1c(=O)c2c(n[cH:1]n2C)n(C)c1=O|Cn1c(=O)c2c(ncn2[CH3:1])n(C)c1=O|Cn1cnc2c1c(=O)n([CH3:1])c(=O)n2C|Cn1c(=O)n(C)[c:1]2[n:1][cH:1][n:1](C)[c:1]2c1=O|Cn1c(=O)c2c(ncn2C)n([CH3:1])c1=O|Cn1c(=O)n(C)[c:1]2[n:1][cH:1][n:1](C)[c:1]2c1=O|Cn1c(=O)c2c(nc[n:1]2C)[n:1](C)c1=O|Cn1c(=O)[n:1](C)c(=O)c2c1nc[n:1]2C|Cn1c(=O)n(C)[c:1]2[n:1][cH:1][n:1](C)[c:1]2c1=O|Cn1cnc2c1c(=O)[n:1](C)c(=O)[n:1]2C|Cn1c(=O)n(C)[c:1]2[n:1][cH:1][n:1](C)[c:1]2c1=O|Cn1c(=O)c2c(n[cH:1]n2C)n(C)c1=O|Cn1cnc2c1c(=O)n(C)[c:1](=[O:1])[n:1]2C|Cn1cnc2c1[c:1](=[O:1])[n:1](C)c(=O)n2C|Cn1c(=O)n(C)[c:1]2[n:1][cH:1][n:1](C)[c:1]2c1=O|Cn1c(=O)n(C)[c:1]2[n:1][cH:1][n:1]([CH3:1])[c:1]2c1=O|Cn1c(=O)c2c(nc[n:1]2C)n(C)c1=O|Cn1c(=O)c2c(nc[n:1]2C)n(C)c1=O|Cn1c(=O)c2c(ncn2C)[n:1](C)c1=O|Cn1cnc2c1c(=O)[n:1](C)c(=O)n2C|Cn1c(=O)c2c(n[cH:1]n2C)n(C)c1=O|Cn1c(=O)c2c(ncn2[CH3:1])n(C)c1=O|Cn1cnc2c1c(=O)n([CH3:1])c(=O)n2C|Cn1c(=O)n(C)[c:1]2[n:1][cH:1][n:1](C)[c:1]2c1=O|Cn1c(=O)n(C)[c:1]2[n:1][cH:1][n:1](C)[c:1]2c1=O|Cn1c(=O)c2c(ncn2C)n([CH3:1])c1=O|Cn1c(=O)n(C)[c:1]2[n:1][cH:1][n:1](C)[c:1]2c1=O|Cn1cnc2c1[c:1](=[O:1])[n:1](C)c(=O)n2C|Cn1cnc2c1c(=O)n(C)[c:1](=[O:1])[n:1]2C|Cn1c(=O)n(C)[c:1]2[n:1][cH:1][n:1](C)[c:1]2c1=O|Cn1c(=O)n(C)[c:1]2[n:1][cH:1][n:1](C)[c:1]2c1=O|Cn1c(=O)c2c(n[cH:1]n2C)n(C)c1=O|Cn1c(=O)c2c(nc[n:1]2C)[n:1](C)c1=O|Cn1c(=O)n(C)[c:1]2[n:1][cH:1][n:1]([CH3:1])[c:1]2c1=O|Cn1c(=O)n(C)[c:1]2[n:1][cH:1][n:1](C)[c:1]2c1=O|Cn1c(=O)[n:1](C)c(=O)c2c1nc[n:1]2C|Cn1c(=O)c2c(nc[n:1]2C)n(C)c1=O|Cn1c(=O)c2c(nc[n:1]2C)n(C)c1=O|Cn1c(=O)c2c(ncn2C)[n:1](C)c1=O|Cn1cnc2c1c(=O)[n:1](C)c(=O)n2C|Cn1c(=O)c2c(n[cH:1]n2C)n(C)c1=O|Cn1c(=O)c2c(ncn2[CH3:1])n(C)c1=O|Cn1cnc2c1c(=O)n([CH3:1])c(=O)n2C|Cn1c(=O)n(C)[c:1]2[n:1][cH:1][n:1](C)[c:1]2c1=O|Cn1c(=O)n(C)[c:1]2[n:1][cH:1][n:1](C)[c:1]2c1=O|Cn1c(=O)c2c(ncn2C)n([CH3:1])c1=O|Cn1c(=O)n(C)[c:1]2[n:1][cH:1][n:1](C)[c:1]2c1=O|Cn1cnc2c1[c:1](=[O:1])[n:1](C)c(=O)n2C|Cn1c(=O)n(C)[c:1]2[n:1][cH:1][n:1](C)[c:1]2c1=O|Cn1c(=O)n(C)[c:1]2[n:1][cH:1][n:1](C)[c:1]2c1=O|Cn1cnc2c1c(=O)n(C)[c:1](=[O:1])[n:1]2C|Cn1c(=O)c2c(n[cH:1]n2C)n(C)c1=O|Cn1c(=O)n(C)[c:1]2[n:1][cH:1][n:1](C)[c:1]2c1=O|Cn1c(=O)c2c(nc[n:1]2C)[n:1](C)c1=O|Cn1c(=O)[c:1]2[c:1]([n:1][cH:1][n:1]2C)[n:1](C)c1=O|Cn1c(=O)[n:1](C)c(=O)c2c1nc[n:1]2C|Cn1c(=O)c2c(ncn2C)[n:1](C)c1=O|Cn1c(=O)c2c(nc[n:1]2C)n(C)c1=O|Cn1c(=O)c2c(nc[n:1]2C)n(C)c1=O|Cn1c(=O)c2c(n[cH:1]n2C)n(C)c1=O|Cn1cnc2c1c(=O)[n:1](C)c(=O)n2C|Cn1c(=O)c2c(ncn2[CH3:1])n(C)c1=O|Cn1c(=O)n(C)[c:1]2[n:1][cH:1][n:1](C)[c:1]2c1=O|Cn1cnc2c1c(=O)n([CH3:1])c(=O)n2C|Cn1c(=O)c2c(ncn2C)n([CH3:1])c1=O|Cn1c(=O)n(C)[c:1]2[n:1][cH:1][n:1](C)[c:1]2c1=O|Cn1c(=O)c2c(nc[n:1]2C)[n:1](C)c1=O|Cn1c(=O)[n:1](C)c(=O)c2c1nc[n:1]2C|Cn1cnc2c1c(=O)[n:1](C)c(=O)[n:1]2C|Cn1c(=O)n(C)[c:1]2[n:1][cH:1][n:1](C)[c:1]2c1=O|Cn1c(=O)n(C)[c:1]2[n:1][cH:1][n:1](C)[c:1]2c1=O|Cn1c(=O)c2c(n[cH:1]n2C)n(C)c1=O|Cn1cnc2c1[c:1](=[O:1])[n:1](C)c(=O)n2C|Cn1c(=O)n(C)[c:1]2[n:1][cH:1][n:1](C)[c:1]2c1=O|Cn1c(=O)n(C)[c:1]2[n:1][cH:1][n:1]([CH3:1])[c:1]2c1=O|Cn1cnc2c1c(=O)n(C)[c:1](=[O:1])[n:1]2C
65,Cn1c(=O)c2c(ncn2C)n(C)c1=O,CYP2C9,Cn1c(=O)[nH]c2ncn(C)c2c1=O|Cn1c(=O)c2[nH]cnc2n(C)c1=O|Cn1c(=O)c2c([nH]c(=O)n2C)n(C)c1=O,Cn1c(=O)c2c(n[cH:1]n2C)n(C)c1=O|Cn1c(=O)c2c(nc[n:1]2C)n(C)c1=O|Cn1c(=O)c2c(ncn2C)[n:1](C)c1=O,Cn1c(=O)c2c(nc[n:1]2C)n(C)c1=O|Cn1c(=O)c2c(nc[n:1]2C)n(C)c1=O|Cn1c(=O)c2c(ncn2C)[n:1](C)c1=O|Cn1cnc2c1c(=O)[n:1](C)c(=O)n2C|Cn1c(=O)c2c(n[cH:1]n2C)n(C)c1=O|Cn1c(=O)c2c(ncn2[CH3:1])n(C)c1=O|Cn1cnc2c1c(=O)n([CH3:1])c(=O)n2C|Cn1c(=O)n(C)[c:1]2[n:1][cH:1][n:1](C)[c:1]2c1=O|Cn1c(=O)c2c(ncn2C)n([CH3:1])c1=O|Cn1c(=O)n(C)[c:1]2[n:1][cH:1][n:1](C)[c:1]2c1=O|Cn1c(=O)c2c(nc[n:1]2C)[n:1](C)c1=O|Cn1c(=O)[n:1](C)c(=O)c2c1nc[n:1]2C|Cn1c(=O)n(C)[c:1]2[n:1][cH:1][n:1](C)[c:1]2c1=O|Cn1cnc2c1c(=O)[n:1](C)c(=O)[n:1]2C|Cn1c(=O)n(C)[c:1]2[n:1][cH:1][n:1](C)[c:1]2c1=O|Cn1c(=O)c2c(n[cH:1]n2C)n(C)c1=O|Cn1cnc2c1c(=O)n(C)[c:1](=[O:1])[n:1]2C|Cn1cnc2c1[c:1](=[O:1])[n:1](C)c(=O)n2C|Cn1c(=O)n(C)[c:1]2[n:1][cH:1][n:1](C)[c:1]2c1=O|Cn1c(=O)n(C)[c:1]2[n:1][cH:1][n:1]([CH3:1])[c:1]2c1=O|Cn1c(=O)c2c(nc[n:1]2C)n(C)c1=O|Cn1c(=O)c2c(nc[n:1]2C)n(C)c1=O|Cn1c(=O)c2c(ncn2C)[n:1](C)c1=O|Cn1cnc2c1c(=O)[n:1](C)c(=O)n2C|Cn1c(=O)c2c(n[cH:1]n2C)n(C)c1=O|Cn1c(=O)c2c(ncn2[CH3:1])n(C)c1=O|Cn1cnc2c1c(=O)n([CH3:1])c(=O)n2C|Cn1c(=O)n(C)[c:1]2[n:1][cH:1][n:1](C)[c:1]2c1=O|Cn1c(=O)n(C)[c:1]2[n:1][cH:1][n:1](C)[c:1]2c1=O|Cn1c(=O)c2c(ncn2C)n([CH3:1])c1=O|Cn1c(=O)n(C)[c:1]2[n:1][cH:1][n:1](C)[c:1]2c1=O|Cn1cnc2c1[c:1](=[O:1])[n:1](C)c(=O)n2C|Cn1cnc2c1c(=O)n(C)[c:1](=[O:1])[n:1]2C|Cn1c(=O)n(C)[c:1]2[n:1][cH:1][n:1](C)[c:1]2c1=O|Cn1c(=O)n(C)[c:1]2[n:1][cH:1][n:1](C)[c:1]2c1=O|Cn1c(=O)c2c(n[cH:1]n2C)n(C)c1=O|Cn1c(=O)c2c(nc[n:1]2C)[n:1](C)c1=O|Cn1c(=O)n(C)[c:1]2[n:1][cH:1][n:1]([CH3:1])[c:1]2c1=O|Cn1c(=O)n(C)[c:1]2[n:1][cH:1][n:1](C)[c:1]2c1=O|Cn1c(=O)[n:1](C)c(=O)c2c1nc[n:1]2C|Cn1c(=O)c2c(nc[n:1]2C)n(C)c1=O|Cn1c(=O)c2c(nc[n:1]2C)n(C)c1=O|Cn1c(=O)c2c(ncn2C)[n:1](C)c1=O|Cn1cnc2c1c(=O)[n:1](C)c(=O)n2C|Cn1c(=O)c2c(n[cH:1]n2C)n(C)c1=O|Cn1c(=O)c2c(ncn2[CH3:1])n(C)c1=O|Cn1cnc2c1c(=O)n([CH3:1])c(=O)n2C|Cn1c(=O)n(C)[c:1]2[n:1][cH:1][n:1](C)[c:1]2c1=O|Cn1c(=O)n(C)[c:1]2[n:1][cH:1][n:1](C)[c:1]2c1=O|Cn1c(=O)c2c(ncn2C)n([CH3:1])c1=O|Cn1c(=O)n(C)[c:1]2[n:1][cH:1][n:1](C)[c:1]2c1=O|Cn1cnc2c1[c:1](=[O:1])[n:1](C)c(=O)n2C|Cn1c(=O)n(C)[c:1]2[n:1][cH:1][n:1](C)[c:1]2c1=O|Cn1c(=O)n(C)[c:1]2[n:1][cH:1][n:1](C)[c:1]2c1=O|Cn1cnc2c1c(=O)n(C)[c:1](=[O:1])[n:1]2C|Cn1c(=O)c2c(n[cH:1]n2C)n(C)c1=O|Cn1c(=O)n(C)[c:1]2[n:1][cH:1][n:1](C)[c:1]2c1=O|Cn1c(=O)c2c(nc[n:1]2C)[n:1](C)c1=O|Cn1c(=O)[c:1]2[c:1]([n:1][cH:1][n:1]2C)[n:1](C)c1=O|Cn1c(=O)[n:1](C)c(=O)c2c1nc[n:1]2C|Cn1c(=O)c2c(ncn2C)[n:1](C)c1=O|Cn1c(=O)c2c(nc[n:1]2C)n(C)c1=O|Cn1c(=O)c2c(nc[n:1]2C)n(C)c1=O|Cn1c(=O)c2c(n[cH:1]n2C)n(C)c1=O|Cn1cnc2c1c(=O)[n:1](C)c(=O)n2C|Cn1c(=O)c2c(ncn2[CH3:1])n(C)c1=O|Cn1c(=O)n(C)[c:1]2[n:1][cH:1][n:1](C)[c:1]2c1=O|Cn1cnc2c1c(=O)n([CH3:1])c(=O)n2C|Cn1c(=O)c2c(ncn2C)n([CH3:1])c1=O|Cn1c(=O)n(C)[c:1]2[n:1][cH:1][n:1](C)[c:1]2c1=O|Cn1c(=O)c2c(nc[n:1]2C)[n:1](C)c1=O|Cn1c(=O)[n:1](C)c(=O)c2c1nc[n:1]2C|Cn1cnc2c1c(=O)[n:1](C)c(=O)[n:1]2C|Cn1c(=O)n(C)[c:1]2[n:1][cH:1][n:1](C)[c:1]2c1=O|Cn1c(=O)n(C)[c:1]2[n:1][cH:1][n:1](C)[c:1]2c1=O|Cn1c(=O)c2c(n[cH:1]n2C)n(C)c1=O|Cn1cnc2c1[c:1](=[O:1])[n:1](C)c(=O)n2C|Cn1c(=O)n(C)[c:1]2[n:1][cH:1][n:1](C)[c:1]2c1=O|Cn1c(=O)n(C)[c:1]2[n:1][cH:1][n:1]([CH3:1])[c:1]2c1=O|Cn1cnc2c1c(=O)n(C)[c:1](=[O:1])[n:1]2C
66,Cn1c(=O)c2c(ncn2C)n(C)c1=O,CYP2D6,Cn1c(=O)[nH]c2ncn(C)c2c1=O|Cn1c(=O)c2c([nH]c(=O)n2C)n(C)c1=O,Cn1c(=O)c2c(n[cH:1]n2C)n(C)c1=O|Cn1c(=O)c2c(ncn2C)[n:1](C)c1=O,Cn1c(=O)c2c(nc[n:1]2C)n(C)c1=O|Cn1c(=O)c2c(nc[n:1]2C)n(C)c1=O|Cn1c(=O)c2c(ncn2C)[n:1](C)c1=O|Cn1cnc2c1c(=O)[n:1](C)c(=O)n2C|Cn1c(=O)c2c(n[cH:1]n2C)n(C)c1=O|Cn1c(=O)c2c(ncn2[CH3:1])n(C)c1=O|Cn1cnc2c1c(=O)n([CH3:1])c(=O)n2C|Cn1c(=O)n(C)[c:1]2[n:1][cH:1][n:1](C)[c:1]2c1=O|Cn1c(=O)c2c(ncn2C)n([CH3:1])c1=O|Cn1c(=O)n(C)[c:1]2[n:1][cH:1][n:1](C)[c:1]2c1=O|Cn1c(=O)c2c(nc[n:1]2C)[n:1](C)c1=O|Cn1c(=O)[n:1](C)c(=O)c2c1nc[n:1]2C|Cn1c(=O)n(C)[c:1]2[n:1][cH:1][n:1](C)[c:1]2c1=O|Cn1cnc2c1c(=O)[n:1](C)c(=O)[n:1]2C|Cn1c(=O)n(C)[c:1]2[n:1][cH:1][n:1](C)[c:1]2c1=O|Cn1c(=O)c2c(n[cH:1]n2C)n(C)c1=O|Cn1cnc2c1c(=O)n(C)[c:1](=[O:1])[n:1]2C|Cn1cnc2c1[c:1](=[O:1])[n:1](C)c(=O)n2C|Cn1c(=O)n(C)[c:1]2[n:1][cH:1][n:1](C)[c:1]2c1=O|Cn1c(=O)n(C)[c:1]2[n:1][cH:1][n:1]([CH3:1])[c:1]2c1=O|Cn1c(=O)c2c(nc[n:1]2C)n(C)c1=O|Cn1c(=O)c2c(nc[n:1]2C)n(C)c1=O|Cn1c(=O)c2c(ncn2C)[n:1](C)c1=O|Cn1cnc2c1c(=O)[n:1](C)c(=O)n2C|Cn1c(=O)c2c(n[cH:1]n2C)n(C)c1=O|Cn1c(=O)c2c(ncn2[CH3:1])n(C)c1=O|Cn1cnc2c1c(=O)n([CH3:1])c(=O)n2C|Cn1c(=O)n(C)[c:1]2[n:1][cH:1][n:1](C)[c:1]2c1=O|Cn1c(=O)n(C)[c:1]2[n:1][cH:1][n:1](C)[c:1]2c1=O|Cn1c(=O)c2c(ncn2C)n([CH3:1])c1=O|Cn1c(=O)n(C)[c:1]2[n:1][cH:1][n:1](C)[c:1]2c1=O|Cn1cnc2c1[c:1](=[O:1])[n:1](C)c(=O)n2C|Cn1cnc2c1c(=O)n(C)[c:1](=[O:1])[n:1]2C|Cn1c(=O)n(C)[c:1]2[n:1][cH:1][n:1](C)[c:1]2c1=O|Cn1c(=O)n(C)[c:1]2[n:1][cH:1][n:1](C)[c:1]2c1=O|Cn1c(=O)c2c(n[cH:1]n2C)n(C)c1=O|Cn1c(=O)c2c(nc[n:1]2C)[n:1](C)c1=O|Cn1c(=O)n(C)[c:1]2[n:1][cH:1][n:1]([CH3:1])[c:1]2c1=O|Cn1c(=O)n(C)[c:1]2[n:1][cH:1][n:1](C)[c:1]2c1=O|Cn1c(=O)[n:1](C)c(=O)c2c1nc[n:1]2C|Cn1c(=O)c2c(nc[n:1]2C)n(C)c1=O|Cn1c(=O)c2c(nc[n:1]2C)n(C)c1=O|Cn1c(=O)c2c(ncn2C)[n:1](C)c1=O|Cn1cnc2c1c(=O)[n:1](C)c(=O)n2C|Cn1c(=O)c2c(n[cH:1]n2C)n(C)c1=O|Cn1c(=O)c2c(ncn2[CH3:1])n(C)c1=O|Cn1cnc2c1c(=O)n([CH3:1])c(=O)n2C|Cn1c(=O)n(C)[c:1]2[n:1][cH:1][n:1](C)[c:1]2c1=O|Cn1c(=O)n(C)[c:1]2[n:1][cH:1][n:1](C)[c:1]2c1=O|Cn1c(=O)c2c(ncn2C)n([CH3:1])c1=O|Cn1c(=O)n(C)[c:1]2[n:1][cH:1][n:1](C)[c:1]2c1=O|Cn1cnc2c1[c:1](=[O:1])[n:1](C)c(=O)n2C|Cn1c(=O)n(C)[c:1]2[n:1][cH:1][n:1](C)[c:1]2c1=O|Cn1c(=O)n(C)[c:1]2[n:1][cH:1][n:1](C)[c:1]2c1=O|Cn1cnc2c1c(=O)n(C)[c:1](=[O:1])[n:1]2C|Cn1c(=O)c2c(n[cH:1]n2C)n(C)c1=O|Cn1c(=O)n(C)[c:1]2[n:1][cH:1][n:1](C)[c:1]2c1=O|Cn1c(=O)c2c(nc[n:1]2C)[n:1](C)c1=O|Cn1c(=O)[c:1]2[c:1]([n:1][cH:1][n:1]2C)[n:1](C)c1=O|Cn1c(=O)[n:1](C)c(=O)c2c1nc[n:1]2C|Cn1c(=O)c2c(ncn2C)[n:1](C)c1=O|Cn1c(=O)c2c(nc[n:1]2C)n(C)c1=O|Cn1c(=O)c2c(nc[n:1]2C)n(C)c1=O|Cn1c(=O)c2c(n[cH:1]n2C)n(C)c1=O|Cn1cnc2c1c(=O)[n:1](C)c(=O)n2C|Cn1c(=O)c2c(ncn2[CH3:1])n(C)c1=O|Cn1c(=O)n(C)[c:1]2[n:1][cH:1][n:1](C)[c:1]2c1=O|Cn1cnc2c1c(=O)n([CH3:1])c(=O)n2C|Cn1c(=O)c2c(ncn2C)n([CH3:1])c1=O|Cn1c(=O)n(C)[c:1]2[n:1][cH:1][n:1](C)[c:1]2c1=O|Cn1c(=O)c2c(nc[n:1]2C)[n:1](C)c1=O|Cn1c(=O)[n:1](C)c(=O)c2c1nc[n:1]2C|Cn1cnc2c1c(=O)[n:1](C)c(=O)[n:1]2C|Cn1c(=O)n(C)[c:1]2[n:1][cH:1][n:1](C)[c:1]2c1=O|Cn1c(=O)n(C)[c:1]2[n:1][cH:1][n:1](C)[c:1]2c1=O|Cn1c(=O)c2c(n[cH:1]n2C)n(C)c1=O|Cn1cnc2c1[c:1](=[O:1])[n:1](C)c(=O)n2C|Cn1c(=O)n(C)[c:1]2[n:1][cH:1][n:1](C)[c:1]2c1=O|Cn1c(=O)n(C)[c:1]2[n:1][cH:1][n:1]([CH3:1])[c:1]2c1=O|Cn1cnc2c1c(=O)n(C)[c:1](=[O:1])[n:1]2C
67,Cn1c(=O)c2c(ncn2C)n(C)c1=O,CYP3A4,Cn1c(=O)c2[nH]cnc2n(C)c1=O|Cn1c(=O)c2c([nH]c(=O)n2C)n(C)c1=O,Cn1c(=O)c2c(n[cH:1]n2C)n(C)c1=O|Cn1c(=O)c2c(nc[n:1]2C)n(C)c1=O,Cn1c(=O)c2c(nc[n:1]2C)n(C)c1=O|Cn1c(=O)c2c(nc[n:1]2C)n(C)c1=O|Cn1c(=O)c2c(ncn2C)[n:1](C)c1=O|Cn1cnc2c1c(=O)[n:1](C)c(=O)n2C|Cn1c(=O)c2c(n[cH:1]n2C)n(C)c1=O|Cn1c(=O)c2c(ncn2[CH3:1])n(C)c1=O|Cn1cnc2c1c(=O)n([CH3:1])c(=O)n2C|Cn1c(=O)n(C)[c:1]2[n:1][cH:1][n:1](C)[c:1]2c1=O|Cn1c(=O)c2c(ncn2C)n([CH3:1])c1=O|Cn1c(=O)n(C)[c:1]2[n:1][cH:1][n:1](C)[c:1]2c1=O|Cn1c(=O)c2c(nc[n:1]2C)[n:1](C)c1=O|Cn1c(=O)[n:1](C)c(=O)c2c1nc[n:1]2C|Cn1c(=O)n(C)[c:1]2[n:1][cH:1][n:1](C)[c:1]2c1=O|Cn1cnc2c1c(=O)[n:1](C)c(=O)[n:1]2C|Cn1c(=O)n(C)[c:1]2[n:1][cH:1][n:1](C)[c:1]2c1=O|Cn1c(=O)c2c(n[cH:1]n2C)n(C)c1=O|Cn1cnc2c1c(=O)n(C)[c:1](=[O:1])[n:1]2C|Cn1cnc2c1[c:1](=[O:1])[n:1](C)c(=O)n2C|Cn1c(=O)n(C)[c:1]2[n:1][cH:1][n:1](C)[c:1]2c1=O|Cn1c(=O)n(C)[c:1]2[n:1][cH:1][n:1]([CH3:1])[c:1]2c1=O|Cn1c(=O)c2c(nc[n:1]2C)n(C)c1=O|Cn1c(=O)c2c(nc[n:1]2C)n(C)c1=O|Cn1c(=O)c2c(ncn2C)[n:1](C)c1=O|Cn1cnc2c1c(=O)[n:1](C)c(=O)n2C|Cn1c(=O)c2c(n[cH:1]n2C)n(C)c1=O|Cn1c(=O)c2c(ncn2[CH3:1])n(C)c1=O|Cn1cnc2c1c(=O)n([CH3:1])c(=O)n2C|Cn1c(=O)n(C)[c:1]2[n:1][cH:1][n:1](C)[c:1]2c1=O|Cn1c(=O)n(C)[c:1]2[n:1][cH:1][n:1](C)[c:1]2c1=O|Cn1c(=O)c2c(ncn2C)n([CH3:1])c1=O|Cn1c(=O)n(C)[c:1]2[n:1][cH:1][n:1](C)[c:1]2c1=O|Cn1cnc2c1[c:1](=[O:1])[n:1](C)c(=O)n2C|Cn1cnc2c1c(=O)n(C)[c:1](=[O:1])[n:1]2C|Cn1c(=O)n(C)[c:1]2[n:1][cH:1][n:1](C)[c:1]2c1=O|Cn1c(=O)n(C)[c:1]2[n:1][cH:1][n:1](C)[c:1]2c1=O|Cn1c(=O)c2c(n[cH:1]n2C)n(C)c1=O|Cn1c(=O)c2c(nc[n:1]2C)[n:1](C)c1=O|Cn1c(=O)n(C)[c:1]2[n:1][cH:1][n:1]([CH3:1])[c:1]2c1=O|Cn1c(=O)n(C)[c:1]2[n:1][cH:1][n:1](C)[c:1]2c1=O|Cn1c(=O)[n:1](C)c(=O)c2c1nc[n:1]2C|Cn1c(=O)c2c(nc[n:1]2C)n(C)c1=O|Cn1c(=O)c2c(nc[n:1]2C)n(C)c1=O|Cn1c(=O)c2c(ncn2C)[n:1](C)c1=O|Cn1cnc2c1c(=O)[n:1](C)c(=O)n2C|Cn1c(=O)c2c(n[cH:1]n2C)n(C)c1=O|Cn1c(=O)c2c(ncn2[CH3:1])n(C)c1=O|Cn1cnc2c1c(=O)n([CH3:1])c(=O)n2C|Cn1c(=O)n(C)[c:1]2[n:1][cH:1][n:1](C)[c:1]2c1=O|Cn1c(=O)n(C)[c:1]2[n:1][cH:1][n:1](C)[c:1]2c1=O|Cn1c(=O)c2c(ncn2C)n([CH3:1])c1=O|Cn1c(=O)n(C)[c:1]2[n:1][cH:1][n:1](C)[c:1]2c1=O|Cn1cnc2c1[c:1](=[O:1])[n:1](C)c(=O)n2C|Cn1c(=O)n(C)[c:1]2[n:1][cH:1][n:1](C)[c:1]2c1=O|Cn1c(=O)n(C)[c:1]2[n:1][cH:1][n:1](C)[c:1]2c1=O|Cn1cnc2c1c(=O)n(C)[c:1](=[O:1])[n:1]2C|Cn1c(=O)c2c(n[cH:1]n2C)n(C)c1=O|Cn1c(=O)n(C)[c:1]2[n:1][cH:1][n:1](C)[c:1]2c1=O|Cn1c(=O)c2c(nc[n:1]2C)[n:1](C)c1=O|Cn1c(=O)[c:1]2[c:1]([n:1][cH:1][n:1]2C)[n:1](C)c1=O|Cn1c(=O)[n:1](C)c(=O)c2c1nc[n:1]2C|Cn1c(=O)c2c(ncn2C)[n:1](C)c1=O|Cn1c(=O)c2c(nc[n:1]2C)n(C)c1=O|Cn1c(=O)c2c(nc[n:1]2C)n(C)c1=O|Cn1c(=O)c2c(n[cH:1]n2C)n(C)c1=O|Cn1cnc2c1c(=O)[n:1](C)c(=O)n2C|Cn1c(=O)c2c(ncn2[CH3:1])n(C)c1=O|Cn1c(=O)n(C)[c:1]2[n:1][cH:1][n:1](C)[c:1]2c1=O|Cn1cnc2c1c(=O)n([CH3:1])c(=O)n2C|Cn1c(=O)c2c(ncn2C)n([CH3:1])c1=O|Cn1c(=O)n(C)[c:1]2[n:1][cH:1][n:1](C)[c:1]2c1=O|Cn1c(=O)c2c(nc[n:1]2C)[n:1](C)c1=O|Cn1c(=O)[n:1](C)c(=O)c2c1nc[n:1]2C|Cn1cnc2c1c(=O)[n:1](C)c(=O)[n:1]2C|Cn1c(=O)n(C)[c:1]2[n:1][cH:1][n:1](C)[c:1]2c1=O|Cn1c(=O)n(C)[c:1]2[n:1][cH:1][n:1](C)[c:1]2c1=O|Cn1c(=O)c2c(n[cH:1]n2C)n(C)c1=O|Cn1cnc2c1[c:1](=[O:1])[n:1](C)c(=O)n2C|Cn1c(=O)n(C)[c:1]2[n:1][cH:1][n:1](C)[c:1]2c1=O|Cn1c(=O)n(C)[c:1]2[n:1][cH:1][n:1]([CH3:1])[c:1]2c1=O|Cn1cnc2c1c(=O)n(C)[c:1](=[O:1])[n:1]2C
68,O=C(NOCCO)c1ccc2cncn2c1Nc1ccc(I)cc1F,CYP2C9,Oc1nn(-c2ccc(I)cc2F)c2c1ccc1cncn12,OCCO[NH:1][C:1](=[O:1])[c:1]1ccc2cncn2[c:1]1[NH:1]c1ccc(I)cc1F,O=[C:1](N[O:1]CCO)c1ccc2cncn2c1Nc1ccc(I)cc1F|O=C(NOCCO)c1ccc2cn[cH:1]n2c1Nc1ccc(I)cc1F|O=C(c1ccc2cncn2c1Nc1ccc(I)cc1F)[NH:1]OCCO|O=C(NOCCO)c1ccc2cncn2c1Nc1ccc(I)cc1F|O=C(NOCCO)c1c[cH:1]c2cncn2c1Nc1ccc(I)cc1F|O=C(NOCCO)[c:1]1[cH:1][cH:1][c:1]2[cH:1][n:1][cH:1][n:1]2[c:1]1Nc1ccc(I)cc1F|O=C(NOCCO)c1ccc2cncn2c1Nc1c(F)cc(I)c[cH:1]1|O=C(NOCCO)c1ccc2cncn2c1Nc1ccc(I)cc1F|OC[CH2:1][O:1]N[C:1](c1ccc2cncn2c1Nc1ccc(I)cc1F)=[O:1]|O=C(NOCCO)c1ccc2cn[cH:1]n2c1Nc1ccc(I)cc1F|O=C(NOCCO)c1ccc2cncn2c1Nc1cc[c:1](I)cc1F|O=C(NOCCO)c1ccc2n(cn[cH:1]2)c1Nc1ccc(I)cc1F|O=C(NOCCO)c1c(Nc2ccc(I)cc2F)n2cncc2c[cH:1]1|O=C(NOCCO)[c:1]1[cH:1][cH:1][c:1]2cnc[n:1]2[c:1]1Nc1ccc(I)cc1F|O=C(c1ccc2cncn2c1Nc1ccc(I)cc1F)[NH:1]OCCO|O=C(NOC[CH2:1][OH:1])c1ccc2cncn2c1Nc1ccc(I)cc1F|O=[C:1](NOCCO)c1ccc2cncn2c1Nc1ccc(I)cc1F|O=C(NOCCO)c1ccc2cncn2c1Nc1ccc(I)c[c:1]1F|O=C(NOCCO)c1ccc2cncn2c1Nc1c[cH:1]c(I)cc1F|O=C(NOCCO)c1ccc2c[n:1]cn2c1Nc1ccc(I)cc1F
69,O=C1CN=C(c2ccccc2)c2cc(Cl)ccc2N1,CYP1A2,O=C1Nc2ccc(Cl)cc2C(c2ccccc2)=NC1O,O=C1Nc2ccc(Cl)cc2C(c2ccccc2)=N[CH2:1]1,O=C1Nc2ccc(Cl)cc2C(c2ccccc2)=N[CH2:1]1|O=C1CN=C(c2ccccc2)c2cc(Cl)[cH:1]cc2N1|O=C1Nc2ccc(Cl)cc2[C:1](c2ccccc2)=[N:1][CH2:1]1|O=C1CN=C(c2ccccc2)c2cc(Cl)c[cH:1]c2N1|O=C1CN=C(c2cc[cH:1]cc2)c2cc(Cl)ccc2N1|O=C1C[N:1]=[C:1](c2ccccc2)c2cc(Cl)ccc2N1|O=C1CN=C(c2ccccc2)c2cc(Cl)ccc2N1|O=C1Nc2ccc(Cl)cc2[C:1](c2ccccc2)=[N:1][CH2:1]1|O=C1CN=C(c2ccccc2)c2c(ccc(Cl)[cH:1]2)N1|O=C1CN=C(c2ccccc2)[c:1]2[cH:1][c:1](Cl)[cH:1][cH:1][c:1]2N1|O=C1CN=C(c2ccc[cH:1]c2)c2cc(Cl)ccc2N1|O=[C:1]1CN=C(c2ccccc2)c2cc(Cl)ccc2[NH:1]1|O=C1C[N:1]=[C:1](c2ccccc2)c2cc(Cl)[cH:1]cc2N1|O=[C:1]1CN=C(c2ccccc2)c2cc(Cl)ccc2[NH:1]1|O=C1Nc2c[cH:1]c(Cl)cc2[C:1](c2ccccc2)=[N:1][CH2:1]1|O=C1CN=C(c2ccccc2)c2cc([Cl:1])ccc2N1|O=C1CN=C(c2ccccc2)c2cc(Cl)ccc2N1|O=[C:1]1[CH2:1][N:1]=[C:1](c2ccccc2)c2cc(Cl)ccc2[NH:1]1|O=C1C[N:1]=[C:1](c2ccccc2)[c:1]2c([cH:1][cH:1]c(Cl)[cH:1]2)N1|O=C1CN=C(c2ccccc2)c2cc(Cl)ccc2[NH:1]1|O=C1Nc2ccc(Cl)cc2C(c2ccccc2)=N[CH2:1]1|O=C1CN=C(c2ccccc2)c2cc(Cl)[cH:1]cc2N1|O=C1Nc2ccc(Cl)cc2[C:1](c2ccccc2)=[N:1][CH2:1]1|O=C1CN=C(c2ccccc2)c2cc(Cl)c[cH:1]c2N1|O=C1CN=C(c2cc[cH:1]cc2)c2cc(Cl)ccc2N1|O=C1CN=C(c2ccccc2)c2cc(Cl)ccc2N1|O=C1C[N:1]=[C:1](c2ccccc2)c2cc(Cl)ccc2N1|O=C1Nc2ccc(Cl)cc2[C:1](c2ccccc2)=[N:1][CH2:1]1|O=C1CN=C(c2ccccc2)c2c(ccc(Cl)[cH:1]2)N1|O=C1CN=C(c2ccccc2)[c:1]2[cH:1][c:1](Cl)[cH:1][cH:1][c:1]2N1|O=C1CN=C(c2ccc[cH:1]c2)c2cc(Cl)ccc2N1|O=[C:1]1CN=C(c2ccccc2)c2cc(Cl)ccc2[NH:1]1|O=C1C[N:1]=[C:1](c2ccccc2)c2cc(Cl)[cH:1]cc2N1|O=[C:1]1CN=C(c2ccccc2)c2cc(Cl)ccc2[NH:1]1|O=C1CN=C(c2ccccc2)c2cc(Cl)ccc2N1|O=C1Nc2c[cH:1]c(Cl)cc2[C:1](c2ccccc2)=[N:1][CH2:1]1|O=[C:1]1[CH2:1][N:1]=[C:1](c2ccccc2)c2cc(Cl)ccc2[NH:1]1|O=C1CN=C(c2ccccc2)c2cc(Cl)ccc2[NH:1]1|O=C1CN=C(c2ccccc2)c2cc([Cl:1])ccc2N1|O=C1C[N:1]=[C:1](c2ccccc2)[c:1]2c([cH:1][cH:1]c(Cl)[cH:1]2)N1
70,O=C1CN=C(c2ccccc2)c2cc(Cl)ccc2N1,CYP3A4,O=C1Nc2ccc(Cl)cc2C(c2ccccc2)=NC1O,O=C1Nc2ccc(Cl)cc2C(c2ccccc2)=N[CH2:1]1,O=C1Nc2ccc(Cl)cc2C(c2ccccc2)=N[CH2:1]1|O=C1CN=C(c2ccccc2)c2cc(Cl)[cH:1]cc2N1|O=C1Nc2ccc(Cl)cc2[C:1](c2ccccc2)=[N:1][CH2:1]1|O=C1CN=C(c2ccccc2)c2cc(Cl)c[cH:1]c2N1|O=C1CN=C(c2cc[cH:1]cc2)c2cc(Cl)ccc2N1|O=C1C[N:1]=[C:1](c2ccccc2)c2cc(Cl)ccc2N1|O=C1CN=C(c2ccccc2)c2cc(Cl)ccc2N1|O=C1Nc2ccc(Cl)cc2[C:1](c2ccccc2)=[N:1][CH2:1]1|O=C1CN=C(c2ccccc2)c2c(ccc(Cl)[cH:1]2)N1|O=C1CN=C(c2ccccc2)[c:1]2[cH:1][c:1](Cl)[cH:1][cH:1][c:1]2N1|O=C1CN=C(c2ccc[cH:1]c2)c2cc(Cl)ccc2N1|O=[C:1]1CN=C(c2ccccc2)c2cc(Cl)ccc2[NH:1]1|O=C1C[N:1]=[C:1](c2ccccc2)c2cc(Cl)[cH:1]cc2N1|O=[C:1]1CN=C(c2ccccc2)c2cc(Cl)ccc2[NH:1]1|O=C1Nc2c[cH:1]c(Cl)cc2[C:1](c2ccccc2)=[N:1][CH2:1]1|O=C1CN=C(c2ccccc2)c2cc([Cl:1])ccc2N1|O=C1CN=C(c2ccccc2)c2cc(Cl)ccc2N1|O=[C:1]1[CH2:1][N:1]=[C:1](c2ccccc2)c2cc(Cl)ccc2[NH:1]1|O=C1C[N:1]=[C:1](c2ccccc2)[c:1]2c([cH:1][cH:1]c(Cl)[cH:1]2)N1|O=C1CN=C(c2ccccc2)c2cc(Cl)ccc2[NH:1]1|O=C1Nc2ccc(Cl)cc2C(c2ccccc2)=N[CH2:1]1|O=C1CN=C(c2ccccc2)c2cc(Cl)[cH:1]cc2N1|O=C1Nc2ccc(Cl)cc2[C:1](c2ccccc2)=[N:1][CH2:1]1|O=C1CN=C(c2ccccc2)c2cc(Cl)c[cH:1]c2N1|O=C1CN=C(c2cc[cH:1]cc2)c2cc(Cl)ccc2N1|O=C1CN=C(c2ccccc2)c2cc(Cl)ccc2N1|O=C1C[N:1]=[C:1](c2ccccc2)c2cc(Cl)ccc2N1|O=C1Nc2ccc(Cl)cc2[C:1](c2ccccc2)=[N:1][CH2:1]1|O=C1CN=C(c2ccccc2)c2c(ccc(Cl)[cH:1]2)N1|O=C1CN=C(c2ccccc2)[c:1]2[cH:1][c:1](Cl)[cH:1][cH:1][c:1]2N1|O=C1CN=C(c2ccc[cH:1]c2)c2cc(Cl)ccc2N1|O=[C:1]1CN=C(c2ccccc2)c2cc(Cl)ccc2[NH:1]1|O=C1C[N:1]=[C:1](c2ccccc2)c2cc(Cl)[cH:1]cc2N1|O=[C:1]1CN=C(c2ccccc2)c2cc(Cl)ccc2[NH:1]1|O=C1CN=C(c2ccccc2)c2cc(Cl)ccc2N1|O=C1Nc2c[cH:1]c(Cl)cc2[C:1](c2ccccc2)=[N:1][CH2:1]1|O=[C:1]1[CH2:1][N:1]=[C:1](c2ccccc2)c2cc(Cl)ccc2[NH:1]1|O=C1CN=C(c2ccccc2)c2cc(Cl)ccc2[NH:1]1|O=C1CN=C(c2ccccc2)c2cc([Cl:1])ccc2N1|O=C1C[N:1]=[C:1](c2ccccc2)[c:1]2c([cH:1][cH:1]c(Cl)[cH:1]2)N1
71,O=P1(NCCCl)OCCCN1CCCl,CYP2C9,NP1(=O)OCCCN1CCCl|O=P1(NCCCl)OCCC(O)N1CCCl,O=P1(NCCCl)OCC[CH2:1]N1CCCl|O=P1([NH:1]CCCl)OCCCN1CCCl,O=P1(NCCCl)OCCC[N:1]1CCCl|O=P1([NH:1]CCCl)OCCCN1CCCl|O=P1(NCCCl)OCC[CH2:1]N1CCCl|O=P1(NCCCl)OCCC[N:1]1CCCl|O=P1(NCCCl)OCC[CH2:1]N1CCCl|O=P1(NCCCl)OC[CH2:1]CN1CCCl|O=[P:1]1(NCCCl)N(CCCl)CC[CH2:1][O:1]1|O=P1(NCCCl)OCC[CH2:1]N1CCCl|O=P1(NCCCl)OCCC[N:1]1CCCl|O=P1(NCCCl)OCCCN1CCCl|O=P1(NCCCl)OCCCN1CCCl|O=P1(NCCCl)OCCC[N:1]1CCCl|O=P1(NCCCl)OCC[CH2:1][N:1]1CCCl|O=P1([NH:1]CCCl)OCCCN1CCCl|O=P1([NH:1]CCCl)OCCCN1CCCl|O=[P:1]1(NCCCl)N(CCCl)CCC[O:1]1|O=P1(NCCCl)OCCCN1[CH2:1]CCl|O=P1(NCCCl)OCCCN1CCCl|O=P1([NH:1]CCCl)OCCCN1CCCl|O=P1(NCCCl)OCC[CH2:1][N:1]1CCCl|O=P1(NCCCl)OCCC[N:1]1CCCl|O=P1([NH:1]CCCl)OCCCN1CCCl|O=P1(NCCCl)OCC[CH2:1]N1CCCl|O=P1(NCCCl)OCC[CH2:1]N1CCCl|O=P1(NCCCl)OCCC[N:1]1CCCl|O=P1(NCCCl)OCC[CH2:1]N1CCCl|O=P1(NCCCl)OC[CH2:1]CN1CCCl|O=[P:1]1(NCCCl)N(CCCl)CC[CH2:1][O:1]1|O=P1(NCCCl)OCCC[N:1]1CCCl|O=P1(NCCCl)OCCCN1CCCl|O=P1(NCCCl)OCCCN1CCCl|O=P1(NCCCl)OCC[CH2:1][N:1]1CCCl|O=[P:1]1(NCCCl)N(CCCl)CCC[O:1]1|O=P1(NCCCl)OCCC[N:1]1CCCl|O=P1([NH:1]CCCl)OCCCN1CCCl|O=P1(NCCCl)OCCCN1[CH2:1]CCl|O=P1(NCCCl)OCCCN1CCCl|O=P1([NH:1]CCCl)OCCCN1CCCl|O=P1([NH:1]CCCl)OCCCN1CCCl|O=P1(N[CH2:1]CCl)OCCCN1CCCl
72,O=P1(NCCCl)OCCCN1CCCl,CYP3A4,NP1(=O)OCCCN1CCCl|N[P@@]1(=O)OCCCN1CCCl|O=P1(NCCCl)NCCCO1|O=P1(NCCCl)OCCC(O)N1CCCl|O=[P@]1(NCCCl)NCCCO1,O=P1(NCCCl)OCCC[N:1]1CCCl|O=P1(NCCCl)OCC[CH2:1]N1CCCl|O=P1([NH:1]CCCl)OCCCN1CCCl,O=P1(NCCCl)OCCC[N:1]1CCCl|O=P1([NH:1]CCCl)OCCCN1CCCl|O=P1(NCCCl)OCC[CH2:1]N1CCCl|O=P1(NCCCl)OCCC[N:1]1CCCl|O=P1(NCCCl)OCC[CH2:1]N1CCCl|O=P1(NCCCl)OC[CH2:1]CN1CCCl|O=[P:1]1(NCCCl)N(CCCl)CC[CH2:1][O:1]1|O=P1(NCCCl)OCC[CH2:1]N1CCCl|O=P1(NCCCl)OCCC[N:1]1CCCl|O=P1(NCCCl)OCCCN1CCCl|O=P1(NCCCl)OCCCN1CCCl|O=P1(NCCCl)OCCC[N:1]1CCCl|O=P1(NCCCl)OCC[CH2:1][N:1]1CCCl|O=P1([NH:1]CCCl)OCCCN1CCCl|O=P1([NH:1]CCCl)OCCCN1CCCl|O=[P:1]1(NCCCl)N(CCCl)CCC[O:1]1|O=P1(NCCCl)OCCCN1[CH2:1]CCl|O=P1(NCCCl)OCCCN1CCCl|O=P1([NH:1]CCCl)OCCCN1CCCl|O=P1(NCCCl)OCC[CH2:1][N:1]1CCCl|O=P1(NCCCl)OCCC[N:1]1CCCl|O=P1([NH:1]CCCl)OCCCN1CCCl|O=P1(NCCCl)OCC[CH2:1]N1CCCl|O=P1(NCCCl)OCC[CH2:1]N1CCCl|O=P1(NCCCl)OCCC[N:1]1CCCl|O=P1(NCCCl)OCC[CH2:1]N1CCCl|O=P1(NCCCl)OC[CH2:1]CN1CCCl|O=[P:1]1(NCCCl)N(CCCl)CC[CH2:1][O:1]1|O=P1(NCCCl)OCCC[N:1]1CCCl|O=P1(NCCCl)OCCCN1CCCl|O=P1(NCCCl)OCCCN1CCCl|O=P1(NCCCl)OCC[CH2:1][N:1]1CCCl|O=[P:1]1(NCCCl)N(CCCl)CCC[O:1]1|O=P1(NCCCl)OCCC[N:1]1CCCl|O=P1([NH:1]CCCl)OCCCN1CCCl|O=P1(NCCCl)OCCCN1[CH2:1]CCl|O=P1(NCCCl)OCCCN1CCCl|O=P1([NH:1]CCCl)OCCCN1CCCl|O=P1([NH:1]CCCl)OCCCN1CCCl|O=P1(N[CH2:1]CCl)OCCCN1CCCl
73,OCCOCCN1CCN(C(c2ccccc2)c2ccc(Cl)cc2)CC1,CYP3A4,O=C(O)COCCN1CCN(C(c2ccccc2)c2ccc(Cl)cc2)CC1,O[CH2:1]COCCN1CCN(C(c2ccccc2)c2ccc(Cl)cc2)CC1,OCCOCC[N:1]1CCN(C(c2ccccc2)c2ccc(Cl)cc2)CC1|OCC[O:1]C[CH2:1]N1CCN([CH:1](c2ccccc2)c2ccc(Cl)cc2)CC1|OCC[O:1]CCN1CCN(C(c2ccccc2)c2ccc(Cl)cc2)CC1|OCCOCCN1CC[N:1](C(c2ccccc2)c2ccc(Cl)cc2)CC1|Clc1ccc(C(c2ccccc2)N2CCN(CC[O:1]C[CH2:1][OH:1])CC2)cc1|Clc1ccc(C(c2ccccc2)N2CCN(CCOC[CH2:1][OH:1])CC2)cc1|O[CH2:1]COCCN1CCN(C(c2ccccc2)c2ccc(Cl)cc2)CC1|OCCOCCN1CCN(C([c:1]2[cH:1]cc(Cl)[cH:1][cH:1]2)[c:1]2[cH:1]c[cH:1][cH:1][cH:1]2)CC1|OCCOCC[N:1]1CCN(C(c2ccccc2)c2ccc(Cl)cc2)CC1|OCCOCCN1CCN(C(c2ccccc2)c2ccc(Cl)[cH:1]c2)CC1|OCCOCCN1CCN(C(c2ccccc2)c2ccc(Cl)c[cH:1]2)CC1|OCC[O:1]CCN1CCN(C(c2ccccc2)c2ccc(Cl)c[cH:1]2)CC1|Clc1ccc([CH:1](c2ccccc2)N2CCN(CCOCC[OH:1])CC2)cc1|OCCOCCN1CC[N:1](C(c2ccccc2)c2ccc(Cl)cc2)[CH2:1]C1|OCC[O:1]CCN1CCN(C(c2ccccc2)c2ccc(Cl)cc2)CC1|OCCOCC[N:1]1CCN(C(c2ccccc2)c2ccc(Cl)cc2)C[CH2:1]1|OC[CH2:1]OCC[N:1]1CCN(C(c2ccccc2)c2ccc(Cl)cc2)CC1|OCCOCCN1CCN(C(c2ccc(Cl)cc2)c2ccc[cH:1]c2)CC1|OCCOCCN1CCN(C(c2ccccc2)c2ccc(Cl)cc2)C[CH2:1]1|OCC[O:1]CCN1CCN(C(c2ccc(Cl)cc2)c2cc[cH:1][cH:1]c2)CC1
