substrate,metabolite,mapped_rxn,pred_rxn,site_truth
C#C[C@]1(OC(C)=O)CC[C@H]2[C@@H]3CCC4=C/C(=N/O)CC[C@@H]4[C@H]3CC[C@@]21CC,C#C[C@]1(O)CC[C@H]2[C@@H]3CCC4=C/C(=N/O)CC[C@@H]4[C@H]3CC[C@@]21CC,C#C[C@]1(O)CC[C@H]2[C@@H]3CCC4=C/C(=N/O)CC[C@@H]4[C@H]3CC[C@@]21CC>>C#C[C@]1(OC(C)=O)CC[C@H]2[C@@H]3CCC4=C/C(=N/O)CC[C@@H]4[C@H]3CC[C@@]21CC,[CH:1]#[C:2][C@:3]1([OH:4])[CH2:8][CH2:9][C@H:10]2[C@@H:11]3[CH2:12][CH2:13][C:14]4=[CH:15]/[C:16](=[N:17]/[OH:18])[CH2:19][CH2:20][C@@H:21]4[C@H:22]3[CH2:23][CH2:24][C@:25]12[CH2:26][CH3:27]>>[CH:1]#[C:2][C@:3]1([O:4]C(C)=O)[CH2:8][CH2:9][C@H:10]2[C@@H:11]3[CH2:12][CH2:13][C:14]4=[CH:15]/[C:16](=[N:17]/[OH:18])[CH2:19][CH2:20][C@@H:21]4[C@H:22]3[CH2:23][CH2:24][C@:25]12[CH2:26][CH3:27],C#C[C@]1([O:1]C(C)=O)CC[C@H]2[C@@H]3CCC4=C/C(=N/O)CC[C@@H]4[C@H]3CC[C@@]21CC
CC(C)(O)c1ccccc1CC[C@@H](SCC1(CC(=O)O)CC1)c1cccc(/C=C/c2ccc3ccc(Cl)cc3n2)c1,CC(C)(O)c1ccccc1CC[C@@H](SCC1(CC(=O)OC2O[C@H](C(=O)O)[C@@H](O)[C@H](O)[C@H]2O)CC1)c1cccc(/C=C/c2ccc3ccc(Cl)cc3n2)c1,CC(C)(O)c1ccccc1CC[C@@H](SCC1(CC(=O)OC2O[C@H](C(=O)O)[C@@H](O)[C@H](O)[C@H]2O)CC1)c1cccc(/C=C/c2ccc3ccc(Cl)cc3n2)c1>>CC(C)(O)c1ccccc1CC[C@@H](SCC1(CC(=O)O)CC1)c1cccc(/C=C/c2ccc3ccc(Cl)cc3n2)c1,[CH3:1][C:2]([CH3:3])([OH:4])[c:5]1[cH:6][cH:7][cH:8][cH:9][c:10]1[CH2:11][CH2:12][C@@H:13]([S:14][CH2:15][C:16]1([CH2:17][C:18](=[O:19])[O:20]C2O[C@H](C(=O)O)[C@@H](O)[C@H](O)[C@H]2O)[CH2:21][CH2:22]1)[c:23]1[cH:24][cH:25][cH:26][c:27](/[CH:28]=[CH:29]/[c:30]2[cH:31][cH:32][c:33]3[cH:34][cH:35][c:36]([Cl:37])[cH:38][c:39]3[n:40]2)[cH:41]1>>[CH3:1][C:2]([CH3:3])([OH:4])[c:5]1[cH:6][cH:7][cH:8][cH:9][c:10]1[CH2:11][CH2:12][C@@H:13]([S:14][CH2:15][C:16]1([CH2:17][C:18](=[O:19])[OH:20])[CH2:21][CH2:22]1)[c:23]1[cH:24][cH:25][cH:26][c:27](/[CH:28]=[CH:29]/[c:30]2[cH:31][cH:32][c:33]3[cH:34][cH:35][c:36]([Cl:37])[cH:38][c:39]3[n:40]2)[cH:41]1,CC(C)(O)c1ccccc1CC[C@@H](SCC1(CC(=O)[OH:1])CC1)c1cccc(/C=C/c2ccc3ccc(Cl)cc3n2)c1
CC(C)(O)c1ccccc1CC[C@@H](SCC1(CC(=O)O)CC1)c1cccc(/C=C/c2ccc3ccc(Cl)cc3n2)c1,CC(O)(CO)c1ccccc1CC[C@@H](SCC1(CC(=O)O)CC1)c1cccc(/C=C/c2ccc3ccc(Cl)cc3n2)c1,CC(O)(CO)c1ccccc1CC[C@@H](SCC1(CC(=O)O)CC1)c1cccc(/C=C/c2ccc3ccc(Cl)cc3n2)c1>>CC(C)(O)c1ccccc1CC[C@@H](SCC1(CC(=O)O)CC1)c1cccc(/C=C/c2ccc3ccc(Cl)cc3n2)c1,[CH3:1][C:2]([OH:4])([CH2:3]O)[c:5]1[cH:6][cH:7][cH:8][cH:9][c:10]1[CH2:11][CH2:12][C@@H:13]([S:14][CH2:15][C:16]1([CH2:17][C:18](=[O:19])[OH:20])[CH2:21][CH2:22]1)[c:23]1[cH:24][cH:25][cH:26][c:27](/[CH:28]=[CH:29]/[c:30]2[cH:31][cH:32][c:33]3[cH:34][cH:35][c:36]([Cl:37])[cH:38][c:39]3[n:40]2)[cH:41]1>>[CH3:1][C:2]([CH3:3])([OH:4])[c:5]1[cH:6][cH:7][cH:8][cH:9][c:10]1[CH2:11][CH2:12][C@@H:13]([S:14][CH2:15][C:16]1([CH2:17][C:18](=[O:19])[OH:20])[CH2:21][CH2:22]1)[c:23]1[cH:24][cH:25][cH:26][c:27](/[CH:28]=[CH:29]/[c:30]2[cH:31][cH:32][c:33]3[cH:34][cH:35][c:36]([Cl:37])[cH:38][c:39]3[n:40]2)[cH:41]1,CC(O)(c1ccccc1CC[C@@H](SCC1(CC(=O)O)CC1)c1cccc(/C=C/c2ccc3ccc(Cl)cc3n2)c1)[CH3:1]
CC(C)(O)c1ccccc1CC[C@@H](SCC1(CC(=O)O)CC1)c1cccc(/C=C/c2ccc3ccc(Cl)cc3n2)c1,CC(C)(O)c1ccccc1[C@H](O)C[C@@H](SCC1(CC(=O)O)CC1)c1cccc(/C=C/c2ccc3ccc(Cl)cc3n2)c1,CC(C)(O)c1ccccc1[C@H](O)C[C@@H](SCC1(CC(=O)O)CC1)c1cccc(/C=C/c2ccc3ccc(Cl)cc3n2)c1>>CC(C)(O)c1ccccc1CC[C@@H](SCC1(CC(=O)O)CC1)c1cccc(/C=C/c2ccc3ccc(Cl)cc3n2)c1,[CH3:1][C:2]([CH3:3])([OH:4])[c:5]1[cH:6][cH:7][cH:8][cH:9][c:10]1[C@H:11](O)[CH2:12][C@@H:13]([S:14][CH2:15][C:16]1([CH2:17][C:18](=[O:19])[OH:20])[CH2:21][CH2:22]1)[c:23]1[cH:24][cH:25][cH:26][c:27](/[CH:28]=[CH:29]/[c:30]2[cH:31][cH:32][c:33]3[cH:34][cH:35][c:36]([Cl:37])[cH:38][c:39]3[n:40]2)[cH:41]1>>[CH3:1][C:2]([CH3:3])([OH:4])[c:5]1[cH:6][cH:7][cH:8][cH:9][c:10]1[CH2:11][CH2:12][C@@H:13]([S:14][CH2:15][C:16]1([CH2:17][C:18](=[O:19])[OH:20])[CH2:21][CH2:22]1)[c:23]1[cH:24][cH:25][cH:26][c:27](/[CH:28]=[CH:29]/[c:30]2[cH:31][cH:32][c:33]3[cH:34][cH:35][c:36]([Cl:37])[cH:38][c:39]3[n:40]2)[cH:41]1,CC(C)(O)c1ccccc1[CH2:1]C[C@@H](SCC1(CC(=O)O)CC1)c1cccc(/C=C/c2ccc3ccc(Cl)cc3n2)c1
CC(C)(O)c1ccccc1CC[C@@H](SCC1(CC(=O)O)CC1)c1cccc(/C=C/c2ccc3ccc(Cl)cc3n2)c1,CC(C)(O)c1ccccc1CC[C@H](c1cccc(/C=C/c2ccc3ccc(Cl)cc3n2)c1)S(=O)CC1(CC(=O)O)CC1,CC(C)(O)c1ccccc1CC[C@H](c1cccc(/C=C/c2ccc3ccc(Cl)cc3n2)c1)S(=O)CC1(CC(=O)O)CC1>>CC(C)(O)c1ccccc1CC[C@@H](SCC1(CC(=O)O)CC1)c1cccc(/C=C/c2ccc3ccc(Cl)cc3n2)c1,[CH3:1][C:2]([CH3:3])([OH:4])[c:5]1[cH:6][cH:7][cH:8][cH:9][c:10]1[CH2:11][CH2:12][C@H:13]([c:23]1[cH:24][cH:25][cH:26][c:27](/[CH:28]=[CH:29]/[c:30]2[cH:31][cH:32][c:33]3[cH:34][cH:35][c:36]([Cl:37])[cH:38][c:39]3[n:40]2)[cH:41]1)[S:14](=O)[CH2:15][C:16]1([CH2:17][C:18](=[O:19])[OH:20])[CH2:21][CH2:22]1>>[CH3:1][C:2]([CH3:3])([OH:4])[c:5]1[cH:6][cH:7][cH:8][cH:9][c:10]1[CH2:11][CH2:12][C@@H:13]([S:14][CH2:15][C:16]1([CH2:17][C:18](=[O:19])[OH:20])[CH2:21][CH2:22]1)[c:23]1[cH:24][cH:25][cH:26][c:27](/[CH:28]=[CH:29]/[c:30]2[cH:31][cH:32][c:33]3[cH:34][cH:35][c:36]([Cl:37])[cH:38][c:39]3[n:40]2)[cH:41]1,CC(C)(O)c1ccccc1CC[C@H](c1cccc(/C=C/c2ccc3ccc(Cl)cc3n2)c1)[S:1]CC1(CC(=O)O)CC1
CC(C)(O)c1ccccc1CC[C@@H](SCC1(CC(=O)O)CC1)c1cccc(/C=C/c2ccc3ccc(Cl)cc3n2)c1,CC(C)(O)c1ccccc1CC[C@H](c1cccc(/C=C/c2ccc3ccc(Cl)cc3n2)c1)[S+](O)CC1(CC(=O)O)CC1,CC(C)(O)c1ccccc1CC[C@H](c1cccc(/C=C/c2ccc3ccc(Cl)cc3n2)c1)[S+](O)CC1(CC(=O)O)CC1>>CC(C)(O)c1ccccc1CC[C@@H](SCC1(CC(=O)O)CC1)c1cccc(/C=C/c2ccc3ccc(Cl)cc3n2)c1,[CH3:1][C:2]([CH3:3])([OH:4])[c:5]1[cH:6][cH:7][cH:8][cH:9][c:10]1[CH2:11][CH2:12][C@H:13]([c:23]1[cH:24][cH:25][cH:26][c:27](/[CH:28]=[CH:29]/[c:30]2[cH:31][cH:32][c:33]3[cH:34][cH:35][c:36]([Cl:37])[cH:38][c:39]3[n:40]2)[cH:41]1)[S+:14](O)[CH2:15][C:16]1([CH2:17][C:18](=[O:19])[OH:20])[CH2:21][CH2:22]1>>[CH3:1][C:2]([CH3:3])([OH:4])[c:5]1[cH:6][cH:7][cH:8][cH:9][c:10]1[CH2:11][CH2:12][C@@H:13]([S:14][CH2:15][C:16]1([CH2:17][C:18](=[O:19])[OH:20])[CH2:21][CH2:22]1)[c:23]1[cH:24][cH:25][cH:26][c:27](/[CH:28]=[CH:29]/[c:30]2[cH:31][cH:32][c:33]3[cH:34][cH:35][c:36]([Cl:37])[cH:38][c:39]3[n:40]2)[cH:41]1,CC(C)(O)c1ccccc1CC[C@H](c1cccc(/C=C/c2ccc3ccc(Cl)cc3n2)c1)[S:1]CC1(CC(=O)O)CC1
CC(C)(O)c1ccccc1CC[C@@H](SCC1(CC(=O)O)CC1)c1cccc(/C=C/c2ccc3ccc(Cl)cc3n2)c1,CC(C)(O)c1ccccc1[C@@H](O)C[C@@H](SCC1(CC(=O)O)CC1)c1cccc(/C=C/c2ccc3ccc(Cl)cc3n2)c1,CC(C)(O)c1ccccc1[C@@H](O)C[C@@H](SCC1(CC(=O)O)CC1)c1cccc(/C=C/c2ccc3ccc(Cl)cc3n2)c1>>CC(C)(O)c1ccccc1CC[C@@H](SCC1(CC(=O)O)CC1)c1cccc(/C=C/c2ccc3ccc(Cl)cc3n2)c1,[CH3:1][C:2]([CH3:3])([OH:4])[c:5]1[cH:6][cH:7][cH:8][cH:9][c:10]1[C@@H:11](O)[CH2:12][C@@H:13]([S:14][CH2:15][C:16]1([CH2:17][C:18](=[O:19])[OH:20])[CH2:21][CH2:22]1)[c:23]1[cH:24][cH:25][cH:26][c:27](/[CH:28]=[CH:29]/[c:30]2[cH:31][cH:32][c:33]3[cH:34][cH:35][c:36]([Cl:37])[cH:38][c:39]3[n:40]2)[cH:41]1>>[CH3:1][C:2]([CH3:3])([OH:4])[c:5]1[cH:6][cH:7][cH:8][cH:9][c:10]1[CH2:11][CH2:12][C@@H:13]([S:14][CH2:15][C:16]1([CH2:17][C:18](=[O:19])[OH:20])[CH2:21][CH2:22]1)[c:23]1[cH:24][cH:25][cH:26][c:27](/[CH:28]=[CH:29]/[c:30]2[cH:31][cH:32][c:33]3[cH:34][cH:35][c:36]([Cl:37])[cH:38][c:39]3[n:40]2)[cH:41]1,CC(C)(O)c1ccccc1[CH2:1]C[C@@H](SCC1(CC(=O)O)CC1)c1cccc(/C=C/c2ccc3ccc(Cl)cc3n2)c1
CC(C)CNCc1ccc(-c2ccccc2S(=O)(=O)N2CCCC2)cc1,CC(C)CNCc1ccc(-c2ccccc2S(=O)(=O)N2CCCC2O)cc1,CC(C)CNCc1ccc(-c2ccccc2S(=O)(=O)N2CCCC2O)cc1>>CC(C)CNCc1ccc(-c2ccccc2S(=O)(=O)N2CCCC2)cc1,[CH3:1][CH:2]([CH3:3])[CH2:4][NH:5][CH2:6][c:7]1[cH:8][cH:9][c:10](-[c:11]2[cH:12][cH:13][cH:14][cH:15][c:16]2[S:17](=[O:18])(=[O:19])[N:20]2[CH2:21][CH2:22][CH2:23][CH:24]2O)[cH:25][cH:26]1>>[CH3:1][CH:2]([CH3:3])[CH2:4][NH:5][CH2:6][c:7]1[cH:8][cH:9][c:10](-[c:11]2[cH:12][cH:13][cH:14][cH:15][c:16]2[S:17](=[O:18])(=[O:19])[N:20]2[CH2:21][CH2:22][CH2:23][CH2:24]2)[cH:25][cH:26]1,CC(C)CNCc1ccc(-c2ccccc2S(=O)(=O)N2CCC[CH2:1]2)cc1
CC(C)CNCc1ccc(-c2ccccc2S(=O)(=O)N2CCCC2)cc1,NCc1ccc(-c2ccccc2S(=O)(=O)N2CCCC2)cc1,NCc1ccc(-c2ccccc2S(=O)(=O)N2CCCC2)cc1>>CC(C)CNCc1ccc(-c2ccccc2S(=O)(=O)N2CCCC2)cc1,[NH2:5][CH2:6][c:7]1[cH:8][cH:9][c:10](-[c:11]2[cH:12][cH:13][cH:14][cH:15][c:16]2[S:17](=[O:18])(=[O:19])[N:20]2[CH2:21][CH2:22][CH2:23][CH2:24]2)[cH:25][cH:26]1>>CC(C)C[NH:5][CH2:6][c:7]1[cH:8][cH:9][c:10](-[c:11]2[cH:12][cH:13][cH:14][cH:15][c:16]2[S:17](=[O:18])(=[O:19])[N:20]2[CH2:21][CH2:22][CH2:23][CH2:24]2)[cH:25][cH:26]1,CC(C)C[NH:1]Cc1ccc(-c2ccccc2S(=O)(=O)N2CCCC2)cc1
CC(C)CNCc1ccc(-c2ccccc2S(=O)(=O)N2CCCC2)cc1,CC(C)CNC(=O)c1ccc(-c2ccccc2S(=O)(=O)N2CCCC2)cc1,CC(C)CNC(=O)c1ccc(-c2ccccc2S(=O)(=O)N2CCCC2)cc1>>CC(C)CNCc1ccc(-c2ccccc2S(=O)(=O)N2CCCC2)cc1,[CH3:1][CH:2]([CH3:3])[CH2:4][NH:5][C:6](=O)[c:7]1[cH:8][cH:9][c:10](-[c:11]2[cH:12][cH:13][cH:14][cH:15][c:16]2[S:17](=[O:18])(=[O:19])[N:20]2[CH2:21][CH2:22][CH2:23][CH2:24]2)[cH:25][cH:26]1>>[CH3:1][CH:2]([CH3:3])[CH2:4][NH:5][CH2:6][c:7]1[cH:8][cH:9][c:10](-[c:11]2[cH:12][cH:13][cH:14][cH:15][c:16]2[S:17](=[O:18])(=[O:19])[N:20]2[CH2:21][CH2:22][CH2:23][CH2:24]2)[cH:25][cH:26]1,CC(C)CN[CH2:1]c1ccc(-c2ccccc2S(=O)(=O)N2CCCC2)cc1
CC(C)CNCc1ccc(-c2ccccc2S(=O)(=O)N2CCCC2)cc1,CC(C)CNCc1ccc(-c2ccccc2S(=O)(=O)N2CCC(O)C2)cc1,CC(C)CNCc1ccc(-c2ccccc2S(=O)(=O)N2CCC(O)C2)cc1>>CC(C)CNCc1ccc(-c2ccccc2S(=O)(=O)N2CCCC2)cc1,[CH3:1][CH:2]([CH3:3])[CH2:4][NH:5][CH2:6][c:7]1[cH:8][cH:9][c:10](-[c:11]2[cH:12][cH:13][cH:14][cH:15][c:16]2[S:17](=[O:18])(=[O:19])[N:20]2[CH2:21][CH2:22][CH:23](O)[CH2:24]2)[cH:25][cH:26]1>>[CH3:1][CH:2]([CH3:3])[CH2:4][NH:5][CH2:6][c:7]1[cH:8][cH:9][c:10](-[c:11]2[cH:12][cH:13][cH:14][cH:15][c:16]2[S:17](=[O:18])(=[O:19])[N:20]2[CH2:21][CH2:22][CH2:23][CH2:24]2)[cH:25][cH:26]1,CC(C)CNCc1ccc(-c2ccccc2S(=O)(=O)N2CC[CH2:1]C2)cc1
CC(C)CNCc1ccc(-c2ccccc2S(=O)(=O)N2CCCC2)cc1,CC(CO)CNCc1ccc(-c2ccccc2S(=O)(=O)N2CCCC2)cc1,CC(CO)CNCc1ccc(-c2ccccc2S(=O)(=O)N2CCCC2)cc1>>CC(C)CNCc1ccc(-c2ccccc2S(=O)(=O)N2CCCC2)cc1,[CH3:1][CH:2]([CH2:3]O)[CH2:4][NH:5][CH2:6][c:7]1[cH:8][cH:9][c:10](-[c:11]2[cH:12][cH:13][cH:14][cH:15][c:16]2[S:17](=[O:18])(=[O:19])[N:20]2[CH2:21][CH2:22][CH2:23][CH2:24]2)[cH:25][cH:26]1>>[CH3:1][CH:2]([CH3:3])[CH2:4][NH:5][CH2:6][c:7]1[cH:8][cH:9][c:10](-[c:11]2[cH:12][cH:13][cH:14][cH:15][c:16]2[S:17](=[O:18])(=[O:19])[N:20]2[CH2:21][CH2:22][CH2:23][CH2:24]2)[cH:25][cH:26]1,CC(CNCc1ccc(-c2ccccc2S(=O)(=O)N2CCCC2)cc1)[CH3:1]
CC(C)CNCc1ccc(-c2ccccc2S(=O)(=O)N2CCCC2)cc1,CC(C)(O)CNCc1ccc(-c2ccccc2S(=O)(=O)N2CCCC2)cc1,CC(C)(O)CNCc1ccc(-c2ccccc2S(=O)(=O)N2CCCC2)cc1>>CC(C)CNCc1ccc(-c2ccccc2S(=O)(=O)N2CCCC2)cc1,[CH3:1][C:2]([CH3:3])(O)[CH2:4][NH:5][CH2:6][c:7]1[cH:8][cH:9][c:10](-[c:11]2[cH:12][cH:13][cH:14][cH:15][c:16]2[S:17](=[O:18])(=[O:19])[N:20]2[CH2:21][CH2:22][CH2:23][CH2:24]2)[cH:25][cH:26]1>>[CH3:1][CH:2]([CH3:3])[CH2:4][NH:5][CH2:6][c:7]1[cH:8][cH:9][c:10](-[c:11]2[cH:12][cH:13][cH:14][cH:15][c:16]2[S:17](=[O:18])(=[O:19])[N:20]2[CH2:21][CH2:22][CH2:23][CH2:24]2)[cH:25][cH:26]1,C[CH:1](C)CNCc1ccc(-c2ccccc2S(=O)(=O)N2CCCC2)cc1
CC(CN1c2ccccc2Sc2ccccc21)N(C)C,CC(CN1c2ccccc2S(=O)c2ccccc21)N(C)C,CC(CN1c2ccccc2S(=O)c2ccccc21)N(C)C>>CC(CN1c2ccccc2Sc2ccccc21)N(C)C,[CH3:1][CH:2]([CH2:3][N:4]1[c:5]2[cH:6][cH:7][cH:8][cH:9][c:10]2[S:11](=O)[c:12]2[cH:13][cH:14][cH:15][cH:16][c:17]21)[N:18]([CH3:19])[CH3:20]>>[CH3:1][CH:2]([CH2:3][N:4]1[c:5]2[cH:6][cH:7][cH:8][cH:9][c:10]2[S:11][c:12]2[cH:13][cH:14][cH:15][cH:16][c:17]21)[N:18]([CH3:19])[CH3:20],CC(CN1c2ccccc2[S:1]c2ccccc21)N(C)C
CC(CN1c2ccccc2Sc2ccccc21)N(C)C,CNC(C)CN1c2ccccc2Sc2ccccc21,CNC(C)CN1c2ccccc2Sc2ccccc21>>CC(CN1c2ccccc2Sc2ccccc21)N(C)C,[CH3:19][NH:18][CH:2]([CH3:1])[CH2:3][N:4]1[c:5]2[cH:6][cH:7][cH:8][cH:9][c:10]2[S:11][c:12]2[cH:13][cH:14][cH:15][cH:16][c:17]21>>[CH3:1][CH:2]([CH2:3][N:4]1[c:5]2[cH:6][cH:7][cH:8][cH:9][c:10]2[S:11][c:12]2[cH:13][cH:14][cH:15][cH:16][c:17]21)[N:18]([CH3:19])C,CC(CN1c2ccccc2Sc2ccccc21)[N:1](C)C
CC(CN1c2ccccc2Sc2ccccc21)N(C)C,CC(CN1c2ccccc2SC2C=CC(O)=CC21)N(C)C,CC(CN1c2ccccc2SC2C=CC(O)=CC21)N(C)C>>CC(CN1c2ccccc2Sc2ccccc21)N(C)C,[CH3:1][CH:2]([CH2:3][N:4]1[c:5]2[cH:6][cH:7][cH:8][cH:9][c:10]2[S:11][CH:12]2[CH:13]=[CH:15][C:14](O)=[CH:16][CH:17]12)[N:18]([CH3:19])[CH3:20]>>[CH3:1][CH:2]([CH2:3][N:4]1[c:5]2[cH:6][cH:7][cH:8][cH:9][c:10]2[S:11][c:12]2[cH:13][cH:14][cH:15][cH:16][c:17]21)[N:18]([CH3:19])[CH3:20],CC(CN1c2ccccc2S[c:1]2[cH:1][cH:1][cH:1][cH:1][c:1]21)N(C)C
CC1(C)CCC(CN2CCN(c3ccc(C(=O)NS(=O)(=O)c4ccc(NCC5CCOCC5)c([N+](=O)[O-])c4)c(Oc4cnc5[nH]ccc5c4)c3)CC2)=C(c2ccc(Cl)cc2)C1,CC1(C)CCC(CN2CCN(c3ccc(C(=O)NS(=O)(=O)c4ccc(NCC5CCOCC5)c([N+](=O)[O-])c4)c(Oc4cnc5[nH]ccc5c4)c3)CC2)=C(c2ccc(Cl)cc2)C1O,CC1(C)CCC(CN2CCN(c3ccc(C(=O)NS(=O)(=O)c4ccc(NCC5CCOCC5)c([N+](=O)[O-])c4)c(Oc4cnc5[nH]ccc5c4)c3)CC2)=C(c2ccc(Cl)cc2)C1O>>CC1(C)CCC(CN2CCN(c3ccc(C(=O)NS(=O)(=O)c4ccc(NCC5CCOCC5)c([N+](=O)[O-])c4)c(Oc4cnc5[nH]ccc5c4)c3)CC2)=C(c2ccc(Cl)cc2)C1,[CH3:1][C:2]1([CH3:3])[CH2:4][CH2:5][C:6]([CH2:7][N:8]2[CH2:9][CH2:10][N:11]([c:12]3[cH:13][cH:14][c:15]([C:16](=[O:17])[NH:18][S:19](=[O:20])(=[O:21])[c:22]4[cH:23][cH:24][c:25]([NH:26][CH2:27][CH:28]5[CH2:29][CH2:30][O:31][CH2:32][CH2:33]5)[c:34]([N+:35](=[O:36])[O-:37])[cH:38]4)[c:39]([O:40][c:41]4[cH:42][n:43][c:44]5[nH:45][cH:46][cH:47][c:48]5[cH:49]4)[cH:50]3)[CH2:51][CH2:52]2)=[C:53]([c:54]2[cH:55][cH:56][c:57]([Cl:58])[cH:59][cH:60]2)[CH:61]1O>>[CH3:1][C:2]1([CH3:3])[CH2:4][CH2:5][C:6]([CH2:7][N:8]2[CH2:9][CH2:10][N:11]([c:12]3[cH:13][cH:14][c:15]([C:16](=[O:17])[NH:18][S:19](=[O:20])(=[O:21])[c:22]4[cH:23][cH:24][c:25]([NH:26][CH2:27][CH:28]5[CH2:29][CH2:30][O:31][CH2:32][CH2:33]5)[c:34]([N+:35](=[O:36])[O-:37])[cH:38]4)[c:39]([O:40][c:41]4[cH:42][n:43][c:44]5[nH:45][cH:46][cH:47][c:48]5[cH:49]4)[cH:50]3)[CH2:51][CH2:52]2)=[C:53]([c:54]2[cH:55][cH:56][c:57]([Cl:58])[cH:59][cH:60]2)[CH2:61]1,CC1(C)CCC(CN2CCN(c3ccc(C(=O)NS(=O)(=O)c4ccc(NCC5CCOCC5)c([N+](=O)[O-])c4)c(Oc4cnc5[nH]ccc5c4)c3)CC2)=C(c2ccc(Cl)cc2)[CH2:1]1
CC1(C)CCC(CN2CCN(c3ccc(C(=O)NS(=O)(=O)c4ccc(NCC5CCOCC5)c([N+](=O)[O-])c4)c(Oc4cnc5[nH]ccc5c4)c3)CC2)=C(c2ccc(Cl)cc2)C1,CC1(CO)CCC(CN2CCN(c3ccc(C(=O)NS(=O)(=O)c4ccc(NCC5CCOCC5)c([N+](=O)[O-])c4)c(Oc4cnc5[nH]ccc5c4)c3)CC2)=C(c2ccc(Cl)cc2)C1,CC1(CO)CCC(CN2CCN(c3ccc(C(=O)NS(=O)(=O)c4ccc(NCC5CCOCC5)c([N+](=O)[O-])c4)c(Oc4cnc5[nH]ccc5c4)c3)CC2)=C(c2ccc(Cl)cc2)C1>>CC1(C)CCC(CN2CCN(c3ccc(C(=O)NS(=O)(=O)c4ccc(NCC5CCOCC5)c([N+](=O)[O-])c4)c(Oc4cnc5[nH]ccc5c4)c3)CC2)=C(c2ccc(Cl)cc2)C1,[CH3:1][C:2]1([CH2:3]O)[CH2:4][CH2:5][C:6]([CH2:7][N:8]2[CH2:9][CH2:10][N:11]([c:12]3[cH:13][cH:14][c:15]([C:16](=[O:17])[NH:18][S:19](=[O:20])(=[O:21])[c:22]4[cH:23][cH:24][c:25]([NH:26][CH2:27][CH:28]5[CH2:29][CH2:30][O:31][CH2:32][CH2:33]5)[c:34]([N+:35](=[O:36])[O-:37])[cH:38]4)[c:39]([O:40][c:41]4[cH:42][n:43][c:44]5[nH:45][cH:46][cH:47][c:48]5[cH:49]4)[cH:50]3)[CH2:51][CH2:52]2)=[C:53]([c:54]2[cH:55][cH:56][c:57]([Cl:58])[cH:59][cH:60]2)[CH2:61]1>>[CH3:1][C:2]1([CH3:3])[CH2:4][CH2:5][C:6]([CH2:7][N:8]2[CH2:9][CH2:10][N:11]([c:12]3[cH:13][cH:14][c:15]([C:16](=[O:17])[NH:18][S:19](=[O:20])(=[O:21])[c:22]4[cH:23][cH:24][c:25]([NH:26][CH2:27][CH:28]5[CH2:29][CH2:30][O:31][CH2:32][CH2:33]5)[c:34]([N+:35](=[O:36])[O-:37])[cH:38]4)[c:39]([O:40][c:41]4[cH:42][n:43][c:44]5[nH:45][cH:46][cH:47][c:48]5[cH:49]4)[cH:50]3)[CH2:51][CH2:52]2)=[C:53]([c:54]2[cH:55][cH:56][c:57]([Cl:58])[cH:59][cH:60]2)[CH2:61]1,CC1([CH3:1])CCC(CN2CCN(c3ccc(C(=O)NS(=O)(=O)c4ccc(NCC5CCOCC5)c([N+](=O)[O-])c4)c(Oc4cnc5[nH]ccc5c4)c3)CC2)=C(c2ccc(Cl)cc2)C1
CC1(C)CCC(CN2CCN(c3ccc(C(=O)NS(=O)(=O)c4ccc(NCC5CCOCC5)c([N+](=O)[O-])c4)c(Oc4cnc5[nH]ccc5c4)c3)CC2)=C(c2ccc(Cl)cc2)C1,CC1(C)CCC(C[N+]2([O-])CCN(c3ccc(C(=O)NS(=O)(=O)c4ccc(NCC5CCOCC5)c([N+](=O)[O-])c4)c(Oc4cnc5[nH]ccc5c4)c3)CC2)=C(c2ccc(Cl)cc2)C1,CC1(C)CCC(C[N+]2([O-])CCN(c3ccc(C(=O)NS(=O)(=O)c4ccc(NCC5CCOCC5)c([N+](=O)[O-])c4)c(Oc4cnc5[nH]ccc5c4)c3)CC2)=C(c2ccc(Cl)cc2)C1>>CC1(C)CCC(CN2CCN(c3ccc(C(=O)NS(=O)(=O)c4ccc(NCC5CCOCC5)c([N+](=O)[O-])c4)c(Oc4cnc5[nH]ccc5c4)c3)CC2)=C(c2ccc(Cl)cc2)C1,[CH3:1][C:2]1([CH3:3])[CH2:4][CH2:5][C:6]([CH2:7][N+:8]2([O-])[CH2:9][CH2:10][N:11]([c:12]3[cH:13][cH:14][c:15]([C:16](=[O:17])[NH:18][S:19](=[O:20])(=[O:21])[c:22]4[cH:23][cH:24][c:25]([NH:26][CH2:27][CH:28]5[CH2:29][CH2:30][O:31][CH2:32][CH2:33]5)[c:34]([N+:35](=[O:36])[O-:37])[cH:38]4)[c:39]([O:40][c:41]4[cH:42][n:43][c:44]5[nH:45][cH:46][cH:47][c:48]5[cH:49]4)[cH:50]3)[CH2:51][CH2:52]2)=[C:53]([c:54]2[cH:55][cH:56][c:57]([Cl:58])[cH:59][cH:60]2)[CH2:61]1>>[CH3:1][C:2]1([CH3:3])[CH2:4][CH2:5][C:6]([CH2:7][N:8]2[CH2:9][CH2:10][N:11]([c:12]3[cH:13][cH:14][c:15]([C:16](=[O:17])[NH:18][S:19](=[O:20])(=[O:21])[c:22]4[cH:23][cH:24][c:25]([NH:26][CH2:27][CH:28]5[CH2:29][CH2:30][O:31][CH2:32][CH2:33]5)[c:34]([N+:35](=[O:36])[O-:37])[cH:38]4)[c:39]([O:40][c:41]4[cH:42][n:43][c:44]5[nH:45][cH:46][cH:47][c:48]5[cH:49]4)[cH:50]3)[CH2:51][CH2:52]2)=[C:53]([c:54]2[cH:55][cH:56][c:57]([Cl:58])[cH:59][cH:60]2)[CH2:61]1,CC1(C)CCC(C[N:1]2CCN(c3ccc(C(=O)NS(=O)(=O)c4ccc(NCC5CCOCC5)c([N+](=O)[O-])c4)c(Oc4cnc5[nH]ccc5c4)c3)CC2)=C(c2ccc(Cl)cc2)C1
CC1(C)CCC(CN2CCN(c3ccc(C(=O)NS(=O)(=O)c4ccc(NCC5CCOCC5)c([N+](=O)[O-])c4)c(Oc4cnc5[nH]ccc5c4)c3)CC2)=C(c2ccc(Cl)cc2)C1,CC1(C)CCC(CN2CCN(c3ccc(C(=O)NS(=O)(=O)c4ccc(NCC5CCOCC5)c([N+](=O)[O-])c4)c(Oc4cnc5[nH]ccc5c4)c3)C(=O)C2)=C(c2ccc(Cl)cc2)C1,CC1(C)CCC(CN2CCN(c3ccc(C(=O)NS(=O)(=O)c4ccc(NCC5CCOCC5)c([N+](=O)[O-])c4)c(Oc4cnc5[nH]ccc5c4)c3)C(=O)C2)=C(c2ccc(Cl)cc2)C1>>CC1(C)CCC(CN2CCN(c3ccc(C(=O)NS(=O)(=O)c4ccc(NCC5CCOCC5)c([N+](=O)[O-])c4)c(Oc4cnc5[nH]ccc5c4)c3)CC2)=C(c2ccc(Cl)cc2)C1,[CH3:1][C:2]1([CH3:3])[CH2:4][CH2:5][C:6]([CH2:7][N:8]2[CH2:9][CH2:10][N:11]([c:12]3[cH:13][cH:14][c:15]([C:16](=[O:17])[NH:18][S:19](=[O:20])(=[O:21])[c:22]4[cH:23][cH:24][c:25]([NH:26][CH2:27][CH:28]5[CH2:29][CH2:30][O:31][CH2:32][CH2:33]5)[c:34]([N+:35](=[O:36])[O-:37])[cH:38]4)[c:39]([O:40][c:41]4[cH:42][n:43][c:44]5[nH:45][cH:46][cH:47][c:48]5[cH:49]4)[cH:50]3)[C:51](=O)[CH2:52]2)=[C:53]([c:54]2[cH:55][cH:56][c:57]([Cl:58])[cH:59][cH:60]2)[CH2:61]1>>[CH3:1][C:2]1([CH3:3])[CH2:4][CH2:5][C:6]([CH2:7][N:8]2[CH2:9][CH2:10][N:11]([c:12]3[cH:13][cH:14][c:15]([C:16](=[O:17])[NH:18][S:19](=[O:20])(=[O:21])[c:22]4[cH:23][cH:24][c:25]([NH:26][CH2:27][CH:28]5[CH2:29][CH2:30][O:31][CH2:32][CH2:33]5)[c:34]([N+:35](=[O:36])[O-:37])[cH:38]4)[c:39]([O:40][c:41]4[cH:42][n:43][c:44]5[nH:45][cH:46][cH:47][c:48]5[cH:49]4)[cH:50]3)[CH2:51][CH2:52]2)=[C:53]([c:54]2[cH:55][cH:56][c:57]([Cl:58])[cH:59][cH:60]2)[CH2:61]1,CC1(C)CCC(CN2CCN(c3ccc(C(=O)NS(=O)(=O)c4ccc(NCC5CCOCC5)c([N+](=O)[O-])c4)c(Oc4cnc5[nH]ccc5c4)c3)[CH2:1]C2)=C(c2ccc(Cl)cc2)C1
CC1(C)CCC(CN2CCN(c3ccc(C(=O)NS(=O)(=O)c4ccc(NCC5CCOCC5)c([N+](=O)[O-])c4)c(Oc4cnc5[nH]ccc5c4)c3)CC2)=C(c2ccc(Cl)cc2)C1,CC1(C)CC(c2ccc(Cl)cc2)=C(CN2CCN(c3ccc(C(=O)NS(=O)(=O)c4ccc(NCC5CCOCC5)c([N+](=O)[O-])c4)c(Oc4cnc5[nH]ccc5c4)c3)CC2)C(O)C1,CC1(C)CC(c2ccc(Cl)cc2)=C(CN2CCN(c3ccc(C(=O)NS(=O)(=O)c4ccc(NCC5CCOCC5)c([N+](=O)[O-])c4)c(Oc4cnc5[nH]ccc5c4)c3)CC2)C(O)C1>>CC1(C)CCC(CN2CCN(c3ccc(C(=O)NS(=O)(=O)c4ccc(NCC5CCOCC5)c([N+](=O)[O-])c4)c(Oc4cnc5[nH]ccc5c4)c3)CC2)=C(c2ccc(Cl)cc2)C1,[CH3:1][C:2]1([CH3:3])[CH2:61][C:53]([c:54]2[cH:55][cH:56][c:57]([Cl:58])[cH:59][cH:60]2)=[C:6]([CH2:7][N:8]2[CH2:9][CH2:10][N:11]([c:12]3[cH:13][cH:14][c:15]([C:16](=[O:17])[NH:18][S:19](=[O:20])(=[O:21])[c:22]4[cH:23][cH:24][c:25]([NH:26][CH2:27][CH:28]5[CH2:29][CH2:30][O:31][CH2:32][CH2:33]5)[c:34]([N+:35](=[O:36])[O-:37])[cH:38]4)[c:39]([O:40][c:41]4[cH:42][n:43][c:44]5[nH:45][cH:46][cH:47][c:48]5[cH:49]4)[cH:50]3)[CH2:51][CH2:52]2)[CH:5](O)[CH2:4]1>>[CH3:1][C:2]1([CH3:3])[CH2:4][CH2:5][C:6]([CH2:7][N:8]2[CH2:9][CH2:10][N:11]([c:12]3[cH:13][cH:14][c:15]([C:16](=[O:17])[NH:18][S:19](=[O:20])(=[O:21])[c:22]4[cH:23][cH:24][c:25]([NH:26][CH2:27][CH:28]5[CH2:29][CH2:30][O:31][CH2:32][CH2:33]5)[c:34]([N+:35](=[O:36])[O-:37])[cH:38]4)[c:39]([O:40][c:41]4[cH:42][n:43][c:44]5[nH:45][cH:46][cH:47][c:48]5[cH:49]4)[cH:50]3)[CH2:51][CH2:52]2)=[C:53]([c:54]2[cH:55][cH:56][c:57]([Cl:58])[cH:59][cH:60]2)[CH2:61]1,CC1(C)CC(c2ccc(Cl)cc2)=C(CN2CCN(c3ccc(C(=O)NS(=O)(=O)c4ccc(NCC5CCOCC5)c([N+](=O)[O-])c4)c(Oc4cnc5[nH]ccc5c4)c3)CC2)[CH2:1]C1
CC1(C)S[C@@H]2[C@H](NC(=O)[C@H](N)c3ccc(O)cc3)C(=O)N2[C@H]1C(=O)O,CC1(C)CN2C(=O)[C@@H](NC(=O)[C@H](N)c3ccc(O)cc3)[C@H]2S1,CC1(C)CN2C(=O)[C@@H](NC(=O)[C@H](N)c3ccc(O)cc3)[C@H]2S1>>CC1(C)S[C@@H]2[C@H](NC(=O)[C@H](N)c3ccc(O)cc3)C(=O)N2[C@H]1C(=O)O,[CH3:1][C:2]1([CH3:3])[CH2:22][N:21]2[C:19](=[O:20])[C@@H:6]([NH:7][C:8](=[O:9])[C@H:10]([NH2:11])[c:12]3[cH:13][cH:14][c:15]([OH:16])[cH:17][cH:18]3)[C@H:5]2[S:4]1>>[CH3:1][C:2]1([CH3:3])[S:4][C@@H:5]2[C@H:6]([NH:7][C:8](=[O:9])[C@H:10]([NH2:11])[c:12]3[cH:13][cH:14][c:15]([OH:16])[cH:17][cH:18]3)[C:19](=[O:20])[N:21]2[C@H:22]1C(=O)O,CC1(C)S[C@@H]2[C@H](NC(=O)[C@H](N)c3ccc(O)cc3)C(=O)N2[C@H:1]1C(=O)O
CC1(C)S[C@@H]2[C@H](NC(=O)[C@H](N)c3ccc(O)cc3)C(=O)N2[C@H]1C(=O)O,C[C@@H](C(=O)N[C@@H]1C(=O)N2[C@@H](C(=O)O)C(C)(C)S[C@H]12)c1ccc(O)cc1,C[C@@H](C(=O)N[C@@H]1C(=O)N2[C@@H](C(=O)O)C(C)(C)S[C@H]12)c1ccc(O)cc1>>CC1(C)S[C@@H]2[C@H](NC(=O)[C@H](N)c3ccc(O)cc3)C(=O)N2[C@H]1C(=O)O,C[C@@H:10]([C:8](=[O:9])[NH:7][C@@H:6]1[C:19](=[O:20])[N:21]2[C@@H:22]([C:23](=[O:24])[OH:25])[C:2]([CH3:1])([CH3:3])[S:4][C@H:5]12)[c:12]1[cH:13][cH:14][c:15]([OH:16])[cH:17][cH:18]1>>[CH3:1][C:2]1([CH3:3])[S:4][C@@H:5]2[C@H:6]([NH:7][C:8](=[O:9])[C@H:10](N)[c:12]3[cH:13][cH:14][c:15]([OH:16])[cH:17][cH:18]3)[C:19](=[O:20])[N:21]2[C@H:22]1[C:23](=[O:24])[OH:25],CC1(C)S[C@@H]2[C@H](NC(=O)[C@H](N)c3ccc(O)cc3)C(=O)N2[C@H]1C(=O)O
CC1(C)S[C@@H]2[C@H](NC(=O)[C@H](N)c3ccc(O)cc3)C(=O)N2[C@H]1C(=O)O,CC1(CO)S[C@@H]2[C@H](NC(=O)[C@H](N)c3ccc(O)cc3)C(=O)N2[C@H]1C(=O)O,CC1(CO)S[C@@H]2[C@H](NC(=O)[C@H](N)c3ccc(O)cc3)C(=O)N2[C@H]1C(=O)O>>CC1(C)S[C@@H]2[C@H](NC(=O)[C@H](N)c3ccc(O)cc3)C(=O)N2[C@H]1C(=O)O,[CH3:1][C:2]1([CH2:3]O)[S:4][C@@H:5]2[C@H:6]([NH:7][C:8](=[O:9])[C@H:10]([NH2:11])[c:12]3[cH:13][cH:14][c:15]([OH:16])[cH:17][cH:18]3)[C:19](=[O:20])[N:21]2[C@H:22]1[C:23](=[O:24])[OH:25]>>[CH3:1][C:2]1([CH3:3])[S:4][C@@H:5]2[C@H:6]([NH:7][C:8](=[O:9])[C@H:10]([NH2:11])[c:12]3[cH:13][cH:14][c:15]([OH:16])[cH:17][cH:18]3)[C:19](=[O:20])[N:21]2[C@H:22]1[C:23](=[O:24])[OH:25],CC1([CH3:1])S[C@@H]2[C@H](NC(=O)[C@H](N)c3ccc(O)cc3)C(=O)N2[C@H]1C(=O)O
CC1(C)S[C@@H]2[C@H](NC(=O)[C@H](N)c3ccc(O)cc3)C(=O)N2[C@H]1C(=O)O,CC1(C)S[C@@H]2[C@H](NC(=O)[C@H](N)c3ccc(O)c(O)c3)C(=O)N2[C@H]1C(=O)O,CC1(C)S[C@@H]2[C@H](NC(=O)[C@H](N)c3ccc(O)c(O)c3)C(=O)N2[C@H]1C(=O)O>>CC1(C)S[C@@H]2[C@H](NC(=O)[C@H](N)c3ccc(O)cc3)C(=O)N2[C@H]1C(=O)O,[CH3:1][C:2]1([CH3:3])[S:4][C@@H:5]2[C@H:6]([NH:7][C:8](=[O:9])[C@H:10]([NH2:11])[c:12]3[cH:13][cH:14][c:15](O)[c:17]([OH:16])[cH:18]3)[C:19](=[O:20])[N:21]2[C@H:22]1[C:23](=[O:24])[OH:25]>>[CH3:1][C:2]1([CH3:3])[S:4][C@@H:5]2[C@H:6]([NH:7][C:8](=[O:9])[C@H:10]([NH2:11])[c:12]3[cH:13][cH:14][c:15]([OH:16])[cH:17][cH:18]3)[C:19](=[O:20])[N:21]2[C@H:22]1[C:23](=[O:24])[OH:25],CC1(C)S[C@@H]2[C@H](NC(=O)[C@H](N)c3cc[c:1]([OH:1])[cH:1]c3)C(=O)N2[C@H]1C(=O)O
CC1(C)S[C@@H]2[C@H](NC(=O)[C@H](N)c3ccc(O)cc3)C(=O)N2[C@H]1C(=O)O,CC1(C)S[C@@H]2[C@H](NC(=O)[C@H](N)c3ccc(OC4O[C@H](C(=O)O)[C@@H](O)[C@H](O)[C@H]4O)cc3)C(=O)N2[C@H]1C(=O)O,CC1(C)S[C@@H]2[C@H](NC(=O)[C@H](N)c3ccc(OC4O[C@H](C(=O)O)[C@@H](O)[C@H](O)[C@H]4O)cc3)C(=O)N2[C@H]1C(=O)O>>CC1(C)S[C@@H]2[C@H](NC(=O)[C@H](N)c3ccc(O)cc3)C(=O)N2[C@H]1C(=O)O,[CH3:1][C:2]1([CH3:3])[S:4][C@@H:5]2[C@H:6]([NH:7][C:8](=[O:9])[C@H:10]([NH2:11])[c:12]3[cH:13][cH:14][c:15]([O:16]C4O[C@H](C(=O)O)[C@@H](O)[C@H](O)[C@H]4O)[cH:17][cH:18]3)[C:19](=[O:20])[N:21]2[C@H:22]1[C:23](=[O:24])[OH:25]>>[CH3:1][C:2]1([CH3:3])[S:4][C@@H:5]2[C@H:6]([NH:7][C:8](=[O:9])[C@H:10]([NH2:11])[c:12]3[cH:13][cH:14][c:15]([OH:16])[cH:17][cH:18]3)[C:19](=[O:20])[N:21]2[C@H:22]1[C:23](=[O:24])[OH:25],CC1(C)S[C@@H]2[C@H](NC(=O)[C@H](N)c3ccc([OH:1])cc3)C(=O)N2[C@H]1C(=O)O
CCC1(c2ccccc2)C(=O)NC(=O)NC1=O,CCC1(c2ccc(O)cc2)C(=O)NC(=O)NC1=O,CCC1(c2ccc(O)cc2)C(=O)NC(=O)NC1=O>>CCC1(c2ccccc2)C(=O)NC(=O)NC1=O,[CH3:1][CH2:2][C:3]1([c:4]2[cH:5][cH:6][c:7](O)[cH:8][cH:9]2)[C:10](=[O:11])[NH:12][C:13](=[O:14])[NH:15][C:16]1=[O:17]>>[CH3:1][CH2:2][C:3]1([c:4]2[cH:5][cH:6][cH:7][cH:8][cH:9]2)[C:10](=[O:11])[NH:12][C:13](=[O:14])[NH:15][C:16]1=[O:17],CCC1(c2cc[cH:1]cc2)C(=O)NC(=O)NC1=O
CCC1Oc2ccccc2C1C(=O)c1cc(Br)c(O)c(Br)c1,Oc1cc(Br)c(O)c(Br)c1,Oc1cc(Br)c(O)c(Br)c1>>CCC1Oc2ccccc2C1C(=O)c1cc(Br)c(O)c(Br)c1,[OH:13][c:14]1[cH:22][c:20]([Br:21])[c:18]([OH:19])[c:16]([Br:17])[cH:15]1>>CCC1Oc2ccccc2C1C(=[O:13])[c:14]1[cH:15][c:16]([Br:17])[c:18]([OH:19])[c:20]([Br:21])[cH:22]1,CCC1Oc2ccccc2C1C(=[O:1])[c:1]1cc(Br)c(O)c(Br)c1
CCC1Oc2ccccc2C1C(=O)c1cc(Br)c(O)c(Br)c1,CCC1Oc2ccccc2C1C(=O)c1cc(O)c(O)c(Br)c1,CCC1Oc2ccccc2C1C(=O)c1cc(O)c(O)c(Br)c1>>CCC1Oc2ccccc2C1C(=O)c1cc(Br)c(O)c(Br)c1,[CH3:1][CH2:2][CH:3]1[O:4][c:5]2[cH:6][cH:7][cH:8][cH:9][c:10]2[CH:11]1[C:12](=[O:13])[c:14]1[cH:22][c:20](O)[c:18]([OH:19])[c:16]([Br:17])[cH:15]1>>[CH3:1][CH2:2][CH:3]1[O:4][c:5]2[cH:6][cH:7][cH:8][cH:9][c:10]2[CH:11]1[C:12](=[O:13])[c:14]1[cH:15][c:16]([Br:17])[c:18]([OH:19])[c:20](Br)[cH:22]1,CCC1Oc2ccccc2C1C(=O)c1cc(Br)c(O)c(Br)c1
CCC1Oc2ccccc2C1C(=O)c1cc(Br)c(O)c(Br)c1,CCC1Oc2cc(O)ccc2C1C(=O)c1cc(Br)c(O)c(Br)c1,CCC1Oc2cc(O)ccc2C1C(=O)c1cc(Br)c(O)c(Br)c1>>CCC1Oc2ccccc2C1C(=O)c1cc(Br)c(O)c(Br)c1,[CH3:1][CH2:2][CH:3]1[O:4][c:5]2[cH:6][c:7](O)[cH:8][cH:9][c:10]2[CH:11]1[C:12](=[O:13])[c:14]1[cH:15][c:16]([Br:17])[c:18]([OH:19])[c:20]([Br:21])[cH:22]1>>[CH3:1][CH2:2][CH:3]1[O:4][c:5]2[cH:6][cH:7][cH:8][cH:9][c:10]2[CH:11]1[C:12](=[O:13])[c:14]1[cH:15][c:16]([Br:17])[c:18]([OH:19])[c:20]([Br:21])[cH:22]1,CCC1Oc2c[cH:1]ccc2C1C(=O)c1cc(Br)c(O)c(Br)c1
CCCCCCCCc1ccc(CCC(N)(CO)CO)cc1,CCCCCCCCc1ccc(CC[C@](N)(CO)COP(=O)(O)O)cc1,CCCCCCCCc1ccc(CC[C@](N)(CO)COP(=O)(O)O)cc1>>CCCCCCCCc1ccc(CCC(N)(CO)CO)cc1,[CH3:1][CH2:2][CH2:3][CH2:4][CH2:5][CH2:6][CH2:7][CH2:8][c:9]1[cH:10][cH:11][c:12]([CH2:13][CH2:14][C@:15]([NH2:16])([CH2:17][OH:18])[CH2:19][O:20]P(=O)(O)O)[cH:21][cH:22]1>>[CH3:1][CH2:2][CH2:3][CH2:4][CH2:5][CH2:6][CH2:7][CH2:8][c:9]1[cH:10][cH:11][c:12]([CH2:13][CH2:14][C:15]([NH2:16])([CH2:17][OH:18])[CH2:19][OH:20])[cH:21][cH:22]1,CCCCCCCCc1ccc(CCC(N)(CO)C[OH:1])cc1
CCCCNc1ccc(C(=O)OCCOCCOCCOCCOCCOCCOCCOCCOCCOC)cc1,CCCCNc1ccc(C(=O)O)cc1,CCCCNc1ccc(C(=O)O)cc1>>CCCCNc1ccc(C(=O)OCCOCCOCCOCCOCCOCCOCCOCCOCCOC)cc1,[CH3:1][CH2:2][CH2:3][CH2:4][NH:5][c:6]1[cH:7][cH:8][c:9]([C:10](=[O:11])[OH:12])[cH:41][cH:42]1>>[CH3:1][CH2:2][CH2:3][CH2:4][NH:5][c:6]1[cH:7][cH:8][c:9]([C:10](=[O:11])[O:12]CCOCCOCCOCCOCCOCCOCCOCCOCCOC)[cH:41][cH:42]1,CCCCNc1ccc(C(=O)[O:1]CCOCCOCCOCCOCCOCCOCCOCCOCCOC)cc1
CCCCc1oc2ccccc2c1C(=O)c1cc(I)c(OCCN(CC)CC)c(I)c1,CCCCc1oc2ccccc2c1C(=O)c1cc(I)c(OCCNCC)c(I)c1,CCCCc1oc2ccccc2c1C(=O)c1cc(I)c(OCCNCC)c(I)c1>>CCCCc1oc2ccccc2c1C(=O)c1cc(I)c(OCCN(CC)CC)c(I)c1,[CH3:1][CH2:2][CH2:3][CH2:4][c:5]1[o:6][c:7]2[cH:8][cH:9][cH:10][cH:11][c:12]2[c:13]1[C:14](=[O:15])[c:16]1[cH:31][c:29]([I:30])[c:20]([O:21][CH2:22][CH2:23][NH:24][CH2:25][CH3:26])[c:18]([I:19])[cH:17]1>>[CH3:1][CH2:2][CH2:3][CH2:4][c:5]1[o:6][c:7]2[cH:8][cH:9][cH:10][cH:11][c:12]2[c:13]1[C:14](=[O:15])[c:16]1[cH:17][c:18]([I:19])[c:20]([O:21][CH2:22][CH2:23][N:24]([CH2:25][CH3:26])CC)[c:29]([I:30])[cH:31]1,CCCCc1oc2ccccc2c1C(=O)c1cc(I)c(OCC[N:1](CC)CC)c(I)c1
CCCSc1nc(N[C@@H]2C[C@H]2c2ccc(F)c(F)c2)c2nnn([C@@H]3C[C@H](OCCO)[C@@H](O)[C@H]3O)c2n1,CCCSc1nc(N)c2nnn([C@@H]3C[C@H](OCCO)[C@@H](O)[C@H]3O)c2n1,CCCSc1nc(N)c2nnn([C@@H]3C[C@H](OCCO)[C@@H](O)[C@H]3O)c2n1>>CCCSc1nc(N[C@@H]2C[C@H]2c2ccc(F)c(F)c2)c2nnn([C@@H]3C[C@H](OCCO)[C@@H](O)[C@H]3O)c2n1,[CH3:1][CH2:2][CH2:3][S:4][c:5]1[n:6][c:7]([NH2:8])[c:20]2[n:21][n:22][n:23]([C@@H:24]3[CH2:25][C@H:26]([O:27][CH2:28][CH2:29][OH:30])[C@@H:31]([OH:32])[C@H:33]3[OH:34])[c:35]2[n:36]1>>[CH3:1][CH2:2][CH2:3][S:4][c:5]1[n:6][c:7]([NH:8][C@@H]2C[C@H]2c2ccc(F)c(F)c2)[c:20]2[n:21][n:22][n:23]([C@@H:24]3[CH2:25][C@H:26]([O:27][CH2:28][CH2:29][OH:30])[C@@H:31]([OH:32])[C@H:33]3[OH:34])[c:35]2[n:36]1,CCCSc1nc([NH:1][C@@H]2C[C@H]2c2ccc(F)c(F)c2)c2nnn([C@@H]3C[C@H](OCCO)[C@@H](O)[C@H]3O)c2n1
CCCSc1nc(N[C@@H]2C[C@H]2c2ccc(F)c(F)c2)c2nnn([C@@H]3C[C@H](OCCO)[C@@H](O)[C@H]3O)c2n1,CCCSc1nc(N[C@@H]2C[C@H]2c2ccc(F)c(F)c2)c2nnn([C@@H]3C[C@H](O)[C@@H](O)[C@H]3O)c2n1,CCCSc1nc(N[C@@H]2C[C@H]2c2ccc(F)c(F)c2)c2nnn([C@@H]3C[C@H](O)[C@@H](O)[C@H]3O)c2n1>>CCCSc1nc(N[C@@H]2C[C@H]2c2ccc(F)c(F)c2)c2nnn([C@@H]3C[C@H](OCCO)[C@@H](O)[C@H]3O)c2n1,[CH3:1][CH2:2][CH2:3][S:4][c:5]1[n:6][c:7]([NH:8][C@@H:9]2[CH2:10][C@H:11]2[c:12]2[cH:13][cH:14][c:15]([F:16])[c:17]([F:18])[cH:19]2)[c:20]2[n:21][n:22][n:23]([C@@H:24]3[CH2:25][C@H:26]([OH:27])[C@@H:31]([OH:32])[C@H:33]3[OH:34])[c:35]2[n:36]1>>[CH3:1][CH2:2][CH2:3][S:4][c:5]1[n:6][c:7]([NH:8][C@@H:9]2[CH2:10][C@H:11]2[c:12]2[cH:13][cH:14][c:15]([F:16])[c:17]([F:18])[cH:19]2)[c:20]2[n:21][n:22][n:23]([C@@H:24]3[CH2:25][C@H:26]([O:27]CCO)[C@@H:31]([OH:32])[C@H:33]3[OH:34])[c:35]2[n:36]1,CCCSc1nc(N[C@@H]2C[C@H]2c2ccc(F)c(F)c2)c2nnn([C@@H]3C[C@H]([O:1]CCO)[C@@H](O)[C@H]3O)c2n1
CCC[C@@H]1C[C@@H](C(=O)NC(C(C)Cl)[C@H]2O[C@H](SC)[C@H](O)[C@@H](O)[C@H]2O)N(C)C1,CCC[C@H]1CN[C@H](C(=O)NC(C(C)Cl)[C@H]2O[C@H](SC)[C@H](O)[C@@H](O)[C@H]2O)C1,CCC[C@H]1CN[C@H](C(=O)NC(C(C)Cl)[C@H]2O[C@H](SC)[C@H](O)[C@@H](O)[C@H]2O)C1>>CCC[C@@H]1C[C@@H](C(=O)NC(C(C)Cl)[C@H]2O[C@H](SC)[C@H](O)[C@@H](O)[C@H]2O)N(C)C1,[CH3:1][CH2:2][CH2:3][C@H:4]1[CH2:27][NH:25][C@H:6]([C:7](=[O:8])[NH:9][CH:10]([CH:11]([CH3:12])[Cl:13])[C@H:14]2[O:15][C@H:16]([S:17][CH3:18])[C@H:19]([OH:20])[C@@H:21]([OH:22])[C@H:23]2[OH:24])[CH2:5]1>>[CH3:1][CH2:2][CH2:3][C@@H:4]1[CH2:5][C@@H:6]([C:7](=[O:8])[NH:9][CH:10]([CH:11]([CH3:12])[Cl:13])[C@H:14]2[O:15][C@H:16]([S:17][CH3:18])[C@H:19]([OH:20])[C@@H:21]([OH:22])[C@H:23]2[OH:24])[N:25](C)[CH2:27]1,CCC[C@@H]1C[C@@H](C(=O)NC(C(C)Cl)[C@H]2O[C@H](SC)[C@H](O)[C@@H](O)[C@H]2O)[N:1](C)C1
CCC[C@@H]1C[C@@H](C(=O)NC(C(C)Cl)[C@H]2O[C@H](SC)[C@H](O)[C@@H](O)[C@H]2O)N(C)C1,CCC[C@@H]1C[C@@H](C(=O)NC(C(C)Cl)[C@H]2O[C@H](S(C)=O)[C@H](O)[C@@H](O)[C@H]2O)N(C)C1,CCC[C@@H]1C[C@@H](C(=O)NC(C(C)Cl)[C@H]2O[C@H](S(C)=O)[C@H](O)[C@@H](O)[C@H]2O)N(C)C1>>CCC[C@@H]1C[C@@H](C(=O)NC(C(C)Cl)[C@H]2O[C@H](SC)[C@H](O)[C@@H](O)[C@H]2O)N(C)C1,[CH3:1][CH2:2][CH2:3][C@@H:4]1[CH2:5][C@@H:6]([C:7](=[O:8])[NH:9][CH:10]([CH:11]([CH3:12])[Cl:13])[C@H:14]2[O:15][C@H:16]([S:17]([CH3:18])=O)[C@H:19]([OH:20])[C@@H:21]([OH:22])[C@H:23]2[OH:24])[N:25]([CH3:26])[CH2:27]1>>[CH3:1][CH2:2][CH2:3][C@@H:4]1[CH2:5][C@@H:6]([C:7](=[O:8])[NH:9][CH:10]([CH:11]([CH3:12])[Cl:13])[C@H:14]2[O:15][C@H:16]([S:17][CH3:18])[C@H:19]([OH:20])[C@@H:21]([OH:22])[C@H:23]2[OH:24])[N:25]([CH3:26])[CH2:27]1,CCC[C@@H]1C[C@@H](C(=O)NC(C(C)Cl)[C@H]2O[C@H]([S:1]C)[C@H](O)[C@@H](O)[C@H]2O)N(C)C1
CCN(CC)CCNC(=O)c1cc(Cl)c(N)cc1OC,CCNCCNC(=O)c1cc(Cl)c(N)cc1OC,CCNCCNC(=O)c1cc(Cl)c(N)cc1OC>>CCN(CC)CCNC(=O)c1cc(Cl)c(N)cc1OC,[CH3:1][CH2:2][NH:3][CH2:6][CH2:7][NH:8][C:9](=[O:10])[c:11]1[cH:12][c:13]([Cl:14])[c:15]([NH2:16])[cH:17][c:18]1[O:19][CH3:20]>>[CH3:1][CH2:2][N:3](CC)[CH2:6][CH2:7][NH:8][C:9](=[O:10])[c:11]1[cH:12][c:13]([Cl:14])[c:15]([NH2:16])[cH:17][c:18]1[O:19][CH3:20],CC[N:1](CC)CCNC(=O)c1cc(Cl)c(N)cc1OC
CCN(CC)CCNC(=O)c1cc(Cl)c(N)cc1OC,CCN(CC)CCNC(=O)c1cc(Cl)c([N+](=O)[O-])cc1OC,CCN(CC)CCNC(=O)c1cc(Cl)c([N+](=O)[O-])cc1OC>>CCN(CC)CCNC(=O)c1cc(Cl)c(N)cc1OC,[CH3:1][CH2:2][N:3]([CH2:4][CH3:5])[CH2:6][CH2:7][NH:8][C:9](=[O:10])[c:11]1[cH:12][c:13]([Cl:14])[c:15]([N+:16](=O)[O-])[cH:17][c:18]1[O:19][CH3:20]>>[CH3:1][CH2:2][N:3]([CH2:4][CH3:5])[CH2:6][CH2:7][NH:8][C:9](=[O:10])[c:11]1[cH:12][c:13]([Cl:14])[c:15]([NH2:16])[cH:17][c:18]1[O:19][CH3:20],CCN(CC)CCNC(=O)c1cc(Cl)c([NH2:1])cc1OC
CCN(CC)CCOC(=O)c1ccc(N)cc1,CCN(CC)CCO,CCN(CC)CCO>>CCN(CC)CCOC(=O)c1ccc(N)cc1,[CH3:5][CH2:4][N:3]([CH2:2][CH3:1])[CH2:6][CH2:7][OH:8]>>[CH3:1][CH2:2][N:3]([CH2:4][CH3:5])[CH2:6][CH2:7][O:8]C(=O)c1ccc(N)cc1,CCN(CC)CC[O:1]C(=O)c1ccc(N)cc1
CCN(CC)CCOC(=O)c1ccc(N)cc1,Nc1ccc(C(=O)O)cc1,Nc1ccc(C(=O)O)cc1>>CCN(CC)CCOC(=O)c1ccc(N)cc1,[NH2:3][c:14]1[cH:13][cH:12][c:11]([C:9](=[O:10])[OH:8])[cH:17][cH:16]1>>CC[N:3](CC)CC[O:8][C:9](=[O:10])[c:11]1[cH:12][cH:13][c:14](N)[cH:16][cH:17]1,CC[N:1](CC)CC[O:1]C(=O)c1cc[c:1](N)cc1
CCN(c1cc(-c2ccc(CN3CCOCC3)cc2)cc(C(=O)NCc2c(C)cc(C)[nH]c2=O)c1C)C1CCOCC1,Cc1cc(C)c(CNC(=O)c2cc(-c3ccc(CN4CCOCC4)cc3)cc(NC3CCOCC3)c2C)c(=O)[nH]1,Cc1cc(C)c(CNC(=O)c2cc(-c3ccc(CN4CCOCC4)cc3)cc(NC3CCOCC3)c2C)c(=O)[nH]1>>CCN(c1cc(-c2ccc(CN3CCOCC3)cc2)cc(C(=O)NCc2c(C)cc(C)[nH]c2=O)c1C)C1CCOCC1,[CH3:31][c:30]1[cH:29][c:27]([CH3:28])[c:26]([CH2:25][NH:24][C:22](=[O:23])[c:21]2[cH:20][c:6](-[c:7]3[cH:8][cH:9][c:10]([CH2:11][N:12]4[CH2:13][CH2:14][O:15][CH2:16][CH2:17]4)[cH:18][cH:19]3)[cH:5][c:4]([NH:3][CH:37]3[CH2:38][CH2:39][O:40][CH2:41][CH2:42]3)[c:35]2[CH3:36])[c:33](=[O:34])[nH:32]1>>CC[N:3]([c:4]1[cH:5][c:6](-[c:7]2[cH:8][cH:9][c:10]([CH2:11][N:12]3[CH2:13][CH2:14][O:15][CH2:16][CH2:17]3)[cH:18][cH:19]2)[cH:20][c:21]([C:22](=[O:23])[NH:24][CH2:25][c:26]2[c:27]([CH3:28])[cH:29][c:30]([CH3:31])[nH:32][c:33]2=[O:34])[c:35]1[CH3:36])[CH:37]1[CH2:38][CH2:39][O:40][CH2:41][CH2:42]1,CC[N:1](c1cc(-c2ccc(CN3CCOCC3)cc2)cc(C(=O)NCc2c(C)cc(C)[nH]c2=O)c1C)C1CCOCC1
CCN[C@H]1C[C@H](C)S(=O)(=O)c2sc(S(N)(=O)=O)cc21,C[C@H]1C[C@H](N)c2cc(S(N)(=O)=O)sc2S1(=O)=O,C[C@H]1C[C@H](N)c2cc(S(N)(=O)=O)sc2S1(=O)=O>>CCN[C@H]1C[C@H](C)S(=O)(=O)c2sc(S(N)(=O)=O)cc21,[CH3:7][C@H:6]1[CH2:5][C@H:4]([NH2:3])[c:19]2[cH:18][c:13]([S:14]([NH2:15])(=[O:16])=[O:17])[s:12][c:11]2[S:8]1(=[O:9])=[O:10]>>CC[NH:3][C@H:4]1[CH2:5][C@H:6]([CH3:7])[S:8](=[O:9])(=[O:10])[c:11]2[s:12][c:13]([S:14]([NH2:15])(=[O:16])=[O:17])[cH:18][c:19]21,CC[NH:1][C@H]1C[C@H](C)S(=O)(=O)c2sc(S(N)(=O)=O)cc21
CCOC(=O)Nc1ccc2c(c1)N(C(=O)CN(CC)CC)c1ccccc1CC2,CCNCC(=O)N1c2ccccc2CCc2ccc(NC(=O)OCC)cc21,CCNCC(=O)N1c2ccccc2CCc2ccc(NC(=O)OCC)cc21>>CCOC(=O)Nc1ccc2c(c1)N(C(=O)CN(CC)CC)c1ccccc1CC2,[CH3:19][CH2:18][NH:17][CH2:16][C:14](=[O:15])[N:13]1[c:22]2[cH:23][cH:24][cH:25][cH:26][c:27]2[CH2:28][CH2:29][c:10]2[cH:9][cH:8][c:7]([NH:6][C:4](=[O:5])[O:3][CH2:2][CH3:1])[cH:12][c:11]21>>[CH3:1][CH2:2][O:3][C:4](=[O:5])[NH:6][c:7]1[cH:8][cH:9][c:10]2[c:11]([cH:12]1)[N:13]([C:14](=[O:15])[CH2:16][N:17]([CH2:18][CH3:19])CC)[c:22]1[cH:23][cH:24][cH:25][cH:26][c:27]1[CH2:28][CH2:29]2,CCOC(=O)Nc1ccc2c(c1)N(C(=O)C[N:1](CC)CC)c1ccccc1CC2
CCOC(=O)c1c(CSc2ccccc2)n(C)c2cc(Br)c(O)c(CN(C)C)c12,CCOC(=O)c1c(CSc2ccccc2)n(C)c2cc(Br)c(OS(=O)(=O)O)c(CN(C)C)c12,CCOC(=O)c1c(CSc2ccccc2)n(C)c2cc(Br)c(OS(=O)(=O)O)c(CN(C)C)c12>>CCOC(=O)c1c(CSc2ccccc2)n(C)c2cc(Br)c(O)c(CN(C)C)c12,[CH3:1][CH2:2][O:3][C:4](=[O:5])[c:6]1[c:7]([CH2:8][S:9][c:10]2[cH:11][cH:12][cH:13][cH:14][cH:15]2)[n:16]([CH3:17])[c:18]2[cH:19][c:20]([Br:21])[c:22]([O:23]S(=O)(=O)O)[c:24]([CH2:25][N:26]([CH3:27])[CH3:28])[c:29]12>>[CH3:1][CH2:2][O:3][C:4](=[O:5])[c:6]1[c:7]([CH2:8][S:9][c:10]2[cH:11][cH:12][cH:13][cH:14][cH:15]2)[n:16]([CH3:17])[c:18]2[cH:19][c:20]([Br:21])[c:22]([OH:23])[c:24]([CH2:25][N:26]([CH3:27])[CH3:28])[c:29]12,CCOC(=O)c1c(CSc2ccccc2)n(C)c2cc(Br)c([OH:1])c(CN(C)C)c12
CCOC(=O)c1c(CSc2ccccc2)n(C)c2cc(Br)c(O)c(CN(C)C)c12,CCOC(=O)c1c(CSc2ccc(O)cc2)n(C)c2cc(Br)c(O)c(CN(C)C)c12,CCOC(=O)c1c(CSc2ccc(O)cc2)n(C)c2cc(Br)c(O)c(CN(C)C)c12>>CCOC(=O)c1c(CSc2ccccc2)n(C)c2cc(Br)c(O)c(CN(C)C)c12,[CH3:1][CH2:2][O:3][C:4](=[O:5])[c:6]1[c:7]([CH2:8][S:9][c:10]2[cH:11][cH:12][c:13](O)[cH:14][cH:15]2)[n:16]([CH3:17])[c:18]2[cH:19][c:20]([Br:21])[c:22]([OH:23])[c:24]([CH2:25][N:26]([CH3:27])[CH3:28])[c:29]12>>[CH3:1][CH2:2][O:3][C:4](=[O:5])[c:6]1[c:7]([CH2:8][S:9][c:10]2[cH:11][cH:12][cH:13][cH:14][cH:15]2)[n:16]([CH3:17])[c:18]2[cH:19][c:20]([Br:21])[c:22]([OH:23])[c:24]([CH2:25][N:26]([CH3:27])[CH3:28])[c:29]12,CCOC(=O)c1c(CSc2cc[cH:1]cc2)n(C)c2cc(Br)c(O)c(CN(C)C)c12
CCOC(=O)c1c(CSc2ccccc2)n(C)c2cc(Br)c(O)c(CN(C)C)c12,CCOC(=O)c1c(CS(=O)(=O)c2ccccc2)n(C)c2cc(Br)c(O)c(CNC)c12,CCOC(=O)c1c(CS(=O)(=O)c2ccccc2)n(C)c2cc(Br)c(O)c(CNC)c12>>CCOC(=O)c1c(CSc2ccccc2)n(C)c2cc(Br)c(O)c(CN(C)C)c12,[CH3:1][CH2:2][O:3][C:4](=[O:5])[c:6]1[c:7]([CH2:8][S:9](=O)(=O)[c:10]2[cH:11][cH:12][cH:13][cH:14][cH:15]2)[n:16]([CH3:17])[c:18]2[cH:19][c:20]([Br:21])[c:22]([OH:23])[c:24]([CH2:25][NH:26][CH3:27])[c:29]12>>[CH3:1][CH2:2][O:3][C:4](=[O:5])[c:6]1[c:7]([CH2:8][S:9][c:10]2[cH:11][cH:12][cH:13][cH:14][cH:15]2)[n:16]([CH3:17])[c:18]2[cH:19][c:20]([Br:21])[c:22]([OH:23])[c:24]([CH2:25][N:26]([CH3:27])C)[c:29]12,CCOC(=O)c1c(C[S:1]c2ccccc2)n(C)c2cc(Br)c(O)c(C[N:1](C)C)c12
CCOC(=O)c1c(CSc2ccccc2)n(C)c2cc(Br)c(O)c(CN(C)C)c12,CCOC(=O)c1c(CS(=O)(=O)c2ccccc2)n(C)c2cc(Br)c(OS(=O)(=O)O)c(CN(C)C)c12,CCOC(=O)c1c(CS(=O)(=O)c2ccccc2)n(C)c2cc(Br)c(OS(=O)(=O)O)c(CN(C)C)c12>>CCOC(=O)c1c(CSc2ccccc2)n(C)c2cc(Br)c(O)c(CN(C)C)c12,[CH3:1][CH2:2][O:3][C:4](=[O:5])[c:6]1[c:7]([CH2:8][S:9](=O)(=O)[c:10]2[cH:11][cH:12][cH:13][cH:14][cH:15]2)[n:16]([CH3:17])[c:18]2[cH:19][c:20]([Br:21])[c:22]([O:23]S(=O)(=O)O)[c:24]([CH2:25][N:26]([CH3:27])[CH3:28])[c:29]12>>[CH3:1][CH2:2][O:3][C:4](=[O:5])[c:6]1[c:7]([CH2:8][S:9][c:10]2[cH:11][cH:12][cH:13][cH:14][cH:15]2)[n:16]([CH3:17])[c:18]2[cH:19][c:20]([Br:21])[c:22]([OH:23])[c:24]([CH2:25][N:26]([CH3:27])[CH3:28])[c:29]12,CCOC(=O)c1c(C[S:1]c2ccccc2)n(C)c2cc(Br)c([OH:1])c(CN(C)C)c12
CCOC(=O)c1c(CSc2ccccc2)n(C)c2cc(Br)c(O)c(CN(C)C)c12,CCOC(=O)c1c(CSc2ccccc2)n(C)c2cc(Br)c(O)c(CNC)c12,CCOC(=O)c1c(CSc2ccccc2)n(C)c2cc(Br)c(O)c(CNC)c12>>CCOC(=O)c1c(CSc2ccccc2)n(C)c2cc(Br)c(O)c(CN(C)C)c12,[CH3:1][CH2:2][O:3][C:4](=[O:5])[c:6]1[c:7]([CH2:8][S:9][c:10]2[cH:11][cH:12][cH:13][cH:14][cH:15]2)[n:16]([CH3:17])[c:18]2[cH:19][c:20]([Br:21])[c:22]([OH:23])[c:24]([CH2:25][NH:26][CH3:27])[c:29]12>>[CH3:1][CH2:2][O:3][C:4](=[O:5])[c:6]1[c:7]([CH2:8][S:9][c:10]2[cH:11][cH:12][cH:13][cH:14][cH:15]2)[n:16]([CH3:17])[c:18]2[cH:19][c:20]([Br:21])[c:22]([OH:23])[c:24]([CH2:25][N:26]([CH3:27])C)[c:29]12,CCOC(=O)c1c(CSc2ccccc2)n(C)c2cc(Br)c(O)c(C[N:1](C)C)c12
CCOC(=O)c1c(CSc2ccccc2)n(C)c2cc(Br)c(O)c(CN(C)C)c12,CCOC(=O)c1c(CS(=O)c2ccccc2)n(C)c2cc(Br)c(O)c(CN(C)C)c12,CCOC(=O)c1c(CS(=O)c2ccccc2)n(C)c2cc(Br)c(O)c(CN(C)C)c12>>CCOC(=O)c1c(CSc2ccccc2)n(C)c2cc(Br)c(O)c(CN(C)C)c12,[CH3:1][CH2:2][O:3][C:4](=[O:5])[c:6]1[c:7]([CH2:8][S:9](=O)[c:10]2[cH:11][cH:12][cH:13][cH:14][cH:15]2)[n:16]([CH3:17])[c:18]2[cH:19][c:20]([Br:21])[c:22]([OH:23])[c:24]([CH2:25][N:26]([CH3:27])[CH3:28])[c:29]12>>[CH3:1][CH2:2][O:3][C:4](=[O:5])[c:6]1[c:7]([CH2:8][S:9][c:10]2[cH:11][cH:12][cH:13][cH:14][cH:15]2)[n:16]([CH3:17])[c:18]2[cH:19][c:20]([Br:21])[c:22]([OH:23])[c:24]([CH2:25][N:26]([CH3:27])[CH3:28])[c:29]12,CCOC(=O)c1c(C[S:1]c2ccccc2)n(C)c2cc(Br)c(O)c(CN(C)C)c12
CCOC(=O)c1c(CSc2ccccc2)n(C)c2cc(Br)c(O)c(CN(C)C)c12,CCOC(=O)c1c(CO)n(C)c2cc(Br)c(O)c(CN(C)C)c12,CCOC(=O)c1c(CO)n(C)c2cc(Br)c(O)c(CN(C)C)c12>>CCOC(=O)c1c(CSc2ccccc2)n(C)c2cc(Br)c(O)c(CN(C)C)c12,[CH3:1][CH2:2][O:3][C:4](=[O:5])[c:6]1[c:7]([CH2:8]O)[n:16]([CH3:17])[c:18]2[cH:19][c:20]([Br:21])[c:22]([OH:23])[c:24]([CH2:25][N:26]([CH3:27])[CH3:28])[c:29]12>>[CH3:1][CH2:2][O:3][C:4](=[O:5])[c:6]1[c:7]([CH2:8]Sc2ccccc2)[n:16]([CH3:17])[c:18]2[cH:19][c:20]([Br:21])[c:22]([OH:23])[c:24]([CH2:25][N:26]([CH3:27])[CH3:28])[c:29]12,CCOC(=O)c1c(CSc2ccccc2)n(C)c2cc(Br)c(O)c(CN(C)C)c12
CCOC(=O)c1c(CSc2ccccc2)n(C)c2cc(Br)c(O)c(CN(C)C)c12,CCOC(=O)c1c(CS(=O)c2ccccc2)n(C)c2cc(Br)c(O)c(CNC)c12,CCOC(=O)c1c(CS(=O)c2ccccc2)n(C)c2cc(Br)c(O)c(CNC)c12>>CCOC(=O)c1c(CSc2ccccc2)n(C)c2cc(Br)c(O)c(CN(C)C)c12,[CH3:1][CH2:2][O:3][C:4](=[O:5])[c:6]1[c:7]([CH2:8][S:9](=O)[c:10]2[cH:11][cH:12][cH:13][cH:14][cH:15]2)[n:16]([CH3:17])[c:18]2[cH:19][c:20]([Br:21])[c:22]([OH:23])[c:24]([CH2:25][NH:26][CH3:27])[c:29]12>>[CH3:1][CH2:2][O:3][C:4](=[O:5])[c:6]1[c:7]([CH2:8][S:9][c:10]2[cH:11][cH:12][cH:13][cH:14][cH:15]2)[n:16]([CH3:17])[c:18]2[cH:19][c:20]([Br:21])[c:22]([OH:23])[c:24]([CH2:25][N:26]([CH3:27])C)[c:29]12,CCOC(=O)c1c(C[S:1]c2ccccc2)n(C)c2cc(Br)c(O)c(C[N:1](C)C)c12
CCOC(=O)c1c(CSc2ccccc2)n(C)c2cc(Br)c(O)c(CN(C)C)c12,CCOC(=O)c1c(CSc2ccccc2)n(C)c2cc(Br)c(OC3O[C@H](C(=O)O)[C@@H](O)[C@H](O)[C@H]3O)c(CN(C)C)c12,CCOC(=O)c1c(CSc2ccccc2)n(C)c2cc(Br)c(OC3O[C@H](C(=O)O)[C@@H](O)[C@H](O)[C@H]3O)c(CN(C)C)c12>>CCOC(=O)c1c(CSc2ccccc2)n(C)c2cc(Br)c(O)c(CN(C)C)c12,[CH3:1][CH2:2][O:3][C:4](=[O:5])[c:6]1[c:7]([CH2:8][S:9][c:10]2[cH:11][cH:12][cH:13][cH:14][cH:15]2)[n:16]([CH3:17])[c:18]2[cH:19][c:20]([Br:21])[c:22](OC3O[C@H](C(=O)O)[C@@H](O)[C@H]([OH:23])[C@H]3O)[c:24]([CH2:25][N:26]([CH3:27])[CH3:28])[c:29]12>>[CH3:1][CH2:2][O:3][C:4](=[O:5])[c:6]1[c:7]([CH2:8][S:9][c:10]2[cH:11][cH:12][cH:13][cH:14][cH:15]2)[n:16]([CH3:17])[c:18]2[cH:19][c:20]([Br:21])[c:22]([OH:23])[c:24]([CH2:25][N:26]([CH3:27])[CH3:28])[c:29]12,CCOC(=O)c1c(CSc2ccccc2)n(C)c2cc(Br)[c:1]([OH:1])c(CN(C)C)c12
CCOC(=O)c1c(CSc2ccccc2)n(C)c2cc(Br)c(O)c(CN(C)C)c12,CCOC(=O)c1c(CS(=O)(=O)c2ccccc2)n(C)c2cc(Br)c(O)c(CN(C)C)c12,CCOC(=O)c1c(CS(=O)(=O)c2ccccc2)n(C)c2cc(Br)c(O)c(CN(C)C)c12>>CCOC(=O)c1c(CSc2ccccc2)n(C)c2cc(Br)c(O)c(CN(C)C)c12,[CH3:1][CH2:2][O:3][C:4](=[O:5])[c:6]1[c:7]([CH2:8][S:9](=O)(=O)[c:10]2[cH:11][cH:12][cH:13][cH:14][cH:15]2)[n:16]([CH3:17])[c:18]2[cH:19][c:20]([Br:21])[c:22]([OH:23])[c:24]([CH2:25][N:26]([CH3:27])[CH3:28])[c:29]12>>[CH3:1][CH2:2][O:3][C:4](=[O:5])[c:6]1[c:7]([CH2:8][S:9][c:10]2[cH:11][cH:12][cH:13][cH:14][cH:15]2)[n:16]([CH3:17])[c:18]2[cH:19][c:20]([Br:21])[c:22]([OH:23])[c:24]([CH2:25][N:26]([CH3:27])[CH3:28])[c:29]12,CCOC(=O)c1c(C[S:1]c2ccccc2)n(C)c2cc(Br)c(O)c(CN(C)C)c12
CN(C)C(=O)COC(=O)Cc1ccc(OC(=O)c2ccc(NC(=N)N)cc2)cc1,N=C(N)Nc1ccc(C(=O)Oc2ccc(CC(=O)O)cc2)cc1,N=C(N)Nc1ccc(C(=O)Oc2ccc(CC(=O)O)cc2)cc1>>CN(C)C(=O)COC(=O)Cc1ccc(OC(=O)c2ccc(NC(=N)N)cc2)cc1,[NH:24]=[C:23]([NH2:25])[NH:22][c:21]1[cH:20][cH:19][c:18]([C:16](=[O:17])[O:15][c:14]2[cH:13][cH:12][c:11]([CH2:10][C:8](=[O:9])[OH:7])[cH:29][cH:28]2)[cH:27][cH:26]1>>CN(C)C(=O)C[O:7][C:8](=[O:9])[CH2:10][c:11]1[cH:12][cH:13][c:14]([O:15][C:16](=[O:17])[c:18]2[cH:19][cH:20][c:21]([NH:22][C:23](=[NH:24])[NH2:25])[cH:26][cH:27]2)[cH:28][cH:29]1,CN(C)C(=O)C[O:1]C(=O)Cc1ccc(OC(=O)c2ccc(NC(=N)N)cc2)cc1
CN(C)CCCN1c2ccccc2CCc2ccccc21,CNCCCN1c2ccccc2CCc2ccccc21,CNCCCN1c2ccccc2CCc2ccccc21>>CN(C)CCCN1c2ccccc2CCc2ccccc21,[CH3:1][NH:2][CH2:4][CH2:5][CH2:6][N:7]1[c:8]2[cH:9][cH:10][cH:11][cH:12][c:13]2[CH2:14][CH2:15][c:16]2[cH:17][cH:18][cH:19][cH:20][c:21]21>>[CH3:1][N:2](C)[CH2:4][CH2:5][CH2:6][N:7]1[c:8]2[cH:9][cH:10][cH:11][cH:12][c:13]2[CH2:14][CH2:15][c:16]2[cH:17][cH:18][cH:19][cH:20][c:21]21,C[N:1](C)CCCN1c2ccccc2CCc2ccccc21
CN(C)CCCN1c2ccccc2CCc2ccccc21,NCCCN1c2ccccc2CCc2ccccc21,NCCCN1c2ccccc2CCc2ccccc21>>CN(C)CCCN1c2ccccc2CCc2ccccc21,[NH2:2][CH2:4][CH2:5][CH2:6][N:7]1[c:8]2[cH:9][cH:10][cH:11][cH:12][c:13]2[CH2:14][CH2:15][c:16]2[cH:17][cH:18][cH:19][cH:20][c:21]21>>C[N:2](C)[CH2:4][CH2:5][CH2:6][N:7]1[c:8]2[cH:9][cH:10][cH:11][cH:12][c:13]2[CH2:14][CH2:15][c:16]2[cH:17][cH:18][cH:19][cH:20][c:21]21,C[N:1](C)CCCN1c2ccccc2CCc2ccccc21
CN(C)CCCN1c2ccccc2CCc2ccccc21,c1ccc2c(c1)CCc1ccccc1N2,c1ccc2c(c1)CCc1ccccc1N2>>CN(C)CCCN1c2ccccc2CCc2ccccc21,[cH:18]1[cH:19][cH:20][c:21]2[c:16]([cH:17]1)[CH2:15][CH2:14][c:13]1[cH:12][cH:11][cH:10][cH:9][c:8]1[NH:7]2>>CN(C)CCC[N:7]1[c:8]2[cH:9][cH:10][cH:11][cH:12][c:13]2[CH2:14][CH2:15][c:16]2[cH:17][cH:18][cH:19][cH:20][c:21]21,CN(C)CCC[N:1]1c2ccccc2CCc2ccccc21
CN(C)CCCN1c2ccccc2CCc2ccccc21,CN(C)CCCN1c2ccccc2CCc2cc(O)ccc21,CN(C)CCCN1c2ccccc2CCc2cc(O)ccc21>>CN(C)CCCN1c2ccccc2CCc2ccccc21,[CH3:1][N:2]([CH3:3])[CH2:4][CH2:5][CH2:6][N:7]1[c:8]2[cH:9][cH:10][cH:11][cH:12][c:13]2[CH2:14][CH2:15][c:16]2[cH:17][c:18](O)[cH:19][cH:20][c:21]21>>[CH3:1][N:2]([CH3:3])[CH2:4][CH2:5][CH2:6][N:7]1[c:8]2[cH:9][cH:10][cH:11][cH:12][c:13]2[CH2:14][CH2:15][c:16]2[cH:17][cH:18][cH:19][cH:20][c:21]21,CN(C)CCCN1c2ccccc2CCc2c[cH:1]ccc21
CN(C)CCCN1c2ccccc2CCc2ccccc21,C[N+](C)([O-])CCCN1c2ccccc2CCc2ccccc21,C[N+](C)([O-])CCCN1c2ccccc2CCc2ccccc21>>CN(C)CCCN1c2ccccc2CCc2ccccc21,[CH3:1][N+:2]([CH3:3])([O-])[CH2:4][CH2:5][CH2:6][N:7]1[c:8]2[cH:9][cH:10][cH:11][cH:12][c:13]2[CH2:14][CH2:15][c:16]2[cH:17][cH:18][cH:19][cH:20][c:21]21>>[CH3:1][N:2]([CH3:3])[CH2:4][CH2:5][CH2:6][N:7]1[c:8]2[cH:9][cH:10][cH:11][cH:12][c:13]2[CH2:14][CH2:15][c:16]2[cH:17][cH:18][cH:19][cH:20][c:21]21,C[N:1](C)CCCN1c2ccccc2CCc2ccccc21
CN(C)c1ccc(O)c2c1C[C@H]1C[C@H]3[C@H](N(C)C)C(O)=C(C(N)=O)C(=O)[C@@]3(O)C(O)=C1C2=O,CN(C)c1cc(O)c(O)c2c1C[C@H]1C[C@H]3[C@H](N(C)C)C(O)=C(C(N)=O)C(=O)[C@@]3(O)C(O)=C1C2=O,CN(C)c1cc(O)c(O)c2c1C[C@H]1C[C@H]3[C@H](N(C)C)C(O)=C(C(N)=O)C(=O)[C@@]3(O)C(O)=C1C2=O>>CN(C)c1ccc(O)c2c1C[C@H]1C[C@H]3[C@H](N(C)C)C(O)=C(C(N)=O)C(=O)[C@@]3(O)C(O)=C1C2=O,[CH3:1][N:2]([CH3:3])[c:4]1[cH:5][c:6](O)[c:7]([OH:8])[c:9]2[c:10]1[CH2:11][C@H:12]1[CH2:13][C@H:14]3[C@H:15]([N:16]([CH3:17])[CH3:18])[C:19]([OH:20])=[C:21]([C:22]([NH2:23])=[O:24])[C:25](=[O:26])[C@@:27]3([OH:28])[C:29]([OH:30])=[C:31]1[C:32]2=[O:33]>>[CH3:1][N:2]([CH3:3])[c:4]1[cH:5][cH:6][c:7]([OH:8])[c:9]2[c:10]1[CH2:11][C@H:12]1[CH2:13][C@H:14]3[C@H:15]([N:16]([CH3:17])[CH3:18])[C:19]([OH:20])=[C:21]([C:22]([NH2:23])=[O:24])[C:25](=[O:26])[C@@:27]3([OH:28])[C:29]([OH:30])=[C:31]1[C:32]2=[O:33],CN(C)c1c[cH:1]c(O)c2c1C[C@H]1C[C@H]3[C@H](N(C)C)C(O)=C(C(N)=O)C(=O)[C@@]3(O)C(O)=C1C2=O
CN(C)c1ccc(O)c2c1C[C@H]1C[C@H]3[C@H](N(C)C)C(O)=C(C(N)=O)C(=O)[C@@]3(O)C(O)=C1C2=O,CN[C@@H]1C(O)=C(C(N)=O)C(=O)[C@@]2(O)C(O)=C3C(=O)c4c(O)ccc(N(C)C)c4C[C@H]3C[C@@H]12,CN[C@@H]1C(O)=C(C(N)=O)C(=O)[C@@]2(O)C(O)=C3C(=O)c4c(O)ccc(N(C)C)c4C[C@H]3C[C@@H]12>>CN(C)c1ccc(O)c2c1C[C@H]1C[C@H]3[C@H](N(C)C)C(O)=C(C(N)=O)C(=O)[C@@]3(O)C(O)=C1C2=O,[CH3:17][NH:16][C@@H:15]1[C:19]([OH:20])=[C:21]([C:22]([NH2:23])=[O:24])[C:25](=[O:26])[C@@:27]2([OH:28])[C:29]([OH:30])=[C:31]3[C:32](=[O:33])[c:9]4[c:7]([OH:8])[cH:6][cH:5][c:4]([N:2]([CH3:1])[CH3:3])[c:10]4[CH2:11][C@H:12]3[CH2:13][C@@H:14]12>>[CH3:1][N:2]([CH3:3])[c:4]1[cH:5][cH:6][c:7]([OH:8])[c:9]2[c:10]1[CH2:11][C@H:12]1[CH2:13][C@H:14]3[C@H:15]([N:16]([CH3:17])C)[C:19]([OH:20])=[C:21]([C:22]([NH2:23])=[O:24])[C:25](=[O:26])[C@@:27]3([OH:28])[C:29]([OH:30])=[C:31]1[C:32]2=[O:33],CN(C)c1ccc(O)c2c1C[C@H]1C[C@H]3[C@H]([N:1](C)C)C(O)=C(C(N)=O)C(=O)[C@@]3(O)C(O)=C1C2=O
CN(C)c1ccc(O)c2c1C[C@H]1C[C@H]3[C@H](N(C)C)C(O)=C(C(N)=O)C(=O)[C@@]3(O)C(O)=C1C2=O,CNc1ccc(O)c2c1C[C@H]1C[C@H]3[C@H](N(C)C)C(O)=C(C(N)=O)C(=O)[C@@]3(O)C(O)=C1C2=O,CNc1ccc(O)c2c1C[C@H]1C[C@H]3[C@H](N(C)C)C(O)=C(C(N)=O)C(=O)[C@@]3(O)C(O)=C1C2=O>>CN(C)c1ccc(O)c2c1C[C@H]1C[C@H]3[C@H](N(C)C)C(O)=C(C(N)=O)C(=O)[C@@]3(O)C(O)=C1C2=O,[CH3:1][NH:2][c:4]1[cH:5][cH:6][c:7]([OH:8])[c:9]2[c:10]1[CH2:11][C@H:12]1[CH2:13][C@H:14]3[C@H:15]([N:16]([CH3:17])[CH3:18])[C:19]([OH:20])=[C:21]([C:22]([NH2:23])=[O:24])[C:25](=[O:26])[C@@:27]3([OH:28])[C:29]([OH:30])=[C:31]1[C:32]2=[O:33]>>[CH3:1][N:2](C)[c:4]1[cH:5][cH:6][c:7]([OH:8])[c:9]2[c:10]1[CH2:11][C@H:12]1[CH2:13][C@H:14]3[C@H:15]([N:16]([CH3:17])[CH3:18])[C:19]([OH:20])=[C:21]([C:22]([NH2:23])=[O:24])[C:25](=[O:26])[C@@:27]3([OH:28])[C:29]([OH:30])=[C:31]1[C:32]2=[O:33],CN(C)[C@@H]1C(O)=C(C(N)=O)C(=O)[C@@]2(O)C(O)=C3C(=O)c4c(O)ccc([N:1](C)C)c4C[C@H]3C[C@@H]12
CN1CCc2cccc3c2[C@H]1Cc1ccc(O)c(O)c1-3,CN1CCc2cccc3c2[C@H]1Cc1ccc(OC2O[C@H](C(=O)O)[C@@H](O)[C@H](O)[C@H]2O)c(O)c1-3,CN1CCc2cccc3c2[C@H]1Cc1ccc(OC2O[C@H](C(=O)O)[C@@H](O)[C@H](O)[C@H]2O)c(O)c1-3>>CN1CCc2cccc3c2[C@H]1Cc1ccc(O)c(O)c1-3,[CH3:1][N:2]1[CH2:3][CH2:4][c:5]2[cH:6][cH:7][cH:8][c:9]3[c:10]2[C@H:11]1[CH2:12][c:13]1[cH:14][cH:15][c:16]([O:17]C2O[C@H](C(=O)O)[C@@H](O)[C@H](O)[C@H]2O)[c:18]([OH:19])[c:20]1-3>>[CH3:1][N:2]1[CH2:3][CH2:4][c:5]2[cH:6][cH:7][cH:8][c:9]3[c:10]2[C@H:11]1[CH2:12][c:13]1[cH:14][cH:15][c:16]([OH:17])[c:18]([OH:19])[c:20]1-3,CN1CCc2cccc3c2[C@H]1Cc1ccc([OH:1])c(O)c1-3
CN1CCc2cccc3c2[C@H]1Cc1ccc(O)c(O)c1-3,Oc1ccc2c(c1O)-c1cccc3c1[C@@H](C2)NCC3,Oc1ccc2c(c1O)-c1cccc3c1[C@@H](C2)NCC3>>CN1CCc2cccc3c2[C@H]1Cc1ccc(O)c(O)c1-3,[OH:17][c:16]1[cH:15][cH:14][c:13]2[c:20]([c:18]1[OH:19])-[c:9]1[cH:8][cH:7][cH:6][c:5]3[c:10]1[C@@H:11]([CH2:12]2)[NH:2][CH2:3][CH2:4]3>>C[N:2]1[CH2:3][CH2:4][c:5]2[cH:6][cH:7][cH:8][c:9]3[c:10]2[C@H:11]1[CH2:12][c:13]1[cH:14][cH:15][c:16]([OH:17])[c:18]([OH:19])[c:20]1-3,C[N:1]1CCc2cccc3c2[C@H]1Cc1ccc(O)c(O)c1-3
CN1CCc2cccc3c2[C@H]1Cc1ccc(O)c(O)c1-3,CN1CCc2cccc3c2[C@H]1CC1=C3C(=O)C(=O)C=C1,CN1CCc2cccc3c2[C@H]1CC1=C3C(=O)C(=O)C=C1>>CN1CCc2cccc3c2[C@H]1Cc1ccc(O)c(O)c1-3,[CH3:1][N:2]1[CH2:3][CH2:4][c:5]2[cH:6][cH:7][cH:8][c:9]3[c:10]2[C@H:11]1[CH2:12][C:13]1=[C:20]3[C:18](=[O:19])[C:16](=[O:17])[CH:15]=[CH:14]1>>[CH3:1][N:2]1[CH2:3][CH2:4][c:5]2[cH:6][cH:7][cH:8][c:9]3[c:10]2[C@H:11]1[CH2:12][c:13]1[cH:14][cH:15][c:16]([OH:17])[c:18]([OH:19])[c:20]1-3,CN1CCc2cccc3c2[C@H]1C[c:1]1[cH:1][cH:1][c:1]([OH:1])[c:1]([OH:1])[c:1]1-3
CN1CCc2cccc3c2[C@H]1Cc1ccc(O)c(O)c1-3,CN1CCc2cccc3c2[C@H]1Cc1ccc(O)c(OC2O[C@H](C(=O)O)[C@@H](O)[C@H](O)[C@H]2O)c1-3,CN1CCc2cccc3c2[C@H]1Cc1ccc(O)c(OC2O[C@H](C(=O)O)[C@@H](O)[C@H](O)[C@H]2O)c1-3>>CN1CCc2cccc3c2[C@H]1Cc1ccc(O)c(O)c1-3,[CH3:1][N:2]1[CH2:3][CH2:4][c:5]2[cH:6][cH:7][cH:8][c:9]3[c:10]2[C@H:11]1[CH2:12][c:13]1[cH:14][cH:15][c:16]([OH:17])[c:18](OC2O[C@H](C(=O)O)[C@@H]([OH:19])[C@H](O)[C@H]2O)[c:20]1-3>>[CH3:1][N:2]1[CH2:3][CH2:4][c:5]2[cH:6][cH:7][cH:8][c:9]3[c:10]2[C@H:11]1[CH2:12][c:13]1[cH:14][cH:15][c:16]([OH:17])[c:18]([OH:19])[c:20]1-3,CN1CCc2cccc3c2[C@H]1Cc1ccc(O)[c:1]([OH:1])c1-3
CN1CCc2cccc3c2[C@H]1Cc1ccc(O)c(O)c1-3,COc1c(O)ccc2c1-c1cccc3c1[C@@H](C2)N(C)CC3,COc1c(O)ccc2c1-c1cccc3c1[C@@H](C2)N(C)CC3>>CN1CCc2cccc3c2[C@H]1Cc1ccc(O)c(O)c1-3,C[O:19][c:18]1[c:16]([OH:17])[cH:15][cH:14][c:13]2[c:20]1-[c:9]1[cH:8][cH:7][cH:6][c:5]3[c:10]1[C@@H:11]([CH2:12]2)[N:2]([CH3:1])[CH2:3][CH2:4]3>>[CH3:1][N:2]1[CH2:3][CH2:4][c:5]2[cH:6][cH:7][cH:8][c:9]3[c:10]2[C@H:11]1[CH2:12][c:13]1[cH:14][cH:15][c:16]([OH:17])[c:18]([OH:19])[c:20]1-3,CN1CCc2cccc3c2[C@H]1Cc1ccc(O)c([OH:1])c1-3
CN1CCc2cccc3c2[C@H]1Cc1ccc(O)c(O)c1-3,COc1ccc2c(c1O)-c1cccc3c1[C@@H](C2)N(C)CC3,COc1ccc2c(c1O)-c1cccc3c1[C@@H](C2)N(C)CC3>>CN1CCc2cccc3c2[C@H]1Cc1ccc(O)c(O)c1-3,C[O:17][c:16]1[cH:15][cH:14][c:13]2[c:20]([c:18]1[OH:19])-[c:9]1[cH:8][cH:7][cH:6][c:5]3[c:10]1[C@@H:11]([CH2:12]2)[N:2]([CH3:1])[CH2:3][CH2:4]3>>[CH3:1][N:2]1[CH2:3][CH2:4][c:5]2[cH:6][cH:7][cH:8][c:9]3[c:10]2[C@H:11]1[CH2:12][c:13]1[cH:14][cH:15][c:16]([OH:17])[c:18]([OH:19])[c:20]1-3,CN1CCc2cccc3c2[C@H]1Cc1ccc([OH:1])c(O)c1-3
CN1c2ccccc2C(=O)N2CCc3c([nH]c4ccccc34)C21,CN1c2ccccc2C(=O)N2CCc3c([nH]c4ccc(O)cc34)C21,CN1c2ccccc2C(=O)N2CCc3c([nH]c4ccc(O)cc34)C21>>CN1c2ccccc2C(=O)N2CCc3c([nH]c4ccccc34)C21,[CH3:1][N:2]1[c:3]2[cH:4][cH:5][cH:6][cH:7][c:8]2[C:9](=[O:10])[N:11]2[CH2:12][CH2:13][c:14]3[c:15]([nH:16][c:17]4[cH:18][cH:19][c:20](O)[cH:21][c:22]34)[CH:23]12>>[CH3:1][N:2]1[c:3]2[cH:4][cH:5][cH:6][cH:7][c:8]2[C:9](=[O:10])[N:11]2[CH2:12][CH2:13][c:14]3[c:15]([nH:16][c:17]4[cH:18][cH:19][cH:20][cH:21][c:22]34)[CH:23]12,CN1c2ccccc2C(=O)N2CCc3c([nH]c4cc[cH:1]cc34)C21
CN1c2ccccc2C(=O)N2CCc3c([nH]c4ccccc34)C21,CN1c2ccccc2C(=O)N2CC(O)c3c([nH]c4ccccc34)C21,CN1c2ccccc2C(=O)N2CC(O)c3c([nH]c4ccccc34)C21>>CN1c2ccccc2C(=O)N2CCc3c([nH]c4ccccc34)C21,[CH3:1][N:2]1[c:3]2[cH:4][cH:5][cH:6][cH:7][c:8]2[C:9](=[O:10])[N:11]2[CH2:12][CH:13](O)[c:14]3[c:15]([nH:16][c:17]4[cH:18][cH:19][cH:20][cH:21][c:22]34)[CH:23]12>>[CH3:1][N:2]1[c:3]2[cH:4][cH:5][cH:6][cH:7][c:8]2[C:9](=[O:10])[N:11]2[CH2:12][CH2:13][c:14]3[c:15]([nH:16][c:17]4[cH:18][cH:19][cH:20][cH:21][c:22]34)[CH:23]12,CN1c2ccccc2C(=O)N2C[CH2:1]c3c([nH]c4ccccc34)C21
CNC(=O)c1ccccc1Sc1ccc2c(/C=C/c3ccccn3)n[nH]c2c1,CNC(=O)c1ccccc1Sc1ccc2c(C3OC3c3ccccn3)n[nH]c2c1,CNC(=O)c1ccccc1Sc1ccc2c(C3OC3c3ccccn3)n[nH]c2c1>>CNC(=O)c1ccccc1Sc1ccc2c(/C=C/c3ccccn3)n[nH]c2c1,[CH3:1][NH:2][C:3](=[O:4])[c:5]1[cH:6][cH:7][cH:8][cH:9][c:10]1[S:11][c:12]1[cH:13][cH:14][c:15]2[c:16]([CH:17]3O[CH:18]3[c:19]3[cH:20][cH:21][cH:22][cH:23][n:24]3)[n:25][nH:26][c:27]2[cH:28]1>>[CH3:1][NH:2][C:3](=[O:4])[c:5]1[cH:6][cH:7][cH:8][cH:9][c:10]1[S:11][c:12]1[cH:13][cH:14][c:15]2[c:16](/[CH:17]=[CH:18]/[c:19]3[cH:20][cH:21][cH:22][cH:23][n:24]3)[n:25][nH:26][c:27]2[cH:28]1,CNC(=O)c1ccccc1Sc1ccc2c(/[CH:1]=[CH:1]/c3ccccn3)n[nH]c2c1
CNC(=O)c1ccccc1Sc1ccc2c(/C=C/c3ccccn3)n[nH]c2c1,CNC(=O)c1ccccc1S(=O)c1ccc2c(/C=C/c3ccccn3)n[nH]c2c1,CNC(=O)c1ccccc1S(=O)c1ccc2c(/C=C/c3ccccn3)n[nH]c2c1>>CNC(=O)c1ccccc1Sc1ccc2c(/C=C/c3ccccn3)n[nH]c2c1,[CH3:1][NH:2][C:3](=[O:4])[c:5]1[cH:6][cH:7][cH:8][cH:9][c:10]1[S:11](=O)[c:12]1[cH:13][cH:14][c:15]2[c:16](/[CH:17]=[CH:18]/[c:19]3[cH:20][cH:21][cH:22][cH:23][n:24]3)[n:25][nH:26][c:27]2[cH:28]1>>[CH3:1][NH:2][C:3](=[O:4])[c:5]1[cH:6][cH:7][cH:8][cH:9][c:10]1[S:11][c:12]1[cH:13][cH:14][c:15]2[c:16](/[CH:17]=[CH:18]/[c:19]3[cH:20][cH:21][cH:22][cH:23][n:24]3)[n:25][nH:26][c:27]2[cH:28]1,CNC(=O)c1ccccc1[S:1]c1ccc2c(/C=C/c3ccccn3)n[nH]c2c1
CNC(=O)c1ccccc1Sc1ccc2c(/C=C/c3ccccn3)n[nH]c2c1,CNC(=O)c1ccccc1Sc1ccc2c(/C=C/c3cccc[n+]3[O-])n[nH]c2c1,CNC(=O)c1ccccc1Sc1ccc2c(/C=C/c3cccc[n+]3[O-])n[nH]c2c1>>CNC(=O)c1ccccc1Sc1ccc2c(/C=C/c3ccccn3)n[nH]c2c1,[CH3:1][NH:2][C:3](=[O:4])[c:5]1[cH:6][cH:7][cH:8][cH:9][c:10]1[S:11][c:12]1[cH:13][cH:14][c:15]2[c:16](/[CH:17]=[CH:18]/[c:19]3[cH:20][cH:21][cH:22][cH:23][n+:24]3[O-])[n:25][nH:26][c:27]2[cH:28]1>>[CH3:1][NH:2][C:3](=[O:4])[c:5]1[cH:6][cH:7][cH:8][cH:9][c:10]1[S:11][c:12]1[cH:13][cH:14][c:15]2[c:16](/[CH:17]=[CH:18]/[c:19]3[cH:20][cH:21][cH:22][cH:23][n:24]3)[n:25][nH:26][c:27]2[cH:28]1,CNC(=O)c1ccccc1Sc1ccc2c(/C=C/c3cccc[n:1]3)n[nH]c2c1
CNC(=O)c1ccccc1Sc1ccc2c(/C=C/c3ccccn3)n[nH]c2c1,O=C(NCO)c1ccccc1Sc1ccc2c(/C=C/c3ccccn3)n[nH]c2c1,O=C(NCO)c1ccccc1Sc1ccc2c(/C=C/c3ccccn3)n[nH]c2c1>>CNC(=O)c1ccccc1Sc1ccc2c(/C=C/c3ccccn3)n[nH]c2c1,[O:4]=[C:3]([NH:2][CH2:1]O)[c:5]1[cH:6][cH:7][cH:8][cH:9][c:10]1[S:11][c:12]1[cH:13][cH:14][c:15]2[c:16](/[CH:17]=[CH:18]/[c:19]3[cH:20][cH:21][cH:22][cH:23][n:24]3)[n:25][nH:26][c:27]2[cH:28]1>>[CH3:1][NH:2][C:3](=[O:4])[c:5]1[cH:6][cH:7][cH:8][cH:9][c:10]1[S:11][c:12]1[cH:13][cH:14][c:15]2[c:16](/[CH:17]=[CH:18]/[c:19]3[cH:20][cH:21][cH:22][cH:23][n:24]3)[n:25][nH:26][c:27]2[cH:28]1,O=C(N[CH3:1])c1ccccc1Sc1ccc2c(/C=C/c3ccccn3)n[nH]c2c1
CNCC[C@@H](Oc1ccccc1C)c1ccccc1,CNCC[C@@H](Oc1ccccc1CO)c1ccccc1,CNCC[C@@H](Oc1ccccc1CO)c1ccccc1>>CNCC[C@@H](Oc1ccccc1C)c1ccccc1,[CH3:1][NH:2][CH2:3][CH2:4][C@@H:5]([O:6][c:7]1[cH:8][cH:9][cH:10][cH:11][c:12]1[CH2:13]O)[c:14]1[cH:15][cH:16][cH:17][cH:18][cH:19]1>>[CH3:1][NH:2][CH2:3][CH2:4][C@@H:5]([O:6][c:7]1[cH:8][cH:9][cH:10][cH:11][c:12]1[CH3:13])[c:14]1[cH:15][cH:16][cH:17][cH:18][cH:19]1,CNCC[C@@H](Oc1ccccc1[CH3:1])c1ccccc1
CNCC[C@@H](Oc1ccccc1C)c1ccccc1,Cc1ccccc1O[C@H](CCN)c1ccccc1,Cc1ccccc1O[C@H](CCN)c1ccccc1>>CNCC[C@@H](Oc1ccccc1C)c1ccccc1,[CH3:13][c:12]1[cH:11][cH:10][cH:9][cH:8][c:7]1[O:6][C@H:5]([CH2:4][CH2:3][NH2:2])[c:14]1[cH:15][cH:16][cH:17][cH:18][cH:19]1>>C[NH:2][CH2:3][CH2:4][C@@H:5]([O:6][c:7]1[cH:8][cH:9][cH:10][cH:11][c:12]1[CH3:13])[c:14]1[cH:15][cH:16][cH:17][cH:18][cH:19]1,Cc1ccccc1O[C@H](CC[NH:1]C)c1ccccc1
CNCC[C@@H](Oc1ccccc1C)c1ccccc1,CNCC[C@@H](Oc1ccc(O)cc1C)c1ccccc1,CNCC[C@@H](Oc1ccc(O)cc1C)c1ccccc1>>CNCC[C@@H](Oc1ccccc1C)c1ccccc1,[CH3:1][NH:2][CH2:3][CH2:4][C@@H:5]([O:6][c:7]1[cH:8][cH:9][c:10](O)[cH:11][c:12]1[CH3:13])[c:14]1[cH:15][cH:16][cH:17][cH:18][cH:19]1>>[CH3:1][NH:2][CH2:3][CH2:4][C@@H:5]([O:6][c:7]1[cH:8][cH:9][cH:10][cH:11][c:12]1[CH3:13])[c:14]1[cH:15][cH:16][cH:17][cH:18][cH:19]1,CNCC[C@@H](Oc1cc[cH:1]cc1C)c1ccccc1
CNCc1cc(-c2ccccc2F)n(S(=O)(=O)c2cccnc2)c1,O=C(O)c1cc(-c2ccccc2F)n(S(=O)(=O)c2cccnc2)c1,O=C(O)c1cc(-c2ccccc2F)n(S(=O)(=O)c2cccnc2)c1>>CNCc1cc(-c2ccccc2F)n(S(=O)(=O)c2cccnc2)c1,O=[C:3](O)[c:4]1[cH:5][c:6](-[c:7]2[cH:8][cH:9][cH:10][cH:11][c:12]2[F:13])[n:14]([S:15](=[O:16])(=[O:17])[c:18]2[cH:19][cH:20][cH:21][n:22][cH:23]2)[cH:24]1>>CN[CH2:3][c:4]1[cH:5][c:6](-[c:7]2[cH:8][cH:9][cH:10][cH:11][c:12]2[F:13])[n:14]([S:15](=[O:16])(=[O:17])[c:18]2[cH:19][cH:20][cH:21][n:22][cH:23]2)[cH:24]1,CN[CH2:1]c1cc(-c2ccccc2F)n(S(=O)(=O)c2cccnc2)c1
CNCc1cc(-c2ccccc2F)n(S(=O)(=O)c2cccnc2)c1,NCc1cc(-c2ccccc2F)n(S(=O)(=O)c2cccnc2)c1,NCc1cc(-c2ccccc2F)n(S(=O)(=O)c2cccnc2)c1>>CNCc1cc(-c2ccccc2F)n(S(=O)(=O)c2cccnc2)c1,[NH2:2][CH2:3][c:4]1[cH:5][c:6](-[c:7]2[cH:8][cH:9][cH:10][cH:11][c:12]2[F:13])[n:14]([S:15](=[O:16])(=[O:17])[c:18]2[cH:19][cH:20][cH:21][n:22][cH:23]2)[cH:24]1>>C[NH:2][CH2:3][c:4]1[cH:5][c:6](-[c:7]2[cH:8][cH:9][cH:10][cH:11][c:12]2[F:13])[n:14]([S:15](=[O:16])(=[O:17])[c:18]2[cH:19][cH:20][cH:21][n:22][cH:23]2)[cH:24]1,C[NH:1]Cc1cc(-c2ccccc2F)n(S(=O)(=O)c2cccnc2)c1
CNCc1cc(-c2ccccc2F)n(S(=O)(=O)c2cccnc2)c1,C/[N+]([O-])=C/c1cc(-c2ccccc2F)n(S(=O)(=O)c2cccnc2)c1,C/[N+]([O-])=C/c1cc(-c2ccccc2F)n(S(=O)(=O)c2cccnc2)c1>>CNCc1cc(-c2ccccc2F)n(S(=O)(=O)c2cccnc2)c1,[CH3:1]/[N+:2]([O-])=[CH:3]/[c:4]1[cH:5][c:6](-[c:7]2[cH:8][cH:9][cH:10][cH:11][c:12]2[F:13])[n:14]([S:15](=[O:16])(=[O:17])[c:18]2[cH:19][cH:20][cH:21][n:22][cH:23]2)[cH:24]1>>[CH3:1][NH:2][CH2:3][c:4]1[cH:5][c:6](-[c:7]2[cH:8][cH:9][cH:10][cH:11][c:12]2[F:13])[n:14]([S:15](=[O:16])(=[O:17])[c:18]2[cH:19][cH:20][cH:21][n:22][cH:23]2)[cH:24]1,C[NH:1][CH2:1]c1cc(-c2ccccc2F)n(S(=O)(=O)c2cccnc2)c1
CN[C@@H](C)[C@@H](O)c1ccccc1,C[C@H](N)[C@@H](O)c1ccccc1,C[C@H](N)[C@@H](O)c1ccccc1>>CN[C@@H](C)[C@@H](O)c1ccccc1,[CH3:4][C@H:3]([NH2:2])[C@@H:5]([OH:6])[c:7]1[cH:8][cH:9][cH:10][cH:11][cH:12]1>>C[NH:2][C@@H:3]([CH3:4])[C@@H:5]([OH:6])[c:7]1[cH:8][cH:9][cH:10][cH:11][cH:12]1,C[C@@H]([C@@H](O)c1ccccc1)[NH:1]C
CN[C@@H](C)[C@H](O)c1ccccc1,C[C@H](O)[C@H](O)c1ccccc1,C[C@H](O)[C@H](O)c1ccccc1>>CN[C@@H](C)[C@H](O)c1ccccc1,[CH3:4][C@H:3](O)[C@H:5]([OH:6])[c:7]1[cH:8][cH:9][cH:10][cH:11][cH:12]1>>CN[C@@H:3]([CH3:4])[C@H:5]([OH:6])[c:7]1[cH:8][cH:9][cH:10][cH:11][cH:12]1,CN[C@@H](C)[C@H](O)c1ccccc1
CN[C@@H](C)[C@H](O)c1ccccc1,C[C@@H](N)[C@@H](O)c1ccccc1,C[C@@H](N)[C@@H](O)c1ccccc1>>CN[C@@H](C)[C@H](O)c1ccccc1,[CH3:4][C@@H:3]([NH2:2])[C@@H:5]([OH:6])[c:7]1[cH:8][cH:9][cH:10][cH:11][cH:12]1>>C[NH:2][C@@H:3]([CH3:4])[C@H:5]([OH:6])[c:7]1[cH:8][cH:9][cH:10][cH:11][cH:12]1,C[C@@H]([C@H](O)c1ccccc1)[NH:1]C
COc1c(-c2ccc3cc(NS(C)(=O)=O)ccc3c2)cc(-n2ccc(=O)[nH]c2=O)cc1C(C)(C)C,COc1c(-c2ccc3cc(NS(C)(=O)=O)ccc3c2)cc(-n2ccc(=O)[nH]c2=O)cc1C(C)(C)CO,COc1c(-c2ccc3cc(NS(C)(=O)=O)ccc3c2)cc(-n2ccc(=O)[nH]c2=O)cc1C(C)(C)CO>>COc1c(-c2ccc3cc(NS(C)(=O)=O)ccc3c2)cc(-n2ccc(=O)[nH]c2=O)cc1C(C)(C)C,[CH3:1][O:2][c:3]1[c:4](-[c:5]2[cH:6][cH:7][c:8]3[cH:9][c:10]([NH:11][S:12]([CH3:13])(=[O:14])=[O:15])[cH:16][cH:17][c:18]3[cH:19]2)[cH:20][c:21](-[n:22]2[cH:23][cH:24][c:25](=[O:26])[nH:27][c:28]2=[O:29])[cH:30][c:31]1[C:32]([CH3:33])([CH3:34])[CH2:35]O>>[CH3:1][O:2][c:3]1[c:4](-[c:5]2[cH:6][cH:7][c:8]3[cH:9][c:10]([NH:11][S:12]([CH3:13])(=[O:14])=[O:15])[cH:16][cH:17][c:18]3[cH:19]2)[cH:20][c:21](-[n:22]2[cH:23][cH:24][c:25](=[O:26])[nH:27][c:28]2=[O:29])[cH:30][c:31]1[C:32]([CH3:33])([CH3:34])[CH3:35],COc1c(-c2ccc3cc(NS(C)(=O)=O)ccc3c2)cc(-n2ccc(=O)[nH]c2=O)cc1C(C)(C)[CH3:1]
COc1cc(Cc2cnc(N)nc2N)cc(OC)c1OC,COc1cc(Cc2c[n+]([O-])c(N)nc2N)cc(OC)c1OC,COc1cc(Cc2c[n+]([O-])c(N)nc2N)cc(OC)c1OC>>COc1cc(Cc2cnc(N)nc2N)cc(OC)c1OC,[CH3:1][O:2][c:3]1[cH:4][c:5]([CH2:6][c:7]2[cH:8][n+:9]([O-])[c:10]([NH2:11])[n:12][c:13]2[NH2:14])[cH:15][c:16]([O:17][CH3:18])[c:19]1[O:20][CH3:21]>>[CH3:1][O:2][c:3]1[cH:4][c:5]([CH2:6][c:7]2[cH:8][n:9][c:10]([NH2:11])[n:12][c:13]2[NH2:14])[cH:15][c:16]([O:17][CH3:18])[c:19]1[O:20][CH3:21],COc1cc(Cc2c[n:1]c(N)nc2N)cc(OC)c1OC
COc1cc(Cc2cnc(N)nc2N)cc(OC)c1OC,COc1cc(Cc2cnc(N)nc2N)cc(OC)c1O,COc1cc(Cc2cnc(N)nc2N)cc(OC)c1O>>COc1cc(Cc2cnc(N)nc2N)cc(OC)c1OC,[CH3:1][O:2][c:3]1[cH:4][c:5]([CH2:6][c:7]2[cH:8][n:9][c:10]([NH2:11])[n:12][c:13]2[NH2:14])[cH:15][c:16]([O:17][CH3:18])[c:19]1[OH:20]>>[CH3:1][O:2][c:3]1[cH:4][c:5]([CH2:6][c:7]2[cH:8][n:9][c:10]([NH2:11])[n:12][c:13]2[NH2:14])[cH:15][c:16]([O:17][CH3:18])[c:19]1[O:20]C,COc1cc(Cc2cnc(N)nc2N)cc(OC)c1[O:1]C
COc1cc(Cc2cnc(N)nc2N)cc(OC)c1OC,COc1cc(Cc2cnc(N)[n+]([O-])c2N)cc(OC)c1OC,COc1cc(Cc2cnc(N)[n+]([O-])c2N)cc(OC)c1OC>>COc1cc(Cc2cnc(N)nc2N)cc(OC)c1OC,[CH3:1][O:2][c:3]1[cH:4][c:5]([CH2:6][c:7]2[cH:8][n:9][c:10]([NH2:11])[n+:12]([O-])[c:13]2[NH2:14])[cH:15][c:16]([O:17][CH3:18])[c:19]1[O:20][CH3:21]>>[CH3:1][O:2][c:3]1[cH:4][c:5]([CH2:6][c:7]2[cH:8][n:9][c:10]([NH2:11])[n:12][c:13]2[NH2:14])[cH:15][c:16]([O:17][CH3:18])[c:19]1[O:20][CH3:21],COc1cc(Cc2cnc(N)[n:1]c2N)cc(OC)c1OC
COc1cc(Cc2cnc(N)nc2N)cc(OC)c1OC,COc1cc(C(O)c2cnc(N)nc2N)cc(OC)c1OC,COc1cc(C(O)c2cnc(N)nc2N)cc(OC)c1OC>>COc1cc(Cc2cnc(N)nc2N)cc(OC)c1OC,[CH3:1][O:2][c:3]1[cH:4][c:5]([CH:6](O)[c:7]2[cH:8][n:9][c:10]([NH2:11])[n:12][c:13]2[NH2:14])[cH:15][c:16]([O:17][CH3:18])[c:19]1[O:20][CH3:21]>>[CH3:1][O:2][c:3]1[cH:4][c:5]([CH2:6][c:7]2[cH:8][n:9][c:10]([NH2:11])[n:12][c:13]2[NH2:14])[cH:15][c:16]([O:17][CH3:18])[c:19]1[O:20][CH3:21],COc1cc([CH2:1]c2cnc(N)nc2N)cc(OC)c1OC
COc1cc(Cc2cnc(N)nc2N)cc(OC)c1OC,COc1cc(Cc2cnc(N)nc2N)cc(O)c1OC,COc1cc(Cc2cnc(N)nc2N)cc(O)c1OC>>COc1cc(Cc2cnc(N)nc2N)cc(OC)c1OC,[CH3:1][O:2][c:3]1[cH:4][c:5]([CH2:6][c:7]2[cH:8][n:9][c:10]([NH2:11])[n:12][c:13]2[NH2:14])[cH:15][c:16]([OH:17])[c:19]1[O:20][CH3:21]>>[CH3:1][O:2][c:3]1[cH:4][c:5]([CH2:6][c:7]2[cH:8][n:9][c:10]([NH2:11])[n:12][c:13]2[NH2:14])[cH:15][c:16]([O:17]C)[c:19]1[O:20][CH3:21],COc1cc(Cc2cnc(N)nc2N)cc([O:1]C)c1OC
COc1cc2nccc(Oc3ccc(NC(=O)NC4CC4)c(Cl)c3)c2cc1C(N)=O,COc1cc2c(cc1C(N)=O)c(Oc1ccc(NC(=O)NC3CC3)c(Cl)c1)cc[n+]2[O-],COc1cc2c(cc1C(N)=O)c(Oc1ccc(NC(=O)NC3CC3)c(Cl)c1)cc[n+]2[O-]>>COc1cc2nccc(Oc3ccc(NC(=O)NC4CC4)c(Cl)c3)c2cc1C(N)=O,[CH3:1][O:2][c:3]1[cH:4][c:5]2[c:25]([cH:26][c:27]1[C:28]([NH2:29])=[O:30])[c:9]([O:10][c:11]1[cH:12][cH:13][c:14]([NH:15][C:16](=[O:17])[NH:18][CH:19]3[CH2:20][CH2:21]3)[c:22]([Cl:23])[cH:24]1)[cH:8][cH:7][n+:6]2[O-]>>[CH3:1][O:2][c:3]1[cH:4][c:5]2[n:6][cH:7][cH:8][c:9]([O:10][c:11]3[cH:12][cH:13][c:14]([NH:15][C:16](=[O:17])[NH:18][CH:19]4[CH2:20][CH2:21]4)[c:22]([Cl:23])[cH:24]3)[c:25]2[cH:26][c:27]1[C:28]([NH2:29])=[O:30],COc1cc2c(cc1C(N)=O)c(Oc1ccc(NC(=O)NC3CC3)c(Cl)c1)cc[n:1]2
COc1cc2nccc(Oc3ccc(NC(=O)NC4CC4)c(Cl)c3)c2cc1C(N)=O,NC(=O)c1cc2c(Oc3ccc(NC(=O)NC4CC4)c(Cl)c3)ccnc2cc1O,NC(=O)c1cc2c(Oc3ccc(NC(=O)NC4CC4)c(Cl)c3)ccnc2cc1O>>COc1cc2nccc(Oc3ccc(NC(=O)NC4CC4)c(Cl)c3)c2cc1C(N)=O,[NH2:29][C:28](=[O:30])[c:27]1[cH:26][c:25]2[c:9]([O:10][c:11]3[cH:12][cH:13][c:14]([NH:15][C:16](=[O:17])[NH:18][CH:19]4[CH2:20][CH2:21]4)[c:22]([Cl:23])[cH:24]3)[cH:8][cH:7][n:6][c:5]2[cH:4][c:3]1[OH:2]>>C[O:2][c:3]1[cH:4][c:5]2[n:6][cH:7][cH:8][c:9]([O:10][c:11]3[cH:12][cH:13][c:14]([NH:15][C:16](=[O:17])[NH:18][CH:19]4[CH2:20][CH2:21]4)[c:22]([Cl:23])[cH:24]3)[c:25]2[cH:26][c:27]1[C:28]([NH2:29])=[O:30],C[O:1]c1cc2nccc(Oc3ccc(NC(=O)NC4CC4)c(Cl)c3)c2cc1C(N)=O
COc1ccc(CC(C)NCC(O)c2ccc(O)c(NC=O)c2)cc1,COc1ccc(CC(C)NCC(O)c2ccc(OS(=O)(=O)O)c(NC=O)c2)cc1,COc1ccc(CC(C)NCC(O)c2ccc(OS(=O)(=O)O)c(NC=O)c2)cc1>>COc1ccc(CC(C)NCC(O)c2ccc(O)c(NC=O)c2)cc1,[CH3:1][O:2][c:3]1[cH:4][cH:5][c:6]([CH2:7][CH:8]([CH3:9])[NH:10][CH2:11][CH:12]([OH:13])[c:14]2[cH:15][cH:16][c:17]([O:18]S(=O)(=O)O)[c:19]([NH:20][CH:21]=[O:22])[cH:23]2)[cH:24][cH:25]1>>[CH3:1][O:2][c:3]1[cH:4][cH:5][c:6]([CH2:7][CH:8]([CH3:9])[NH:10][CH2:11][CH:12]([OH:13])[c:14]2[cH:15][cH:16][c:17]([OH:18])[c:19]([NH:20][CH:21]=[O:22])[cH:23]2)[cH:24][cH:25]1,COc1ccc(CC(C)NCC(O)c2ccc([OH:1])c(NC=O)c2)cc1
COc1ccc(CC(C)NCC(O)c2ccc(O)c(NC=O)c2)cc1,CC(Cc1ccc(O)cc1)NCC(O)c1ccc(O)c(NC=O)c1,CC(Cc1ccc(O)cc1)NCC(O)c1ccc(O)c(NC=O)c1>>COc1ccc(CC(C)NCC(O)c2ccc(O)c(NC=O)c2)cc1,[CH3:9][CH:8]([CH2:7][c:6]1[cH:5][cH:4][c:3]([OH:2])[cH:25][cH:24]1)[NH:10][CH2:11][CH:12]([OH:13])[c:14]1[cH:15][cH:16][c:17]([OH:18])[c:19]([NH:20][CH:21]=[O:22])[cH:23]1>>C[O:2][c:3]1[cH:4][cH:5][c:6]([CH2:7][CH:8]([CH3:9])[NH:10][CH2:11][CH:12]([OH:13])[c:14]2[cH:15][cH:16][c:17]([OH:18])[c:19]([NH:20][CH:21]=[O:22])[cH:23]2)[cH:24][cH:25]1,CC(Cc1ccc([O:1]C)cc1)NCC(O)c1ccc(O)c(NC=O)c1
COc1ccc(CC(C)NCC(O)c2ccc(O)c(NC=O)c2)cc1,COc1ccc(CC(C)NCC(O)c2ccc(O)c(N)c2)cc1,COc1ccc(CC(C)NCC(O)c2ccc(O)c(N)c2)cc1>>COc1ccc(CC(C)NCC(O)c2ccc(O)c(NC=O)c2)cc1,[CH3:1][O:2][c:3]1[cH:4][cH:5][c:6]([CH2:7][CH:8]([CH3:9])[NH:10][CH2:11][CH:12]([OH:13])[c:14]2[cH:15][cH:16][c:17]([OH:18])[c:19]([NH2:20])[cH:23]2)[cH:24][cH:25]1>>[CH3:1][O:2][c:3]1[cH:4][cH:5][c:6]([CH2:7][CH:8]([CH3:9])[NH:10][CH2:11][CH:12]([OH:13])[c:14]2[cH:15][cH:16][c:17]([OH:18])[c:19]([NH:20]C=O)[cH:23]2)[cH:24][cH:25]1,COc1ccc(CC(C)NCC(O)c2ccc(O)c([NH:1]C=O)c2)cc1
COc1ccc(CC(C)NCC(O)c2ccc(O)c(NC=O)c2)cc1,COc1ccc(CC(C)NCC(OC2O[C@H](C(=O)O)[C@@H](O)[C@H](O)[C@H]2O)c2ccc(O)c(NC=O)c2)cc1,COc1ccc(CC(C)NCC(OC2O[C@H](C(=O)O)[C@@H](O)[C@H](O)[C@H]2O)c2ccc(O)c(NC=O)c2)cc1>>COc1ccc(CC(C)NCC(O)c2ccc(O)c(NC=O)c2)cc1,[CH3:1][O:2][c:3]1[cH:4][cH:5][c:6]([CH2:7][CH:8]([CH3:9])[NH:10][CH2:11][CH:12]([O:13]C2O[C@H](C(=O)O)[C@@H](O)[C@H](O)[C@H]2O)[c:14]2[cH:15][cH:16][c:17]([OH:18])[c:19]([NH:20][CH:21]=[O:22])[cH:23]2)[cH:24][cH:25]1>>[CH3:1][O:2][c:3]1[cH:4][cH:5][c:6]([CH2:7][CH:8]([CH3:9])[NH:10][CH2:11][CH:12]([OH:13])[c:14]2[cH:15][cH:16][c:17]([OH:18])[c:19]([NH:20][CH:21]=[O:22])[cH:23]2)[cH:24][cH:25]1,COc1ccc(CC(C)NCC(c2ccc(O)c(NC=O)c2)[OH:1])cc1
COc1ccc(CC(C)NCC(O)c2ccc(O)c(NC=O)c2)cc1,COc1ccc(CC(C)NCC(O)c2ccc(OC3O[C@H](C(=O)O)[C@@H](O)[C@H](O)[C@H]3O)c(NC=O)c2)cc1,COc1ccc(CC(C)NCC(O)c2ccc(OC3O[C@H](C(=O)O)[C@@H](O)[C@H](O)[C@H]3O)c(NC=O)c2)cc1>>COc1ccc(CC(C)NCC(O)c2ccc(O)c(NC=O)c2)cc1,[CH3:1][O:2][c:3]1[cH:4][cH:5][c:6]([CH2:7][CH:8]([CH3:9])[NH:10][CH2:11][CH:12]([OH:13])[c:14]2[cH:15][cH:16][c:17]([O:18]C3O[C@H](C(=O)O)[C@@H](O)[C@H](O)[C@H]3O)[c:19]([NH:20][CH:21]=[O:22])[cH:23]2)[cH:24][cH:25]1>>[CH3:1][O:2][c:3]1[cH:4][cH:5][c:6]([CH2:7][CH:8]([CH3:9])[NH:10][CH2:11][CH:12]([OH:13])[c:14]2[cH:15][cH:16][c:17]([OH:18])[c:19]([NH:20][CH:21]=[O:22])[cH:23]2)[cH:24][cH:25]1,COc1ccc(CC(C)NCC(O)c2ccc([OH:1])c(NC=O)c2)cc1
COc1ccc(S(=O)(=O)N2Cc3[nH]c4ccccc4c3CC2C(N)=O)cc1,NC(=O)C1Cc2c([nH]c3ccccc23)CN1S(=O)(=O)c1ccc(O)cc1,NC(=O)C1Cc2c([nH]c3ccccc23)CN1S(=O)(=O)c1ccc(O)cc1>>COc1ccc(S(=O)(=O)N2Cc3[nH]c4ccccc4c3CC2C(N)=O)cc1,[NH2:24][C:23](=[O:25])[CH:22]1[CH2:21][c:20]2[c:12]([nH:13][c:14]3[cH:15][cH:16][cH:17][cH:18][c:19]23)[CH2:11][N:10]1[S:7](=[O:8])(=[O:9])[c:6]1[cH:5][cH:4][c:3]([OH:2])[cH:27][cH:26]1>>C[O:2][c:3]1[cH:4][cH:5][c:6]([S:7](=[O:8])(=[O:9])[N:10]2[CH2:11][c:12]3[nH:13][c:14]4[cH:15][cH:16][cH:17][cH:18][c:19]4[c:20]3[CH2:21][CH:22]2[C:23]([NH2:24])=[O:25])[cH:26][cH:27]1,C[O:1]c1ccc(S(=O)(=O)N2Cc3[nH]c4ccccc4c3CC2C(N)=O)cc1
COc1ccc(S(=O)(=O)N2Cc3[nH]c4ccccc4c3CC2C(N)=O)cc1,COc1ccc(S(=O)(=O)N2Cc3[nH]c4ccccc4c3CC2C(N)=O)cc1O,COc1ccc(S(=O)(=O)N2Cc3[nH]c4ccccc4c3CC2C(N)=O)cc1O>>COc1ccc(S(=O)(=O)N2Cc3[nH]c4ccccc4c3CC2C(N)=O)cc1,[CH3:1][O:2][c:3]1[cH:4][cH:5][c:6]([S:7](=[O:8])(=[O:9])[N:10]2[CH2:11][c:12]3[nH:13][c:14]4[cH:15][cH:16][cH:17][cH:18][c:19]4[c:20]3[CH2:21][CH:22]2[C:23]([NH2:24])=[O:25])[cH:26][c:27]1O>>[CH3:1][O:2][c:3]1[cH:4][cH:5][c:6]([S:7](=[O:8])(=[O:9])[N:10]2[CH2:11][c:12]3[nH:13][c:14]4[cH:15][cH:16][cH:17][cH:18][c:19]4[c:20]3[CH2:21][CH:22]2[C:23]([NH2:24])=[O:25])[cH:26][cH:27]1,COc1ccc(S(=O)(=O)N2Cc3[nH]c4ccccc4c3CC2C(N)=O)c[cH:1]1
COc1ccc(S(=O)(=O)N2Cc3[nH]c4ccccc4c3CC2C(N)=O)cc1,COc1ccc(S(=O)(=O)N2Cc3[nH]c4ccccc4c3C=C2C(N)=O)cc1,COc1ccc(S(=O)(=O)N2Cc3[nH]c4ccccc4c3C=C2C(N)=O)cc1>>COc1ccc(S(=O)(=O)N2Cc3[nH]c4ccccc4c3CC2C(N)=O)cc1,[CH3:1][O:2][c:3]1[cH:4][cH:5][c:6]([S:7](=[O:8])(=[O:9])[N:10]2[CH2:11][c:12]3[nH:13][c:14]4[cH:15][cH:16][cH:17][cH:18][c:19]4[c:20]3[CH:21]=[C:22]2[C:23]([NH2:24])=[O:25])[cH:26][cH:27]1>>[CH3:1][O:2][c:3]1[cH:4][cH:5][c:6]([S:7](=[O:8])(=[O:9])[N:10]2[CH2:11][c:12]3[nH:13][c:14]4[cH:15][cH:16][cH:17][cH:18][c:19]4[c:20]3[CH2:21][CH:22]2[C:23]([NH2:24])=[O:25])[cH:26][cH:27]1,COc1ccc(S(=O)(=O)N2Cc3[nH]c4ccccc4c3[CH2:1][CH:1]2C(N)=O)cc1
COc1ccc2ccc(=O)oc2c1CC=C(C)C,COc1ccc2c(c1CC=C(C)C)OC(O)C(CC(=O)O)=C2,COc1ccc2c(c1CC=C(C)C)OC(O)C(CC(=O)O)=C2>>COc1ccc2ccc(=O)oc2c1CC=C(C)C,[CH3:1][O:2][c:3]1[cH:4][cH:5][c:6]2[c:12]([c:13]1[CH2:14][CH:15]=[C:16]([CH3:17])[CH3:18])[O:11]C(O)[C:8](C[C:9](=[O:10])O)=[CH:7]2>>[CH3:1][O:2][c:3]1[cH:4][cH:5][c:6]2[cH:7][cH:8][c:9](=[O:10])[o:11][c:12]2[c:13]1[CH2:14][CH:15]=[C:16]([CH3:17])[CH3:18],COc1cc[c:1]2[cH:1][cH:1][c:1](=O)[o:1][c:1]2c1CC=C(C)C
COc1ccc2ccc(=O)oc2c1CC=C(C)C,CC(C)=CCc1c(O)ccc2ccc(=O)oc12,CC(C)=CCc1c(O)ccc2ccc(=O)oc12>>COc1ccc2ccc(=O)oc2c1CC=C(C)C,[CH3:17][C:16]([CH3:18])=[CH:15][CH2:14][c:13]1[c:3]([OH:2])[cH:4][cH:5][c:6]2[cH:7][cH:8][c:9](=[O:10])[o:11][c:12]12>>C[O:2][c:3]1[cH:4][cH:5][c:6]2[cH:7][cH:8][c:9](=[O:10])[o:11][c:12]2[c:13]1[CH2:14][CH:15]=[C:16]([CH3:17])[CH3:18],CC(C)=CCc1c([O:1]C)ccc2ccc(=O)oc12
COc1ccc2ccc(=O)oc2c1CC=C(C)C,COc1ccc2ccc(=O)oc2c1C/C=C(\C)CO,COc1ccc2ccc(=O)oc2c1C/C=C(\C)CO>>COc1ccc2ccc(=O)oc2c1CC=C(C)C,[CH3:1][O:2][c:3]1[cH:4][cH:5][c:6]2[cH:7][cH:8][c:9](=[O:10])[o:11][c:12]2[c:13]1[CH2:14]/[CH:15]=[C:16](\[CH3:17])[CH2:18]O>>[CH3:1][O:2][c:3]1[cH:4][cH:5][c:6]2[cH:7][cH:8][c:9](=[O:10])[o:11][c:12]2[c:13]1[CH2:14][CH:15]=[C:16]([CH3:17])[CH3:18],COc1ccc2ccc(=O)oc2c1CC=C(C)[CH3:1]
COc1ccc2ccc(=O)oc2c1CC=C(C)C,C=C(C)/C=C/c1c(OC)ccc2ccc(=O)oc12,C=C(C)/C=C/c1c(OC)ccc2ccc(=O)oc12>>COc1ccc2ccc(=O)oc2c1CC=C(C)C,[CH2:17]=[C:16]([CH3:18])/[CH:15]=[CH:14]/[c:13]1[c:3]([O:2][CH3:1])[cH:4][cH:5][c:6]2[cH:7][cH:8][c:9](=[O:10])[o:11][c:12]12>>[CH3:1][O:2][c:3]1[cH:4][cH:5][c:6]2[cH:7][cH:8][c:9](=[O:10])[o:11][c:12]2[c:13]1[CH2:14][CH:15]=[C:16]([CH3:17])[CH3:18],COc1ccc2ccc(=O)oc2c1[CH2:1][CH:1]=[C:1](C)[CH3:1]
COc1ccc2ccc(=O)oc2c1CC=C(C)C,COc1ccc2cc(O)c(=O)oc2c1CC=C(C)C,COc1ccc2cc(O)c(=O)oc2c1CC=C(C)C>>COc1ccc2ccc(=O)oc2c1CC=C(C)C,[CH3:1][O:2][c:3]1[cH:4][cH:5][c:6]2[cH:7][c:8](O)[c:9](=[O:10])[o:11][c:12]2[c:13]1[CH2:14][CH:15]=[C:16]([CH3:17])[CH3:18]>>[CH3:1][O:2][c:3]1[cH:4][cH:5][c:6]2[cH:7][cH:8][c:9](=[O:10])[o:11][c:12]2[c:13]1[CH2:14][CH:15]=[C:16]([CH3:17])[CH3:18],COc1ccc2c[cH:1]c(=O)oc2c1CC=C(C)C
COc1ccccc1Oc1c(NS(=O)(=O)c2ccc(C(C)(C)C)cc2)nc(-c2ncccn2)nc1OCCO,COc1ccccc1Oc1c(NS(=O)(=O)c2ccc(C(C)(C)CO)cc2)nc(-c2ncccn2)nc1OCCO,COc1ccccc1Oc1c(NS(=O)(=O)c2ccc(C(C)(C)CO)cc2)nc(-c2ncccn2)nc1OCCO>>COc1ccccc1Oc1c(NS(=O)(=O)c2ccc(C(C)(C)C)cc2)nc(-c2ncccn2)nc1OCCO,[CH3:1][O:2][c:3]1[cH:4][cH:5][cH:6][cH:7][c:8]1[O:9][c:10]1[c:11]([NH:12][S:13](=[O:14])(=[O:15])[c:16]2[cH:17][cH:18][c:19]([C:20]([CH3:21])([CH3:22])[CH2:23]O)[cH:24][cH:25]2)[n:26][c:27](-[c:28]2[n:29][cH:30][cH:31][cH:32][n:33]2)[n:34][c:35]1[O:36][CH2:37][CH2:38][OH:39]>>[CH3:1][O:2][c:3]1[cH:4][cH:5][cH:6][cH:7][c:8]1[O:9][c:10]1[c:11]([NH:12][S:13](=[O:14])(=[O:15])[c:16]2[cH:17][cH:18][c:19]([C:20]([CH3:21])([CH3:22])[CH3:23])[cH:24][cH:25]2)[n:26][c:27](-[c:28]2[n:29][cH:30][cH:31][cH:32][n:33]2)[n:34][c:35]1[O:36][CH2:37][CH2:38][OH:39],COc1ccccc1Oc1c(NS(=O)(=O)c2ccc(C(C)(C)[CH3:1])cc2)nc(-c2ncccn2)nc1OCCO
COc1ccccc1Oc1c(NS(=O)(=O)c2ccc(C(C)(C)C)cc2)nc(-c2ncccn2)nc1OCCO,CC(C)(C)c1ccc(S(=O)(=O)Nc2nc(-c3ncccn3)nc(OCCO)c2Oc2ccccc2O)cc1,CC(C)(C)c1ccc(S(=O)(=O)Nc2nc(-c3ncccn3)nc(OCCO)c2Oc2ccccc2O)cc1>>COc1ccccc1Oc1c(NS(=O)(=O)c2ccc(C(C)(C)C)cc2)nc(-c2ncccn2)nc1OCCO,[CH3:21][C:20]([CH3:22])([CH3:23])[c:19]1[cH:18][cH:17][c:16]([S:13](=[O:14])(=[O:15])[NH:12][c:11]2[n:26][c:27](-[c:28]3[n:29][cH:30][cH:31][cH:32][n:33]3)[n:34][c:35]([O:36][CH2:37][CH2:38][OH:39])[c:10]2[O:9][c:8]2[cH:7][cH:6][cH:5][cH:4][c:3]2[OH:2])[cH:25][cH:24]1>>C[O:2][c:3]1[cH:4][cH:5][cH:6][cH:7][c:8]1[O:9][c:10]1[c:11]([NH:12][S:13](=[O:14])(=[O:15])[c:16]2[cH:17][cH:18][c:19]([C:20]([CH3:21])([CH3:22])[CH3:23])[cH:24][cH:25]2)[n:26][c:27](-[c:28]2[n:29][cH:30][cH:31][cH:32][n:33]2)[n:34][c:35]1[O:36][CH2:37][CH2:38][OH:39],CC(C)(C)c1ccc(S(=O)(=O)Nc2nc(-c3ncccn3)nc(OCCO)c2Oc2ccccc2[O:1]C)cc1
CS(=O)(=O)CCNCc1ccc(-c2ccc3ncnc(Nc4ccc(OCc5cccc(F)c5)c(Cl)c4)c3c2)o1,NCc1ccc(-c2ccc3ncnc(Nc4ccc(OCc5cccc(F)c5)c(Cl)c4)c3c2)o1,NCc1ccc(-c2ccc3ncnc(Nc4ccc(OCc5cccc(F)c5)c(Cl)c4)c3c2)o1>>CS(=O)(=O)CCNCc1ccc(-c2ccc3ncnc(Nc4ccc(OCc5cccc(F)c5)c(Cl)c4)c3c2)o1,[NH2:7][CH2:8][c:9]1[cH:10][cH:11][c:12](-[c:13]2[cH:14][cH:15][c:16]3[n:17][cH:18][n:19][c:20]([NH:21][c:22]4[cH:23][cH:24][c:25]([O:26][CH2:27][c:28]5[cH:29][cH:30][cH:31][c:32]([F:33])[cH:34]5)[c:35]([Cl:36])[cH:37]4)[c:38]3[cH:39]2)[o:40]1>>CS(=O)(=O)CC[NH:7][CH2:8][c:9]1[cH:10][cH:11][c:12](-[c:13]2[cH:14][cH:15][c:16]3[n:17][cH:18][n:19][c:20]([NH:21][c:22]4[cH:23][cH:24][c:25]([O:26][CH2:27][c:28]5[cH:29][cH:30][cH:31][c:32]([F:33])[cH:34]5)[c:35]([Cl:36])[cH:37]4)[c:38]3[cH:39]2)[o:40]1,CS(=O)(=O)CC[NH:1]Cc1ccc(-c2ccc3ncnc(Nc4ccc(OCc5cccc(F)c5)c(Cl)c4)c3c2)o1
CS(=O)(=O)CCNCc1ccc(-c2ccc3ncnc(Nc4ccc(OCc5cccc(F)c5)c(Cl)c4)c3c2)o1,CS(=O)(=O)CCNCc1ccc(-c2ccc3ncnc(Nc4ccc(O)c(Cl)c4)c3c2)o1,CS(=O)(=O)CCNCc1ccc(-c2ccc3ncnc(Nc4ccc(O)c(Cl)c4)c3c2)o1>>CS(=O)(=O)CCNCc1ccc(-c2ccc3ncnc(Nc4ccc(OCc5cccc(F)c5)c(Cl)c4)c3c2)o1,[CH3:1][S:2](=[O:3])(=[O:4])[CH2:5][CH2:6][NH:7][CH2:8][c:9]1[cH:10][cH:11][c:12](-[c:13]2[cH:14][cH:15][c:16]3[n:17][cH:18][n:19][c:20]([NH:21][c:22]4[cH:23][cH:24][c:25]([OH:26])[c:35]([Cl:36])[cH:37]4)[c:38]3[cH:39]2)[o:40]1>>[CH3:1][S:2](=[O:3])(=[O:4])[CH2:5][CH2:6][NH:7][CH2:8][c:9]1[cH:10][cH:11][c:12](-[c:13]2[cH:14][cH:15][c:16]3[n:17][cH:18][n:19][c:20]([NH:21][c:22]4[cH:23][cH:24][c:25]([O:26]Cc5cccc(F)c5)[c:35]([Cl:36])[cH:37]4)[c:38]3[cH:39]2)[o:40]1,CS(=O)(=O)CCNCc1ccc(-c2ccc3ncnc(Nc4ccc([O:1]Cc5cccc(F)c5)c(Cl)c4)c3c2)o1
CS(=O)(=O)CCNCc1ccc(-c2ccc3ncnc(Nc4ccc(OCc5cccc(F)c5)c(Cl)c4)c3c2)o1,CS(=O)(=O)CCN(O)Cc1ccc(-c2ccc3ncnc(Nc4ccc(OCc5cccc(F)c5)c(Cl)c4)c3c2)o1,CS(=O)(=O)CCN(O)Cc1ccc(-c2ccc3ncnc(Nc4ccc(OCc5cccc(F)c5)c(Cl)c4)c3c2)o1>>CS(=O)(=O)CCNCc1ccc(-c2ccc3ncnc(Nc4ccc(OCc5cccc(F)c5)c(Cl)c4)c3c2)o1,[CH3:1][S:2](=[O:3])(=[O:4])[CH2:5][CH2:6][N:7](O)[CH2:8][c:9]1[cH:10][cH:11][c:12](-[c:13]2[cH:14][cH:15][c:16]3[n:17][cH:18][n:19][c:20]([NH:21][c:22]4[cH:23][cH:24][c:25]([O:26][CH2:27][c:28]5[cH:29][cH:30][cH:31][c:32]([F:33])[cH:34]5)[c:35]([Cl:36])[cH:37]4)[c:38]3[cH:39]2)[o:40]1>>[CH3:1][S:2](=[O:3])(=[O:4])[CH2:5][CH2:6][NH:7][CH2:8][c:9]1[cH:10][cH:11][c:12](-[c:13]2[cH:14][cH:15][c:16]3[n:17][cH:18][n:19][c:20]([NH:21][c:22]4[cH:23][cH:24][c:25]([O:26][CH2:27][c:28]5[cH:29][cH:30][cH:31][c:32]([F:33])[cH:34]5)[c:35]([Cl:36])[cH:37]4)[c:38]3[cH:39]2)[o:40]1,CS(=O)(=O)CC[NH:1]Cc1ccc(-c2ccc3ncnc(Nc4ccc(OCc5cccc(F)c5)c(Cl)c4)c3c2)o1
C[C@@H](Oc1cc(-c2cnn(C3CCNCC3)c2)cnc1N)c1c(Cl)ccc(F)c1Cl,Nc1ncc(-c2cnn(C3CCNCC3)c2)cc1O,Nc1ncc(-c2cnn(C3CCNCC3)c2)cc1O>>C[C@@H](Oc1cc(-c2cnn(C3CCNCC3)c2)cnc1N)c1c(Cl)ccc(F)c1Cl,[NH2:21][c:20]1[n:19][cH:18][c:6](-[c:7]2[cH:8][n:9][n:10]([CH:11]3[CH2:12][CH2:13][NH:14][CH2:15][CH2:16]3)[cH:17]2)[cH:5][c:4]1[OH:3]>>C[C@@H]([O:3][c:4]1[cH:5][c:6](-[c:7]2[cH:8][n:9][n:10]([CH:11]3[CH2:12][CH2:13][NH:14][CH2:15][CH2:16]3)[cH:17]2)[cH:18][n:19][c:20]1[NH2:21])c1c(Cl)ccc(F)c1Cl,C[C@H](c1c(Cl)ccc(F)c1Cl)[O:1]c1cc(-c2cnn(C3CCNCC3)c2)cnc1N
C[C@@H]1CC[C@H]2[C@@H](C)[C@H](OC(=O)CCC(=O)O)O[C@@H]3O[C@@]4(C)CC[C@@H]1[C@@]23OO4,C[C@H]1C2CC[C@H](C)[C@H]3CCC4(C)OO[C@]23[C@@H](O[C@H]1O)O4,C[C@H]1C2CC[C@H](C)[C@H]3CCC4(C)OO[C@]23[C@@H](O[C@H]1O)O4>>C[C@@H]1CC[C@H]2[C@@H](C)[C@H](OC(=O)CCC(=O)O)O[C@@H]3O[C@@]4(C)CC[C@@H]1[C@@]23OO4,[CH3:7][C@H:6]1[CH:5]2[CH2:4][CH2:3][C@H:2]([CH3:1])[C@H:24]3[CH2:23][CH2:22][C:20]4([CH3:21])[O:27][O:26][C@:25]23[C@@H:18]([O:17][C@H:8]1[OH:9])[O:19]4>>[CH3:1][C@@H:2]1[CH2:3][CH2:4][C@H:5]2[C@@H:6]([CH3:7])[C@H:8]([O:9]C(=O)CCC(=O)O)[O:17][C@@H:18]3[O:19][C@@:20]4([CH3:21])[CH2:22][CH2:23][C@@H:24]1[C@@:25]23[O:26][O:27]4,C[C@@H]1CC[C@H]2[C@@H](C)[C@H]([O:1]C(=O)CCC(=O)O)O[C@@H]3O[C@@]4(C)CC[C@@H]1[C@]32OO4
C[C@H](NC(C)(C)C)C(=O)c1cccc(Cl)c1,CC(C)(C)N[C@H](CO)C(=O)c1cccc(Cl)c1,CC(C)(C)N[C@H](CO)C(=O)c1cccc(Cl)c1>>C[C@H](NC(C)(C)C)C(=O)c1cccc(Cl)c1,[CH3:5][C:4]([CH3:6])([CH3:7])[NH:3][C@H:2]([CH2:1]O)[C:8](=[O:9])[c:10]1[cH:11][cH:12][cH:13][c:14]([Cl:15])[cH:16]1>>[CH3:1][C@H:2]([NH:3][C:4]([CH3:5])([CH3:6])[CH3:7])[C:8](=[O:9])[c:10]1[cH:11][cH:12][cH:13][c:14]([Cl:15])[cH:16]1,CC(C)(C)N[C@H](C(=O)c1cccc(Cl)c1)[CH3:1]
C[C@H](NC(C)(C)C)C(=O)c1cccc(Cl)c1,C[C@H](NC(C)(C)C)C(=O)c1ccc(O)c(Cl)c1,C[C@H](NC(C)(C)C)C(=O)c1ccc(O)c(Cl)c1>>C[C@H](NC(C)(C)C)C(=O)c1cccc(Cl)c1,[CH3:1][C@H:2]([NH:3][C:4]([CH3:5])([CH3:6])[CH3:7])[C:8](=[O:9])[c:10]1[cH:11][cH:12][c:13](O)[c:14]([Cl:15])[cH:16]1>>[CH3:1][C@H:2]([NH:3][C:4]([CH3:5])([CH3:6])[CH3:7])[C:8](=[O:9])[c:10]1[cH:11][cH:12][cH:13][c:14]([Cl:15])[cH:16]1,C[C@H](NC(C)(C)C)C(=O)c1cc[cH:1]c(Cl)c1
C[C@H](NC(C)(C)C)C(=O)c1cccc(Cl)c1,C[C@@H](NC(C)(C)CO)C(=O)c1cccc(Cl)c1,C[C@@H](NC(C)(C)CO)C(=O)c1cccc(Cl)c1>>C[C@H](NC(C)(C)C)C(=O)c1cccc(Cl)c1,[CH3:1][C@@H:2]([NH:3][C:4]([CH3:5])([CH3:6])[CH2:7]O)[C:8](=[O:9])[c:10]1[cH:11][cH:12][cH:13][c:14]([Cl:15])[cH:16]1>>[CH3:1][C@H:2]([NH:3][C:4]([CH3:5])([CH3:6])[CH3:7])[C:8](=[O:9])[c:10]1[cH:11][cH:12][cH:13][c:14]([Cl:15])[cH:16]1,C[C@H](NC(C)(C)[CH3:1])C(=O)c1cccc(Cl)c1
C[C@H](NC(C)(C)C)C(=O)c1cccc(Cl)c1,C[C@@H](NC(C)(C)C)C(=O)c1cc(O)cc(Cl)c1,C[C@@H](NC(C)(C)C)C(=O)c1cc(O)cc(Cl)c1>>C[C@H](NC(C)(C)C)C(=O)c1cccc(Cl)c1,[CH3:1][C@@H:2]([NH:3][C:4]([CH3:5])([CH3:6])[CH3:7])[C:8](=[O:9])[c:10]1[cH:11][c:12](O)[cH:13][c:14]([Cl:15])[cH:16]1>>[CH3:1][C@H:2]([NH:3][C:4]([CH3:5])([CH3:6])[CH3:7])[C:8](=[O:9])[c:10]1[cH:11][cH:12][cH:13][c:14]([Cl:15])[cH:16]1,C[C@H](NC(C)(C)C)C(=O)c1cc(Cl)c[cH:1]c1
C[C@H](NC(C)(C)C)C(=O)c1cccc(Cl)c1,CC(NC(C)(C)CO)C(=O)c1cccc(Cl)c1,CC(NC(C)(C)CO)C(=O)c1cccc(Cl)c1>>C[C@H](NC(C)(C)C)C(=O)c1cccc(Cl)c1,[CH3:1][CH:2]([NH:3][C:4]([CH3:5])([CH3:6])[CH2:7]O)[C:8](=[O:9])[c:10]1[cH:11][cH:12][cH:13][c:14]([Cl:15])[cH:16]1>>[CH3:1][C@H:2]([NH:3][C:4]([CH3:5])([CH3:6])[CH3:7])[C:8](=[O:9])[c:10]1[cH:11][cH:12][cH:13][c:14]([Cl:15])[cH:16]1,C[C@H](NC(C)(C)[CH3:1])C(=O)c1cccc(Cl)c1
C[C@H](NC(C)(C)C)C(=O)c1cccc(Cl)c1,C[C@@H]1NC(C)(C)CO[C@]1(O)c1cccc(Cl)c1,C[C@@H]1NC(C)(C)CO[C@]1(O)c1cccc(Cl)c1>>C[C@H](NC(C)(C)C)C(=O)c1cccc(Cl)c1,[CH3:1][C@@H:2]1[NH:3][C:4]([CH3:5])([CH3:6])[CH2:7]O[C@:8]1([OH:9])[c:10]1[cH:11][cH:12][cH:13][c:14]([Cl:15])[cH:16]1>>[CH3:1][C@H:2]([NH:3][C:4]([CH3:5])([CH3:6])[CH3:7])[C:8](=[O:9])[c:10]1[cH:11][cH:12][cH:13][c:14]([Cl:15])[cH:16]1,C[C@H](NC(C)(C)[CH3:1])[C:1](c1cccc(Cl)c1)=[O:1]
C[C@H]1CNCCCN1S(=O)(=O)c1cccc2cncc(F)c12,C[C@H]1C[N+]([O-])=CCCN1S(=O)(=O)c1cccc2cncc(F)c12,C[C@H]1C[N+]([O-])=CCCN1S(=O)(=O)c1cccc2cncc(F)c12>>C[C@H]1CNCCCN1S(=O)(=O)c1cccc2cncc(F)c12,[CH3:1][C@H:2]1[CH2:3][N+:4]([O-])=[CH:5][CH2:6][CH2:7][N:8]1[S:9](=[O:10])(=[O:11])[c:12]1[cH:13][cH:14][cH:15][c:16]2[cH:17][n:18][cH:19][c:20]([F:21])[c:22]12>>[CH3:1][C@H:2]1[CH2:3][NH:4][CH2:5][CH2:6][CH2:7][N:8]1[S:9](=[O:10])(=[O:11])[c:12]1[cH:13][cH:14][cH:15][c:16]2[cH:17][n:18][cH:19][c:20]([F:21])[c:22]12,C[C@H]1C[NH:1][CH2:1]CCN1S(=O)(=O)c1cccc2cncc(F)c12
C[C@H]1CNCCCN1S(=O)(=O)c1cccc2cncc(F)c12,C[C@H]1CNC(=O)CCN1S(=O)(=O)c1cccc2cncc(F)c12,C[C@H]1CNC(=O)CCN1S(=O)(=O)c1cccc2cncc(F)c12>>C[C@H]1CNCCCN1S(=O)(=O)c1cccc2cncc(F)c12,[CH3:1][C@H:2]1[CH2:3][NH:4][C:5](=O)[CH2:6][CH2:7][N:8]1[S:9](=[O:10])(=[O:11])[c:12]1[cH:13][cH:14][cH:15][c:16]2[cH:17][n:18][cH:19][c:20]([F:21])[c:22]12>>[CH3:1][C@H:2]1[CH2:3][NH:4][CH2:5][CH2:6][CH2:7][N:8]1[S:9](=[O:10])(=[O:11])[c:12]1[cH:13][cH:14][cH:15][c:16]2[cH:17][n:18][cH:19][c:20]([F:21])[c:22]12,C[C@H]1CN[CH2:1]CCN1S(=O)(=O)c1cccc2cncc(F)c12
C[C@H]1COc2c(N3CCN(C)CC3)c(F)cc3c(=O)c(C(=O)O)cn1c23,C[C@H]1COc2c(N3CCNCC3)c(F)cc3c(=O)c(C(=O)O)cn1c23,C[C@H]1COc2c(N3CCNCC3)c(F)cc3c(=O)c(C(=O)O)cn1c23>>C[C@H]1COc2c(N3CCN(C)CC3)c(F)cc3c(=O)c(C(=O)O)cn1c23,[CH3:1][C@H:2]1[CH2:3][O:4][c:5]2[c:6]([N:7]3[CH2:8][CH2:9][NH:10][CH2:12][CH2:13]3)[c:14]([F:15])[cH:16][c:17]3[c:18](=[O:19])[c:20]([C:21](=[O:22])[OH:23])[cH:24][n:25]1[c:26]23>>[CH3:1][C@H:2]1[CH2:3][O:4][c:5]2[c:6]([N:7]3[CH2:8][CH2:9][N:10](C)[CH2:12][CH2:13]3)[c:14]([F:15])[cH:16][c:17]3[c:18](=[O:19])[c:20]([C:21](=[O:22])[OH:23])[cH:24][n:25]1[c:26]23,C[C@H]1COc2c(N3CC[N:1](C)CC3)c(F)cc3c(=O)c(C(=O)O)cn1c23
C[C@H]1COc2c(N3CCN(C)CC3)c(F)cc3c(=O)c(C(=O)O)cn1c23,C[C@H]1COc2c(N3CC[N+](C)([O-])CC3)c(F)cc3c(=O)c(C(=O)O)cn1c23,C[C@H]1COc2c(N3CC[N+](C)([O-])CC3)c(F)cc3c(=O)c(C(=O)O)cn1c23>>C[C@H]1COc2c(N3CCN(C)CC3)c(F)cc3c(=O)c(C(=O)O)cn1c23,[CH3:1][C@H:2]1[CH2:3][O:4][c:5]2[c:6]([N:7]3[CH2:8][CH2:9][N+:10]([CH3:11])([O-])[CH2:12][CH2:13]3)[c:14]([F:15])[cH:16][c:17]3[c:18](=[O:19])[c:20]([C:21](=[O:22])[OH:23])[cH:24][n:25]1[c:26]23>>[CH3:1][C@H:2]1[CH2:3][O:4][c:5]2[c:6]([N:7]3[CH2:8][CH2:9][N:10]([CH3:11])[CH2:12][CH2:13]3)[c:14]([F:15])[cH:16][c:17]3[c:18](=[O:19])[c:20]([C:21](=[O:22])[OH:23])[cH:24][n:25]1[c:26]23,C[C@H]1COc2c(N3CC[N:1](C)CC3)c(F)cc3c(=O)c(C(=O)O)cn1c23
C[C@H]1C[C@H]2[C@@H]3CCC4=CC(=O)C=C[C@]4(C)[C@@]3(F)[C@@H](O)C[C@]2(C)[C@@]1(O)C(=O)COP(=O)(O)O,C[C@H]1C[C@H]2[C@@H]3CCC4=CC(=O)C=C[C@]4(C)[C@@]3(F)[C@@H](O)C[C@]2(C)[C@@]1(O)C(=O)CO,C[C@H]1C[C@H]2[C@@H]3CCC4=CC(=O)C=C[C@]4(C)[C@@]3(F)[C@@H](O)C[C@]2(C)[C@@]1(O)C(=O)CO>>C[C@H]1C[C@H]2[C@@H]3CCC4=CC(=O)C=C[C@]4(C)[C@@]3(F)[C@@H](O)C[C@]2(C)[C@@]1(O)C(=O)COP(=O)(O)O,[CH3:1][C@H:2]1[CH2:3][C@H:4]2[C@@H:5]3[CH2:6][CH2:7][C:8]4=[CH:9][C:10](=[O:11])[CH:12]=[CH:13][C@:14]4([CH3:15])[C@@:16]3([F:17])[C@@H:18]([OH:19])[CH2:20][C@:21]2([CH3:22])[C@@:23]1([OH:24])[C:25](=[O:26])[CH2:27][OH:28]>>[CH3:1][C@H:2]1[CH2:3][C@H:4]2[C@@H:5]3[CH2:6][CH2:7][C:8]4=[CH:9][C:10](=[O:11])[CH:12]=[CH:13][C@:14]4([CH3:15])[C@@:16]3([F:17])[C@@H:18]([OH:19])[CH2:20][C@:21]2([CH3:22])[C@@:23]1([OH:24])[C:25](=[O:26])[CH2:27][O:28]P(=O)(O)O,C[C@H]1C[C@H]2[C@@H]3CCC4=CC(=O)C=C[C@]4(C)[C@@]3(F)[C@@H](O)C[C@]2(C)[C@@]1(O)C(=O)C[O:1]P(=O)(O)O
C[C@]12C=CC(=O)C(Cl)=C1CC[C@H]1[C@H]2CC[C@]2(C)[C@@H]1CC[C@]2(C)O,C[C@]1(O)CC[C@@H]2[C@H]3CCC4=C(Cl)C(=O)C=C[C@]4(C)[C@@H]3[C@@H](O)C[C@]21C,C[C@]1(O)CC[C@@H]2[C@H]3CCC4=C(Cl)C(=O)C=C[C@]4(C)[C@@H]3[C@@H](O)C[C@]21C>>C[C@]12C=CC(=O)C(Cl)=C1CC[C@H]1[C@H]2CC[C@]2(C)[C@@H]1CC[C@]2(C)O,[CH3:22][C@:21]1([OH:23])[CH2:20][CH2:19][C@@H:18]2[C@H:12]3[CH2:11][CH2:10][C:9]4=[C:7]([Cl:8])[C:5](=[O:6])[CH:4]=[CH:3][C@:2]4([CH3:1])[C@@H:13]3[C@@H:14](O)[CH2:15][C@@:16]12[CH3:17]>>[CH3:1][C@:2]12[CH:3]=[CH:4][C:5](=[O:6])[C:7]([Cl:8])=[C:9]1[CH2:10][CH2:11][C@H:12]1[C@H:13]2[CH2:14][CH2:15][C@:16]2([CH3:17])[C@@H:18]1[CH2:19][CH2:20][C@:21]2([CH3:22])[OH:23],C[C@]12C=CC(=O)C(Cl)=C1CC[C@@H]1[C@H]3CC[C@](C)(O)[C@]3(C)C[CH2:1][C@H]12
Cc1cc(N2CCN([C@H]3CN[C@H](C(=O)N4CCSC4)C3)CC2)n(-c2ccccc2)n1,Cc1cc(N2CCN([C@H]3CN[C@H](C(=O)N4CCS(=O)C4)C3)CC2)n(-c2ccccc2)n1,Cc1cc(N2CCN([C@H]3CN[C@H](C(=O)N4CCS(=O)C4)C3)CC2)n(-c2ccccc2)n1>>Cc1cc(N2CCN([C@H]3CN[C@H](C(=O)N4CCSC4)C3)CC2)n(-c2ccccc2)n1,[CH3:1][c:2]1[cH:3][c:4]([N:5]2[CH2:6][CH2:7][N:8]([C@H:9]3[CH2:10][NH:11][C@H:12]([C:13](=[O:14])[N:15]4[CH2:16][CH2:17][S:18](=O)[CH2:19]4)[CH2:20]3)[CH2:21][CH2:22]2)[n:23](-[c:24]2[cH:25][cH:26][cH:27][cH:28][cH:29]2)[n:30]1>>[CH3:1][c:2]1[cH:3][c:4]([N:5]2[CH2:6][CH2:7][N:8]([C@H:9]3[CH2:10][NH:11][C@H:12]([C:13](=[O:14])[N:15]4[CH2:16][CH2:17][S:18][CH2:19]4)[CH2:20]3)[CH2:21][CH2:22]2)[n:23](-[c:24]2[cH:25][cH:26][cH:27][cH:28][cH:29]2)[n:30]1,Cc1cc(N2CCN([C@H]3CN[C@H](C(=O)N4CC[S:1]C4)C3)CC2)n(-c2ccccc2)n1
Cc1cc(N2CCN([C@H]3CN[C@H](C(=O)N4CCSC4)C3)CC2)n(-c2ccccc2)n1,O=C([C@@H]1C[C@@H](N2CCN(c3cc(CO)nn3-c3ccccc3)CC2)CN1)N1CCSC1,O=C([C@@H]1C[C@@H](N2CCN(c3cc(CO)nn3-c3ccccc3)CC2)CN1)N1CCSC1>>Cc1cc(N2CCN([C@H]3CN[C@H](C(=O)N4CCSC4)C3)CC2)n(-c2ccccc2)n1,[O:14]=[C:13]([C@@H:12]1[CH2:20][C@@H:9]([N:8]2[CH2:7][CH2:6][N:5]([c:4]3[cH:3][c:2]([CH2:1]O)[n:30][n:23]3-[c:24]3[cH:25][cH:26][cH:27][cH:28][cH:29]3)[CH2:22][CH2:21]2)[CH2:10][NH:11]1)[N:15]1[CH2:16][CH2:17][S:18][CH2:19]1>>[CH3:1][c:2]1[cH:3][c:4]([N:5]2[CH2:6][CH2:7][N:8]([C@H:9]3[CH2:10][NH:11][C@H:12]([C:13](=[O:14])[N:15]4[CH2:16][CH2:17][S:18][CH2:19]4)[CH2:20]3)[CH2:21][CH2:22]2)[n:23](-[c:24]2[cH:25][cH:26][cH:27][cH:28][cH:29]2)[n:30]1,O=C([C@@H]1C[C@@H](N2CCN(c3cc([CH3:1])nn3-c3ccccc3)CC2)CN1)N1CCSC1
Cc1cc(N2CCN([C@H]3CN[C@H](C(=O)N4CCSC4)C3)CC2)n(-c2ccccc2)n1,Cc1cc(N2CCN([C@H]3CN[C@H](C(=O)O)C3)CC2)n(-c2ccccc2)n1,Cc1cc(N2CCN([C@H]3CN[C@H](C(=O)O)C3)CC2)n(-c2ccccc2)n1>>Cc1cc(N2CCN([C@H]3CN[C@H](C(=O)N4CCSC4)C3)CC2)n(-c2ccccc2)n1,[CH3:1][c:2]1[cH:3][c:4]([N:5]2[CH2:6][CH2:7][N:8]([C@H:9]3[CH2:10][NH:11][C@H:12]([C:13](=[O:14])O)[CH2:20]3)[CH2:21][CH2:22]2)[n:23](-[c:24]2[cH:25][cH:26][cH:27][cH:28][cH:29]2)[n:30]1>>[CH3:1][c:2]1[cH:3][c:4]([N:5]2[CH2:6][CH2:7][N:8]([C@H:9]3[CH2:10][NH:11][C@H:12]([C:13](=[O:14])N4CCSC4)[CH2:20]3)[CH2:21][CH2:22]2)[n:23](-[c:24]2[cH:25][cH:26][cH:27][cH:28][cH:29]2)[n:30]1,Cc1cc(N2CCN([C@H]3CN[C@H](C(=O)N4CCSC4)C3)CC2)n(-c2ccccc2)n1
Cc1cc2c(s1)Nc1ccccc1N=C2N1CCN(C)CC1,Cc1cc2c(s1)Nc1ccc(O)cc1N=C2N1CCN(C)CC1,Cc1cc2c(s1)Nc1ccc(O)cc1N=C2N1CCN(C)CC1>>Cc1cc2c(s1)Nc1ccccc1N=C2N1CCN(C)CC1,[CH3:1][c:2]1[cH:3][c:4]2[c:5]([s:6]1)[NH:7][c:8]1[cH:9][cH:10][c:11](O)[cH:12][c:13]1[N:14]=[C:15]2[N:16]1[CH2:17][CH2:18][N:19]([CH3:20])[CH2:21][CH2:22]1>>[CH3:1][c:2]1[cH:3][c:4]2[c:5]([s:6]1)[NH:7][c:8]1[cH:9][cH:10][cH:11][cH:12][c:13]1[N:14]=[C:15]2[N:16]1[CH2:17][CH2:18][N:19]([CH3:20])[CH2:21][CH2:22]1,Cc1cc2c(s1)Nc1cc[cH:1]cc1N=C2N1CCN(C)CC1
Cc1cc2c(s1)Nc1ccccc1N=C2N1CCN(C)CC1,Cc1cc2c(s1)Nc1ccccc1N=C2N1CCNCC1,Cc1cc2c(s1)Nc1ccccc1N=C2N1CCNCC1>>Cc1cc2c(s1)Nc1ccccc1N=C2N1CCN(C)CC1,[CH3:1][c:2]1[cH:3][c:4]2[c:5]([s:6]1)[NH:7][c:8]1[cH:9][cH:10][cH:11][cH:12][c:13]1[N:14]=[C:15]2[N:16]1[CH2:17][CH2:18][NH:19][CH2:21][CH2:22]1>>[CH3:1][c:2]1[cH:3][c:4]2[c:5]([s:6]1)[NH:7][c:8]1[cH:9][cH:10][cH:11][cH:12][c:13]1[N:14]=[C:15]2[N:16]1[CH2:17][CH2:18][N:19](C)[CH2:21][CH2:22]1,Cc1cc2c(s1)Nc1ccccc1N=C2N1CC[N:1](C)CC1
Cc1cc2c(s1)Nc1ccccc1N=C2N1CCN(C)CC1,CN1CCN(C2=Nc3ccccc3Nc3sc(CO)cc32)CC1,CN1CCN(C2=Nc3ccccc3Nc3sc(CO)cc32)CC1>>Cc1cc2c(s1)Nc1ccccc1N=C2N1CCN(C)CC1,[CH3:20][N:19]1[CH2:18][CH2:17][N:16]([C:15]2=[N:14][c:13]3[cH:12][cH:11][cH:10][cH:9][c:8]3[NH:7][c:5]3[s:6][c:2]([CH2:1]O)[cH:3][c:4]32)[CH2:22][CH2:21]1>>[CH3:1][c:2]1[cH:3][c:4]2[c:5]([s:6]1)[NH:7][c:8]1[cH:9][cH:10][cH:11][cH:12][c:13]1[N:14]=[C:15]2[N:16]1[CH2:17][CH2:18][N:19]([CH3:20])[CH2:21][CH2:22]1,CN1CCN(C2=Nc3ccccc3Nc3sc([CH3:1])cc32)CC1
Cc1cc2c(s1)Nc1ccccc1N=C2N1CCN(C)CC1,Cc1cc2c(s1)Nc1ccccc1N=C2N1CC[N+](C)([O-])CC1,Cc1cc2c(s1)Nc1ccccc1N=C2N1CC[N+](C)([O-])CC1>>Cc1cc2c(s1)Nc1ccccc1N=C2N1CCN(C)CC1,[CH3:1][c:2]1[cH:3][c:4]2[c:5]([s:6]1)[NH:7][c:8]1[cH:9][cH:10][cH:11][cH:12][c:13]1[N:14]=[C:15]2[N:16]1[CH2:17][CH2:18][N+:19]([CH3:20])([O-])[CH2:21][CH2:22]1>>[CH3:1][c:2]1[cH:3][c:4]2[c:5]([s:6]1)[NH:7][c:8]1[cH:9][cH:10][cH:11][cH:12][c:13]1[N:14]=[C:15]2[N:16]1[CH2:17][CH2:18][N:19]([CH3:20])[CH2:21][CH2:22]1,Cc1cc2c(s1)Nc1ccccc1N=C2N1CC[N:1](C)CC1
Cc1cc2c(s1)Nc1ccccc1N=C2N1CCN(C)CC1,Cc1cc2c(s1)N(C1OC(C(=O)O)C(O)C(O)C1O)c1ccccc1N=C2N1CCN(C)CC1,Cc1cc2c(s1)N(C1OC(C(=O)O)C(O)C(O)C1O)c1ccccc1N=C2N1CCN(C)CC1>>Cc1cc2c(s1)Nc1ccccc1N=C2N1CCN(C)CC1,[CH3:1][c:2]1[cH:3][c:4]2[c:5]([s:6]1)[N:7](C1OC(C(=O)O)C(O)C(O)C1O)[c:8]1[cH:9][cH:10][cH:11][cH:12][c:13]1[N:14]=[C:15]2[N:16]1[CH2:17][CH2:18][N:19]([CH3:20])[CH2:21][CH2:22]1>>[CH3:1][c:2]1[cH:3][c:4]2[c:5]([s:6]1)[NH:7][c:8]1[cH:9][cH:10][cH:11][cH:12][c:13]1[N:14]=[C:15]2[N:16]1[CH2:17][CH2:18][N:19]([CH3:20])[CH2:21][CH2:22]1,Cc1cc2c(s1)[NH:1]c1ccccc1N=C2N1CCN(C)CC1
Cc1ccc(-n2nccn2)c(C(=O)N2CCN(c3nc4cc(Cl)ccc4o3)CCC2C)c1,CC1CCN(c2nc3cc(Cl)ccc3o2)CCN1C(=O)c1cc(CO)ccc1-n1nccn1,CC1CCN(c2nc3cc(Cl)ccc3o2)CCN1C(=O)c1cc(CO)ccc1-n1nccn1>>Cc1ccc(-n2nccn2)c(C(=O)N2CCN(c3nc4cc(Cl)ccc4o3)CCC2C)c1,[CH3:31][CH:30]1[CH2:29][CH2:28][N:17]([c:18]2[n:19][c:20]3[cH:21][c:22]([Cl:23])[cH:24][cH:25][c:26]3[o:27]2)[CH2:16][CH2:15][N:14]1[C:12](=[O:13])[c:11]1[cH:32][c:2]([CH2:1]O)[cH:3][cH:4][c:5]1-[n:6]1[n:7][cH:8][cH:9][n:10]1>>[CH3:1][c:2]1[cH:3][cH:4][c:5](-[n:6]2[n:7][cH:8][cH:9][n:10]2)[c:11]([C:12](=[O:13])[N:14]2[CH2:15][CH2:16][N:17]([c:18]3[n:19][c:20]4[cH:21][c:22]([Cl:23])[cH:24][cH:25][c:26]4[o:27]3)[CH2:28][CH2:29][CH:30]2[CH3:31])[cH:32]1,CC1CCN(c2nc3cc(Cl)ccc3o2)CCN1C(=O)c1cc([CH3:1])ccc1-n1nccn1
Cc1ccc(-n2nccn2)c(C(=O)N2CCN(c3nc4cc(Cl)ccc4o3)CCC2C)c1,Cc1ccc(-n2nccn2)c(C(=O)N2CCN(c3nc4cc(Cl)ccc4o3)CCC2CO)c1,Cc1ccc(-n2nccn2)c(C(=O)N2CCN(c3nc4cc(Cl)ccc4o3)CCC2CO)c1>>Cc1ccc(-n2nccn2)c(C(=O)N2CCN(c3nc4cc(Cl)ccc4o3)CCC2C)c1,[CH3:1][c:2]1[cH:3][cH:4][c:5](-[n:6]2[n:7][cH:8][cH:9][n:10]2)[c:11]([C:12](=[O:13])[N:14]2[CH2:15][CH2:16][N:17]([c:18]3[n:19][c:20]4[cH:21][c:22]([Cl:23])[cH:24][cH:25][c:26]4[o:27]3)[CH2:28][CH2:29][CH:30]2[CH2:31]O)[cH:32]1>>[CH3:1][c:2]1[cH:3][cH:4][c:5](-[n:6]2[n:7][cH:8][cH:9][n:10]2)[c:11]([C:12](=[O:13])[N:14]2[CH2:15][CH2:16][N:17]([c:18]3[n:19][c:20]4[cH:21][c:22]([Cl:23])[cH:24][cH:25][c:26]4[o:27]3)[CH2:28][CH2:29][CH:30]2[CH3:31])[cH:32]1,Cc1ccc(-n2nccn2)c(C(=O)N2CCN(c3nc4cc(Cl)ccc4o3)CCC2[CH3:1])c1
Cc1ccc(-n2nccn2)c(C(=O)N2CCN(c3nc4cc(Cl)ccc4o3)CCC2C)c1,Cc1ccc(-n2nccn2)c(C(=O)N2CCN(c3nc4cc(Cl)c(O)cc4o3)CCC2C)c1,Cc1ccc(-n2nccn2)c(C(=O)N2CCN(c3nc4cc(Cl)c(O)cc4o3)CCC2C)c1>>Cc1ccc(-n2nccn2)c(C(=O)N2CCN(c3nc4cc(Cl)ccc4o3)CCC2C)c1,[CH3:1][c:2]1[cH:3][cH:4][c:5](-[n:6]2[n:7][cH:8][cH:9][n:10]2)[c:11]([C:12](=[O:13])[N:14]2[CH2:15][CH2:16][N:17]([c:18]3[n:19][c:20]4[cH:21][c:22]([Cl:23])[c:24](O)[cH:25][c:26]4[o:27]3)[CH2:28][CH2:29][CH:30]2[CH3:31])[cH:32]1>>[CH3:1][c:2]1[cH:3][cH:4][c:5](-[n:6]2[n:7][cH:8][cH:9][n:10]2)[c:11]([C:12](=[O:13])[N:14]2[CH2:15][CH2:16][N:17]([c:18]3[n:19][c:20]4[cH:21][c:22]([Cl:23])[cH:24][cH:25][c:26]4[o:27]3)[CH2:28][CH2:29][CH:30]2[CH3:31])[cH:32]1,Cc1ccc(-n2nccn2)c(C(=O)N2CCN(c3nc4cc(Cl)[cH:1]cc4o3)CCC2C)c1
Cc1ccc(S(=O)(=O)Nc2ccc(C(=O)/C=C/c3ccc(O)cc3)cc2)cc1,Cc1ccc(S(=O)(=O)Nc2ccc(C(=O)/C=C/c3ccc(O)c(O)c3)cc2)cc1,Cc1ccc(S(=O)(=O)Nc2ccc(C(=O)/C=C/c3ccc(O)c(O)c3)cc2)cc1>>Cc1ccc(S(=O)(=O)Nc2ccc(C(=O)/C=C/c3ccc(O)cc3)cc2)cc1,[CH3:1][c:2]1[cH:3][cH:4][c:5]([S:6](=[O:7])(=[O:8])[NH:9][c:10]2[cH:11][cH:12][c:13]([C:14](=[O:15])/[CH:16]=[CH:17]/[c:18]3[cH:19][cH:20][c:21]([OH:22])[c:23](O)[cH:24]3)[cH:25][cH:26]2)[cH:27][cH:28]1>>[CH3:1][c:2]1[cH:3][cH:4][c:5]([S:6](=[O:7])(=[O:8])[NH:9][c:10]2[cH:11][cH:12][c:13]([C:14](=[O:15])/[CH:16]=[CH:17]/[c:18]3[cH:19][cH:20][c:21]([OH:22])[cH:23][cH:24]3)[cH:25][cH:26]2)[cH:27][cH:28]1,Cc1ccc(S(=O)(=O)Nc2ccc(C(=O)/C=C/c3ccc(O)[cH:1]c3)cc2)cc1
Cc1ccc(S(=O)(=O)Nc2ccc(C(=O)/C=C/c3ccc(O)cc3)cc2)cc1,O=C(/C=C/c1ccc(O)cc1)c1ccc(NS(=O)(=O)c2ccc(CO)cc2)cc1,O=C(/C=C/c1ccc(O)cc1)c1ccc(NS(=O)(=O)c2ccc(CO)cc2)cc1>>Cc1ccc(S(=O)(=O)Nc2ccc(C(=O)/C=C/c3ccc(O)cc3)cc2)cc1,[O:15]=[C:14](/[CH:16]=[CH:17]/[c:18]1[cH:19][cH:20][c:21]([OH:22])[cH:23][cH:24]1)[c:13]1[cH:12][cH:11][c:10]([NH:9][S:6](=[O:7])(=[O:8])[c:5]2[cH:4][cH:3][c:2]([CH2:1]O)[cH:28][cH:27]2)[cH:26][cH:25]1>>[CH3:1][c:2]1[cH:3][cH:4][c:5]([S:6](=[O:7])(=[O:8])[NH:9][c:10]2[cH:11][cH:12][c:13]([C:14](=[O:15])/[CH:16]=[CH:17]/[c:18]3[cH:19][cH:20][c:21]([OH:22])[cH:23][cH:24]3)[cH:25][cH:26]2)[cH:27][cH:28]1,O=C(/C=C/c1ccc(O)cc1)c1ccc(NS(=O)(=O)c2ccc([CH3:1])cc2)cc1
Cc1cccc(C)c1OCC(=O)N[C@@H](Cc1ccccc1)[C@@H](O)C[C@H](Cc1ccccc1)NC(=O)[C@H](C(C)C)N1CCCNC1=O,Cc1cccc(C)c1OCC(=O)N[C@@H](Cc1ccccc1)[C@@H](O)C[C@H](Cc1ccccc1)NC(=O)[C@H](C(C)C)N1CCC(O)NC1=O,Cc1cccc(C)c1OCC(=O)N[C@@H](Cc1ccccc1)[C@@H](O)C[C@H](Cc1ccccc1)NC(=O)[C@H](C(C)C)N1CCC(O)NC1=O>>Cc1cccc(C)c1OCC(=O)N[C@@H](Cc1ccccc1)[C@@H](O)C[C@H](Cc1ccccc1)NC(=O)[C@H](C(C)C)N1CCCNC1=O,[CH3:1][c:2]1[cH:3][cH:4][cH:5][c:6]([CH3:7])[c:8]1[O:9][CH2:10][C:11](=[O:12])[NH:13][C@@H:14]([CH2:15][c:16]1[cH:17][cH:18][cH:19][cH:20][cH:21]1)[C@@H:22]([OH:23])[CH2:24][C@H:25]([CH2:26][c:27]1[cH:28][cH:29][cH:30][cH:31][cH:32]1)[NH:33][C:34](=[O:35])[C@H:36]([CH:37]([CH3:38])[CH3:39])[N:40]1[CH2:41][CH2:42][CH:43](O)[NH:44][C:45]1=[O:46]>>[CH3:1][c:2]1[cH:3][cH:4][cH:5][c:6]([CH3:7])[c:8]1[O:9][CH2:10][C:11](=[O:12])[NH:13][C@@H:14]([CH2:15][c:16]1[cH:17][cH:18][cH:19][cH:20][cH:21]1)[C@@H:22]([OH:23])[CH2:24][C@H:25]([CH2:26][c:27]1[cH:28][cH:29][cH:30][cH:31][cH:32]1)[NH:33][C:34](=[O:35])[C@H:36]([CH:37]([CH3:38])[CH3:39])[N:40]1[CH2:41][CH2:42][CH2:43][NH:44][C:45]1=[O:46],Cc1cccc(C)c1OCC(=O)N[C@@H](Cc1ccccc1)[C@@H](O)C[C@H](Cc1ccccc1)NC(=O)[C@H](C(C)C)N1CC[CH2:1]NC1=O
Cc1cccc(C)c1OCC(=O)N[C@@H](Cc1ccccc1)[C@@H](O)C[C@H](Cc1ccccc1)NC(=O)[C@H](C(C)C)N1CCCNC1=O,Cc1cccc(C)c1OCC(=O)N[C@@H](Cc1ccccc1)[C@@H](O)C[C@H](Cc1ccccc1)NC(=O)[C@H](C(C)C)N1C(=O)NCCC1O,Cc1cccc(C)c1OCC(=O)N[C@@H](Cc1ccccc1)[C@@H](O)C[C@H](Cc1ccccc1)NC(=O)[C@H](C(C)C)N1C(=O)NCCC1O>>Cc1cccc(C)c1OCC(=O)N[C@@H](Cc1ccccc1)[C@@H](O)C[C@H](Cc1ccccc1)NC(=O)[C@H](C(C)C)N1CCCNC1=O,[CH3:1][c:2]1[cH:3][cH:4][cH:5][c:6]([CH3:7])[c:8]1[O:9][CH2:10][C:11](=[O:12])[NH:13][C@@H:14]([CH2:15][c:16]1[cH:17][cH:18][cH:19][cH:20][cH:21]1)[C@@H:22]([OH:23])[CH2:24][C@H:25]([CH2:26][c:27]1[cH:28][cH:29][cH:30][cH:31][cH:32]1)[NH:33][C:34](=[O:35])[C@H:36]([CH:37]([CH3:38])[CH3:39])[N:40]1[C:45](=[O:46])[NH:44][CH2:43][CH2:42][CH:41]1O>>[CH3:1][c:2]1[cH:3][cH:4][cH:5][c:6]([CH3:7])[c:8]1[O:9][CH2:10][C:11](=[O:12])[NH:13][C@@H:14]([CH2:15][c:16]1[cH:17][cH:18][cH:19][cH:20][cH:21]1)[C@@H:22]([OH:23])[CH2:24][C@H:25]([CH2:26][c:27]1[cH:28][cH:29][cH:30][cH:31][cH:32]1)[NH:33][C:34](=[O:35])[C@H:36]([CH:37]([CH3:38])[CH3:39])[N:40]1[CH2:41][CH2:42][CH2:43][NH:44][C:45]1=[O:46],Cc1cccc(C)c1OCC(=O)N[C@@H](Cc1ccccc1)[C@@H](O)C[C@H](Cc1ccccc1)NC(=O)[C@H](C(C)C)N1C(=O)NCC[CH2:1]1
Clc1ccc(CCCOCCCN2CCCCC2)cc1,O=C(O)CCCCNCCCOCCCc1ccc(Cl)cc1,O=C(O)CCCCNCCCOCCCc1ccc(Cl)cc1>>Clc1ccc(CCCOCCCN2CCCCC2)cc1,O=[C:18](O)[CH2:17][CH2:16][CH2:15][CH2:14][NH:13][CH2:12][CH2:11][CH2:10][O:9][CH2:8][CH2:7][CH2:6][c:5]1[cH:4][cH:3][c:2]([Cl:1])[cH:20][cH:19]1>>[Cl:1][c:2]1[cH:3][cH:4][c:5]([CH2:6][CH2:7][CH2:8][O:9][CH2:10][CH2:11][CH2:12][N:13]2[CH2:14][CH2:15][CH2:16][CH2:17][CH2:18]2)[cH:19][cH:20]1,Clc1ccc(CCCOCCC[N:1]2CCCC[CH2:1]2)cc1
Clc1ccc(CCCOCCCN2CCCCC2)cc1,[O-][N+]1(CCCOCCCc2ccc(Cl)cc2)CCCCC1,[O-][N+]1(CCCOCCCc2ccc(Cl)cc2)CCCCC1>>Clc1ccc(CCCOCCCN2CCCCC2)cc1,[O-][N+:13]1([CH2:12][CH2:11][CH2:10][O:9][CH2:8][CH2:7][CH2:6][c:5]2[cH:4][cH:3][c:2]([Cl:1])[cH:20][cH:19]2)[CH2:14][CH2:15][CH2:16][CH2:17][CH2:18]1>>[Cl:1][c:2]1[cH:3][cH:4][c:5]([CH2:6][CH2:7][CH2:8][O:9][CH2:10][CH2:11][CH2:12][N:13]2[CH2:14][CH2:15][CH2:16][CH2:17][CH2:18]2)[cH:19][cH:20]1,Clc1ccc(CCCOCCC[N:1]2CCCCC2)cc1
Clc1ccccc1CN1CCc2sccc2C1,O=C1C=C2CN(Cc3ccccc3Cl)CCC2S1,O=C1C=C2CN(Cc3ccccc3Cl)CCC2S1>>Clc1ccccc1CN1CCc2sccc2C1,O=[C:14]1[CH:15]=[C:16]2[CH2:17][N:9]([CH2:8][c:7]3[cH:6][cH:5][cH:4][cH:3][c:2]3[Cl:1])[CH2:10][CH2:11][CH:12]2[S:13]1>>[Cl:1][c:2]1[cH:3][cH:4][cH:5][cH:6][c:7]1[CH2:8][N:9]1[CH2:10][CH2:11][c:12]2[s:13][cH:14][cH:15][c:16]2[CH2:17]1,Clc1ccccc1CN1CC[c:1]2[s:1][cH:1][cH:1][c:1]2C1
Clc1ccccc1CN1CCc2sccc2C1,Clc1ccccc1CN1C=C2C=C[S+]=C2CC1,Clc1ccccc1CN1C=C2C=C[S+]=C2CC1>>Clc1ccccc1CN1CCc2sccc2C1,[Cl:1][c:2]1[cH:3][cH:4][cH:5][cH:6][c:7]1[CH2:8][N:9]1[CH:17]=[C:16]2[CH:15]=[CH:14][S+:13]=[C:12]2[CH2:11][CH2:10]1>>[Cl:1][c:2]1[cH:3][cH:4][cH:5][cH:6][c:7]1[CH2:8][N:9]1[CH2:10][CH2:11][c:12]2[s:13][cH:14][cH:15][c:16]2[CH2:17]1,Clc1ccccc1CN1CC[c:1]2[s:1][cH:1][cH:1][c:1]2[CH2:1]1
Clc1ccccc1CN1CCc2sccc2C1,OC1CN(Cc2ccccc2Cl)Cc2ccsc21,OC1CN(Cc2ccccc2Cl)Cc2ccsc21>>Clc1ccccc1CN1CCc2sccc2C1,O[CH:11]1[CH2:10][N:9]([CH2:8][c:7]2[cH:6][cH:5][cH:4][cH:3][c:2]2[Cl:1])[CH2:17][c:16]2[cH:15][cH:14][s:13][c:12]21>>[Cl:1][c:2]1[cH:3][cH:4][cH:5][cH:6][c:7]1[CH2:8][N:9]1[CH2:10][CH2:11][c:12]2[s:13][cH:14][cH:15][c:16]2[CH2:17]1,Clc1ccccc1CN1Cc2ccsc2[CH2:1]C1
Clc1ccccc1CN1CCc2sccc2C1,O=S1C=CC2=C1CCN(Cc1ccccc1Cl)C2,O=S1C=CC2=C1CCN(Cc1ccccc1Cl)C2>>Clc1ccccc1CN1CCc2sccc2C1,O=[S:13]1[CH:14]=[CH:15][C:16]2=[C:12]1[CH2:11][CH2:10][N:9]([CH2:8][c:7]1[cH:6][cH:5][cH:4][cH:3][c:2]1[Cl:1])[CH2:17]2>>[Cl:1][c:2]1[cH:3][cH:4][cH:5][cH:6][c:7]1[CH2:8][N:9]1[CH2:10][CH2:11][c:12]2[s:13][cH:14][cH:15][c:16]2[CH2:17]1,Clc1ccccc1CN1CC[c:1]2[s:1][cH:1][cH:1][c:1]2C1
Clc1ccccc1CN1CCc2sccc2C1,Clc1ccccc1CN1C=Cc2sccc2C1,Clc1ccccc1CN1C=Cc2sccc2C1>>Clc1ccccc1CN1CCc2sccc2C1,[Cl:1][c:2]1[cH:3][cH:4][cH:5][cH:6][c:7]1[CH2:8][N:9]1[CH:10]=[CH:11][c:12]2[s:13][cH:14][cH:15][c:16]2[CH2:17]1>>[Cl:1][c:2]1[cH:3][cH:4][cH:5][cH:6][c:7]1[CH2:8][N:9]1[CH2:10][CH2:11][c:12]2[s:13][cH:14][cH:15][c:16]2[CH2:17]1,Clc1ccccc1CN1Cc2ccsc2[CH2:1][CH2:1]1
Clc1ccccc1CN1CCc2sccc2C1,Clc1cc2c(s1)CCN(Cc1ccccc1Cl)C2,Clc1cc2c(s1)CCN(Cc1ccccc1Cl)C2>>Clc1ccccc1CN1CCc2sccc2C1,Cl[c:14]1[cH:15][c:16]2[c:12]([s:13]1)[CH2:11][CH2:10][N:9]([CH2:8][c:7]1[cH:6][cH:5][cH:4][cH:3][c:2]1[Cl:1])[CH2:17]2>>[Cl:1][c:2]1[cH:3][cH:4][cH:5][cH:6][c:7]1[CH2:8][N:9]1[CH2:10][CH2:11][c:12]2[s:13][cH:14][cH:15][c:16]2[CH2:17]1,Clc1ccccc1CN1CCc2s[cH:1]cc2C1
Clc1ccccc1CN1CCc2sccc2C1,[O-][N+]1(Cc2ccccc2Cl)CCc2sccc2C1,[O-][N+]1(Cc2ccccc2Cl)CCc2sccc2C1>>Clc1ccccc1CN1CCc2sccc2C1,[O-][N+:9]1([CH2:8][c:7]2[cH:6][cH:5][cH:4][cH:3][c:2]2[Cl:1])[CH2:10][CH2:11][c:12]2[s:13][cH:14][cH:15][c:16]2[CH2:17]1>>[Cl:1][c:2]1[cH:3][cH:4][cH:5][cH:6][c:7]1[CH2:8][N:9]1[CH2:10][CH2:11][c:12]2[s:13][cH:14][cH:15][c:16]2[CH2:17]1,Clc1ccccc1C[N:1]1CCc2sccc2C1
Cn1c(=O)c2c(ncn2C)n(C)c1=O,Cn1c(=O)[nH]c2ncn(C)c2c1=O,Cn1c(=O)[nH]c2ncn(C)c2c1=O>>Cn1c(=O)c2c(ncn2C)n(C)c1=O,[CH3:1][n:2]1[c:13](=[O:14])[nH:11][c:6]2[n:7][cH:8][n:9]([CH3:10])[c:5]2[c:3]1=[O:4]>>[CH3:1][n:2]1[c:3](=[O:4])[c:5]2[c:6]([n:7][cH:8][n:9]2[CH3:10])[n:11](C)[c:13]1=[O:14],Cn1c(=O)c2c(ncn2C)[n:1](C)c1=O
Cn1c(=O)c2c(ncn2C)n(C)c1=O,Cn1c(=O)c2c([nH]c(=O)n2C)n(C)c1=O,Cn1c(=O)c2c([nH]c(=O)n2C)n(C)c1=O>>Cn1c(=O)c2c(ncn2C)n(C)c1=O,[CH3:1][n:2]1[c:3](=[O:4])[c:5]2[c:6]([nH:7][c:8](=O)[n:9]2[CH3:10])[n:11]([CH3:12])[c:13]1=[O:14]>>[CH3:1][n:2]1[c:3](=[O:4])[c:5]2[c:6]([n:7][cH:8][n:9]2[CH3:10])[n:11]([CH3:12])[c:13]1=[O:14],Cn1c(=O)c2c(n[cH:1]n2C)n(C)c1=O
Cn1c(=O)c2c(ncn2C)n(C)c1=O,Cn1cnc2c1c(=O)[nH]c(=O)n2C,Cn1cnc2c1c(=O)[nH]c(=O)n2C>>Cn1c(=O)c2c(ncn2C)n(C)c1=O,[CH3:10][n:9]1[cH:8][n:7][c:6]2[c:5]1[c:3](=[O:4])[nH:2][c:13](=[O:14])[n:11]2[CH3:12]>>C[n:2]1[c:3](=[O:4])[c:5]2[c:6]([n:7][cH:8][n:9]2[CH3:10])[n:11]([CH3:12])[c:13]1=[O:14],Cn1cnc2c1c(=O)[n:1](C)c(=O)n2C
Cn1c(=O)c2c(ncn2C)n(C)c1=O,Cn1c(=O)c2[nH]cnc2n(C)c1=O,Cn1c(=O)c2[nH]cnc2n(C)c1=O>>Cn1c(=O)c2c(ncn2C)n(C)c1=O,[CH3:1][n:2]1[c:3](=[O:4])[c:5]2[nH:9][cH:8][n:7][c:6]2[n:11]([CH3:12])[c:13]1=[O:14]>>[CH3:1][n:2]1[c:3](=[O:4])[c:5]2[c:6]([n:7][cH:8][n:9]2C)[n:11]([CH3:12])[c:13]1=[O:14],Cn1c(=O)c2c(nc[n:1]2C)n(C)c1=O
Cn1nnc(-c2ccc(-c3ccc(N4C[C@H](CO)OC4=O)cc3F)cn2)n1,O=C1O[C@@H](CO)CN1c1ccc(-c2ccc(-c3nn[nH]n3)nc2)c(F)c1,O=C1O[C@@H](CO)CN1c1ccc(-c2ccc(-c3nn[nH]n3)nc2)c(F)c1>>Cn1nnc(-c2ccc(-c3ccc(N4C[C@H](CO)OC4=O)cc3F)cn2)n1,[O:21]=[C:20]1[O:19][C@@H:16]([CH2:17][OH:18])[CH2:15][N:14]1[c:13]1[cH:12][cH:11][c:10](-[c:9]2[cH:8][cH:7][c:6](-[c:5]3[n:4][n:3][nH:2][n:27]3)[n:26][cH:25]2)[c:23]([F:24])[cH:22]1>>C[n:2]1[n:3][n:4][c:5](-[c:6]2[cH:7][cH:8][c:9](-[c:10]3[cH:11][cH:12][c:13]([N:14]4[CH2:15][C@H:16]([CH2:17][OH:18])[O:19][C:20]4=[O:21])[cH:22][c:23]3[F:24])[cH:25][n:26]2)[n:27]1,C[n:1]1nnc(-c2ccc(-c3ccc(N4C[C@H](CO)OC4=O)cc3F)cn2)n1
Cn1nnc(-c2ccc(-c3ccc(N4C[C@H](CO)OC4=O)cc3F)cn2)n1,Cn1nnc(-c2ccc(-c3ccc(N4C[C@H](C=S(=O)(O)O)OC4=O)cc3F)cn2)n1,Cn1nnc(-c2ccc(-c3ccc(N4C[C@H](C=S(=O)(O)O)OC4=O)cc3F)cn2)n1>>Cn1nnc(-c2ccc(-c3ccc(N4C[C@H](CO)OC4=O)cc3F)cn2)n1,[CH3:1][n:2]1[n:3][n:4][c:5](-[c:6]2[cH:7][cH:8][c:9](-[c:10]3[cH:11][cH:12][c:13]([N:14]4[CH2:15][C@H:16]([CH:17]=S(=O)([OH:18])O)[O:19][C:20]4=[O:21])[cH:22][c:23]3[F:24])[cH:25][n:26]2)[n:27]1>>[CH3:1][n:2]1[n:3][n:4][c:5](-[c:6]2[cH:7][cH:8][c:9](-[c:10]3[cH:11][cH:12][c:13]([N:14]4[CH2:15][C@H:16]([CH2:17][OH:18])[O:19][C:20]4=[O:21])[cH:22][c:23]3[F:24])[cH:25][n:26]2)[n:27]1,Cn1nnc(-c2ccc(-c3ccc(N4C[C@H]([CH2:1][OH:1])OC4=O)cc3F)cn2)n1
Cn1nnc(-c2ccc(-c3ccc(N4C[C@H](CO)OC4=O)cc3F)cn2)n1,Cn1nnc(-c2ccc(-c3ccc(NCC(=O)O)cc3F)cn2)n1,Cn1nnc(-c2ccc(-c3ccc(NCC(=O)O)cc3F)cn2)n1>>Cn1nnc(-c2ccc(-c3ccc(N4C[C@H](CO)OC4=O)cc3F)cn2)n1,[CH3:1][n:2]1[n:3][n:4][c:5](-[c:6]2[cH:7][cH:8][c:9](-[c:10]3[cH:11][cH:12][c:13]([NH:14][CH2:15][C:16](=[O:19])[OH:18])[cH:22][c:23]3[F:24])[cH:25][n:26]2)[n:27]1>>[CH3:1][n:2]1[n:3][n:4][c:5](-[c:6]2[cH:7][cH:8][c:9](-[c:10]3[cH:11][cH:12][c:13]([N:14]4[CH2:15][C@H:16](C[OH:18])[O:19]C4=O)[cH:22][c:23]3[F:24])[cH:25][n:26]2)[n:27]1,Cn1nnc(-c2ccc(-c3ccc([N:1]4C[C@H:1](C[OH:1])[O:1]C4=O)cc3F)cn2)n1
Cn1nnc(-c2ccc(-c3ccc(N4C[C@H](CO)OC4=O)cc3F)cn2)n1,Cn1nnc(-c2ccc(-c3ccc(N4C[C@H](C(=O)O)OC4=O)cc3F)cn2)n1,Cn1nnc(-c2ccc(-c3ccc(N4C[C@H](C(=O)O)OC4=O)cc3F)cn2)n1>>Cn1nnc(-c2ccc(-c3ccc(N4C[C@H](CO)OC4=O)cc3F)cn2)n1,[CH3:1][n:2]1[n:3][n:4][c:5](-[c:6]2[cH:7][cH:8][c:9](-[c:10]3[cH:11][cH:12][c:13]([N:14]4[CH2:15][C@H:16]([C:17](=O)[OH:18])[O:19][C:20]4=[O:21])[cH:22][c:23]3[F:24])[cH:25][n:26]2)[n:27]1>>[CH3:1][n:2]1[n:3][n:4][c:5](-[c:6]2[cH:7][cH:8][c:9](-[c:10]3[cH:11][cH:12][c:13]([N:14]4[CH2:15][C@H:16]([CH2:17][OH:18])[O:19][C:20]4=[O:21])[cH:22][c:23]3[F:24])[cH:25][n:26]2)[n:27]1,Cn1nnc(-c2ccc(-c3ccc(N4C[C@H]([CH2:1]O)OC4=O)cc3F)cn2)n1
NC(=O)c1cn(Cc2c(F)cccc2F)nn1,O=C(O)c1cn(Cc2c(F)cccc2F)nn1,O=C(O)c1cn(Cc2c(F)cccc2F)nn1>>NC(=O)c1cn(Cc2c(F)cccc2F)nn1,[O:3]=[C:2](O)[c:4]1[cH:5][n:6]([CH2:7][c:8]2[c:14]([F:15])[cH:13][cH:12][cH:11][c:9]2[F:10])[n:16][n:17]1>>N[C:2](=[O:3])[c:4]1[cH:5][n:6]([CH2:7][c:8]2[c:9]([F:10])[cH:11][cH:12][cH:13][c:14]2[F:15])[n:16][n:17]1,NC(=O)c1cn(Cc2c(F)cccc2F)nn1
NC(=O)c1nc(F)cnc1O,NC(=O)c1nc(F)c(O)nc1O,NC(=O)c1nc(F)c(O)nc1O>>NC(=O)c1nc(F)cnc1O,[NH2:1][C:2](=[O:3])[c:4]1[n:5][c:6]([F:7])[c:8](O)[n:9][c:10]1[OH:11]>>[NH2:1][C:2](=[O:3])[c:4]1[n:5][c:6]([F:7])[cH:8][n:9][c:10]1[OH:11],NC(=O)c1nc(F)[cH:1]nc1O
NC(N)=Nc1nc(CSCCC(N)=NS(N)(=O)=O)cs1,NC(N)=Nc1nc(CS(=O)CCC(N)=NS(N)(=O)=O)cs1,NC(N)=Nc1nc(CS(=O)CCC(N)=NS(N)(=O)=O)cs1>>NC(N)=Nc1nc(CSCCC(N)=NS(N)(=O)=O)cs1,[NH2:1][C:2]([NH2:3])=[N:4][c:5]1[n:6][c:7]([CH2:8][S:9](=O)[CH2:10][CH2:11][C:12]([NH2:13])=[N:14][S:15]([NH2:16])(=[O:17])=[O:18])[cH:19][s:20]1>>[NH2:1][C:2]([NH2:3])=[N:4][c:5]1[n:6][c:7]([CH2:8][S:9][CH2:10][CH2:11][C:12]([NH2:13])=[N:14][S:15]([NH2:16])(=[O:17])=[O:18])[cH:19][s:20]1,NC(N)=Nc1nc(C[S:1]CCC(N)=NS(N)(=O)=O)cs1
N[C@@H](Cc1cc(O)c(O)cc1[18F])C(=O)O,NCCc1cc(O)c(O)cc1[18F],NCCc1cc(O)c(O)cc1[18F]>>N[C@@H](Cc1cc(O)c(O)cc1[18F])C(=O)O,[NH2:1][CH2:2][CH2:3][c:4]1[cH:5][c:6]([OH:7])[c:8]([OH:9])[cH:10][c:11]1[18F:12]>>[NH2:1][C@@H:2]([CH2:3][c:4]1[cH:5][c:6]([OH:7])[c:8]([OH:9])[cH:10][c:11]1[18F:12])C(=O)O,N[C@@H:1](Cc1cc(O)c(O)cc1[18F])C(=O)O
O=C(NOCCO)c1ccc2cncn2c1Nc1ccc(I)cc1F,O=c1[nH]n(-c2ccc(I)cc2F)c2c1ccc1cncn12,O=c1[nH]n(-c2ccc(I)cc2F)c2c1ccc1cncn12>>O=C(NOCCO)c1ccc2cncn2c1Nc1ccc(I)cc1F,[O:1]=[c:2]1[nH:3][n:17](-[c:18]2[cH:19][cH:20][c:21]([I:22])[cH:23][c:24]2[F:25])[c:16]2[c:8]1[cH:9][cH:10][c:11]1[cH:12][n:13][cH:14][n:15]21>>[O:1]=[C:2]([NH:3]OCCO)[c:8]1[cH:9][cH:10][c:11]2[cH:12][n:13][cH:14][n:15]2[c:16]1[NH:17][c:18]1[cH:19][cH:20][c:21]([I:22])[cH:23][c:24]1[F:25],O=[C:1]([NH:1]OCCO)[c:1]1ccc2cncn2[c:1]1[NH:1]c1ccc(I)cc1F
O=C(NOCCO)c1ccc2cncn2c1Nc1ccc(I)cc1F,NC(=O)c1ccc2cncn2c1Nc1ccc(I)cc1F,NC(=O)c1ccc2cncn2c1Nc1ccc(I)cc1F>>O=C(NOCCO)c1ccc2cncn2c1Nc1ccc(I)cc1F,[NH2:3][C:2](=[O:1])[c:8]1[cH:9][cH:10][c:11]2[cH:12][n:13][cH:14][n:15]2[c:16]1[NH:17][c:18]1[cH:19][cH:20][c:21]([I:22])[cH:23][c:24]1[F:25]>>[O:1]=[C:2]([NH:3]OCCO)[c:8]1[cH:9][cH:10][c:11]2[cH:12][n:13][cH:14][n:15]2[c:16]1[NH:17][c:18]1[cH:19][cH:20][c:21]([I:22])[cH:23][c:24]1[F:25],O=C(c1ccc2cncn2c1Nc1ccc(I)cc1F)[NH:1]OCCO
O=C(N[C@H](CO)[C@H](O)c1ccc([N+](=O)[O-])cc1)C(Cl)Cl,O=C(CO)N[C@H](CO)[C@H](O)c1ccc([N+](=O)[O-])cc1,O=C(CO)N[C@H](CO)[C@H](O)c1ccc([N+](=O)[O-])cc1>>O=C(N[C@H](CO)[C@H](O)c1ccc([N+](=O)[O-])cc1)C(Cl)Cl,[O:1]=[C:2]([CH2:18]O)[NH:3][C@H:4]([CH2:5][OH:6])[C@H:7]([OH:8])[c:9]1[cH:10][cH:11][c:12]([N+:13](=[O:14])[O-:15])[cH:16][cH:17]1>>[O:1]=[C:2]([NH:3][C@H:4]([CH2:5][OH:6])[C@H:7]([OH:8])[c:9]1[cH:10][cH:11][c:12]([N+:13](=[O:14])[O-:15])[cH:16][cH:17]1)[CH:18](Cl)Cl,O=C(N[C@H](CO)[C@H](O)c1ccc([N+](=O)[O-])cc1)[CH:1](Cl)Cl
O=C(N[C@H](CO)[C@H](O)c1ccc([N+](=O)[O-])cc1)C(Cl)Cl,N[C@H](CO)[C@H](O)c1ccc([N+](=O)[O-])cc1,N[C@H](CO)[C@H](O)c1ccc([N+](=O)[O-])cc1>>O=C(N[C@H](CO)[C@H](O)c1ccc([N+](=O)[O-])cc1)C(Cl)Cl,[NH2:3][C@H:4]([CH2:5][OH:6])[C@H:7]([OH:8])[c:9]1[cH:10][cH:11][c:12]([N+:13](=[O:14])[O-:15])[cH:16][cH:17]1>>O=C([NH:3][C@H:4]([CH2:5][OH:6])[C@H:7]([OH:8])[c:9]1[cH:10][cH:11][c:12]([N+:13](=[O:14])[O-:15])[cH:16][cH:17]1)C(Cl)Cl,O=C(C(Cl)Cl)[NH:1][C@H](CO)[C@H](O)c1ccc([N+](=O)[O-])cc1
O=C(N[C@H](CO)[C@H](O)c1ccc([N+](=O)[O-])cc1)C(Cl)Cl,Nc1ccc([C@@H](O)[C@H](N)CO)cc1,Nc1ccc([C@@H](O)[C@H](N)CO)cc1>>O=C(N[C@H](CO)[C@H](O)c1ccc([N+](=O)[O-])cc1)C(Cl)Cl,[NH2:13][c:12]1[cH:11][cH:10][c:9]([C@@H:7]([OH:8])[C@H:4]([NH2:3])[CH2:5][OH:6])[cH:17][cH:16]1>>O=C([NH:3][C@H:4]([CH2:5][OH:6])[C@H:7]([OH:8])[c:9]1[cH:10][cH:11][c:12]([N+:13](=O)[O-])[cH:16][cH:17]1)C(Cl)Cl,O=C(C(Cl)Cl)[NH:1][C@H](CO)[C@H](O)c1ccc([N+:1](=O)[O-])cc1
O=C(N[C@H](CO)[C@H](O)c1ccc([N+](=O)[O-])cc1)C(Cl)Cl,O=C(O)C(=O)N[C@H](CO)[C@H](O)c1ccc([N+](=O)[O-])cc1,O=C(O)C(=O)N[C@H](CO)[C@H](O)c1ccc([N+](=O)[O-])cc1>>O=C(N[C@H](CO)[C@H](O)c1ccc([N+](=O)[O-])cc1)C(Cl)Cl,O=[C:18](O)[C:2](=[O:1])[NH:3][C@H:4]([CH2:5][OH:6])[C@H:7]([OH:8])[c:9]1[cH:10][cH:11][c:12]([N+:13](=[O:14])[O-:15])[cH:16][cH:17]1>>[O:1]=[C:2]([NH:3][C@H:4]([CH2:5][OH:6])[C@H:7]([OH:8])[c:9]1[cH:10][cH:11][c:12]([N+:13](=[O:14])[O-:15])[cH:16][cH:17]1)[CH:18](Cl)Cl,O=C(N[C@H](CO)[C@H](O)c1ccc([N+](=O)[O-])cc1)[CH:1](Cl)Cl
O=C(N[C@H](CO)[C@H](O)c1ccc([N+](=O)[O-])cc1)C(Cl)Cl,CC(=O)OC[C@@H](NC(=O)C(Cl)Cl)[C@H](O)c1ccc([N+](=O)[O-])cc1,CC(=O)OC[C@@H](NC(=O)C(Cl)Cl)[C@H](O)c1ccc([N+](=O)[O-])cc1>>O=C(N[C@H](CO)[C@H](O)c1ccc([N+](=O)[O-])cc1)C(Cl)Cl,CC(=O)[O:6][CH2:5][C@@H:4]([NH:3][C:2](=[O:1])[CH:18]([Cl:19])[Cl:20])[C@H:7]([OH:8])[c:9]1[cH:10][cH:11][c:12]([N+:13](=[O:14])[O-:15])[cH:16][cH:17]1>>[O:1]=[C:2]([NH:3][C@H:4]([CH2:5][OH:6])[C@H:7]([OH:8])[c:9]1[cH:10][cH:11][c:12]([N+:13](=[O:14])[O-:15])[cH:16][cH:17]1)[CH:18]([Cl:19])[Cl:20],O=C(N[C@H](C[OH:1])[C@H](O)c1ccc([N+](=O)[O-])cc1)C(Cl)Cl
O=C(N[C@H](CO)[C@H](O)c1ccc([N+](=O)[O-])cc1)C(Cl)Cl,O=C(N[C@H](COS(=O)(=O)O)[C@H](O)c1ccc([N+](=O)[O-])cc1)C(Cl)Cl,O=C(N[C@H](COS(=O)(=O)O)[C@H](O)c1ccc([N+](=O)[O-])cc1)C(Cl)Cl>>O=C(N[C@H](CO)[C@H](O)c1ccc([N+](=O)[O-])cc1)C(Cl)Cl,[O:1]=[C:2]([NH:3][C@H:4]([CH2:5][O:6]S(=O)(=O)O)[C@H:7]([OH:8])[c:9]1[cH:10][cH:11][c:12]([N+:13](=[O:14])[O-:15])[cH:16][cH:17]1)[CH:18]([Cl:19])[Cl:20]>>[O:1]=[C:2]([NH:3][C@H:4]([CH2:5][OH:6])[C@H:7]([OH:8])[c:9]1[cH:10][cH:11][c:12]([N+:13](=[O:14])[O-:15])[cH:16][cH:17]1)[CH:18]([Cl:19])[Cl:20],O=C(N[C@H](C[OH:1])[C@H](O)c1ccc([N+](=O)[O-])cc1)C(Cl)Cl
O=C(N[C@H](CO)[C@H](O)c1ccc([N+](=O)[O-])cc1)C(Cl)Cl,O=C(N[C@H](COC1O[C@H](C(=O)O)[C@@H](O)[C@H](O)[C@H]1O)[C@H](O)c1ccc([N+](=O)[O-])cc1)C(Cl)Cl,O=C(N[C@H](COC1O[C@H](C(=O)O)[C@@H](O)[C@H](O)[C@H]1O)[C@H](O)c1ccc([N+](=O)[O-])cc1)C(Cl)Cl>>O=C(N[C@H](CO)[C@H](O)c1ccc([N+](=O)[O-])cc1)C(Cl)Cl,[O:1]=[C:2]([NH:3][C@H:4]([CH2:5][O:6]C1O[C@H](C(=O)O)[C@@H](O)[C@H](O)[C@H]1O)[C@H:7]([OH:8])[c:9]1[cH:10][cH:11][c:12]([N+:13](=[O:14])[O-:15])[cH:16][cH:17]1)[CH:18]([Cl:19])[Cl:20]>>[O:1]=[C:2]([NH:3][C@H:4]([CH2:5][OH:6])[C@H:7]([OH:8])[c:9]1[cH:10][cH:11][c:12]([N+:13](=[O:14])[O-:15])[cH:16][cH:17]1)[CH:18]([Cl:19])[Cl:20],O=C(N[C@H](C[OH:1])[C@H](O)c1ccc([N+](=O)[O-])cc1)C(Cl)Cl
O=C(O)CCC(=O)OC[C@@H](NC(=O)C(Cl)Cl)[C@H](O)c1ccc([N+](=O)[O-])cc1,O=C(N[C@H](CO)[C@H](O)c1ccc([N+](=O)[O-])cc1)C(Cl)Cl,O=C(N[C@H](CO)[C@H](O)c1ccc([N+](=O)[O-])cc1)C(Cl)Cl>>O=C(O)CCC(=O)OC[C@@H](NC(=O)C(Cl)Cl)[C@H](O)c1ccc([N+](=O)[O-])cc1,[O:13]=[C:12]([NH:11][C@H:10]([CH2:9][OH:8])[C@H:17]([OH:18])[c:19]1[cH:20][cH:21][c:22]([N+:23](=[O:24])[O-:25])[cH:26][cH:27]1)[CH:14]([Cl:15])[Cl:16]>>O=C(O)CCC(=O)[O:8][CH2:9][C@@H:10]([NH:11][C:12](=[O:13])[CH:14]([Cl:15])[Cl:16])[C@H:17]([OH:18])[c:19]1[cH:20][cH:21][c:22]([N+:23](=[O:24])[O-:25])[cH:26][cH:27]1,O=C(O)CCC(=O)[O:1]C[C@@H](NC(=O)C(Cl)Cl)[C@H](O)c1ccc([N+](=O)[O-])cc1
O=C(O)c1cc(O)c2c(c1)C(C1c3cc(C(=O)O)cc(O)c3C(=O)c3c(OC4OC(CO)C(O)C(O)C4O)cccc31)c1cccc(OC3OC(CO)C(O)C(O)C3O)c1C2=O,O=C(O)c1cc(O)c2c(c1)C(C1c3cccc(O)c3C(=O)c3c(O)cc(C(=O)O)cc31)c1cccc(O)c1C2=O,O=C(O)c1cc(O)c2c(c1)C(C1c3cccc(O)c3C(=O)c3c(O)cc(C(=O)O)cc31)c1cccc(O)c1C2=O>>O=C(O)c1cc(O)c2c(c1)C(C1c3cc(C(=O)O)cc(O)c3C(=O)c3c(OC4OC(CO)C(O)C(O)C4O)cccc31)c1cccc(OC3OC(CO)C(O)C(O)C3O)c1C2=O,[O:17]=[C:16]([OH:18])[c:15]1[cH:19][c:20]([OH:21])[c:22]2[c:13]([cH:14]1)[CH:12]([CH:11]1[c:43]3[cH:44][cH:45][cH:46][c:47]([OH:48])[c:60]3[C:61](=[O:62])[c:8]3[c:6]([OH:7])[cH:5][c:4]([C:2](=[O:1])[OH:3])[cH:10][c:9]31)[c:42]1[cH:41][cH:40][cH:39][c:26]([OH:27])[c:25]1[C:23]2=[O:24]>>[O:1]=[C:2]([OH:3])[c:4]1[cH:5][c:6]([OH:7])[c:8]2[c:9]([cH:10]1)[CH:11]([CH:12]1[c:13]3[cH:14][c:15]([C:16](=[O:17])[OH:18])[cH:19][c:20]([OH:21])[c:22]3[C:23](=[O:24])[c:25]3[c:26]([O:27]C4OC(CO)C(O)C(O)C4O)[cH:39][cH:40][cH:41][c:42]31)[c:43]1[cH:44][cH:45][cH:46][c:47]([O:48]C3OC(CO)C(O)C(O)C3O)[c:60]1[C:61]2=[O:62],O=C(O)c1cc(O)c2c(c1)C(C1c3cc(C(=O)O)cc(O)c3C(=O)c3c1cccc3[O:1]C1OC(CO)C(O)C(O)C1O)c1cccc([O:1]C3OC(CO)C(O)C(O)C3O)c1C2=O
O=C1CN=C(c2ccccc2)c2cc(Cl)ccc2N1,O=C(O)[C@H]1OC(OC2CN=C(c3ccccc3)c3cc(Cl)ccc3N2)[C@H](O)[C@@H](O)[C@@H]1O,O=C(O)[C@H]1OC(OC2CN=C(c3ccccc3)c3cc(Cl)ccc3N2)[C@H](O)[C@@H](O)[C@@H]1O>>O=C1CN=C(c2ccccc2)c2cc(Cl)ccc2N1,O=C(O)[C@H]1OC([O:1][CH:2]2[CH2:3][N:4]=[C:5]([c:6]3[cH:7][cH:8][cH:9][cH:10][cH:11]3)[c:12]3[cH:13][c:14]([Cl:15])[cH:16][cH:17][c:18]3[NH:19]2)[C@H](O)[C@@H](O)[C@@H]1O>>[O:1]=[C:2]1[CH2:3][N:4]=[C:5]([c:6]2[cH:7][cH:8][cH:9][cH:10][cH:11]2)[c:12]2[cH:13][c:14]([Cl:15])[cH:16][cH:17][c:18]2[NH:19]1,Clc1ccc2c(c1)C(c1ccccc1)=NC[C:1](=[O:1])N2
O=C1CN=C(c2ccccc2)c2cc(Cl)ccc2N1,O=C1Nc2ccc(Cl)cc2C(c2ccccc2)=NC1O,O=C1Nc2ccc(Cl)cc2C(c2ccccc2)=NC1O>>O=C1CN=C(c2ccccc2)c2cc(Cl)ccc2N1,[O:1]=[C:2]1[NH:19][c:18]2[cH:17][cH:16][c:14]([Cl:15])[cH:13][c:12]2[C:5]([c:6]2[cH:7][cH:8][cH:9][cH:10][cH:11]2)=[N:4][CH:3]1O>>[O:1]=[C:2]1[CH2:3][N:4]=[C:5]([c:6]2[cH:7][cH:8][cH:9][cH:10][cH:11]2)[c:12]2[cH:13][c:14]([Cl:15])[cH:16][cH:17][c:18]2[NH:19]1,O=C1Nc2ccc(Cl)cc2C(c2ccccc2)=N[CH2:1]1
O=C1Nc2ccc(Cl)cc2C(c2ccccc2)=NC1O,O=C(O)[C@H]1O[C@@H](OC2N=C(c3ccccc3)c3cc(Cl)ccc3N=C2O)[C@H](O)[C@@H](O)[C@@H]1O,O=C(O)[C@H]1O[C@@H](OC2N=C(c3ccccc3)c3cc(Cl)ccc3N=C2O)[C@H](O)[C@@H](O)[C@@H]1O>>O=C1Nc2ccc(Cl)cc2C(c2ccccc2)=NC1O,O=C(O)[C@H]1O[C@@H]([O:20][CH:19]2[N:18]=[C:11]([c:12]3[cH:13][cH:14][cH:15][cH:16][cH:17]3)[c:10]3[cH:9][c:7]([Cl:8])[cH:6][cH:5][c:4]3[N:3]=[C:2]2[OH:1])[C@H](O)[C@@H](O)[C@@H]1O>>[O:1]=[C:2]1[NH:3][c:4]2[cH:5][cH:6][c:7]([Cl:8])[cH:9][c:10]2[C:11]([c:12]2[cH:13][cH:14][cH:15][cH:16][cH:17]2)=[N:18][CH:19]1[OH:20],Clc1ccc2c(c1)C(c1ccccc1)=NC([OH:1])[C:1](=[O:1])[NH:1]2
O=P1(NCCCl)OCCCN1CCCl,O=CCCl,O=CCCl>>O=P1(NCCCl)OCCCN1CCCl,[O:7]=[CH:8][CH2:5][Cl:6]>>O=P1(NC[CH2:5][Cl:6])[O:7][CH2:8]CCN1CCCl,O=P1(NC[CH2:1]Cl)N(CCCl)CC[CH2:1][O:1]1
O=P1(NCCCl)OCCCN1CCCl,NP1(=O)OCCCN1CCCl,NP1(=O)OCCCN1CCCl>>O=P1(NCCCl)OCCCN1CCCl,[NH2:3][P:2]1(=[O:1])[O:7][CH2:8][CH2:9][CH2:10][N:11]1[CH2:12][CH2:13][Cl:14]>>[O:1]=[P:2]1([NH:3]CCCl)[O:7][CH2:8][CH2:9][CH2:10][N:11]1[CH2:12][CH2:13][Cl:14],O=P1([NH:1]CCCl)OCCCN1CCCl
O=P1(NCCCl)OCCCN1CCCl,O=P1(NCCCl)OCCC(O)N1CCCl,O=P1(NCCCl)OCCC(O)N1CCCl>>O=P1(NCCCl)OCCCN1CCCl,[O:1]=[P:2]1([NH:3][CH2:4][CH2:5][Cl:6])[O:7][CH2:8][CH2:9][CH:10](O)[N:11]1[CH2:12][CH2:13][Cl:14]>>[O:1]=[P:2]1([NH:3][CH2:4][CH2:5][Cl:6])[O:7][CH2:8][CH2:9][CH2:10][N:11]1[CH2:12][CH2:13][Cl:14],O=P1(NCCCl)OCC[CH2:1]N1CCCl
O=P1(NCCCl)OCCCN1CCCl,O=P1(NCCCl)NCCCO1,O=P1(NCCCl)NCCCO1>>O=P1(NCCCl)OCCCN1CCCl,[O:1]=[P:2]1([NH:3][CH2:4][CH2:5][Cl:6])[NH:11][CH2:10][CH2:9][CH2:8][O:7]1>>[O:1]=[P:2]1([NH:3][CH2:4][CH2:5][Cl:6])[O:7][CH2:8][CH2:9][CH2:10][N:11]1CCCl,O=P1(NCCCl)OCCC[N:1]1CCCl
OCCOCCN1CCN(C(c2ccccc2)c2ccc(Cl)cc2)CC1,O=C(O)COCCN1CCN(C(c2ccccc2)c2ccc(Cl)cc2)CC1,O=C(O)COCCN1CCN(C(c2ccccc2)c2ccc(Cl)cc2)CC1>>OCCOCCN1CCN(C(c2ccccc2)c2ccc(Cl)cc2)CC1,O=[C:2]([OH:1])[CH2:3][O:4][CH2:5][CH2:6][N:7]1[CH2:8][CH2:9][N:10]([CH:11]([c:12]2[cH:13][cH:14][cH:15][cH:16][cH:17]2)[c:18]2[cH:19][cH:20][c:21]([Cl:22])[cH:23][cH:24]2)[CH2:25][CH2:26]1>>[OH:1][CH2:2][CH2:3][O:4][CH2:5][CH2:6][N:7]1[CH2:8][CH2:9][N:10]([CH:11]([c:12]2[cH:13][cH:14][cH:15][cH:16][cH:17]2)[c:18]2[cH:19][cH:20][c:21]([Cl:22])[cH:23][cH:24]2)[CH2:25][CH2:26]1,O[CH2:1]COCCN1CCN(C(c2ccccc2)c2ccc(Cl)cc2)CC1
